{
    "train_loss": 0.30700724749733366,
    "dev_loss": 0.5002209484577179,
    "dev_auroc": 0.8193800341713448,
    "dev_accuracy": 0.7833333333333333,
    "dev_f1_score": 0.6548672566371682,
    "test_accuracy": 0.7905604719764012,
    "test_precision": 0.6744186046511628,
    "test_recall": 0.5742574257425742,
    "test_auroc": 0.7889175472169065,
    "test_f1_score": 0.6203208556149733,
    "test_specificity": 0.8823529411764706,
    "test_npv": 0.8300395256916996,
    "test_samples": 339,
    "test_positives": 101
}