{
    "train_loss": 0.4368453777446855,
    "dev_loss": 0.5291563272476196,
    "dev_auroc": 0.796856689873854,
    "dev_accuracy": 0.7341269841269841,
    "dev_f1_score": 0.6417112299465241,
    "test_accuracy": 0.7424892703862661,
    "test_precision": 0.6129032258064516,
    "test_recall": 0.5135135135135135,
    "test_auroc": 0.7648308686044536,
    "test_f1_score": 0.5588235294117647,
    "test_specificity": 0.8490566037735849,
    "test_npv": 0.7894736842105263,
    "test_samples": 233,
    "test_positives": 74
}