{
    "train_loss": 0.4324817111907905,
    "dev_loss": 0.4436660999776331,
    "dev_auroc": 0.8424153748813668,
    "dev_accuracy": 0.7976539589442815,
    "dev_f1_score": 0.649746192893401,
    "test_accuracy": 0.7993630573248408,
    "test_precision": 0.6857142857142857,
    "test_recall": 0.5393258426966292,
    "test_auroc": 0.8505368289637953,
    "test_f1_score": 0.6037735849056604,
    "test_specificity": 0.9022222222222223,
    "test_npv": 0.8319672131147541,
    "test_samples": 314,
    "test_positives": 89
}