{
    "train_loss": 0.08158517537872124,
    "dev_loss": 0.4331285059452057,
    "dev_auroc": 0.8718434343434344,
    "dev_accuracy": 0.8271604938271605,
    "dev_f1_score": 0.851063829787234,
    "test_accuracy": 0.6931818181818182,
    "test_precision": 0.703125,
    "test_recall": 0.8490566037735849,
    "test_auroc": 0.7838274932614556,
    "test_f1_score": 0.7692307692307693,
    "test_specificity": 0.45714285714285713,
    "test_npv": 0.6666666666666666,
    "test_samples": 88,
    "test_positives": 53
}