{
    "train_loss": 0.3243133377745787,
    "dev_loss": 0.5158599173010935,
    "dev_auroc": 0.8214929679047962,
    "dev_accuracy": 0.7601476014760148,
    "dev_f1_score": 0.6666666666666666,
    "test_accuracy": 0.7265625,
    "test_precision": 0.5921052631578947,
    "test_recall": 0.5357142857142857,
    "test_auroc": 0.8028100775193798,
    "test_f1_score": 0.5625,
    "test_specificity": 0.8197674418604651,
    "test_npv": 0.7833333333333333,
    "test_samples": 256,
    "test_positives": 84
}