{
    "train_loss": 0.35040805803746294,
    "dev_loss": 0.4988358004362458,
    "dev_auroc": 0.8122576695462894,
    "dev_accuracy": 0.768595041322314,
    "dev_f1_score": 0.6,
    "test_accuracy": 0.7771084337349398,
    "test_precision": 0.6666666666666666,
    "test_recall": 0.4897959183673469,
    "test_auroc": 0.8072562358276644,
    "test_f1_score": 0.5647058823529412,
    "test_specificity": 0.8974358974358975,
    "test_npv": 0.8076923076923077,
    "test_samples": 332,
    "test_positives": 98
}