{
    "train_loss": 0.36549403462836993,
    "dev_loss": 0.496770627338793,
    "dev_auroc": 0.815430790960452,
    "dev_accuracy": 0.770949720670391,
    "dev_f1_score": 0.6403508771929824,
    "test_accuracy": 0.775811209439528,
    "test_precision": 0.625,
    "test_recall": 0.6,
    "test_auroc": 0.8022175732217574,
    "test_f1_score": 0.6122448979591837,
    "test_specificity": 0.8493723849372385,
    "test_npv": 0.8353909465020576,
    "test_samples": 339,
    "test_positives": 100
}