{
    "train_loss": 0.343383010023705,
    "dev_loss": 0.5005582571029663,
    "dev_auroc": 0.8146030196310888,
    "dev_accuracy": 0.7555555555555555,
    "dev_f1_score": 0.6106194690265486,
    "test_accuracy": 0.7964601769911505,
    "test_precision": 0.6818181818181818,
    "test_recall": 0.594059405940594,
    "test_auroc": 0.7945752558449122,
    "test_f1_score": 0.6349206349206349,
    "test_specificity": 0.8823529411764706,
    "test_npv": 0.8366533864541833,
    "test_samples": 339,
    "test_positives": 101
}