{
    "train_loss": 0.4026413275114593,
    "dev_loss": 0.4717741456296709,
    "dev_auroc": 0.8355591199135256,
    "dev_accuracy": 0.7666666666666667,
    "dev_f1_score": 0.625,
    "test_accuracy": 0.7970588235294118,
    "test_precision": 0.6774193548387096,
    "test_recall": 0.6176470588235294,
    "test_auroc": 0.8348162794529578,
    "test_f1_score": 0.6461538461538462,
    "test_specificity": 0.8739495798319328,
    "test_npv": 0.8421052631578947,
    "test_samples": 340,
    "test_positives": 102
}