{
    "train_loss": 0.25160789583982685,
    "dev_loss": 0.49397042295434973,
    "dev_auroc": 0.8497338852749852,
    "dev_accuracy": 0.7948717948717948,
    "dev_f1_score": 0.6956521739130435,
    "test_accuracy": 0.7372549019607844,
    "test_precision": 0.625,
    "test_recall": 0.4819277108433735,
    "test_auroc": 0.7951106752591762,
    "test_f1_score": 0.54421768707483,
    "test_specificity": 0.8604651162790697,
    "test_npv": 0.774869109947644,
    "test_samples": 255,
    "test_positives": 83
}