{
    "train_loss": 0.3427462948178782,
    "dev_loss": 0.5096215706909715,
    "dev_auroc": 0.8300276475537924,
    "dev_accuracy": 0.7785977859778598,
    "dev_f1_score": 0.7058823529411765,
    "test_accuracy": 0.72,
    "test_precision": 0.5568181818181818,
    "test_recall": 0.6125,
    "test_auroc": 0.799485294117647,
    "test_f1_score": 0.5833333333333334,
    "test_specificity": 0.7705882352941177,
    "test_npv": 0.808641975308642,
    "test_samples": 250,
    "test_positives": 80
}