{
    "train_loss": 0.38818809303823393,
    "dev_loss": 0.47441572149594624,
    "dev_auroc": 0.8283064263049618,
    "dev_accuracy": 0.7694444444444445,
    "dev_f1_score": 0.6343612334801763,
    "test_accuracy": 0.7794117647058824,
    "test_precision": 0.651685393258427,
    "test_recall": 0.5686274509803921,
    "test_auroc": 0.8271955841159994,
    "test_f1_score": 0.6073298429319371,
    "test_specificity": 0.8697478991596639,
    "test_npv": 0.8247011952191236,
    "test_samples": 340,
    "test_positives": 102
}