{
    "train_loss": 0.27027977374781104,
    "dev_loss": 0.49292636269572915,
    "dev_auroc": 0.8433705974275754,
    "dev_accuracy": 0.7896678966789668,
    "dev_f1_score": 0.7164179104477612,
    "test_accuracy": 0.7265625,
    "test_precision": 0.5945945945945946,
    "test_recall": 0.5238095238095238,
    "test_auroc": 0.8084856035437431,
    "test_f1_score": 0.5569620253164557,
    "test_specificity": 0.8255813953488372,
    "test_npv": 0.7802197802197802,
    "test_samples": 256,
    "test_positives": 84
}