{
    "train_loss": 0.3170345797258265,
    "dev_loss": 0.5199169221839341,
    "dev_auroc": 0.8247385503065272,
    "dev_accuracy": 0.7601476014760148,
    "dev_f1_score": 0.6859903381642513,
    "test_accuracy": 0.75,
    "test_precision": 0.6219512195121951,
    "test_recall": 0.6071428571428571,
    "test_auroc": 0.8067552602436323,
    "test_f1_score": 0.6144578313253012,
    "test_specificity": 0.8197674418604651,
    "test_npv": 0.8103448275862069,
    "test_samples": 256,
    "test_positives": 84
}