{
    "train_loss": 0.3204323342584428,
    "dev_loss": 0.47588203529293616,
    "dev_auroc": 0.8363480985614585,
    "dev_accuracy": 0.7668539325842697,
    "dev_f1_score": 0.6584362139917695,
    "test_accuracy": 0.7591463414634146,
    "test_precision": 0.5851063829787234,
    "test_recall": 0.5789473684210527,
    "test_auroc": 0.8077704992093969,
    "test_f1_score": 0.582010582010582,
    "test_specificity": 0.8326180257510729,
    "test_npv": 0.8290598290598291,
    "test_samples": 328,
    "test_positives": 95
}