{
    "train_loss": 0.46061166463557546,
    "dev_loss": 0.4775913735230764,
    "dev_auroc": 0.8262491718679174,
    "dev_accuracy": 0.7527777777777778,
    "dev_f1_score": 0.5615763546798029,
    "test_accuracy": 0.7647058823529411,
    "test_precision": 0.6486486486486487,
    "test_recall": 0.47058823529411764,
    "test_auroc": 0.8309029494150602,
    "test_f1_score": 0.5454545454545454,
    "test_specificity": 0.8907563025210085,
    "test_npv": 0.7969924812030075,
    "test_samples": 340,
    "test_positives": 102
}