{
    "train_loss": 0.53775011445663,
    "dev_loss": 0.488506885852603,
    "dev_auroc": 0.8188333733411063,
    "dev_accuracy": 0.7624309392265194,
    "dev_f1_score": 0.6160714285714286,
    "test_accuracy": 0.7456140350877193,
    "test_precision": 0.6142857142857143,
    "test_recall": 0.4174757281553398,
    "test_auroc": 0.7583783564203599,
    "test_f1_score": 0.49710982658959535,
    "test_specificity": 0.8870292887029289,
    "test_npv": 0.7794117647058824,
    "test_samples": 342,
    "test_positives": 103
}