{
    "train_loss": 0.40315682421201854,
    "dev_loss": 0.4692206992659458,
    "dev_auroc": 0.8342657342657342,
    "dev_accuracy": 0.7819767441860465,
    "dev_f1_score": 0.6543778801843319,
    "test_accuracy": 0.767515923566879,
    "test_precision": 0.6075949367088608,
    "test_recall": 0.5333333333333333,
    "test_auroc": 0.843154761904762,
    "test_f1_score": 0.5680473372781065,
    "test_specificity": 0.8616071428571429,
    "test_npv": 0.8212765957446808,
    "test_samples": 314,
    "test_positives": 90
}