{
    "train_loss": 0.37878283798124535,
    "dev_loss": 0.46434985482415486,
    "dev_auroc": 0.8398212898212898,
    "dev_accuracy": 0.7790697674418605,
    "dev_f1_score": 0.6274509803921569,
    "test_accuracy": 0.7611464968152867,
    "test_precision": 0.6,
    "test_recall": 0.5,
    "test_auroc": 0.8411706349206349,
    "test_f1_score": 0.5454545454545454,
    "test_specificity": 0.8660714285714286,
    "test_npv": 0.8117154811715481,
    "test_samples": 314,
    "test_positives": 90
}