{
    "train_loss": 0.2915415385912715,
    "dev_loss": 0.49793825079413023,
    "dev_auroc": 0.8355845087257949,
    "dev_accuracy": 0.7794117647058824,
    "dev_f1_score": 0.6907216494845361,
    "test_accuracy": 0.7254901960784313,
    "test_precision": 0.5915492957746479,
    "test_recall": 0.5060240963855421,
    "test_auroc": 0.8002241524236481,
    "test_f1_score": 0.5454545454545454,
    "test_specificity": 0.8313953488372093,
    "test_npv": 0.7771739130434783,
    "test_samples": 255,
    "test_positives": 83
}