{
    "train_loss": 0.3961963678169929,
    "dev_loss": 0.4369938635756193,
    "dev_auroc": 0.847516608668143,
    "dev_accuracy": 0.7859237536656891,
    "dev_f1_score": 0.6572769953051644,
    "test_accuracy": 0.821656050955414,
    "test_precision": 0.72,
    "test_recall": 0.6067415730337079,
    "test_auroc": 0.8551810237203497,
    "test_f1_score": 0.6585365853658537,
    "test_specificity": 0.9066666666666666,
    "test_npv": 0.8535564853556485,
    "test_samples": 314,
    "test_positives": 89
}