{
    "train_loss": 0.36784752482769956,
    "dev_loss": 0.47691093881924945,
    "dev_auroc": 0.829387356602392,
    "dev_accuracy": 0.7805555555555556,
    "dev_f1_score": 0.6488888888888888,
    "test_accuracy": 0.7794117647058824,
    "test_precision": 0.6451612903225806,
    "test_recall": 0.5882352941176471,
    "test_auroc": 0.8322623166913824,
    "test_f1_score": 0.6153846153846154,
    "test_specificity": 0.8613445378151261,
    "test_npv": 0.8299595141700404,
    "test_samples": 340,
    "test_positives": 102
}