{
    "train_loss": 0.43656652899789294,
    "dev_loss": 0.4847143187242396,
    "dev_auroc": 0.8315204398756874,
    "dev_accuracy": 0.7573529411764706,
    "dev_f1_score": 0.6632653061224489,
    "test_accuracy": 0.6875,
    "test_precision": 0.525,
    "test_recall": 0.5,
    "test_auroc": 0.7790697674418605,
    "test_f1_score": 0.5121951219512195,
    "test_specificity": 0.7790697674418605,
    "test_npv": 0.7613636363636364,
    "test_samples": 256,
    "test_positives": 84
}