{
    "train_loss": 0.3883275532010776,
    "dev_loss": 0.4943111422341629,
    "dev_auroc": 0.8137358757062146,
    "dev_accuracy": 0.7793296089385475,
    "dev_f1_score": 0.6359447004608295,
    "test_accuracy": 0.7817109144542773,
    "test_precision": 0.6547619047619048,
    "test_recall": 0.55,
    "test_auroc": 0.7969037656903766,
    "test_f1_score": 0.5978260869565217,
    "test_specificity": 0.8786610878661087,
    "test_npv": 0.8235294117647058,
    "test_samples": 339,
    "test_positives": 100
}