{
    "train_loss": 0.22947297713642728,
    "dev_loss": 0.5048232700991895,
    "dev_auroc": 0.8395239812477462,
    "dev_accuracy": 0.7601476014760148,
    "dev_f1_score": 0.6666666666666666,
    "test_accuracy": 0.7258064516129032,
    "test_precision": 0.5679012345679012,
    "test_recall": 0.5822784810126582,
    "test_auroc": 0.7928994082840237,
    "test_f1_score": 0.575,
    "test_specificity": 0.7928994082840237,
    "test_npv": 0.8023952095808383,
    "test_samples": 248,
    "test_positives": 79
}