{
    "train_loss": 0.24720732253561561,
    "dev_loss": 0.5053168991032768,
    "dev_auroc": 0.8454458522591441,
    "dev_accuracy": 0.7867647058823529,
    "dev_f1_score": 0.6847826086956522,
    "test_accuracy": 0.7294117647058823,
    "test_precision": 0.6029411764705882,
    "test_recall": 0.4939759036144578,
    "test_auroc": 0.8005743905855982,
    "test_f1_score": 0.543046357615894,
    "test_specificity": 0.8430232558139535,
    "test_npv": 0.7754010695187166,
    "test_samples": 255,
    "test_positives": 83
}