{
    "train_loss": 0.2609191248696469,
    "dev_loss": 0.4910377820479474,
    "dev_auroc": 0.8408462555595624,
    "dev_accuracy": 0.7785977859778598,
    "dev_f1_score": 0.6907216494845361,
    "test_accuracy": 0.7265625,
    "test_precision": 0.5945945945945946,
    "test_recall": 0.5238095238095238,
    "test_auroc": 0.8073781838316723,
    "test_f1_score": 0.5569620253164557,
    "test_specificity": 0.8255813953488372,
    "test_npv": 0.7802197802197802,
    "test_samples": 256,
    "test_positives": 84
}