{
    "train_loss": 0.23979982469954295,
    "dev_loss": 0.4948248372358434,
    "dev_auroc": 0.8476571838393497,
    "dev_accuracy": 0.7720588235294118,
    "dev_f1_score": 0.6804123711340206,
    "test_accuracy": 0.7333333333333333,
    "test_precision": 0.6,
    "test_recall": 0.5421686746987951,
    "test_auroc": 0.7977724852899972,
    "test_f1_score": 0.569620253164557,
    "test_specificity": 0.8255813953488372,
    "test_npv": 0.7888888888888889,
    "test_samples": 255,
    "test_positives": 83
}