{
    "train_loss": 0.4387313701634815,
    "dev_loss": 0.4778696649214801,
    "dev_auroc": 0.8358235715993306,
    "dev_accuracy": 0.7794117647058824,
    "dev_f1_score": 0.6808510638297872,
    "test_accuracy": 0.70703125,
    "test_precision": 0.5671641791044776,
    "test_recall": 0.4523809523809524,
    "test_auroc": 0.7967192691029901,
    "test_f1_score": 0.5033112582781457,
    "test_specificity": 0.8313953488372093,
    "test_npv": 0.7566137566137566,
    "test_samples": 256,
    "test_positives": 84
}