{
    "train_loss": 0.2890759577547781,
    "dev_loss": 0.4455232207050717,
    "dev_auroc": 0.8500688314843308,
    "dev_accuracy": 0.7964601769911505,
    "dev_f1_score": 0.6567164179104478,
    "test_accuracy": 0.7987220447284346,
    "test_precision": 0.6857142857142857,
    "test_recall": 0.5393258426966292,
    "test_auroc": 0.8292034510433387,
    "test_f1_score": 0.6037735849056604,
    "test_specificity": 0.9017857142857143,
    "test_npv": 0.831275720164609,
    "test_samples": 313,
    "test_positives": 89
}