{
    "train_loss": 0.396126059556771,
    "dev_loss": 0.4341514156011542,
    "dev_auroc": 0.849928819993673,
    "dev_accuracy": 0.7976539589442815,
    "dev_f1_score": 0.6634146341463415,
    "test_accuracy": 0.8152866242038217,
    "test_precision": 0.7313432835820896,
    "test_recall": 0.550561797752809,
    "test_auroc": 0.8610736579275905,
    "test_f1_score": 0.6282051282051282,
    "test_specificity": 0.92,
    "test_npv": 0.8380566801619433,
    "test_samples": 314,
    "test_positives": 89
}