{
    "train_loss": 0.27123198773078766,
    "dev_loss": 0.48958960994259343,
    "dev_auroc": 0.8471910112359551,
    "dev_accuracy": 0.7985347985347986,
    "dev_f1_score": 0.7027027027027027,
    "test_accuracy": 0.7372549019607844,
    "test_precision": 0.6212121212121212,
    "test_recall": 0.4939759036144578,
    "test_auroc": 0.7937797702437658,
    "test_f1_score": 0.5503355704697986,
    "test_specificity": 0.8546511627906976,
    "test_npv": 0.7777777777777778,
    "test_samples": 255,
    "test_positives": 83
}