{
    "train_loss": 0.26408260616850343,
    "dev_loss": 0.49772655232688306,
    "dev_auroc": 0.8412756598240471,
    "dev_accuracy": 0.7695167286245354,
    "dev_f1_score": 0.6702127659574468,
    "test_accuracy": 0.7276422764227642,
    "test_precision": 0.5942028985507246,
    "test_recall": 0.5125,
    "test_auroc": 0.7845632530120482,
    "test_f1_score": 0.5503355704697986,
    "test_specificity": 0.8313253012048193,
    "test_npv": 0.7796610169491526,
    "test_samples": 246,
    "test_positives": 80
}