{
    "train_loss": 0.4131204451381513,
    "dev_loss": 0.47875604208777933,
    "dev_auroc": 0.8343294286397323,
    "dev_accuracy": 0.7647058823529411,
    "dev_f1_score": 0.673469387755102,
    "test_accuracy": 0.70703125,
    "test_precision": 0.5569620253164557,
    "test_recall": 0.5238095238095238,
    "test_auroc": 0.7870985603543743,
    "test_f1_score": 0.5398773006134969,
    "test_specificity": 0.7965116279069767,
    "test_npv": 0.7740112994350282,
    "test_samples": 256,
    "test_positives": 84
}