{
    "train_loss": 0.2705314188487926,
    "dev_loss": 0.5091312061376677,
    "dev_auroc": 0.8314100252434187,
    "dev_accuracy": 0.7638376383763837,
    "dev_f1_score": 0.6831683168316832,
    "test_accuracy": 0.734375,
    "test_precision": 0.5952380952380952,
    "test_recall": 0.5952380952380952,
    "test_auroc": 0.8147840531561461,
    "test_f1_score": 0.5952380952380952,
    "test_specificity": 0.8023255813953488,
    "test_npv": 0.8023255813953488,
    "test_samples": 256,
    "test_positives": 84
}