{
    "train_loss": 0.28334054237524503,
    "dev_loss": 0.44287822819740724,
    "dev_auroc": 0.8516479067130942,
    "dev_accuracy": 0.8023598820058997,
    "dev_f1_score": 0.6824644549763034,
    "test_accuracy": 0.792332268370607,
    "test_precision": 0.6578947368421053,
    "test_recall": 0.5617977528089888,
    "test_auroc": 0.8289526484751204,
    "test_f1_score": 0.6060606060606061,
    "test_specificity": 0.8839285714285714,
    "test_npv": 0.8354430379746836,
    "test_samples": 313,
    "test_positives": 89
}