{
    "train_loss": 0.09335692744354726,
    "dev_loss": 0.44364017248153687,
    "dev_auroc": 0.8667929292929293,
    "dev_accuracy": 0.8148148148148148,
    "dev_f1_score": 0.845360824742268,
    "test_accuracy": 0.6704545454545454,
    "test_precision": 0.6875,
    "test_recall": 0.8301886792452831,
    "test_auroc": 0.7601078167115904,
    "test_f1_score": 0.7521367521367521,
    "test_specificity": 0.42857142857142855,
    "test_npv": 0.625,
    "test_samples": 88,
    "test_positives": 53
}