{
    "train_loss": 0.27905340841393067,
    "dev_loss": 0.5146371607850838,
    "dev_auroc": 0.8300276475537925,
    "dev_accuracy": 0.7712177121771218,
    "dev_f1_score": 0.696078431372549,
    "test_accuracy": 0.73828125,
    "test_precision": 0.6024096385542169,
    "test_recall": 0.5952380952380952,
    "test_auroc": 0.8116002214839424,
    "test_f1_score": 0.5988023952095808,
    "test_specificity": 0.8081395348837209,
    "test_npv": 0.8034682080924855,
    "test_samples": 256,
    "test_positives": 84
}