{
    "train_loss": 0.2361905337047514,
    "dev_loss": 0.4839480043330909,
    "dev_auroc": 0.853873447664104,
    "dev_accuracy": 0.8021978021978022,
    "dev_f1_score": 0.7272727272727273,
    "test_accuracy": 0.7098039215686275,
    "test_precision": 0.5555555555555556,
    "test_recall": 0.5421686746987951,
    "test_auroc": 0.7910479125805547,
    "test_f1_score": 0.5487804878048781,
    "test_specificity": 0.7906976744186046,
    "test_npv": 0.7816091954022989,
    "test_samples": 255,
    "test_positives": 83
}