{
    "train_loss": 0.39222676097555814,
    "dev_loss": 0.4835091198191923,
    "dev_auroc": 0.8380946688979202,
    "dev_accuracy": 0.7830882352941176,
    "dev_f1_score": 0.6775956284153005,
    "test_accuracy": 0.73828125,
    "test_precision": 0.6268656716417911,
    "test_recall": 0.5,
    "test_auroc": 0.7908361018826134,
    "test_f1_score": 0.5562913907284768,
    "test_specificity": 0.8546511627906976,
    "test_npv": 0.7777777777777778,
    "test_samples": 256,
    "test_positives": 84
}