{
    "train_loss": 0.32388838918096174,
    "dev_loss": 0.5082476801342435,
    "dev_auroc": 0.8125108964747725,
    "dev_accuracy": 0.7777777777777778,
    "dev_f1_score": 0.6460176991150443,
    "test_accuracy": 0.7876106194690266,
    "test_precision": 0.6593406593406593,
    "test_recall": 0.594059405940594,
    "test_auroc": 0.793535235876529,
    "test_f1_score": 0.625,
    "test_specificity": 0.8697478991596639,
    "test_npv": 0.8346774193548387,
    "test_samples": 339,
    "test_positives": 101
}