{
    "train_loss": 0.07066839066157388,
    "dev_loss": 0.4681738317012787,
    "dev_auroc": 0.8566919191919192,
    "dev_accuracy": 0.8148148148148148,
    "dev_f1_score": 0.8387096774193549,
    "test_accuracy": 0.7045454545454546,
    "test_precision": 0.7213114754098361,
    "test_recall": 0.8301886792452831,
    "test_auroc": 0.7746630727762803,
    "test_f1_score": 0.7719298245614035,
    "test_specificity": 0.5142857142857142,
    "test_npv": 0.6666666666666666,
    "test_samples": 88,
    "test_positives": 53
}