{
    "train_loss": 0.32497942740981406,
    "dev_loss": 0.501602652337816,
    "dev_auroc": 0.8181596289968268,
    "dev_accuracy": 0.7805555555555556,
    "dev_f1_score": 0.6457399103139013,
    "test_accuracy": 0.8023598820058997,
    "test_precision": 0.7023809523809523,
    "test_recall": 0.5841584158415841,
    "test_auroc": 0.7939096430651469,
    "test_f1_score": 0.6378378378378379,
    "test_specificity": 0.8949579831932774,
    "test_npv": 0.8352941176470589,
    "test_samples": 339,
    "test_positives": 101
}