{
    "train_loss": 0.2827595480199225,
    "dev_loss": 0.5161868391001796,
    "dev_auroc": 0.8275033056857795,
    "dev_accuracy": 0.7638376383763837,
    "dev_f1_score": 0.6831683168316832,
    "test_accuracy": 0.7421875,
    "test_precision": 0.6046511627906976,
    "test_recall": 0.6190476190476191,
    "test_auroc": 0.8129152823920265,
    "test_f1_score": 0.611764705882353,
    "test_specificity": 0.8023255813953488,
    "test_npv": 0.8117647058823529,
    "test_samples": 256,
    "test_positives": 84
}