{
    "train_loss": 0.44637178183868764,
    "dev_loss": 0.4657959369725959,
    "dev_auroc": 0.8286324786324787,
    "dev_accuracy": 0.752906976744186,
    "dev_f1_score": 0.5853658536585366,
    "test_accuracy": 0.7643312101910829,
    "test_precision": 0.6176470588235294,
    "test_recall": 0.4666666666666667,
    "test_auroc": 0.8354166666666667,
    "test_f1_score": 0.5316455696202531,
    "test_specificity": 0.8839285714285714,
    "test_npv": 0.8048780487804879,
    "test_samples": 314,
    "test_positives": 90
}