{
    "train_loss": 0.276008115364955,
    "dev_loss": 0.4912435273842618,
    "dev_auroc": 0.8317105421324679,
    "dev_accuracy": 0.7785977859778598,
    "dev_f1_score": 0.696969696969697,
    "test_accuracy": 0.7258064516129032,
    "test_precision": 0.569620253164557,
    "test_recall": 0.569620253164557,
    "test_auroc": 0.8012133922552618,
    "test_f1_score": 0.569620253164557,
    "test_specificity": 0.7988165680473372,
    "test_npv": 0.7988165680473372,
    "test_samples": 248,
    "test_positives": 79
}