{
    "train_loss": 0.2758516872274703,
    "dev_loss": 0.4927439794435606,
    "dev_auroc": 0.8458900059136606,
    "dev_accuracy": 0.7838827838827839,
    "dev_f1_score": 0.7093596059113301,
    "test_accuracy": 0.6941176470588235,
    "test_precision": 0.5287356321839081,
    "test_recall": 0.5542168674698795,
    "test_auroc": 0.7930092462874755,
    "test_f1_score": 0.5411764705882353,
    "test_specificity": 0.7616279069767442,
    "test_npv": 0.7797619047619048,
    "test_samples": 255,
    "test_positives": 83
}