{
    "train_loss": 0.2736160329563155,
    "dev_loss": 0.4458647595394326,
    "dev_auroc": 0.8500283423759009,
    "dev_accuracy": 0.7935103244837758,
    "dev_f1_score": 0.6634615384615384,
    "test_accuracy": 0.7891373801916933,
    "test_precision": 0.6493506493506493,
    "test_recall": 0.5617977528089888,
    "test_auroc": 0.829303772070626,
    "test_f1_score": 0.6024096385542169,
    "test_specificity": 0.8794642857142857,
    "test_npv": 0.8347457627118644,
    "test_samples": 313,
    "test_positives": 89
}