{
    "train_loss": 0.3161535709943213,
    "dev_loss": 0.4519725276657262,
    "dev_auroc": 0.8398250870515831,
    "dev_accuracy": 0.7964601769911505,
    "dev_f1_score": 0.6634146341463415,
    "test_accuracy": 0.7859424920127795,
    "test_precision": 0.6486486486486487,
    "test_recall": 0.5393258426966292,
    "test_auroc": 0.8213282504012841,
    "test_f1_score": 0.588957055214724,
    "test_specificity": 0.8839285714285714,
    "test_npv": 0.8284518828451883,
    "test_samples": 313,
    "test_positives": 89
}