{
    "train_loss": 0.3104132084675085,
    "dev_loss": 0.5057574728318246,
    "dev_auroc": 0.8275033056857797,
    "dev_accuracy": 0.7712177121771218,
    "dev_f1_score": 0.696078431372549,
    "test_accuracy": 0.76171875,
    "test_precision": 0.6493506493506493,
    "test_recall": 0.5952380952380952,
    "test_auroc": 0.8085548172757475,
    "test_f1_score": 0.6211180124223602,
    "test_specificity": 0.8430232558139535,
    "test_npv": 0.8100558659217877,
    "test_samples": 256,
    "test_positives": 84
}