{
    "train_loss": 0.2941685176619125,
    "dev_loss": 0.5171990348404184,
    "dev_auroc": 0.8260608246183436,
    "dev_accuracy": 0.7638376383763837,
    "dev_f1_score": 0.6831683168316832,
    "test_accuracy": 0.734375,
    "test_precision": 0.5909090909090909,
    "test_recall": 0.6190476190476191,
    "test_auroc": 0.8117386489479512,
    "test_f1_score": 0.6046511627906976,
    "test_specificity": 0.7906976744186046,
    "test_npv": 0.8095238095238095,
    "test_samples": 256,
    "test_positives": 84
}