{
    "train_loss": 0.29928877886305466,
    "dev_loss": 0.5070570454721557,
    "dev_auroc": 0.8214198435972629,
    "dev_accuracy": 0.7472118959107806,
    "dev_f1_score": 0.6344086021505376,
    "test_accuracy": 0.7357723577235772,
    "test_precision": 0.6,
    "test_recall": 0.5625,
    "test_auroc": 0.7996234939759036,
    "test_f1_score": 0.5806451612903226,
    "test_specificity": 0.8192771084337349,
    "test_npv": 0.7953216374269005,
    "test_samples": 246,
    "test_positives": 80
}