{
    "train_loss": 0.29151319504729034,
    "dev_loss": 0.49482448662028594,
    "dev_auroc": 0.838333731771456,
    "dev_accuracy": 0.7794117647058824,
    "dev_f1_score": 0.696969696969697,
    "test_accuracy": 0.7254901960784313,
    "test_precision": 0.589041095890411,
    "test_recall": 0.5180722891566265,
    "test_auroc": 0.797072008966097,
    "test_f1_score": 0.5512820512820513,
    "test_specificity": 0.8255813953488372,
    "test_npv": 0.7802197802197802,
    "test_samples": 255,
    "test_positives": 83
}