{
    "train_loss": 0.43465379800443865,
    "dev_loss": 0.4680925640794966,
    "dev_auroc": 0.8361518881411486,
    "dev_accuracy": 0.7555555555555555,
    "dev_f1_score": 0.5925925925925926,
    "test_accuracy": 0.788235294117647,
    "test_precision": 0.6829268292682927,
    "test_recall": 0.5490196078431373,
    "test_auroc": 0.8313148788927336,
    "test_f1_score": 0.6086956521739131,
    "test_specificity": 0.8907563025210085,
    "test_npv": 0.8217054263565892,
    "test_samples": 340,
    "test_positives": 102
}