{
    "train_loss": 0.515516448574428,
    "dev_loss": 0.4966596760143891,
    "dev_auroc": 0.8124892836322486,
    "dev_accuracy": 0.7707182320441989,
    "dev_f1_score": 0.6468085106382979,
    "test_accuracy": 0.7309941520467836,
    "test_precision": 0.5662650602409639,
    "test_recall": 0.4563106796116505,
    "test_auroc": 0.7749928910915221,
    "test_f1_score": 0.5053763440860215,
    "test_specificity": 0.8493723849372385,
    "test_npv": 0.7837837837837838,
    "test_samples": 342,
    "test_positives": 103
}