{
    "train_loss": 0.29539930061822517,
    "dev_loss": 0.477567329693632,
    "dev_auroc": 0.8441770647652999,
    "dev_accuracy": 0.8091286307053942,
    "dev_f1_score": 0.7294117647058823,
    "test_accuracy": 0.7777777777777778,
    "test_precision": 0.6351351351351351,
    "test_recall": 0.6527777777777778,
    "test_auroc": 0.7816358024691358,
    "test_f1_score": 0.6438356164383562,
    "test_specificity": 0.8333333333333334,
    "test_npv": 0.84375,
    "test_samples": 234,
    "test_positives": 72
}