{
    "train_loss": 0.3014450733768594,
    "dev_loss": 0.5148806633544584,
    "dev_auroc": 0.8260007212405338,
    "dev_accuracy": 0.7675276752767528,
    "dev_f1_score": 0.6802030456852792,
    "test_accuracy": 0.734375,
    "test_precision": 0.5952380952380952,
    "test_recall": 0.5952380952380952,
    "test_auroc": 0.8095238095238095,
    "test_f1_score": 0.5952380952380952,
    "test_specificity": 0.8023255813953488,
    "test_npv": 0.8023255813953488,
    "test_samples": 256,
    "test_positives": 84
}