{
    "train_loss": 0.30640404275123106,
    "dev_loss": 0.5247544996357318,
    "dev_auroc": 0.8378543499511242,
    "dev_accuracy": 0.758364312267658,
    "dev_f1_score": 0.656084656084656,
    "test_accuracy": 0.7154471544715447,
    "test_precision": 0.5714285714285714,
    "test_recall": 0.5,
    "test_auroc": 0.7823795180722891,
    "test_f1_score": 0.5333333333333333,
    "test_specificity": 0.8192771084337349,
    "test_npv": 0.7727272727272727,
    "test_samples": 246,
    "test_positives": 80
}