{
    "train_loss": 0.3976607354926882,
    "dev_loss": 0.5271956842024248,
    "dev_auroc": 0.795725511448313,
    "dev_accuracy": 0.7554945054945055,
    "dev_f1_score": 0.6244725738396625,
    "test_accuracy": 0.7624633431085044,
    "test_precision": 0.6206896551724138,
    "test_recall": 0.5294117647058824,
    "test_auroc": 0.812740995979982,
    "test_f1_score": 0.5714285714285714,
    "test_specificity": 0.8619246861924686,
    "test_npv": 0.8110236220472441,
    "test_samples": 341,
    "test_positives": 102
}