{
    "train_loss": 0.23982068374065857,
    "dev_loss": 0.49573030511101523,
    "dev_auroc": 0.8516262566528681,
    "dev_accuracy": 0.8021978021978022,
    "dev_f1_score": 0.7244897959183674,
    "test_accuracy": 0.7058823529411765,
    "test_precision": 0.5526315789473685,
    "test_recall": 0.5060240963855421,
    "test_auroc": 0.7950406276267862,
    "test_f1_score": 0.5283018867924528,
    "test_specificity": 0.8023255813953488,
    "test_npv": 0.770949720670391,
    "test_samples": 255,
    "test_positives": 83
}