{
    "train_loss": 0.29889548516839665,
    "dev_loss": 0.5132739438341992,
    "dev_auroc": 0.8278038225748287,
    "dev_accuracy": 0.7675276752767528,
    "dev_f1_score": 0.6834170854271356,
    "test_accuracy": 0.734375,
    "test_precision": 0.5952380952380952,
    "test_recall": 0.5952380952380952,
    "test_auroc": 0.8117386489479512,
    "test_f1_score": 0.5952380952380952,
    "test_specificity": 0.8023255813953488,
    "test_npv": 0.8023255813953488,
    "test_samples": 256,
    "test_positives": 84
}