{
    "train_loss": 0.22427437484892618,
    "dev_loss": 0.4902231963798129,
    "dev_auroc": 0.8485995912970309,
    "dev_accuracy": 0.7785977859778598,
    "dev_f1_score": 0.6808510638297872,
    "test_accuracy": 0.70703125,
    "test_precision": 0.5633802816901409,
    "test_recall": 0.47619047619047616,
    "test_auroc": 0.8122231450719823,
    "test_f1_score": 0.5161290322580645,
    "test_specificity": 0.8197674418604651,
    "test_npv": 0.7621621621621621,
    "test_samples": 256,
    "test_positives": 84
}