{
    "train_loss": 0.3568908705793578,
    "dev_loss": 0.524614089749396,
    "dev_auroc": 0.8018692150498857,
    "dev_accuracy": 0.7490774907749077,
    "dev_f1_score": 0.6565656565656566,
    "test_accuracy": 0.7540322580645161,
    "test_precision": 0.6046511627906976,
    "test_recall": 0.6582278481012658,
    "test_auroc": 0.792824507527526,
    "test_f1_score": 0.6303030303030303,
    "test_specificity": 0.7988165680473372,
    "test_npv": 0.8333333333333334,
    "test_samples": 248,
    "test_positives": 79
}