{
    "train_loss": 0.33756600984560897,
    "dev_loss": 0.5228345475513557,
    "dev_auroc": 0.8156629402572424,
    "dev_accuracy": 0.7564575645756457,
    "dev_f1_score": 0.6666666666666666,
    "test_accuracy": 0.7578125,
    "test_precision": 0.6527777777777778,
    "test_recall": 0.5595238095238095,
    "test_auroc": 0.8061323366555925,
    "test_f1_score": 0.6025641025641025,
    "test_specificity": 0.8546511627906976,
    "test_npv": 0.7989130434782609,
    "test_samples": 256,
    "test_positives": 84
}