{
    "train_loss": 0.2831122604460498,
    "dev_loss": 0.4968771294474162,
    "dev_auroc": 0.8359177785791562,
    "dev_accuracy": 0.7638376383763837,
    "dev_f1_score": 0.6767676767676768,
    "test_accuracy": 0.7421875,
    "test_precision": 0.6153846153846154,
    "test_recall": 0.5714285714285714,
    "test_auroc": 0.8142995570321152,
    "test_f1_score": 0.5925925925925926,
    "test_specificity": 0.8255813953488372,
    "test_npv": 0.797752808988764,
    "test_samples": 256,
    "test_positives": 84
}