{
    "train_loss": 0.3568499697994697,
    "dev_loss": 0.48776231793796315,
    "dev_auroc": 0.8442505378914654,
    "dev_accuracy": 0.7757352941176471,
    "dev_f1_score": 0.7053140096618358,
    "test_accuracy": 0.7109375,
    "test_precision": 0.5555555555555556,
    "test_recall": 0.5952380952380952,
    "test_auroc": 0.7922895902547065,
    "test_f1_score": 0.5747126436781609,
    "test_specificity": 0.7674418604651163,
    "test_npv": 0.7951807228915663,
    "test_samples": 256,
    "test_positives": 84
}