{
    "train_loss": 0.28695422220737377,
    "dev_loss": 0.5054138167640091,
    "dev_auroc": 0.8478739002932552,
    "dev_accuracy": 0.7881040892193308,
    "dev_f1_score": 0.6885245901639344,
    "test_accuracy": 0.7276422764227642,
    "test_precision": 0.5942028985507246,
    "test_recall": 0.5125,
    "test_auroc": 0.7896460843373494,
    "test_f1_score": 0.5503355704697986,
    "test_specificity": 0.8313253012048193,
    "test_npv": 0.7796610169491526,
    "test_samples": 246,
    "test_positives": 80
}