{
    "train_loss": 0.27090314466491516,
    "dev_loss": 0.49453038703031643,
    "dev_auroc": 0.84174780622671,
    "dev_accuracy": 0.7822878228782287,
    "dev_f1_score": 0.7064676616915423,
    "test_accuracy": 0.72265625,
    "test_precision": 0.589041095890411,
    "test_recall": 0.5119047619047619,
    "test_auroc": 0.8077934662236989,
    "test_f1_score": 0.5477707006369427,
    "test_specificity": 0.8255813953488372,
    "test_npv": 0.7759562841530054,
    "test_samples": 256,
    "test_positives": 84
}