{
    "train_loss": 0.4774307002811312,
    "dev_loss": 0.5321123318092243,
    "dev_auroc": 0.7817785584179027,
    "dev_accuracy": 0.7135135135135136,
    "dev_f1_score": 0.5583333333333333,
    "test_accuracy": 0.7628571428571429,
    "test_precision": 0.6470588235294118,
    "test_recall": 0.5092592592592593,
    "test_auroc": 0.8169574533210896,
    "test_f1_score": 0.5699481865284974,
    "test_specificity": 0.8760330578512396,
    "test_npv": 0.8,
    "test_samples": 350,
    "test_positives": 108
}