{
    "train_loss": 0.29259119536362443,
    "dev_loss": 0.510486902126087,
    "dev_auroc": 0.8287053732419762,
    "dev_accuracy": 0.7785977859778598,
    "dev_f1_score": 0.7029702970297029,
    "test_accuracy": 0.75,
    "test_precision": 0.6282051282051282,
    "test_recall": 0.5833333333333334,
    "test_auroc": 0.809593023255814,
    "test_f1_score": 0.6049382716049383,
    "test_specificity": 0.8313953488372093,
    "test_npv": 0.8033707865168539,
    "test_samples": 256,
    "test_positives": 84
}