{
    "train_loss": 0.3532408743460309,
    "dev_loss": 0.5038259108861287,
    "dev_auroc": 0.8104187733184559,
    "dev_accuracy": 0.7638888888888888,
    "dev_f1_score": 0.6153846153846154,
    "test_accuracy": 0.7876106194690266,
    "test_precision": 0.6705882352941176,
    "test_recall": 0.5643564356435643,
    "test_auroc": 0.7912471919460853,
    "test_f1_score": 0.6129032258064516,
    "test_specificity": 0.8823529411764706,
    "test_npv": 0.8267716535433071,
    "test_samples": 339,
    "test_positives": 101
}