{
    "train_loss": 0.436369477493483,
    "dev_loss": 0.4413588854574388,
    "dev_auroc": 0.8452230306864916,
    "dev_accuracy": 0.7859237536656891,
    "dev_f1_score": 0.6294416243654822,
    "test_accuracy": 0.8152866242038217,
    "test_precision": 0.7246376811594203,
    "test_recall": 0.5617977528089888,
    "test_auroc": 0.8495380774032459,
    "test_f1_score": 0.6329113924050633,
    "test_specificity": 0.9155555555555556,
    "test_npv": 0.8408163265306122,
    "test_samples": 314,
    "test_positives": 89
}