{
    "train_loss": 0.421787651682307,
    "dev_loss": 0.5250974893569946,
    "dev_auroc": 0.7998897084166264,
    "dev_accuracy": 0.746031746031746,
    "dev_f1_score": 0.6631578947368421,
    "test_accuracy": 0.7253218884120172,
    "test_precision": 0.5735294117647058,
    "test_recall": 0.527027027027027,
    "test_auroc": 0.7684004759476458,
    "test_f1_score": 0.5492957746478874,
    "test_specificity": 0.8176100628930818,
    "test_npv": 0.7878787878787878,
    "test_samples": 233,
    "test_positives": 74
}