{
    "train_loss": 0.3248383144834148,
    "dev_loss": 0.4927141110324327,
    "dev_auroc": 0.8235169491525424,
    "dev_accuracy": 0.7737430167597765,
    "dev_f1_score": 0.6493506493506493,
    "test_accuracy": 0.7551622418879056,
    "test_precision": 0.5858585858585859,
    "test_recall": 0.58,
    "test_auroc": 0.8009623430962344,
    "test_f1_score": 0.5829145728643216,
    "test_specificity": 0.8284518828451883,
    "test_npv": 0.825,
    "test_samples": 339,
    "test_positives": 100
}