{
    "train_loss": 0.36467710604713677,
    "dev_loss": 0.48850791945176963,
    "dev_auroc": 0.8345087257948841,
    "dev_accuracy": 0.7867647058823529,
    "dev_f1_score": 0.6813186813186813,
    "test_accuracy": 0.70703125,
    "test_precision": 0.5633802816901409,
    "test_recall": 0.47619047619047616,
    "test_auroc": 0.7927048726467331,
    "test_f1_score": 0.5161290322580645,
    "test_specificity": 0.8197674418604651,
    "test_npv": 0.7621621621621621,
    "test_samples": 256,
    "test_positives": 84
}