{
    "train_loss": 0.29476953050818305,
    "dev_loss": 0.496421853114758,
    "dev_auroc": 0.83453540088953,
    "dev_accuracy": 0.7638376383763837,
    "dev_f1_score": 0.6701030927835051,
    "test_accuracy": 0.7379032258064516,
    "test_precision": 0.5945945945945946,
    "test_recall": 0.5569620253164557,
    "test_auroc": 0.8042094225151675,
    "test_f1_score": 0.5751633986928104,
    "test_specificity": 0.8224852071005917,
    "test_npv": 0.7988505747126436,
    "test_samples": 248,
    "test_positives": 79
}