{
    "train_loss": 0.22172760874859723,
    "dev_loss": 0.5043737642905292,
    "dev_auroc": 0.8487329667702606,
    "dev_accuracy": 0.7794117647058824,
    "dev_f1_score": 0.6938775510204082,
    "test_accuracy": 0.7490196078431373,
    "test_precision": 0.6233766233766234,
    "test_recall": 0.5783132530120482,
    "test_auroc": 0.7958811992154665,
    "test_f1_score": 0.6,
    "test_specificity": 0.8313953488372093,
    "test_npv": 0.8033707865168539,
    "test_samples": 255,
    "test_positives": 83
}