{
    "train_loss": 0.37805374884007703,
    "dev_loss": 0.5061534404754638,
    "dev_auroc": 0.8027127863593572,
    "dev_accuracy": 0.7583333333333333,
    "dev_f1_score": 0.5953488372093023,
    "test_accuracy": 0.7817109144542773,
    "test_precision": 0.6626506024096386,
    "test_recall": 0.5445544554455446,
    "test_auroc": 0.7991097429070638,
    "test_f1_score": 0.5978260869565217,
    "test_specificity": 0.8823529411764706,
    "test_npv": 0.8203125,
    "test_samples": 339,
    "test_positives": 101
}