{
    "train_loss": 0.28039116244542267,
    "dev_loss": 0.4940839625372658,
    "dev_auroc": 0.8368193292463036,
    "dev_accuracy": 0.7712177121771218,
    "dev_f1_score": 0.6770833333333334,
    "test_accuracy": 0.7265625,
    "test_precision": 0.6,
    "test_recall": 0.5,
    "test_auroc": 0.8043327796234774,
    "test_f1_score": 0.5454545454545454,
    "test_specificity": 0.8372093023255814,
    "test_npv": 0.7741935483870968,
    "test_samples": 256,
    "test_positives": 84
}