{
    "train_loss": 0.2294584848779313,
    "dev_loss": 0.5161766115174418,
    "dev_auroc": 0.8374266862170088,
    "dev_accuracy": 0.7509293680297398,
    "dev_f1_score": 0.6417112299465241,
    "test_accuracy": 0.7276422764227642,
    "test_precision": 0.5915492957746479,
    "test_recall": 0.525,
    "test_auroc": 0.7869352409638554,
    "test_f1_score": 0.5562913907284768,
    "test_specificity": 0.8253012048192772,
    "test_npv": 0.7828571428571428,
    "test_samples": 246,
    "test_positives": 80
}