{
    "train_loss": 0.42117775273840735,
    "dev_loss": 0.47266507499358235,
    "dev_auroc": 0.8416208462825723,
    "dev_accuracy": 0.7830882352941176,
    "dev_f1_score": 0.700507614213198,
    "test_accuracy": 0.70703125,
    "test_precision": 0.5569620253164557,
    "test_recall": 0.5238095238095238,
    "test_auroc": 0.7900747508305648,
    "test_f1_score": 0.5398773006134969,
    "test_specificity": 0.7965116279069767,
    "test_npv": 0.7740112994350282,
    "test_samples": 256,
    "test_positives": 84
}