{
    "train_loss": 0.43296340334070454,
    "dev_loss": 0.47055973874198065,
    "dev_auroc": 0.8322117228634193,
    "dev_accuracy": 0.7888888888888889,
    "dev_f1_score": 0.6274509803921569,
    "test_accuracy": 0.7823529411764706,
    "test_precision": 0.6842105263157895,
    "test_recall": 0.5098039215686274,
    "test_auroc": 0.831973966057011,
    "test_f1_score": 0.5842696629213483,
    "test_specificity": 0.8991596638655462,
    "test_npv": 0.8106060606060606,
    "test_samples": 340,
    "test_positives": 102
}