{
    "train_loss": 0.33882108084671864,
    "dev_loss": 0.44277994111835783,
    "dev_auroc": 0.8482284087314141,
    "dev_accuracy": 0.7741935483870968,
    "dev_f1_score": 0.6384976525821596,
    "test_accuracy": 0.7929936305732485,
    "test_precision": 0.6621621621621622,
    "test_recall": 0.550561797752809,
    "test_auroc": 0.8620224719101124,
    "test_f1_score": 0.6012269938650306,
    "test_specificity": 0.8888888888888888,
    "test_npv": 0.8333333333333334,
    "test_samples": 314,
    "test_positives": 89
}