{
    "train_loss": 0.2846146624737088,
    "dev_loss": 0.49872767224031334,
    "dev_auroc": 0.838333731771456,
    "dev_accuracy": 0.7794117647058824,
    "dev_f1_score": 0.6938775510204082,
    "test_accuracy": 0.7254901960784313,
    "test_precision": 0.5866666666666667,
    "test_recall": 0.5301204819277109,
    "test_auroc": 0.8014149621742785,
    "test_f1_score": 0.5569620253164557,
    "test_specificity": 0.8197674418604651,
    "test_npv": 0.7833333333333333,
    "test_samples": 255,
    "test_positives": 83
}