{
    "train_loss": 0.2859639068867298,
    "dev_loss": 0.5235649145668767,
    "dev_auroc": 0.8333027859237537,
    "dev_accuracy": 0.7769516728624535,
    "dev_f1_score": 0.6739130434782609,
    "test_accuracy": 0.6991869918699187,
    "test_precision": 0.5416666666666666,
    "test_recall": 0.4875,
    "test_auroc": 0.7719126506024097,
    "test_f1_score": 0.5131578947368421,
    "test_specificity": 0.8012048192771084,
    "test_npv": 0.764367816091954,
    "test_samples": 246,
    "test_positives": 80
}