{
    "train_loss": 0.42788284683991157,
    "dev_loss": 0.43435375204533777,
    "dev_auroc": 0.8524201202151218,
    "dev_accuracy": 0.8093841642228738,
    "dev_f1_score": 0.6596858638743456,
    "test_accuracy": 0.8089171974522293,
    "test_precision": 0.7230769230769231,
    "test_recall": 0.5280898876404494,
    "test_auroc": 0.8518851435705368,
    "test_f1_score": 0.6103896103896104,
    "test_specificity": 0.92,
    "test_npv": 0.8313253012048193,
    "test_samples": 314,
    "test_positives": 89
}