{
    "train_loss": 0.06467709424411369,
    "dev_loss": 0.45077279210090637,
    "dev_auroc": 0.8667929292929293,
    "dev_accuracy": 0.7901234567901234,
    "dev_f1_score": 0.8247422680412371,
    "test_accuracy": 0.7159090909090909,
    "test_precision": 0.71875,
    "test_recall": 0.8679245283018868,
    "test_auroc": 0.7935309973045821,
    "test_f1_score": 0.7863247863247863,
    "test_specificity": 0.4857142857142857,
    "test_npv": 0.7083333333333334,
    "test_samples": 88,
    "test_positives": 53
}