{
    "train_loss": 0.2816410020310828,
    "dev_loss": 0.5170963085273828,
    "dev_auroc": 0.8112781036168133,
    "dev_accuracy": 0.7472118959107806,
    "dev_f1_score": 0.6304347826086957,
    "test_accuracy": 0.7479674796747967,
    "test_precision": 0.625,
    "test_recall": 0.5625,
    "test_auroc": 0.7954066265060241,
    "test_f1_score": 0.5921052631578947,
    "test_specificity": 0.8373493975903614,
    "test_npv": 0.7988505747126436,
    "test_samples": 246,
    "test_positives": 80
}