{
    "train_loss": 0.506284558038026,
    "dev_loss": 0.5149213536668219,
    "dev_auroc": 0.8080312746476459,
    "dev_accuracy": 0.7458563535911602,
    "dev_f1_score": 0.6377952755905512,
    "test_accuracy": 0.7251461988304093,
    "test_precision": 0.5454545454545454,
    "test_recall": 0.5242718446601942,
    "test_auroc": 0.7762521834504611,
    "test_f1_score": 0.5346534653465347,
    "test_specificity": 0.8117154811715481,
    "test_npv": 0.7983539094650206,
    "test_samples": 342,
    "test_positives": 103
}