{
    "train_loss": 0.48903398831010875,
    "dev_loss": 0.49989145269710056,
    "dev_auroc": 0.813586639689997,
    "dev_accuracy": 0.7486187845303868,
    "dev_f1_score": 0.6255144032921811,
    "test_accuracy": 0.7309941520467836,
    "test_precision": 0.5632183908045977,
    "test_recall": 0.47572815533980584,
    "test_auroc": 0.7674777592720479,
    "test_f1_score": 0.5157894736842106,
    "test_specificity": 0.8410041841004184,
    "test_npv": 0.788235294117647,
    "test_samples": 342,
    "test_positives": 103
}