{
    "train_loss": 0.40386452816781543,
    "dev_loss": 0.4942139849234163,
    "dev_auroc": 0.8143070787637089,
    "dev_accuracy": 0.75,
    "dev_f1_score": 0.6044444444444445,
    "test_accuracy": 0.7621951219512195,
    "test_precision": 0.6024096385542169,
    "test_recall": 0.5263157894736842,
    "test_auroc": 0.8064603569008357,
    "test_f1_score": 0.5617977528089888,
    "test_specificity": 0.8583690987124464,
    "test_npv": 0.8163265306122449,
    "test_samples": 328,
    "test_positives": 95
}