{
    "train_loss": 0.234722125797952,
    "dev_loss": 0.4990454316139221,
    "dev_auroc": 0.8480157781496533,
    "dev_accuracy": 0.8051470588235294,
    "dev_f1_score": 0.7165775401069518,
    "test_accuracy": 0.7372549019607844,
    "test_precision": 0.6176470588235294,
    "test_recall": 0.5060240963855421,
    "test_auroc": 0.8034463435135891,
    "test_f1_score": 0.5562913907284768,
    "test_specificity": 0.8488372093023255,
    "test_npv": 0.7807486631016043,
    "test_samples": 255,
    "test_positives": 83
}