{
    "train_loss": 0.3131228756904602,
    "dev_loss": 0.4783736320024126,
    "dev_auroc": 0.8263424013673266,
    "dev_accuracy": 0.7668539325842697,
    "dev_f1_score": 0.6343612334801763,
    "test_accuracy": 0.75,
    "test_precision": 0.5764705882352941,
    "test_recall": 0.5157894736842106,
    "test_auroc": 0.7830133273096905,
    "test_f1_score": 0.5444444444444444,
    "test_specificity": 0.8454935622317596,
    "test_npv": 0.8106995884773662,
    "test_samples": 328,
    "test_positives": 95
}