{
    "train_loss": 0.34982683139480475,
    "dev_loss": 0.505373149447971,
    "dev_auroc": 0.8075246696188849,
    "dev_accuracy": 0.7583333333333333,
    "dev_f1_score": 0.6098654708520179,
    "test_accuracy": 0.7905604719764012,
    "test_precision": 0.6829268292682927,
    "test_recall": 0.5544554455445545,
    "test_auroc": 0.7986937349197104,
    "test_f1_score": 0.6120218579234973,
    "test_specificity": 0.8907563025210085,
    "test_npv": 0.8249027237354085,
    "test_samples": 339,
    "test_positives": 101
}