{
    "train_loss": 0.29220840181272056,
    "dev_loss": 0.4914383382508249,
    "dev_auroc": 0.8272226379157881,
    "dev_accuracy": 0.7741046831955923,
    "dev_f1_score": 0.6554621848739496,
    "test_accuracy": 0.7921686746987951,
    "test_precision": 0.6464646464646465,
    "test_recall": 0.6530612244897959,
    "test_auroc": 0.8226059654631082,
    "test_f1_score": 0.649746192893401,
    "test_specificity": 0.8504273504273504,
    "test_npv": 0.8540772532188842,
    "test_samples": 332,
    "test_positives": 98
}