{
    "train_loss": 0.255797342977662,
    "dev_loss": 0.4932289549282619,
    "dev_auroc": 0.8479006505026612,
    "dev_accuracy": 0.8021978021978022,
    "dev_f1_score": 0.7216494845360825,
    "test_accuracy": 0.7294117647058823,
    "test_precision": 0.6,
    "test_recall": 0.5060240963855421,
    "test_auroc": 0.7964415802745868,
    "test_f1_score": 0.5490196078431373,
    "test_specificity": 0.8372093023255814,
    "test_npv": 0.7783783783783784,
    "test_samples": 255,
    "test_positives": 83
}