{
    "train_loss": 0.37986718050098317,
    "dev_loss": 0.4718751255856004,
    "dev_auroc": 0.8346153846153845,
    "dev_accuracy": 0.7790697674418605,
    "dev_f1_score": 0.6448598130841121,
    "test_accuracy": 0.7611464968152867,
    "test_precision": 0.6,
    "test_recall": 0.5,
    "test_auroc": 0.8437996031746031,
    "test_f1_score": 0.5454545454545454,
    "test_specificity": 0.8660714285714286,
    "test_npv": 0.8117154811715481,
    "test_samples": 314,
    "test_positives": 90
}