{
    "train_loss": 0.22064519419389614,
    "dev_loss": 0.5105587796091593,
    "dev_auroc": 0.8398244981367953,
    "dev_accuracy": 0.7638376383763837,
    "dev_f1_score": 0.6831683168316832,
    "test_accuracy": 0.76171875,
    "test_precision": 0.6533333333333333,
    "test_recall": 0.5833333333333334,
    "test_auroc": 0.8071705426356589,
    "test_f1_score": 0.6163522012578616,
    "test_specificity": 0.8488372093023255,
    "test_npv": 0.8066298342541437,
    "test_samples": 256,
    "test_positives": 84
}