{
    "train_loss": 0.2676844241256459,
    "dev_loss": 0.4478448326960426,
    "dev_auroc": 0.8490970928820147,
    "dev_accuracy": 0.7964601769911505,
    "dev_f1_score": 0.649746192893401,
    "test_accuracy": 0.7955271565495208,
    "test_precision": 0.6865671641791045,
    "test_recall": 0.5168539325842697,
    "test_auroc": 0.831360353130016,
    "test_f1_score": 0.5897435897435898,
    "test_specificity": 0.90625,
    "test_npv": 0.8252032520325203,
    "test_samples": 313,
    "test_positives": 89
}