{
    "train_loss": 0.2469106685463462,
    "dev_loss": 0.49574718457875233,
    "dev_auroc": 0.8483737433471318,
    "dev_accuracy": 0.8021978021978022,
    "dev_f1_score": 0.71875,
    "test_accuracy": 0.7176470588235294,
    "test_precision": 0.5753424657534246,
    "test_recall": 0.5060240963855421,
    "test_auroc": 0.7930092462874755,
    "test_f1_score": 0.5384615384615384,
    "test_specificity": 0.8197674418604651,
    "test_npv": 0.7747252747252747,
    "test_samples": 255,
    "test_positives": 83
}