{
    "train_loss": 0.2785432577449384,
    "dev_loss": 0.49981002592072715,
    "dev_auroc": 0.8368493809352086,
    "dev_accuracy": 0.7564575645756457,
    "dev_f1_score": 0.648936170212766,
    "test_accuracy": 0.7258064516129032,
    "test_precision": 0.582089552238806,
    "test_recall": 0.4936708860759494,
    "test_auroc": 0.7951838813572019,
    "test_f1_score": 0.5342465753424658,
    "test_specificity": 0.834319526627219,
    "test_npv": 0.7790055248618785,
    "test_samples": 248,
    "test_positives": 79
}