{
    "train_loss": 0.4687690731864305,
    "dev_loss": 0.5297450708376394,
    "dev_auroc": 0.7866900858704138,
    "dev_accuracy": 0.7297297297297297,
    "dev_f1_score": 0.5833333333333334,
    "test_accuracy": 0.7571428571428571,
    "test_precision": 0.632183908045977,
    "test_recall": 0.5092592592592593,
    "test_auroc": 0.8124808692990511,
    "test_f1_score": 0.5641025641025641,
    "test_specificity": 0.8677685950413223,
    "test_npv": 0.7984790874524715,
    "test_samples": 350,
    "test_positives": 108
}