{
    "train_loss": 0.04992039474116644,
    "dev_loss": 0.4434272050857544,
    "dev_auroc": 0.8718434343434343,
    "dev_accuracy": 0.8271604938271605,
    "dev_f1_score": 0.851063829787234,
    "test_accuracy": 0.6818181818181818,
    "test_precision": 0.7049180327868853,
    "test_recall": 0.8113207547169812,
    "test_auroc": 0.7816711590296497,
    "test_f1_score": 0.7543859649122807,
    "test_specificity": 0.4857142857142857,
    "test_npv": 0.6296296296296297,
    "test_samples": 88,
    "test_positives": 53
}