{
    "train_loss": 0.23903028753584885,
    "dev_loss": 0.5042495271738838,
    "dev_auroc": 0.8465814009084389,
    "dev_accuracy": 0.7610294117647058,
    "dev_f1_score": 0.6829268292682927,
    "test_accuracy": 0.7294117647058823,
    "test_precision": 0.5875,
    "test_recall": 0.5662650602409639,
    "test_auroc": 0.7997338189969179,
    "test_f1_score": 0.5766871165644172,
    "test_specificity": 0.8081395348837209,
    "test_npv": 0.7942857142857143,
    "test_samples": 255,
    "test_positives": 83
}