{
    "train_loss": 0.4813716101196577,
    "dev_loss": 0.5257315909540331,
    "dev_auroc": 0.7862997658079626,
    "dev_accuracy": 0.7162162162162162,
    "dev_f1_score": 0.5493562231759657,
    "test_accuracy": 0.7485714285714286,
    "test_precision": 0.6282051282051282,
    "test_recall": 0.4537037037037037,
    "test_auroc": 0.8111034588307315,
    "test_f1_score": 0.5268817204301075,
    "test_specificity": 0.8801652892561983,
    "test_npv": 0.7830882352941176,
    "test_samples": 350,
    "test_positives": 108
}