{
    "train_loss": 0.28850437243000354,
    "dev_loss": 0.5088179155469381,
    "dev_auroc": 0.8347157110229594,
    "dev_accuracy": 0.7749077490774908,
    "dev_f1_score": 0.6965174129353234,
    "test_accuracy": 0.7578125,
    "test_precision": 0.6486486486486487,
    "test_recall": 0.5714285714285714,
    "test_auroc": 0.8116002214839424,
    "test_f1_score": 0.6075949367088608,
    "test_specificity": 0.8488372093023255,
    "test_npv": 0.8021978021978022,
    "test_samples": 256,
    "test_positives": 84
}