{
    "train_loss": 0.26447194561045223,
    "dev_loss": 0.5051815729158962,
    "dev_auroc": 0.8381598240469208,
    "dev_accuracy": 0.758364312267658,
    "dev_f1_score": 0.656084656084656,
    "test_accuracy": 0.7154471544715447,
    "test_precision": 0.5641025641025641,
    "test_recall": 0.55,
    "test_auroc": 0.7854668674698796,
    "test_f1_score": 0.5569620253164557,
    "test_specificity": 0.7951807228915663,
    "test_npv": 0.7857142857142857,
    "test_samples": 246,
    "test_positives": 80
}