{
    "train_loss": 0.46841716695131747,
    "dev_loss": 0.5390192176844623,
    "dev_auroc": 0.774199843871975,
    "dev_accuracy": 0.7162162162162162,
    "dev_f1_score": 0.5569620253164557,
    "test_accuracy": 0.76,
    "test_precision": 0.65,
    "test_recall": 0.48148148148148145,
    "test_auroc": 0.8086164677073768,
    "test_f1_score": 0.5531914893617021,
    "test_specificity": 0.8842975206611571,
    "test_npv": 0.7925925925925926,
    "test_samples": 350,
    "test_positives": 108
}