{
    "train_loss": 0.3892716225079374,
    "dev_loss": 0.47360121502595787,
    "dev_auroc": 0.8422185034664117,
    "dev_accuracy": 0.7573529411764706,
    "dev_f1_score": 0.6732673267326733,
    "test_accuracy": 0.7109375,
    "test_precision": 0.5555555555555556,
    "test_recall": 0.5952380952380952,
    "test_auroc": 0.7799695459579181,
    "test_f1_score": 0.5747126436781609,
    "test_specificity": 0.7674418604651163,
    "test_npv": 0.7951807228915663,
    "test_samples": 256,
    "test_positives": 84
}