{
    "train_loss": 0.22115543927465167,
    "dev_loss": 0.49983427229892,
    "dev_auroc": 0.8316479134026492,
    "dev_accuracy": 0.7808988764044944,
    "dev_f1_score": 0.6776859504132231,
    "test_accuracy": 0.7286585365853658,
    "test_precision": 0.5294117647058824,
    "test_recall": 0.5684210526315789,
    "test_auroc": 0.7777275807544612,
    "test_f1_score": 0.5482233502538071,
    "test_specificity": 0.7939914163090128,
    "test_npv": 0.8185840707964602,
    "test_samples": 328,
    "test_positives": 95
}