{
    "train_loss": 0.4980324795076442,
    "dev_loss": 0.4993894240435432,
    "dev_auroc": 0.8211809705952666,
    "dev_accuracy": 0.7536764705882353,
    "dev_f1_score": 0.6731707317073171,
    "test_accuracy": 0.7265625,
    "test_precision": 0.5813953488372093,
    "test_recall": 0.5952380952380952,
    "test_auroc": 0.7855758582502769,
    "test_f1_score": 0.5882352941176471,
    "test_specificity": 0.7906976744186046,
    "test_npv": 0.8,
    "test_samples": 256,
    "test_positives": 84
}