{
    "train_loss": 0.39487231612883794,
    "dev_loss": 0.52989661693573,
    "dev_auroc": 0.8020955400840972,
    "dev_accuracy": 0.7341269841269841,
    "dev_f1_score": 0.6598984771573604,
    "test_accuracy": 0.7339055793991416,
    "test_precision": 0.5789473684210527,
    "test_recall": 0.5945945945945946,
    "test_auroc": 0.7760496345402006,
    "test_f1_score": 0.5866666666666667,
    "test_specificity": 0.7987421383647799,
    "test_npv": 0.8089171974522293,
    "test_samples": 233,
    "test_positives": 74
}