{
    "train_loss": 0.5085676606750107,
    "dev_loss": 0.49784356454459344,
    "dev_auroc": 0.8063852405610233,
    "dev_accuracy": 0.7541436464088398,
    "dev_f1_score": 0.611353711790393,
    "test_accuracy": 0.7309941520467836,
    "test_precision": 0.5774647887323944,
    "test_recall": 0.39805825242718446,
    "test_auroc": 0.756103505707438,
    "test_f1_score": 0.47126436781609193,
    "test_specificity": 0.8744769874476988,
    "test_npv": 0.7712177121771218,
    "test_samples": 342,
    "test_positives": 103
}