{
    "train_loss": 0.27563706971513524,
    "dev_loss": 0.4470806979851737,
    "dev_auroc": 0.8505951898939186,
    "dev_accuracy": 0.8023598820058997,
    "dev_f1_score": 0.6598984771573604,
    "test_accuracy": 0.7891373801916933,
    "test_precision": 0.6716417910447762,
    "test_recall": 0.5056179775280899,
    "test_auroc": 0.8316111556982344,
    "test_f1_score": 0.5769230769230769,
    "test_specificity": 0.9017857142857143,
    "test_npv": 0.8211382113821138,
    "test_samples": 313,
    "test_positives": 89
}