{
    "train_loss": 0.392570764573824,
    "dev_loss": 0.4703458613819546,
    "dev_auroc": 0.8303985494612783,
    "dev_accuracy": 0.7611111111111111,
    "dev_f1_score": 0.5981308411214953,
    "test_accuracy": 0.7764705882352941,
    "test_precision": 0.6511627906976745,
    "test_recall": 0.5490196078431373,
    "test_auroc": 0.8338688416543087,
    "test_f1_score": 0.5957446808510638,
    "test_specificity": 0.8739495798319328,
    "test_npv": 0.8188976377952756,
    "test_samples": 340,
    "test_positives": 102
}