{
    "train_loss": 0.28400263012345156,
    "dev_loss": 0.4962753863308017,
    "dev_auroc": 0.8296257062146892,
    "dev_accuracy": 0.7737430167597765,
    "dev_f1_score": 0.6334841628959276,
    "test_accuracy": 0.7728613569321534,
    "test_precision": 0.6292134831460674,
    "test_recall": 0.56,
    "test_auroc": 0.7999163179916318,
    "test_f1_score": 0.5925925925925926,
    "test_specificity": 0.8619246861924686,
    "test_npv": 0.824,
    "test_samples": 339,
    "test_positives": 100
}