{
    "train_loss": 0.32546723371159175,
    "dev_loss": 0.5049380112398154,
    "dev_auroc": 0.809742757542974,
    "dev_accuracy": 0.7490774907749077,
    "dev_f1_score": 0.6633663366336634,
    "test_accuracy": 0.7459677419354839,
    "test_precision": 0.5888888888888889,
    "test_recall": 0.6708860759493671,
    "test_auroc": 0.7943974234139766,
    "test_f1_score": 0.6272189349112426,
    "test_specificity": 0.7810650887573964,
    "test_npv": 0.8354430379746836,
    "test_samples": 248,
    "test_positives": 79
}