{
    "train_loss": 0.38129003330604316,
    "dev_loss": 0.49018446440210683,
    "dev_auroc": 0.8243997007006325,
    "dev_accuracy": 0.7933884297520661,
    "dev_f1_score": 0.6696035242290749,
    "test_accuracy": 0.7921686746987951,
    "test_precision": 0.6559139784946236,
    "test_recall": 0.6224489795918368,
    "test_auroc": 0.8222571079713936,
    "test_f1_score": 0.6387434554973822,
    "test_specificity": 0.8632478632478633,
    "test_npv": 0.8451882845188284,
    "test_samples": 332,
    "test_positives": 98
}