{
    "train_loss": 0.5058847657454592,
    "dev_loss": 0.4859985590639694,
    "dev_auroc": 0.822536950036007,
    "dev_accuracy": 0.7707182320441989,
    "dev_f1_score": 0.6556016597510373,
    "test_accuracy": 0.7280701754385965,
    "test_precision": 0.5657894736842105,
    "test_recall": 0.4174757281553398,
    "test_auroc": 0.7653653978957631,
    "test_f1_score": 0.48044692737430167,
    "test_specificity": 0.8619246861924686,
    "test_npv": 0.7744360902255639,
    "test_samples": 342,
    "test_positives": 103
}