{
    "train_loss": 0.33463374481270197,
    "dev_loss": 0.4856405012747821,
    "dev_auroc": 0.837437245995697,
    "dev_accuracy": 0.7757352941176471,
    "dev_f1_score": 0.6934673366834171,
    "test_accuracy": 0.72265625,
    "test_precision": 0.5730337078651685,
    "test_recall": 0.6071428571428571,
    "test_auroc": 0.7848837209302325,
    "test_f1_score": 0.5895953757225434,
    "test_specificity": 0.7790697674418605,
    "test_npv": 0.8023952095808383,
    "test_samples": 256,
    "test_positives": 84
}