{
    "train_loss": 0.23483616327658316,
    "dev_loss": 0.48790547742948426,
    "dev_auroc": 0.854228267297457,
    "dev_accuracy": 0.8021978021978022,
    "dev_f1_score": 0.7272727272727273,
    "test_accuracy": 0.7176470588235294,
    "test_precision": 0.569620253164557,
    "test_recall": 0.5421686746987951,
    "test_auroc": 0.7941300084057158,
    "test_f1_score": 0.5555555555555556,
    "test_specificity": 0.8023255813953488,
    "test_npv": 0.7840909090909091,
    "test_samples": 255,
    "test_positives": 83
}