{
    "train_loss": 0.4150046507517497,
    "dev_loss": 0.5265563993840604,
    "dev_auroc": 0.7955698672911788,
    "dev_accuracy": 0.7513513513513513,
    "dev_f1_score": 0.6349206349206349,
    "test_accuracy": 0.7542857142857143,
    "test_precision": 0.6222222222222222,
    "test_recall": 0.5185185185185185,
    "test_auroc": 0.8232323232323233,
    "test_f1_score": 0.5656565656565656,
    "test_specificity": 0.859504132231405,
    "test_npv": 0.8,
    "test_samples": 350,
    "test_positives": 108
}