{
    "train_loss": 0.32981096605183136,
    "dev_loss": 0.5040315389633179,
    "dev_auroc": 0.8130687959831235,
    "dev_accuracy": 0.7805555555555556,
    "dev_f1_score": 0.6488888888888888,
    "test_accuracy": 0.7846607669616519,
    "test_precision": 0.6555555555555556,
    "test_recall": 0.5841584158415841,
    "test_auroc": 0.7906647807637907,
    "test_f1_score": 0.6178010471204188,
    "test_specificity": 0.8697478991596639,
    "test_npv": 0.8313253012048193,
    "test_samples": 339,
    "test_positives": 101
}