{
    "train_loss": 0.348626133044118,
    "dev_loss": 0.5002386762036217,
    "dev_auroc": 0.8135220893336588,
    "dev_accuracy": 0.775,
    "dev_f1_score": 0.6431718061674009,
    "test_accuracy": 0.7876106194690266,
    "test_precision": 0.6666666666666666,
    "test_recall": 0.5742574257425742,
    "test_auroc": 0.7955736750145603,
    "test_f1_score": 0.6170212765957447,
    "test_specificity": 0.8781512605042017,
    "test_npv": 0.8293650793650794,
    "test_samples": 339,
    "test_positives": 101
}