{
    "train_loss": 0.4556576043929694,
    "dev_loss": 0.5276229085148991,
    "dev_auroc": 0.7893572729638303,
    "dev_accuracy": 0.727027027027027,
    "dev_f1_score": 0.5976095617529881,
    "test_accuracy": 0.7314285714285714,
    "test_precision": 0.5729166666666666,
    "test_recall": 0.5092592592592593,
    "test_auroc": 0.8171870217324763,
    "test_f1_score": 0.5392156862745098,
    "test_specificity": 0.8305785123966942,
    "test_npv": 0.7913385826771654,
    "test_samples": 350,
    "test_positives": 108
}