{
    "train_loss": 0.35058180197810507,
    "dev_loss": 0.5055126746495565,
    "dev_auroc": 0.8074898008996129,
    "dev_accuracy": 0.7583333333333333,
    "dev_f1_score": 0.6133333333333333,
    "test_accuracy": 0.7935103244837758,
    "test_precision": 0.691358024691358,
    "test_recall": 0.5544554455445545,
    "test_auroc": 0.7978201181462684,
    "test_f1_score": 0.6153846153846154,
    "test_specificity": 0.8949579831932774,
    "test_npv": 0.8255813953488372,
    "test_samples": 339,
    "test_positives": 101
}