{
    "train_loss": 0.08751098730173142,
    "dev_loss": 0.433901846408844,
    "dev_auroc": 0.8743686868686869,
    "dev_accuracy": 0.7901234567901234,
    "dev_f1_score": 0.8210526315789474,
    "test_accuracy": 0.6931818181818182,
    "test_precision": 0.7096774193548387,
    "test_recall": 0.8301886792452831,
    "test_auroc": 0.7455525606469003,
    "test_f1_score": 0.7652173913043478,
    "test_specificity": 0.4857142857142857,
    "test_npv": 0.6538461538461539,
    "test_samples": 88,
    "test_positives": 53
}