{
    "train_loss": 0.45208516167205515,
    "dev_loss": 0.4871398155539678,
    "dev_auroc": 0.8456545257843491,
    "dev_accuracy": 0.7712177121771218,
    "dev_f1_score": 0.69,
    "test_accuracy": 0.72,
    "test_precision": 0.5568181818181818,
    "test_recall": 0.6125,
    "test_auroc": 0.7893382352941176,
    "test_f1_score": 0.5833333333333334,
    "test_specificity": 0.7705882352941177,
    "test_npv": 0.808641975308642,
    "test_samples": 250,
    "test_positives": 80
}