{
    "train_loss": 0.3587314791357273,
    "dev_loss": 0.5057682009304271,
    "dev_auroc": 0.8351661486971075,
    "dev_accuracy": 0.7463235294117647,
    "dev_f1_score": 0.6790697674418604,
    "test_accuracy": 0.71875,
    "test_precision": 0.56,
    "test_recall": 0.6666666666666666,
    "test_auroc": 0.7882751937984497,
    "test_f1_score": 0.6086956521739131,
    "test_specificity": 0.7441860465116279,
    "test_npv": 0.8205128205128205,
    "test_samples": 256,
    "test_positives": 84
}