{
    "train_loss": 0.47780678754437955,
    "dev_loss": 0.5297720379881806,
    "dev_auroc": 0.7788917490854897,
    "dev_accuracy": 0.7307692307692307,
    "dev_f1_score": 0.5625,
    "test_accuracy": 0.7272727272727273,
    "test_precision": 0.5569620253164557,
    "test_recall": 0.43137254901960786,
    "test_auroc": 0.7942407088358356,
    "test_f1_score": 0.4861878453038674,
    "test_specificity": 0.8535564853556485,
    "test_npv": 0.7786259541984732,
    "test_samples": 341,
    "test_positives": 102
}