{
    "train_loss": 0.3044793797503732,
    "dev_loss": 0.5242401071140247,
    "dev_auroc": 0.8400649116480347,
    "dev_accuracy": 0.7749077490774908,
    "dev_f1_score": 0.659217877094972,
    "test_accuracy": 0.7459677419354839,
    "test_precision": 0.6290322580645161,
    "test_recall": 0.4936708860759494,
    "test_auroc": 0.798629316156093,
    "test_f1_score": 0.5531914893617021,
    "test_specificity": 0.863905325443787,
    "test_npv": 0.7849462365591398,
    "test_samples": 248,
    "test_positives": 79
}