{
    "train_loss": 0.29235694335977813,
    "dev_loss": 0.49859838625964,
    "dev_auroc": 0.8365407602199378,
    "dev_accuracy": 0.7757352941176471,
    "dev_f1_score": 0.680628272251309,
    "test_accuracy": 0.7294117647058823,
    "test_precision": 0.5972222222222222,
    "test_recall": 0.5180722891566265,
    "test_auroc": 0.799873914261698,
    "test_f1_score": 0.5548387096774193,
    "test_specificity": 0.8313953488372093,
    "test_npv": 0.7814207650273224,
    "test_samples": 255,
    "test_positives": 83
}