{
    "train_loss": 0.31110029697103675,
    "dev_loss": 0.5136353413117328,
    "dev_auroc": 0.8253996874624354,
    "dev_accuracy": 0.7638376383763837,
    "dev_f1_score": 0.673469387755102,
    "test_accuracy": 0.7265625,
    "test_precision": 0.5945945945945946,
    "test_recall": 0.5238095238095238,
    "test_auroc": 0.8092469545957919,
    "test_f1_score": 0.5569620253164557,
    "test_specificity": 0.8255813953488372,
    "test_npv": 0.7802197802197802,
    "test_samples": 256,
    "test_positives": 84
}