{
    "train_loss": 0.24598109777108798,
    "dev_loss": 0.5025417392070477,
    "dev_auroc": 0.8503843879361326,
    "dev_accuracy": 0.7802197802197802,
    "dev_f1_score": 0.7087378640776699,
    "test_accuracy": 0.7058823529411765,
    "test_precision": 0.5487804878048781,
    "test_recall": 0.5421686746987951,
    "test_auroc": 0.7947604370972261,
    "test_f1_score": 0.5454545454545454,
    "test_specificity": 0.7848837209302325,
    "test_npv": 0.7803468208092486,
    "test_samples": 255,
    "test_positives": 83
}