{
    "train_loss": 0.41086045626564394,
    "dev_loss": 0.4875685502501095,
    "dev_auroc": 0.8347477886684198,
    "dev_accuracy": 0.7720588235294118,
    "dev_f1_score": 0.693069306930693,
    "test_accuracy": 0.70703125,
    "test_precision": 0.5494505494505495,
    "test_recall": 0.5952380952380952,
    "test_auroc": 0.7864756367663345,
    "test_f1_score": 0.5714285714285714,
    "test_specificity": 0.7616279069767442,
    "test_npv": 0.793939393939394,
    "test_samples": 256,
    "test_positives": 84
}