{
    "train_loss": 0.3321543032104529,
    "dev_loss": 0.5108804929300428,
    "dev_auroc": 0.8364587089794446,
    "dev_accuracy": 0.7343173431734318,
    "dev_f1_score": 0.6538461538461539,
    "test_accuracy": 0.712,
    "test_precision": 0.54,
    "test_recall": 0.675,
    "test_auroc": 0.779264705882353,
    "test_f1_score": 0.6,
    "test_specificity": 0.7294117647058823,
    "test_npv": 0.8266666666666667,
    "test_samples": 250,
    "test_positives": 80
}