{
    "train_loss": 0.31085126428302173,
    "dev_loss": 0.5179812243943724,
    "dev_auroc": 0.8224546219497536,
    "dev_accuracy": 0.7564575645756457,
    "dev_f1_score": 0.6451612903225806,
    "test_accuracy": 0.734375,
    "test_precision": 0.6142857142857143,
    "test_recall": 0.5119047619047619,
    "test_auroc": 0.8093853820598007,
    "test_f1_score": 0.5584415584415584,
    "test_specificity": 0.8430232558139535,
    "test_npv": 0.7795698924731183,
    "test_samples": 256,
    "test_positives": 84
}