{
    "train_loss": 0.25439720533110877,
    "dev_loss": 0.4921428314495436,
    "dev_auroc": 0.8474275576581903,
    "dev_accuracy": 0.7838827838827839,
    "dev_f1_score": 0.7093596059113301,
    "test_accuracy": 0.7294117647058823,
    "test_precision": 0.5853658536585366,
    "test_recall": 0.5783132530120482,
    "test_auroc": 0.7920285794340152,
    "test_f1_score": 0.5818181818181818,
    "test_specificity": 0.8023255813953488,
    "test_npv": 0.7976878612716763,
    "test_samples": 255,
    "test_positives": 83
}