{
    "train_loss": 0.181722179823315,
    "dev_loss": 0.47986910313614145,
    "dev_auroc": 0.8466770967961363,
    "dev_accuracy": 0.7851239669421488,
    "dev_f1_score": 0.675,
    "test_accuracy": 0.8012048192771084,
    "test_precision": 0.6818181818181818,
    "test_recall": 0.6122448979591837,
    "test_auroc": 0.8437118437118437,
    "test_f1_score": 0.6451612903225806,
    "test_specificity": 0.8803418803418803,
    "test_npv": 0.8442622950819673,
    "test_samples": 332,
    "test_positives": 98
}