{
    "train_loss": 0.2773252226402454,
    "dev_loss": 0.4961466578876271,
    "dev_auroc": 0.8413817834090366,
    "dev_accuracy": 0.7794117647058824,
    "dev_f1_score": 0.6875,
    "test_accuracy": 0.7333333333333333,
    "test_precision": 0.6056338028169014,
    "test_recall": 0.5180722891566265,
    "test_auroc": 0.8017652003362286,
    "test_f1_score": 0.5584415584415584,
    "test_specificity": 0.8372093023255814,
    "test_npv": 0.782608695652174,
    "test_samples": 255,
    "test_positives": 83
}