{
    "train_loss": 0.40857200972043134,
    "dev_loss": 0.5316989533193819,
    "dev_auroc": 0.7892561983471076,
    "dev_accuracy": 0.7307692307692307,
    "dev_f1_score": 0.6230769230769231,
    "test_accuracy": 0.7331378299120235,
    "test_precision": 0.5533980582524272,
    "test_recall": 0.5588235294117647,
    "test_auroc": 0.8035523832964148,
    "test_f1_score": 0.5560975609756098,
    "test_specificity": 0.8075313807531381,
    "test_npv": 0.8109243697478992,
    "test_samples": 341,
    "test_positives": 102
}