{
    "train_loss": 0.2529743030686938,
    "dev_loss": 0.49811156451482175,
    "dev_auroc": 0.8410866690708018,
    "dev_accuracy": 0.7712177121771218,
    "dev_f1_score": 0.6868686868686869,
    "test_accuracy": 0.73046875,
    "test_precision": 0.6027397260273972,
    "test_recall": 0.5238095238095238,
    "test_auroc": 0.8124307862679955,
    "test_f1_score": 0.5605095541401274,
    "test_specificity": 0.8313953488372093,
    "test_npv": 0.7814207650273224,
    "test_samples": 256,
    "test_positives": 84
}