{
    "train_loss": 0.258491626310728,
    "dev_loss": 0.49844258583779705,
    "dev_auroc": 0.8356172616901071,
    "dev_accuracy": 0.7712177121771218,
    "dev_f1_score": 0.6555555555555556,
    "test_accuracy": 0.7419354838709677,
    "test_precision": 0.6229508196721312,
    "test_recall": 0.4810126582278481,
    "test_auroc": 0.8022620028462288,
    "test_f1_score": 0.5428571428571428,
    "test_specificity": 0.863905325443787,
    "test_npv": 0.7807486631016043,
    "test_samples": 248,
    "test_positives": 79
}