{
    "train_loss": 0.3034343187129592,
    "dev_loss": 0.5116779870212738,
    "dev_auroc": 0.8242577232840486,
    "dev_accuracy": 0.7638376383763837,
    "dev_f1_score": 0.6631578947368421,
    "test_accuracy": 0.7265625,
    "test_precision": 0.5945945945945946,
    "test_recall": 0.5238095238095238,
    "test_auroc": 0.8101467331118494,
    "test_f1_score": 0.5569620253164557,
    "test_specificity": 0.8255813953488372,
    "test_npv": 0.7802197802197802,
    "test_samples": 256,
    "test_positives": 84
}