{
    "train_loss": 0.4667403232854899,
    "dev_loss": 0.4989998643569525,
    "dev_auroc": 0.8144096567333082,
    "dev_accuracy": 0.7458563535911602,
    "dev_f1_score": 0.6290322580645161,
    "test_accuracy": 0.7046783625730995,
    "test_precision": 0.5108695652173914,
    "test_recall": 0.4563106796116505,
    "test_auroc": 0.7542348783361091,
    "test_f1_score": 0.48205128205128206,
    "test_specificity": 0.8117154811715481,
    "test_npv": 0.776,
    "test_samples": 342,
    "test_positives": 103
}