{
    "train_loss": 0.282772941586206,
    "dev_loss": 0.5041848491219914,
    "dev_auroc": 0.8421587377480279,
    "dev_accuracy": 0.7867647058823529,
    "dev_f1_score": 0.6947368421052632,
    "test_accuracy": 0.7372549019607844,
    "test_precision": 0.6176470588235294,
    "test_recall": 0.5060240963855421,
    "test_auroc": 0.8019052956010086,
    "test_f1_score": 0.5562913907284768,
    "test_specificity": 0.8488372093023255,
    "test_npv": 0.7807486631016043,
    "test_samples": 255,
    "test_positives": 83
}