{
    "train_loss": 0.26903855083902717,
    "dev_loss": 0.44630383988045663,
    "dev_auroc": 0.8499878532674711,
    "dev_accuracy": 0.8023598820058997,
    "dev_f1_score": 0.6699507389162561,
    "test_accuracy": 0.792332268370607,
    "test_precision": 0.6621621621621622,
    "test_recall": 0.550561797752809,
    "test_auroc": 0.8288523274478331,
    "test_f1_score": 0.6012269938650306,
    "test_specificity": 0.8883928571428571,
    "test_npv": 0.8326359832635983,
    "test_samples": 313,
    "test_positives": 89
}