{
    "train_loss": 0.42282952480601044,
    "dev_loss": 0.5258358716964722,
    "dev_auroc": 0.8004411663334942,
    "dev_accuracy": 0.7380952380952381,
    "dev_f1_score": 0.648936170212766,
    "test_accuracy": 0.7296137339055794,
    "test_precision": 0.5846153846153846,
    "test_recall": 0.5135135135135135,
    "test_auroc": 0.7691653918069012,
    "test_f1_score": 0.5467625899280576,
    "test_specificity": 0.8301886792452831,
    "test_npv": 0.7857142857142857,
    "test_samples": 233,
    "test_positives": 74
}