{
    "train_loss": 0.3893285019478263,
    "dev_loss": 0.48028627213309794,
    "dev_auroc": 0.8403060004781258,
    "dev_accuracy": 0.7683823529411765,
    "dev_f1_score": 0.6865671641791045,
    "test_accuracy": 0.70703125,
    "test_precision": 0.5517241379310345,
    "test_recall": 0.5714285714285714,
    "test_auroc": 0.7965116279069767,
    "test_f1_score": 0.5614035087719298,
    "test_specificity": 0.7732558139534884,
    "test_npv": 0.7869822485207101,
    "test_samples": 256,
    "test_positives": 84
}