{
    "train_loss": 0.34675554974565226,
    "dev_loss": 0.5120719935181396,
    "dev_auroc": 0.8358576752013462,
    "dev_accuracy": 0.7343173431734318,
    "dev_f1_score": 0.6727272727272727,
    "test_accuracy": 0.692,
    "test_precision": 0.5135135135135135,
    "test_recall": 0.7125,
    "test_auroc": 0.7891911764705882,
    "test_f1_score": 0.5968586387434555,
    "test_specificity": 0.6823529411764706,
    "test_npv": 0.8345323741007195,
    "test_samples": 250,
    "test_positives": 80
}