{
    "train_loss": 0.4465459330239027,
    "dev_loss": 0.47002950657245723,
    "dev_auroc": 0.8306526806526807,
    "dev_accuracy": 0.7848837209302325,
    "dev_f1_score": 0.6574074074074074,
    "test_accuracy": 0.7707006369426752,
    "test_precision": 0.6153846153846154,
    "test_recall": 0.5333333333333333,
    "test_auroc": 0.8398313492063492,
    "test_f1_score": 0.5714285714285714,
    "test_specificity": 0.8660714285714286,
    "test_npv": 0.8220338983050848,
    "test_samples": 314,
    "test_positives": 90
}