{
    "train_loss": 0.28948746662837244,
    "dev_loss": 0.5011522272856033,
    "dev_auroc": 0.8348359177785791,
    "dev_accuracy": 0.7675276752767528,
    "dev_f1_score": 0.6701570680628273,
    "test_accuracy": 0.73828125,
    "test_precision": 0.6231884057971014,
    "test_recall": 0.5119047619047619,
    "test_auroc": 0.8047480620155039,
    "test_f1_score": 0.5620915032679739,
    "test_specificity": 0.8488372093023255,
    "test_npv": 0.7807486631016043,
    "test_samples": 256,
    "test_positives": 84
}