{
    "train_loss": 0.27516175661033127,
    "dev_loss": 0.4418161889444762,
    "dev_auroc": 0.8533889383755769,
    "dev_accuracy": 0.8023598820058997,
    "dev_f1_score": 0.6763285024154589,
    "test_accuracy": 0.792332268370607,
    "test_precision": 0.6621621621621622,
    "test_recall": 0.550561797752809,
    "test_auroc": 0.834470304975923,
    "test_f1_score": 0.6012269938650306,
    "test_specificity": 0.8883928571428571,
    "test_npv": 0.8326359832635983,
    "test_samples": 313,
    "test_positives": 89
}