{
    "train_loss": 0.5005959770409537,
    "dev_loss": 0.5243760039518167,
    "dev_auroc": 0.7780788511041864,
    "dev_accuracy": 0.7307692307692307,
    "dev_f1_score": 0.5420560747663551,
    "test_accuracy": 0.7419354838709677,
    "test_precision": 0.6060606060606061,
    "test_recall": 0.39215686274509803,
    "test_auroc": 0.7919845762572811,
    "test_f1_score": 0.47619047619047616,
    "test_specificity": 0.891213389121339,
    "test_npv": 0.7745454545454545,
    "test_samples": 341,
    "test_positives": 102
}