{
    "train_loss": 0.3016860190126085,
    "dev_loss": 0.49025479328533833,
    "dev_auroc": 0.8274267056662812,
    "dev_accuracy": 0.7658402203856749,
    "dev_f1_score": 0.6530612244897959,
    "test_accuracy": 0.7680722891566265,
    "test_precision": 0.6019417475728155,
    "test_recall": 0.6326530612244898,
    "test_auroc": 0.815803244374673,
    "test_f1_score": 0.6169154228855721,
    "test_specificity": 0.8247863247863247,
    "test_npv": 0.8427947598253275,
    "test_samples": 332,
    "test_positives": 98
}