{
    "train_loss": 0.38711586416342636,
    "dev_loss": 0.4729510267575582,
    "dev_auroc": 0.830503155619094,
    "dev_accuracy": 0.775,
    "dev_f1_score": 0.64,
    "test_accuracy": 0.7794117647058824,
    "test_precision": 0.6483516483516484,
    "test_recall": 0.5784313725490197,
    "test_auroc": 0.8353105948261658,
    "test_f1_score": 0.6113989637305699,
    "test_specificity": 0.865546218487395,
    "test_npv": 0.8273092369477911,
    "test_samples": 340,
    "test_positives": 102
}