{
    "train_loss": 0.42074676356139257,
    "dev_loss": 0.5284555554389954,
    "dev_auroc": 0.797752808988764,
    "dev_accuracy": 0.7420634920634921,
    "dev_f1_score": 0.656084656084656,
    "test_accuracy": 0.7339055793991416,
    "test_precision": 0.59375,
    "test_recall": 0.5135135135135135,
    "test_auroc": 0.7698453170151283,
    "test_f1_score": 0.5507246376811594,
    "test_specificity": 0.8364779874213837,
    "test_npv": 0.7869822485207101,
    "test_samples": 233,
    "test_positives": 74
}