{
    "train_loss": 0.38463141721478566,
    "dev_loss": 0.5317507982254028,
    "dev_auroc": 0.8000275728958434,
    "dev_accuracy": 0.75,
    "dev_f1_score": 0.676923076923077,
    "test_accuracy": 0.7424892703862661,
    "test_precision": 0.5972222222222222,
    "test_recall": 0.581081081081081,
    "test_auroc": 0.7785143634200238,
    "test_f1_score": 0.589041095890411,
    "test_specificity": 0.8176100628930818,
    "test_npv": 0.8074534161490683,
    "test_samples": 233,
    "test_positives": 74
}