{
    "train_loss": 0.34417891689709257,
    "dev_loss": 0.47533480973725906,
    "dev_auroc": 0.8269121207805157,
    "dev_accuracy": 0.7668539325842697,
    "dev_f1_score": 0.6375545851528385,
    "test_accuracy": 0.7774390243902439,
    "test_precision": 0.6309523809523809,
    "test_recall": 0.5578947368421052,
    "test_auroc": 0.8095775920487915,
    "test_f1_score": 0.5921787709497207,
    "test_specificity": 0.8669527896995708,
    "test_npv": 0.8278688524590164,
    "test_samples": 328,
    "test_positives": 95
}