{
    "train_loss": 0.357823008558987,
    "dev_loss": 0.5056405517790052,
    "dev_auroc": 0.8091286307053942,
    "dev_accuracy": 0.7555555555555555,
    "dev_f1_score": 0.6036036036036037,
    "test_accuracy": 0.7935103244837758,
    "test_precision": 0.6741573033707865,
    "test_recall": 0.594059405940594,
    "test_auroc": 0.7895831599966721,
    "test_f1_score": 0.631578947368421,
    "test_specificity": 0.8781512605042017,
    "test_npv": 0.836,
    "test_samples": 339,
    "test_positives": 101
}