{
    "train_loss": 0.22887068103424646,
    "dev_loss": 0.49173325060051437,
    "dev_auroc": 0.85204021289178,
    "dev_accuracy": 0.8095238095238095,
    "dev_f1_score": 0.7373737373737373,
    "test_accuracy": 0.7098039215686275,
    "test_precision": 0.5555555555555556,
    "test_recall": 0.5421686746987951,
    "test_auroc": 0.7932894368170355,
    "test_f1_score": 0.5487804878048781,
    "test_specificity": 0.7906976744186046,
    "test_npv": 0.7816091954022989,
    "test_samples": 255,
    "test_positives": 83
}