{
    "train_loss": 0.37386107502282745,
    "dev_loss": 0.4797273313297945,
    "dev_auroc": 0.8403657661965098,
    "dev_accuracy": 0.7794117647058824,
    "dev_f1_score": 0.6470588235294118,
    "test_accuracy": 0.71875,
    "test_precision": 0.5909090909090909,
    "test_recall": 0.4642857142857143,
    "test_auroc": 0.7941583610188261,
    "test_f1_score": 0.52,
    "test_specificity": 0.8430232558139535,
    "test_npv": 0.7631578947368421,
    "test_samples": 256,
    "test_positives": 84
}