{
    "train_loss": 0.2623059457077182,
    "dev_loss": 0.4968701147945165,
    "dev_auroc": 0.840245221781464,
    "dev_accuracy": 0.7822878228782287,
    "dev_f1_score": 0.6810810810810811,
    "test_accuracy": 0.73046875,
    "test_precision": 0.6153846153846154,
    "test_recall": 0.47619047619047616,
    "test_auroc": 0.8127076411960132,
    "test_f1_score": 0.5369127516778524,
    "test_specificity": 0.8546511627906976,
    "test_npv": 0.7696335078534031,
    "test_samples": 256,
    "test_positives": 84
}