name,id,seed,gamma,model,pooling,momentum,patience,drop_prob,num_views,optimizer,scheduler,step_size,task_name,batch_size,hidden_dim,num_epochs,view_index,enable_wandb,detailed_logs,learning_rate,use_scheduler,_runtime,_step,_timestamp,dev_accuracy,dev_auroc,dev_f1_score,dev_loss,test_accuracy,test_auroc,test_f1_score,test_npv,test_positives,test_precision,test_recall,test_samples,test_specificity,train_loss,_wandb.runtime
cerulean-sweep-1692,hyitdfng,20055,0.1,VideoPrism,mean,0.9,3,0.3779782225415847,4,AdamW,reduce,6,sustained_phonation_a,256,768,48,-1,True,False,0.003733389539205608,no,24,48,1770442422.7013116,0.7896678966789668,0.8483591777857916,0.7135678391959799,0.47816452526958225,0.724,0.8001102941176471,0.5818181818181818,0.806060606060606,80,0.5647058823529412,0.6,250,0.7823529411764706,0.2960021867248717,24
genial-sweep-2944,unccq4vi,37124,0.1,VideoPrism,mean,0.9,4,0.25975827372801535,4,AdamW,reduce,4,sustained_phonation_a,256,1024,195,-1,True,False,0.001729672113001041,no,80,195,1770544021.2838376,0.7638376383763837,0.8458949392955885,0.6767676767676768,0.500427235096583,0.712,0.7811029411764706,0.5662650602409639,0.7987804878048781,80,0.5465116279069767,0.5875,250,0.7705882352941177,0.3949125016723399,80
devoted-sweep-3305,0ows1f2w,22185,0.1,VideoPrism,mean,0.9,5,0.28958044132406147,4,AdamW,step,4,sustained_phonation_a,256,1024,183,-1,True,False,0.005158850157834503,no,63,183,1770574033.257519,0.7638376383763837,0.8448130784950113,0.6981132075471698,0.5020849058109016,0.74,0.8059558823529411,0.6486486486486487,0.8620689655172413,80,0.5714285714285714,0.75,250,0.7352941176470589,0.2353859163744631,63
azure-sweep-946,mrfnaft8,41052,0.1,VideoPrism,mean,0.9,3,0.3189605936204867,4,AdamW,reduce,6,sustained_phonation_a,256,1024,196,-1,True,False,0.0045044363664342845,no,73,196,1770382097.564215,0.7712177121771218,0.8445125616059622,0.693069306930693,0.47978920338338593,0.752,0.8015441176470588,0.6309523809523809,0.8333333333333334,80,0.6022727272727273,0.6625,250,0.7941176470588235,0.3877045998305387,73
twilight-sweep-283,f2gjzw39,5372,0.1,VideoPrism,mean,0.9,3,0.3565019476744141,4,AdamW,reduce,8,sustained_phonation_a,256,1024,134,-1,True,False,0.004596362799789305,no,57,134,1770326386.8554022,0.7638376383763837,0.8443923548503425,0.673469387755102,0.5018474666394871,0.74,0.7910294117647059,0.6153846153846154,0.8260869565217391,80,0.5842696629213483,0.65,250,0.7823529411764706,0.2187673840904344,57
mild-sweep-1225,mvy7qk6t,63476,0.1,VideoPrism,mean,0.9,3,0.34026417341409815,4,AdamW,step,7,sustained_phonation_a,256,1024,189,-1,True,False,0.0007041469565551521,no,67,189,1770404886.106388,0.7749077490774908,0.8438213727611492,0.6965174129353234,0.5011654632557803,0.728,0.7978676470588235,0.6091954022988506,0.8269230769230769,80,0.5638297872340425,0.6625,250,0.7588235294117647,0.34488058803977273,67
bumbling-sweep-1464,1u9qosk0,35631,0.1,VideoPrism,mean,0.9,4,0.2657891708863845,4,AdamW,reduce,9,sustained_phonation_a,256,768,146,-1,True,False,0.0014209807626259674,no,53,146,1770423961.6720138,0.7712177121771218,0.8433705974275755,0.696078431372549,0.4907070897602067,0.76,0.7999264705882351,0.6629213483146067,0.8618421052631579,80,0.6020408163265306,0.7375,250,0.7705882352941177,0.2983447529806858,53
playful-sweep-1667,2zex31g8,24147,0.1,VideoPrism,mean,0.9,4,0.43146079321734154,4,AdamW,reduce,10,sustained_phonation_a,256,768,161,-1,True,False,0.0012518595399537123,no,62,161,1770440420.853155,0.7712177121771218,0.8431902872941459,0.693069306930693,0.4857800127835291,0.744,0.8075,0.627906976744186,0.8354430379746836,80,0.5869565217391305,0.675,250,0.7764705882352941,0.3297725828971278,62
eternal-sweep-2600,shqb1kp1,30398,0.1,VideoPrism,mean,0.9,5,0.3133802119156158,4,AdamW,reduce,7,sustained_phonation_a,256,1024,127,-1,True,False,0.0016559213784818427,no,58,127,1770516298.7463768,0.7785977859778598,0.842078374804664,0.7029702970297029,0.5148617348107905,0.752,0.8011764705882353,0.6630434782608695,0.8698630136986302,80,0.5865384615384616,0.7625,250,0.7470588235294118,0.2388012299100603,58
stoic-sweep-2963,2ms6walj,17135,0.1,VideoPrism,mean,0.9,5,0.4124145062755285,4,AdamW,reduce,9,sustained_phonation_a,256,768,159,-1,True,False,0.0015114968294096369,no,53,159,1770545487.8925395,0.7638376383763837,0.8419281163601394,0.6831683168316832,0.4964801820881693,0.752,0.8025,0.6352941176470588,0.8375,80,0.6,0.675,250,0.788235294117647,0.358718249773465,53
dandy-sweep-1236,zdul45sb,6067,0.1,VideoPrism,mean,0.9,5,0.4952338102041052,4,AdamW,reduce,6,sustained_phonation_a,256,768,144,-1,True,False,0.0006375820969295712,yes,60,144,1770405801.891977,0.7527675276752768,0.8416275994710902,0.6824644549763034,0.5255705646043334,0.716,0.7911029411764706,0.6162162162162163,0.8413793103448276,80,0.5428571428571428,0.7125,250,0.7176470588235294,0.4324536786650421,60
neat-sweep-3255,by7hiyjl,39290,0.1,VideoPrism,mean,0.9,3,0.422945147959611,4,AdamW,reduce,6,sustained_phonation_a,256,512,194,-1,True,False,0.005445804426988371,no,72,194,1770569743.1453164,0.7749077490774908,0.8415674960932804,0.6903553299492385,0.48929835377584086,0.736,0.7897058823529411,0.6162790697674418,0.8291139240506329,80,0.5760869565217391,0.6625,250,0.7705882352941177,0.22668049202874624,72
skilled-sweep-3076,6jtq77g8,92862,0.1,VideoPrism,mean,0.9,4,0.31035745430195605,4,AdamW,reduce,9,sustained_phonation_a,256,768,160,-1,True,False,0.0006442001257935059,no,68,160,1770555139.747707,0.7785977859778598,0.8411768241375166,0.6907216494845361,0.5001990423431256,0.7,0.7875,0.5454545454545454,0.7878787878787878,80,0.5294117647058824,0.5625,250,0.7647058823529411,0.3992586558035635,68
vibrant-sweep-1924,qpcziwhg,84130,0.1,VideoPrism,mean,0.9,5,0.4426136333222802,4,AdamW,reduce,10,sustained_phonation_a,256,1024,180,-1,True,False,0.00019276224269655816,no,69,180,1770461251.8349116,0.7564575645756457,0.841026565692992,0.6826923076923077,0.5295688659502571,0.716,0.7922058823529411,0.6120218579234973,0.8367346938775511,80,0.5436893203883495,0.7,250,0.7235294117647059,0.4239136024243986,69
dark-sweep-4000,jzhmru7j,28752,0.1,VideoPrism,mean,0.9,5,0.40650382718231415,4,AdamW,step,6,sustained_phonation_a,256,1024,151,-1,True,False,0.00014762545272506582,no,57,151,1770630716.378385,0.7675276752767528,0.8409664623151822,0.7014218009478673,0.5706471664439268,0.704,0.7825735294117647,0.5934065934065934,0.8243243243243243,80,0.5294117647058824,0.675,250,0.7176470588235294,0.49620663348445826,57
giddy-sweep-1164,zbcjalzy,85303,0.1,VideoPrism,mean,0.9,4,0.42168748963731106,4,AdamW,step,10,sustained_phonation_a,256,1024,173,-1,True,False,0.00024047841630857143,no,53,173,1770399734.7866223,0.7638376383763837,0.8409063589373723,0.6862745098039216,0.5326237337615657,0.732,0.7846323529411764,0.6338797814207651,0.8503401360544217,80,0.5631067961165048,0.725,250,0.7352941176470589,0.42257718449283,53
vague-sweep-2498,h929a5z5,67126,0.1,VideoPrism,mean,0.9,5,0.21441937370323913,4,AdamW,reduce,8,sustained_phonation_a,256,1024,171,-1,True,False,0.0037297510076099182,no,67,171,1770508021.7144294,0.7896678966789668,0.8408462555595625,0.7135678391959799,0.47439146789677467,0.74,0.803014705882353,0.6153846153846154,0.8260869565217391,80,0.5842696629213483,0.65,250,0.7823529411764706,0.2943442673607392,67
floral-sweep-3274,d6xe502l,92383,0.1,VideoPrism,mean,0.9,5,0.2028514609442779,4,AdamW,reduce,8,sustained_phonation_a,256,512,129,-1,True,False,0.003499869302189207,no,43,129,1770571331.306992,0.7453874538745388,0.8407861521817527,0.684931506849315,0.5190780206799948,0.736,0.8103676470588236,0.6526315789473685,0.8714285714285714,80,0.5636363636363636,0.775,250,0.7176470588235294,0.34806119637916905,43
vital-sweep-137,b92ygeat,18949,0.1,VideoPrism,mean,0.9,4,0.49685347094989185,4,AdamW,reduce,9,sustained_phonation_a,256,1024,137,-1,True,False,0.00019872991861416027,no,55,137,1770312914.6293097,0.7564575645756457,0.8407861521817526,0.6857142857142857,0.5218658354889423,0.712,0.7846323529411765,0.6,0.8266666666666667,80,0.54,0.675,250,0.7294117647058823,0.4201287512205516,55
restful-sweep-2674,otdqpel2,39917,0.1,VideoPrism,mean,0.9,4,0.21415936740907604,4,AdamW,reduce,7,sustained_phonation_a,256,768,112,-1,True,False,0.0008247273930036735,no,42,112,1770522309.5455785,0.7712177121771218,0.8407861521817526,0.6868686868686869,0.4861203218738091,0.768,0.8071323529411765,0.6627906976744186,0.8544303797468354,80,0.6195652173913043,0.7125,250,0.7941176470588235,0.2872035053138971,42
stoic-sweep-104,9452kbkq,55741,0.1,VideoPrism,mean,0.9,4,0.1060749958632462,4,AdamW,reduce,10,sustained_phonation_a,256,768,183,-1,True,False,0.0025511183493914912,no,77,183,1770310187.5282297,0.7785977859778598,0.8406659454261329,0.7029702970297029,0.4925269708862164,0.732,0.7991911764705882,0.6081871345029239,0.8238993710691824,80,0.5714285714285714,0.65,250,0.7705882352941177,0.3798255758374828,77
curious-sweep-1758,j336xb7b,10902,0.1,VideoPrism,mean,0.9,5,0.360915733961839,4,AdamW,reduce,9,sustained_phonation_a,256,768,54,-1,True,False,0.0018847720046445092,no,23,54,1770447834.7107232,0.7638376383763837,0.8404856352927035,0.6862745098039216,0.4935180905560286,0.744,0.8020220588235294,0.6404494382022472,0.8486842105263158,80,0.5816326530612245,0.7125,250,0.7588235294117647,0.30172755103241167,23
curious-sweep-2158,o0fjhnga,35626,0.1,VideoPrism,mean,0.9,4,0.4982920241141543,4,AdamW,reduce,8,sustained_phonation_a,256,1024,152,-1,True,False,0.0014918442548570018,no,67,152,1770480381.90668,0.7749077490774908,0.8403654285370837,0.6871794871794872,0.482137944425604,0.756,0.8045588235294118,0.6432748538011696,0.8427672955974843,80,0.6043956043956044,0.6875,250,0.788235294117647,0.30698030114715136,67
easy-sweep-3878,ztxh2ib7,61276,0.1,VideoPrism,mean,0.9,3,0.2854812433149908,4,AdamW,reduce,6,sustained_phonation_a,256,1024,130,-1,True,False,0.0028381721003258383,no,58,130,1770621039.5581515,0.7675276752767528,0.8403053251592741,0.6956521739130435,0.511318800194237,0.748,0.8102941176470589,0.6594594594594595,0.8689655172413793,80,0.580952380952381,0.7625,250,0.7411764705882353,0.26576419660100603,58
skilled-sweep-3127,0l0635e1,36928,0.1,VideoPrism,mean,0.9,5,0.33185455705409744,4,AdamW,reduce,9,sustained_phonation_a,256,1024,118,-1,True,False,0.00015733530477949213,no,55,118,1770559427.267381,0.7638376383763837,0.8401851184036542,0.6981132075471698,0.5652725120312173,0.696,0.7844117647058824,0.5777777777777777,0.8133333333333334,80,0.52,0.65,250,0.7176470588235294,0.5007543345314961,55
summer-sweep-2601,pxb4ursh,73690,0.1,VideoPrism,mean,0.9,3,0.4423333916848985,4,AdamW,reduce,8,sustained_phonation_a,256,1024,167,-1,True,False,0.001170656909345369,no,59,167,1770516366.3031764,0.7712177121771218,0.8398545498257002,0.6868686868686869,0.4916758941988223,0.748,0.7998529411764705,0.631578947368421,0.8364779874213837,80,0.5934065934065934,0.675,250,0.7823529411764706,0.3513359517772406,59
glamorous-sweep-1056,onij3w54,70810,0.1,VideoPrism,mean,0.9,3,0.2625506797438935,4,AdamW,reduce,9,sustained_phonation_a,256,1024,126,-1,True,False,0.0007615801897653512,no,53,126,1770390968.2998545,0.7638376383763837,0.8398244981367952,0.6893203883495146,0.4989321709119086,0.748,0.8038970588235294,0.6440677966101694,0.8496732026143791,80,0.5876288659793815,0.7125,250,0.7647058823529411,0.3098953271899943,53
comic-sweep-2732,xahfcwtb,48495,0.1,VideoPrism,mean,0.9,4,0.3812556109026236,4,AdamW,reduce,7,sustained_phonation_a,256,768,169,-1,True,False,0.004250259813275993,no,51,169,1770527072.4474232,0.7638376383763837,0.8396441880033658,0.68,0.4964433063880104,0.72,0.7938235294117646,0.5930232558139535,0.8164556962025317,80,0.5543478260869565,0.6375,250,0.7588235294117647,0.3282461346684195,51
winter-sweep-2162,dp9ylaea,84190,0.1,VideoPrism,mean,0.9,5,0.4259632190489009,4,AdamW,reduce,10,sustained_phonation_a,256,1024,190,-1,True,False,0.00036745660399579457,no,75,190,1770480757.219911,0.7638376383763837,0.8394638778699364,0.6862745098039216,0.5175767129637658,0.736,0.8007352941176471,0.6292134831460674,0.8421052631578947,80,0.5714285714285714,0.7,250,0.7529411764705882,0.3701731385356587,75
playful-sweep-1529,62s0w83a,41775,0.1,VideoPrism,mean,0.9,4,0.3990855493314304,4,AdamW,reduce,6,sustained_phonation_a,256,1024,176,-1,True,False,0.0004342622047526947,no,71,176,1770429297.0120356,0.7712177121771218,0.8394037744921266,0.6990291262135923,0.5044236178767637,0.716,0.794264705882353,0.5942857142857143,0.8193548387096774,80,0.5473684210526316,0.65,250,0.7470588235294118,0.3937545854780109,71
leafy-sweep-3348,unn7tiqr,99839,0.1,VideoPrism,mean,0.9,5,0.40410343634144585,4,AdamW,reduce,5,sustained_phonation_a,256,1024,179,-1,True,False,0.00010073486078527235,no,69,179,1770577556.620853,0.7453874538745388,0.8394037744921266,0.676056338028169,0.5221958591489334,0.736,0.7958823529411765,0.6333333333333333,0.8466666666666667,80,0.57,0.7125,250,0.7470588235294118,0.44611501531351977,69
dashing-sweep-303,rev1ya2c,25559,0.1,VideoPrism,mean,0.9,3,0.4172950300194058,4,AdamW,reduce,9,sustained_phonation_a,256,768,188,-1,True,False,0.00027682916302991203,no,82,188,1770328226.2170622,0.7527675276752768,0.8393436711143166,0.6824644549763034,0.5264977117746079,0.716,0.7930147058823529,0.6162162162162163,0.8413793103448276,80,0.5428571428571428,0.7125,250,0.7176470588235294,0.395793368712186,82
effortless-sweep-995,3e71fmnv,75339,0.1,VideoPrism,mean,0.9,3,0.2745855530975575,4,AdamW,step,8,sustained_phonation_a,256,1024,178,-1,True,False,0.00016620116460409044,no,65,178,1770386074.1302612,0.7601476014760148,0.8392535160476018,0.6859903381642513,0.5233889741211359,0.704,0.7898529411764706,0.5934065934065934,0.8243243243243243,80,0.5294117647058824,0.675,250,0.7176470588235294,0.4224417819541104,65
happy-sweep-2034,hapg8sf3,29971,0.1,VideoPrism,mean,0.9,3,0.31079996524277587,4,AdamW,reduce,9,sustained_phonation_a,256,1024,104,-1,True,False,0.000531100490153073,no,34,104,1770470219.5079803,0.7527675276752768,0.8391032576030772,0.6854460093896714,0.5470735173383762,0.696,0.7846323529411764,0.5957446808510638,0.8309859154929577,80,0.5185185185185185,0.7,250,0.6941176470588235,0.3938038025419233,34
eternal-sweep-1503,up4js8g4,30955,0.1,VideoPrism,mean,0.9,4,0.3929042678894972,4,AdamW,reduce,8,sustained_phonation_a,256,768,150,-1,True,False,0.000665657774347972,no,64,150,1770427079.0087037,0.7490774907749077,0.8389830508474576,0.6699029126213593,0.48793425089318815,0.756,0.8010661764705883,0.659217877094972,0.8609271523178808,80,0.5959595959595959,0.7375,250,0.7647058823529411,0.30657751974940434,64
upbeat-sweep-1338,pjp63dnn,71124,0.1,VideoPrism,mean,0.9,3,0.29368869526937547,4,AdamW,reduce,10,sustained_phonation_a,256,768,134,-1,True,False,0.005406709049924139,no,54,134,1770413905.5552733,0.7675276752767528,0.8389529991585527,0.6896551724137931,0.49564711436134423,0.74,0.7972794117647058,0.6408839779005525,0.8523489932885906,80,0.5742574257425742,0.725,250,0.7470588235294118,0.35968327650823606,54
dazzling-sweep-1626,32m0bt4m,63769,0.1,VideoPrism,mean,0.9,4,0.10209600274765944,4,AdamW,reduce,10,sustained_phonation_a,256,768,162,-1,True,False,0.001559357560004235,no,63,162,1770437092.4874616,0.7675276752767528,0.8389229474696478,0.6956521739130435,0.4976962982948416,0.768,0.8043382352941176,0.6704545454545454,0.8636363636363636,80,0.6145833333333334,0.7375,250,0.7823529411764706,0.33680919743017224,63
wild-sweep-914,8i0n079k,52051,0.1,VideoPrism,mean,0.9,3,0.3440148784398518,4,AdamW,reduce,5,sustained_phonation_a,256,768,152,-1,True,False,0.0003062134464846176,no,40,152,1770379550.0303023,0.7564575645756457,0.8388628440918381,0.6857142857142857,0.5270917296849493,0.716,0.7988970588235296,0.6033519553072626,0.8278145695364238,80,0.5454545454545454,0.675,250,0.7352941176470589,0.4178577243063966,40
northern-sweep-2548,hdydj58u,61389,0.1,VideoPrism,mean,0.9,5,0.3387236960414033,4,AdamW,reduce,10,sustained_phonation_a,256,1024,62,-1,True,False,0.0007124000315382425,no,28,62,1770512058.8939943,0.7638376383763837,0.838862844091838,0.6952380952380952,0.5162089873943821,0.732,0.7908088235294118,0.6256983240223464,0.8410596026490066,80,0.5656565656565656,0.7,250,0.7470588235294118,0.39281610462911826,28
autumn-sweep-1904,ivlqfq82,73556,0.1,VideoPrism,mean,0.9,4,0.4582715413197728,4,AdamW,reduce,5,sustained_phonation_a,256,1024,192,-1,True,False,0.0005899917559156348,no,80,192,1770459681.0433807,0.7601476014760148,0.8388027407140282,0.6829268292682927,0.4964427904009379,0.74,0.7983088235294118,0.6285714285714286,0.8387096774193549,80,0.5789473684210527,0.6875,250,0.7647058823529411,0.3324064740257826,80
zany-sweep-465,jv6i30tk,33982,0.1,VideoPrism,mean,0.9,4,0.24536820923839223,4,AdamW,reduce,8,sustained_phonation_a,256,512,136,-1,True,False,0.0003156523458684174,no,54,136,1770343138.6080742,0.7638376383763837,0.8387426373362183,0.6893203883495146,0.5307247970816834,0.708,0.7807352941176471,0.5921787709497207,0.8211920529801324,80,0.5353535353535354,0.6625,250,0.7294117647058823,0.42682740291861754,54
comfy-sweep-2880,9fmlzl0u,75345,0.1,VideoPrism,mean,0.9,5,0.2650643157648592,4,AdamW,reduce,5,sustained_phonation_a,256,1024,120,-1,True,False,0.00028365278218154893,no,43,120,1770539000.5702145,0.7638376383763837,0.8387426373362183,0.6923076923076923,0.54821419166023,0.7,0.7830882352941176,0.5810055865921788,0.8145695364238411,80,0.5252525252525253,0.65,250,0.7235294117647059,0.4593565262067602,43
iconic-sweep-2385,lgdql7ov,26168,0.1,VideoPrism,mean,0.9,5,0.3380635325900768,4,AdamW,step,7,sustained_phonation_a,256,768,196,-1,True,False,0.00011586762436066146,no,80,196,1770498867.638607,0.7527675276752768,0.8386825339584085,0.6824644549763034,0.5493026274596633,0.712,0.7831617647058824,0.6129032258064516,0.8402777777777778,80,0.5377358490566038,0.7125,250,0.711764705882353,0.4534387282359073,80
efficient-sweep-3119,6k1cumcn,77754,0.1,VideoPrism,mean,0.9,4,0.3147299694946456,4,AdamW,reduce,8,sustained_phonation_a,256,768,183,-1,True,False,0.005636242209177397,no,73,183,1770558841.950639,0.7933579335793358,0.8386224305805987,0.72,0.4929156314402929,0.72,0.7849999999999999,0.5882352941176471,0.8125,80,0.5555555555555556,0.625,250,0.7647058823529411,0.3229511285139402,73
spring-sweep-1613,jd4m7yen,79002,0.1,VideoPrism,mean,0.9,4,0.2928451161469767,4,AdamW,reduce,9,sustained_phonation_a,256,1024,158,-1,True,False,0.00013020142445052704,no,51,158,1770436001.1417675,0.7638376383763837,0.8386224305805986,0.6952380952380952,0.564497311176849,0.716,0.7874264705882353,0.6033519553072626,0.8278145695364238,80,0.5454545454545454,0.675,250,0.7352941176470589,0.502964931706159,51
woven-sweep-1256,hdwymjhp,45729,0.1,VideoPrism,mean,0.9,5,0.1351355728890792,4,AdamW,reduce,6,sustained_phonation_a,256,1024,147,-1,True,False,0.00018447062574892764,no,58,147,1770407246.6455886,0.7564575645756457,0.8386224305805986,0.6826923076923077,0.526125857091038,0.716,0.7875735294117647,0.6077348066298343,0.8322147651006712,80,0.5445544554455446,0.6875,250,0.7294117647058823,0.4430826905434032,58
lemon-sweep-1030,dk8dg8hd,35596,0.1,VideoPrism,mean,0.9,3,0.35949646568003346,4,AdamW,step,5,sustained_phonation_a,256,768,141,-1,True,False,0.0029767416460962674,no,51,141,1770389012.6275015,0.7822878228782287,0.8386224305805986,0.7035175879396985,0.4901544238368524,0.732,0.7993014705882353,0.6127167630057804,0.8280254777070064,80,0.5698924731182796,0.6625,250,0.7647058823529411,0.29511225538140123,51
faithful-sweep-620,euwwh094,55008,0.1,VideoPrism,mean,0.9,3,0.4250213968433048,4,AdamW,reduce,5,sustained_phonation_a,256,1024,170,-1,True,False,0.000917161257888903,no,55,170,1770356086.1956158,0.7712177121771218,0.8385923788916937,0.6836734693877551,0.5085721548193055,0.716,0.7855514705882353,0.6033519553072626,0.8278145695364238,80,0.5454545454545454,0.675,250,0.7352941176470589,0.2948380204659721,55
celestial-sweep-1102,85f4jm33,66298,0.1,VideoPrism,mean,0.9,4,0.314467055464558,4,AdamW,step,9,sustained_phonation_a,256,1024,69,-1,True,False,0.0005489263831900183,no,19,69,1770394623.8281305,0.7638376383763837,0.8385022238249791,0.68,0.5346647001720443,0.696,0.779485294117647,0.5529411764705883,0.79375,80,0.5222222222222223,0.5875,250,0.7470588235294118,0.4326475240315536,19
cosmic-sweep-2144,egz5wzqf,14261,0.1,VideoPrism,mean,0.9,4,0.498906805444067,4,AdamW,reduce,7,sustained_phonation_a,256,768,96,-1,True,False,0.00111550637671049,no,47,96,1770479329.0110364,0.7712177121771218,0.838502223824979,0.693069306930693,0.4961775778844348,0.732,0.8038235294117647,0.6298342541436464,0.8456375838926175,80,0.5643564356435643,0.7125,250,0.7411764705882353,0.3446439948106326,47
absurd-sweep-1320,qha5iqlo,37674,0.1,VideoPrism,mean,0.9,3,0.24236301899479917,4,AdamW,reduce,5,sustained_phonation_a,256,768,133,-1,True,False,0.00017871309768157447,no,56,133,1770412315.581948,0.7306273062730627,0.8384421204471693,0.6572769953051644,0.5423380571977678,0.7,0.7968382352941177,0.5945945945945946,0.8275862068965517,80,0.5238095238095238,0.6875,250,0.7058823529411765,0.47688607660108473,56
clear-sweep-1627,vls3tl66,66833,0.1,VideoPrism,mean,0.9,3,0.32736122785526145,4,AdamW,reduce,4,sustained_phonation_a,256,768,132,-1,True,False,0.006401602020396488,no,53,132,1770437155.1198802,0.7638376383763837,0.8384421204471691,0.6595744680851063,0.4826486055701421,0.724,0.7971323529411765,0.5868263473053892,0.8098159509202454,80,0.5632183908045977,0.6125,250,0.7764705882352941,0.3468829154900606,53
peach-sweep-1698,qeizucas,75889,0.1,VideoPrism,mean,0.9,4,0.24686027627676996,4,AdamW,reduce,10,sustained_phonation_a,256,1024,84,-1,True,False,0.0003354314719934885,no,40,84,1770442863.4936795,0.7675276752767528,0.8384120687582641,0.6985645933014354,0.5645003276997387,0.7,0.7883823529411764,0.5810055865921788,0.8145695364238411,80,0.5252525252525253,0.65,250,0.7235294117647059,0.49773693521095863,40
playful-sweep-838,1z2t0tuu,53460,0.1,VideoPrism,mean,0.9,3,0.21197490324358703,4,AdamW,step,9,sustained_phonation_a,256,768,108,-1,True,False,0.00042369387385400326,no,42,108,1770373435.3691485,0.7675276752767528,0.8382317586248347,0.6926829268292682,0.5364865676063453,0.716,0.79,0.6033519553072626,0.8278145695364238,80,0.5454545454545454,0.675,250,0.7352941176470589,0.4439571986268787,42
sage-sweep-1328,50vnldmv,39172,0.1,VideoPrism,mean,0.9,4,0.4891070331955101,4,AdamW,step,8,sustained_phonation_a,256,768,150,-1,True,False,0.0027109069897883063,no,61,150,1770413047.5052934,0.7638376383763837,0.8382017069359298,0.68,0.49509247246703536,0.736,0.79125,0.6206896551724138,0.8333333333333334,80,0.574468085106383,0.675,250,0.7647058823529411,0.2990870244724932,61
jolly-sweep-2728,mu3goye4,60114,0.1,VideoPrism,mean,0.9,5,0.41561592073564224,4,AdamW,reduce,9,sustained_phonation_a,256,1024,151,-1,True,False,0.00012106077162886562,no,69,151,1770526756.6570356,0.7564575645756457,0.8382017069359298,0.6915887850467289,0.5630258939802867,0.704,0.7822058823529411,0.5978260869565217,0.8287671232876712,80,0.5288461538461539,0.6875,250,0.711764705882353,0.498573944699886,69
rich-sweep-532,sfz7kpfy,9294,0.1,VideoPrism,mean,0.9,4,0.4445173044637986,4,AdamW,reduce,9,sustained_phonation_a,256,768,168,-1,True,False,0.00041317848845815505,no,71,168,1770348789.8461378,0.7601476014760148,0.8381416035581201,0.6733668341708543,0.5077614859021458,0.752,0.7955147058823528,0.6436781609195402,0.8461538461538461,80,0.5957446808510638,0.7,250,0.7764705882352941,0.3658356821834703,71
driven-sweep-3080,ohiiavee,11642,0.1,VideoPrism,mean,0.9,4,0.4627114658172635,4,AdamW,reduce,7,sustained_phonation_a,256,1024,187,-1,True,False,0.00021910602497109935,no,71,187,1770555456.262111,0.7601476014760148,0.83814160355812,0.6829268292682927,0.5316977243581821,0.7,0.7810294117647059,0.5810055865921788,0.8145695364238411,80,0.5252525252525253,0.65,250,0.7235294117647059,0.4091234498410977,71
amber-sweep-2761,331qu5if,24868,0.1,VideoPrism,mean,0.9,3,0.15062823554632354,4,AdamW,reduce,6,sustained_phonation_a,256,1024,154,-1,True,False,0.0008859933829165588,no,47,154,1770529254.074204,0.7822878228782287,0.8380815001803102,0.7093596059113301,0.4868962753742823,0.756,0.8134558823529412,0.655367231638418,0.8562091503267973,80,0.5979381443298969,0.725,250,0.7705882352941177,0.29981188186857677,47
misty-sweep-3071,ppc2il6s,41646,0.1,VideoPrism,mean,0.9,4,0.2605981528811894,4,AdamW,reduce,9,sustained_phonation_a,256,1024,149,-1,True,False,0.0012259731967417871,no,33,149,1770554737.2513585,0.7638376383763837,0.8380213968025003,0.6831683168316832,0.4937273499270647,0.748,0.8161764705882353,0.6358381502890174,0.8407643312101911,80,0.5913978494623656,0.6875,250,0.7764705882352941,0.34585382604166004,33
copper-sweep-4020,ssclteyh,69712,0.1,VideoPrism,mean,0.9,4,0.1159418137974304,4,AdamW,reduce,7,sustained_phonation_a,256,768,119,-1,True,False,0.002278669193811468,no,53,119,1770632470.26152,0.7601476014760148,0.8380213968025003,0.6733668341708543,0.5054382055008103,0.736,0.79875,0.611764705882353,0.825,80,0.5777777777777777,0.65,250,0.7764705882352941,0.3193675471082854,53
stellar-sweep-477,hl95cgi7,31216,0.1,VideoPrism,mean,0.9,3,0.36347221962424225,4,AdamW,reduce,9,sustained_phonation_a,256,256,83,-1,True,False,0.0008612674207385148,no,37,83,1770344184.361509,0.7712177121771218,0.8379612934246905,0.6868686868686869,0.4979349689290093,0.716,0.7967647058823529,0.5988700564971752,0.8235294117647058,80,0.5463917525773195,0.6625,250,0.7411764705882353,0.37757185608926613,37
dashing-sweep-3239,abkuhv4t,17400,0.1,VideoPrism,mean,0.9,4,0.16576295338992686,4,AdamW,reduce,10,sustained_phonation_a,256,768,117,-1,True,False,0.0010954163133875144,no,43,117,1770568448.7977562,0.7785977859778598,0.8379312417357856,0.696969696969697,0.4970746939912493,0.724,0.7999264705882352,0.6057142857142858,0.8258064516129032,80,0.5578947368421052,0.6625,250,0.7529411764705882,0.32798490959994503,43
vital-sweep-1939,hr7yh7mv,92332,0.1,VideoPrism,mean,0.9,5,0.27082971141665246,4,AdamW,reduce,10,sustained_phonation_a,256,1024,132,-1,True,False,0.00014948724836329191,no,55,132,1770462545.0846937,0.7638376383763837,0.8379011900468806,0.6981132075471698,0.5543301039516266,0.708,0.7866176470588235,0.5921787709497207,0.8211920529801324,80,0.5353535353535354,0.6625,250,0.7294117647058823,0.49514041379280177,55
colorful-sweep-1971,pskn34yc,59514,0.1,VideoPrism,mean,0.9,4,0.4834049831126477,4,AdamW,reduce,7,sustained_phonation_a,256,768,142,-1,True,False,0.0005782958664748441,no,58,142,1770465099.8929513,0.7712177121771218,0.8378711383579758,0.693069306930693,0.49281188834637296,0.76,0.8061029411764706,0.6629213483146067,0.8618421052631579,80,0.6020408163265306,0.7375,250,0.7705882352941177,0.2960424034535952,58
revived-sweep-766,548clkkf,7807,0.1,VideoPrism,mean,0.9,5,0.36817333537079133,4,AdamW,reduce,5,sustained_phonation_a,256,1024,141,-1,True,False,0.0003314554997326558,no,58,141,1770367754.1087692,0.7712177121771218,0.8378410866690709,0.6868686868686869,0.5207003377020579,0.704,0.7819852941176471,0.5795454545454546,0.8116883116883117,80,0.53125,0.6375,250,0.7352941176470589,0.401353945627927,58
proud-sweep-748,w0d6jyts,66819,0.1,VideoPrism,mean,0.9,5,0.4253075734274274,4,AdamW,reduce,9,sustained_phonation_a,256,1024,176,-1,True,False,0.0001131309254557094,no,67,176,1770366314.3140135,0.7416974169741697,0.8378410866690709,0.6788990825688074,0.582835165996833,0.712,0.7809558823529411,0.6170212765957447,0.8450704225352113,80,0.5370370370370371,0.725,250,0.7058823529411765,0.48618565315420864,67
proud-sweep-2259,i8lh2nfx,99114,0.1,VideoPrism,mean,0.9,5,0.3059812615918489,4,AdamW,reduce,10,sustained_phonation_a,256,1024,91,-1,True,False,0.00030537225627152797,no,29,91,1770488760.2769444,0.7453874538745388,0.8378410866690708,0.6698564593301436,0.5161468690171893,0.732,0.7947794117647059,0.6256983240223464,0.8410596026490066,80,0.5656565656565656,0.7,250,0.7470588235294118,0.4379848576701594,29
swept-sweep-683,vk4925r9,62817,0.1,VideoPrism,mean,0.9,3,0.34452338066215554,4,AdamW,reduce,9,sustained_phonation_a,256,1024,83,-1,True,False,0.00246524802141634,no,44,83,1770361067.445024,0.7564575645756457,0.837780983291261,0.65625,0.4937763062350424,0.74,0.7983823529411764,0.6107784431137725,0.8220858895705522,80,0.5862068965517241,0.6375,250,0.788235294117647,0.329116720279148,44
flowing-sweep-1820,pb7v6nl7,11090,0.1,VideoPrism,mean,0.9,4,0.34289954437718656,4,AdamW,reduce,10,sustained_phonation_a,256,1024,188,-1,True,False,0.0007600057882763419,no,74,188,1770452673.661066,0.7749077490774908,0.8377809832912609,0.6839378238341969,0.5065947410365312,0.736,0.7959558823529411,0.5925925925925926,0.8095238095238095,80,0.5853658536585366,0.6,250,0.8,0.39871336690548737,74
driven-sweep-732,ozfb9f7l,8110,0.1,VideoPrism,mean,0.9,4,0.3898637997771919,4,AdamW,reduce,4,sustained_phonation_a,256,256,187,-1,True,False,0.00045422197067657144,no,74,187,1770364986.9750316,0.7564575645756457,0.8377509316023559,0.6857142857142857,0.5308991248317311,0.712,0.779264705882353,0.6210526315789474,0.85,80,0.5363636363636364,0.7375,250,0.7,0.3624732067446974,74
effortless-sweep-2029,mqb9c89a,56380,0.1,VideoPrism,mean,0.9,5,0.4829492780966856,4,AdamW,reduce,5,sustained_phonation_a,256,768,134,-1,True,False,0.00021196972873259096,no,44,134,1770469861.3345678,0.7675276752767528,0.8377208799134512,0.7014218009478673,0.5708351594935483,0.712,0.7888235294117647,0.5955056179775281,0.8223684210526315,80,0.5408163265306123,0.6625,250,0.7352941176470589,0.5054391245362978,44
divine-sweep-2246,wd495vfq,63332,0.1,VideoPrism,mean,0.9,3,0.28724705467734757,4,AdamW,reduce,6,sustained_phonation_a,256,256,164,-1,True,False,0.00038496480617046183,no,68,164,1770487648.1394544,0.7712177121771218,0.8377208799134511,0.7019230769230769,0.5147683338925407,0.728,0.8041176470588234,0.6263736263736264,0.8445945945945946,80,0.5588235294117647,0.7125,250,0.7352941176470589,0.3800944816173138,68
prime-sweep-124,n56kj70t,82032,0.1,VideoPrism,mean,0.9,4,0.22924767602543433,4,AdamW,reduce,8,sustained_phonation_a,256,768,168,-1,True,False,0.004862612617029049,no,67,168,1770311927.3550477,0.7822878228782287,0.8376607765356413,0.7035175879396985,0.48073626312382545,0.724,0.8043382352941176,0.5714285714285714,0.7988165680473372,80,0.5679012345679012,0.575,250,0.7941176470588235,0.366449956286373,67
floral-sweep-2001,mxgdda09,36808,0.1,VideoPrism,mean,0.9,4,0.39089315869396335,4,AdamW,reduce,6,sustained_phonation_a,256,1024,116,-1,True,False,0.0007373962949645393,no,50,116,1770467647.5731416,0.7822878228782287,0.8376006731578315,0.7121951219512195,0.4952580675867651,0.74,0.8016176470588235,0.644808743169399,0.8571428571428571,80,0.5728155339805825,0.7375,250,0.7411764705882353,0.30615992219981214,50
prime-sweep-2032,qiyn5br1,28228,0.1,VideoPrism,mean,0.9,5,0.4703699023581268,4,AdamW,reduce,8,sustained_phonation_a,256,256,200,-1,True,False,0.002030462122817675,no,72,200,1770470074.4857948,0.7675276752767528,0.8376006731578314,0.676923076923077,0.4889541294741894,0.684,0.7821323529411763,0.5093167701863354,0.7692307692307693,80,0.5061728395061729,0.5125,250,0.7647058823529411,0.37904983654060104,72
prime-sweep-2915,ffw3xjyy,33505,0.1,VideoPrism,mean,0.9,5,0.3136062256634403,4,AdamW,reduce,3,sustained_phonation_a,256,1024,114,-1,True,False,0.00044970817872082254,no,28,114,1770541738.1960087,0.7675276752767528,0.8375706214689266,0.6802030456852792,0.5063771944204379,0.74,0.7911029411764706,0.6242774566473989,0.8343949044585988,80,0.5806451612903226,0.675,250,0.7705882352941177,0.4012597764796756,28
fallen-sweep-3932,sl2byxeg,49931,0.1,VideoPrism,mean,0.9,5,0.19591794076409663,4,AdamW,reduce,8,sustained_phonation_a,256,1024,77,-1,True,False,0.0029287129904077337,no,14,77,1770625322.1355128,0.7712177121771218,0.8375405697800217,0.6990291262135923,0.49991638634037705,0.748,0.7965441176470588,0.6440677966101694,0.8496732026143791,80,0.5876288659793815,0.7125,250,0.7647058823529411,0.3202352766687564,14
wandering-sweep-1456,zk2drito,67943,0.1,VideoPrism,mean,0.9,5,0.23236147390319203,4,AdamW,reduce,8,sustained_phonation_a,256,768,177,-1,True,False,0.00012516242595880822,no,75,177,1770423353.9401612,0.7527675276752768,0.8374804664022119,0.6794258373205742,0.5519571931159805,0.712,0.7830882352941176,0.6043956043956044,0.831081081081081,80,0.5392156862745098,0.6875,250,0.7235294117647059,0.4599766737689496,75
dauntless-sweep-403,ngprp8kp,53317,0.1,VideoPrism,mean,0.9,3,0.4929178765629004,4,AdamW,reduce,10,sustained_phonation_a,256,768,162,-1,True,False,0.0014743015450766803,no,68,162,1770337575.634928,0.7712177121771218,0.8374804664022119,0.6770833333333334,0.4922958058184803,0.716,0.7872058823529412,0.5590062111801242,0.7928994082840237,80,0.5555555555555556,0.5625,250,0.788235294117647,0.38124188401912856,68
morning-sweep-2126,urji4pfx,11598,0.1,VideoPrism,mean,0.9,4,0.255572032876475,4,AdamW,reduce,9,sustained_phonation_a,256,768,166,-1,True,False,0.00042564468507266145,no,63,166,1770477921.5791342,0.7527675276752768,0.8374804664022117,0.6699507389162561,0.5129512013984342,0.724,0.7980147058823529,0.6145251396648045,0.8344370860927153,80,0.5555555555555556,0.6875,250,0.7411764705882353,0.4107343470603735,63
neat-sweep-502,3pyfmhvt,45504,0.1,VideoPrism,mean,0.9,4,0.23610583281023464,4,AdamW,reduce,10,sustained_phonation_a,256,768,173,-1,True,False,0.00030878870713963987,no,81,173,1770346232.714991,0.7601476014760148,0.837420363024402,0.6829268292682927,0.5023060781929326,0.752,0.8020588235294118,0.6477272727272727,0.8506493506493507,80,0.59375,0.7125,250,0.7705882352941177,0.3632835558405258,81
laced-sweep-140,qm56qqy4,21886,0.1,VideoPrism,mean,0.9,4,0.35136950938831235,4,AdamW,reduce,9,sustained_phonation_a,256,1024,108,-1,True,False,0.0002283258470326881,no,50,108,1770313184.45465,0.7638376383763837,0.837420363024402,0.6831683168316832,0.5474286193777275,0.7,0.7816176470588235,0.5664739884393064,0.802547770700637,80,0.5268817204301075,0.6125,250,0.7411764705882353,0.4686058258699099,50
expert-sweep-2590,7sms8uwy,51716,0.1,VideoPrism,mean,0.9,5,0.29519647294945367,4,AdamW,reduce,7,sustained_phonation_a,256,512,143,-1,True,False,0.0005341474673780294,no,63,143,1770515449.6760464,0.7675276752767528,0.837420363024402,0.6834170854271356,0.5103806296837726,0.736,0.8003676470588236,0.625,0.8376623376623377,80,0.5729166666666666,0.6875,250,0.7588235294117647,0.3513874097998919,63
lyric-sweep-1374,dywug6jj,25554,0.1,VideoPrism,mean,0.9,3,0.45801248520034954,4,AdamW,reduce,7,sustained_phonation_a,256,1024,143,-1,True,False,0.00015544936968000698,no,49,143,1770416889.777134,0.7490774907749077,0.8373001562687825,0.6792452830188679,0.5578968795463168,0.708,0.7892647058823529,0.6010928961748634,0.8299319727891157,80,0.5339805825242718,0.6875,250,0.7176470588235294,0.49233936424558467,49
toasty-sweep-2612,5p0dzq9e,69036,0.1,VideoPrism,mean,0.9,4,0.26925171718739127,4,AdamW,reduce,6,sustained_phonation_a,256,768,189,-1,True,False,0.00011806520665135778,no,70,189,1770517227.4466023,0.7490774907749077,0.8373001562687823,0.6792452830188679,0.5521013263846676,0.704,0.7811029411764706,0.5978260869565217,0.8287671232876712,80,0.5288461538461539,0.6875,250,0.711764705882353,0.4653756111758792,70
winter-sweep-464,d0t235df,11137,0.1,VideoPrism,mean,0.9,4,0.475220431996089,4,AdamW,reduce,7,sustained_phonation_a,256,1024,152,-1,True,False,0.0005558594415226217,no,65,152,1770343072.638873,0.7601476014760148,0.8372701045798774,0.6889952153110048,0.5110985456357583,0.748,0.8066176470588236,0.6440677966101694,0.8496732026143791,80,0.5876288659793815,0.7125,250,0.7647058823529411,0.3524420020190595,65
visionary-sweep-2604,148xumu2,3375,0.1,VideoPrism,mean,0.9,5,0.10717957386351942,4,AdamW,reduce,5,sustained_phonation_a,256,1024,126,-1,True,False,0.0011685739604066912,no,58,126,1770516640.007198,0.7785977859778598,0.8372400528909726,0.696969696969697,0.5015496118922075,0.736,0.7938970588235295,0.625,0.8376623376623377,80,0.5729166666666666,0.6875,250,0.7588235294117647,0.3498923242024477,58
fearless-sweep-67,duy83a16,45644,0.1,VideoPrism,mean,0.9,3,0.29725090584329805,4,AdamW,reduce,7,sustained_phonation_a,256,768,153,-1,True,False,0.0004616815293207451,no,51,153,1770307293.0670617,0.7749077490774908,0.8372400528909725,0.6995073891625616,0.5107031917659999,0.732,0.8058823529411765,0.6298342541436464,0.8456375838926175,80,0.5643564356435643,0.7125,250,0.7411764705882353,0.3777817123390894,51
elated-sweep-2962,4qni2krh,43732,0.1,VideoPrism,mean,0.9,3,0.32819255357629906,4,AdamW,reduce,10,sustained_phonation_a,256,768,148,-1,True,False,0.008265186735912975,no,59,148,1770545427.82738,0.7712177121771218,0.8372400528909725,0.6804123711340206,0.4895422302488911,0.744,0.8069852941176471,0.6190476190476191,0.8271604938271605,80,0.5909090909090909,0.65,250,0.788235294117647,0.27900277401207524,59
comic-sweep-3590,klkbwcc3,34165,0.1,VideoPrism,mean,0.9,3,0.4770620630335163,4,AdamW,reduce,9,sustained_phonation_a,256,512,164,-1,True,False,0.00016834249538084933,no,59,164,1770597482.766399,0.7416974169741697,0.8372400528909724,0.6634615384615384,0.5294245822403264,0.716,0.7881617647058824,0.6077348066298343,0.8322147651006712,80,0.5445544554455446,0.6875,250,0.7294117647058823,0.4583019683566727,59
frosty-sweep-1438,diw7ej4z,85872,0.1,VideoPrism,mean,0.9,5,0.10796485915917886,4,AdamW,reduce,10,sustained_phonation_a,256,768,101,-1,True,False,0.000447052807067273,no,38,101,1770421919.9945388,0.7749077490774908,0.8371198461353528,0.6995073891625616,0.5264023874518616,0.696,0.7839705882352941,0.5581395348837209,0.7974683544303798,80,0.5217391304347826,0.6,250,0.7411764705882353,0.4325375727438088,38
tough-sweep-940,6vcuiine,30593,0.1,VideoPrism,mean,0.9,5,0.10396968257331776,4,AdamW,reduce,9,sustained_phonation_a,256,768,57,-1,True,False,0.0004867884082193954,no,21,57,1770381645.3124647,0.7675276752767528,0.8371198461353528,0.6896551724137931,0.5371340469240702,0.708,0.7855882352941176,0.5780346820809249,0.8089171974522293,80,0.5376344086021505,0.625,250,0.7470588235294118,0.4733383429916438,21
swift-sweep-455,lmmbxg5m,61777,0.1,VideoPrism,mean,0.9,3,0.269318212590241,4,AdamW,reduce,9,sustained_phonation_a,256,512,156,-1,True,False,0.00013235888816104076,no,66,156,1770342294.2849472,0.7416974169741697,0.8370597427575431,0.6666666666666666,0.5288302531101607,0.708,0.7888970588235295,0.6010928961748634,0.8299319727891157,80,0.5339805825242718,0.6875,250,0.7176470588235294,0.4615368743624779,66
summer-sweep-2904,vht5ecch,46333,0.1,VideoPrism,mean,0.9,5,0.1342345854674621,4,AdamW,reduce,6,sustained_phonation_a,256,512,198,-1,True,False,0.0002496760270603033,no,78,198,1770540894.3288193,0.7675276752767528,0.8370296910686383,0.6985645933014354,0.5371324408978114,0.72,0.783014705882353,0.5977011494252874,0.8205128205128205,80,0.5531914893617021,0.65,250,0.7529411764705882,0.4449207885920257,78
major-sweep-2020,ogcc4740,28824,0.1,VideoPrism,mean,0.9,5,0.1918973325803247,4,AdamW,reduce,7,sustained_phonation_a,256,768,150,-1,True,False,0.00017172378276929584,no,52,150,1770469148.304356,0.7675276752767528,0.8369996393797332,0.6865671641791045,0.5260287327520082,0.708,0.7858823529411765,0.5780346820809249,0.8089171974522293,80,0.5376344086021505,0.625,250,0.7470588235294118,0.4479492032027272,52
upbeat-sweep-3497,e263wyuc,70073,0.1,VideoPrism,mean,0.9,5,0.1551825415107534,4,AdamW,reduce,5,sustained_phonation_a,256,1024,161,-1,True,False,0.00015494076876104647,no,62,161,1770589928.7300265,0.7527675276752768,0.8369395360019233,0.6699507389162561,0.5592681239891756,0.712,0.7884558823529413,0.5764705882352941,0.80625,80,0.5444444444444444,0.6125,250,0.7588235294117647,0.5239872420280665,62
dulcet-sweep-2000,96doi4p1,1594,0.1,VideoPrism,mean,0.9,4,0.43069533934244786,4,AdamW,reduce,6,sustained_phonation_a,256,768,165,-1,True,False,0.00019015004550218575,no,64,165,1770467590.217852,0.7416974169741697,0.8369395360019233,0.6728971962616822,0.5580217352212575,0.7,0.795514705882353,0.5989304812834224,0.8321678321678322,80,0.5233644859813084,0.7,250,0.7,0.4729687556303048,64
curious-sweep-264,folorp3p,34116,0.1,VideoPrism,mean,0.9,5,0.23682283175015917,4,AdamW,reduce,9,sustained_phonation_a,256,768,155,-1,True,False,0.0007639933132525463,no,74,155,1770324761.8130162,0.7712177121771218,0.8368794326241135,0.69,0.5216449606902485,0.692,0.7891176470588235,0.5497076023391813,0.7924528301886793,80,0.5164835164835165,0.5875,250,0.7411764705882353,0.42425888857965977,74
autumn-sweep-251,10v86yty,45302,0.1,VideoPrism,mean,0.9,4,0.16764907908987875,4,AdamW,reduce,10,sustained_phonation_a,256,768,181,-1,True,False,0.00031655267097301966,no,74,181,1770323675.8750684,0.7490774907749077,0.8367592258684938,0.6792452830188679,0.5496287776975174,0.716,0.7901838235294117,0.6243386243386243,0.851063829787234,80,0.5412844036697247,0.7375,250,0.7058823529411765,0.41153090755866417,74
absurd-sweep-800,nfuacefe,34250,0.1,VideoPrism,mean,0.9,5,0.34990541780155326,4,AdamW,reduce,5,sustained_phonation_e,256,1024,144,-1,True,False,0.0006111953445184796,no,36,144,1770354083.60062,0.7490774907749077,0.8504928476980407,0.6633663366336634,0.6038477170071479,0.7419354838709677,0.8126732079994008,0.6190476190476191,0.8301886792452831,79,0.5842696629213483,0.6582278481012658,248,0.7810650887573964,0.3296220295850256,36
royal-sweep-1757,cg3onxz1,36866,0.1,VideoPrism,mean,0.9,4,0.2559224559978065,4,AdamW,reduce,5,sustained_phonation_e,256,512,149,-1,True,False,0.003423986752140633,no,28,149,1770414119.7700436,0.7453874538745388,0.8499519172977521,0.6666666666666666,0.5999302837681506,0.75,0.82285971088308,0.6395348837209303,0.8451612903225807,79,0.5913978494623656,0.6962025316455697,248,0.7751479289940828,0.33592913564470517,28
rosy-sweep-5441,guufiftv,92725,0.1,VideoPrism,mean,0.9,4,0.31881305368522495,4,AdamW,reduce,4,sustained_phonation_e,256,768,129,-1,True,False,0.0012556826065376655,no,26,129,1770644442.066533,0.7453874538745388,0.8493809352085587,0.6567164179104478,0.5921803943785354,0.7540322580645161,0.8208748408358923,0.6163522012578616,0.8214285714285714,79,0.6125,0.620253164556962,248,0.8165680473372781,0.2999312467643612,26
absurd-sweep-858,22yow2de,88719,0.1,VideoPrism,mean,0.9,4,0.37113031492429294,4,AdamW,reduce,3,sustained_phonation_e,256,768,97,-1,True,False,0.0009647763546181864,no,24,97,1770357841.698617,0.7490774907749077,0.8485394879192211,0.6565656565656566,0.5487081978153918,0.7459677419354839,0.8161186427982923,0.5987261146496815,0.8117647058823529,79,0.6025641025641025,0.5949367088607594,248,0.8165680473372781,0.3192513167123775,24
dauntless-sweep-1014,5xdfr9iu,23278,0.1,VideoPrism,mean,0.9,5,0.45092220491016144,4,AdamW,reduce,7,sustained_phonation_e,256,1024,133,-1,True,False,0.0006434582666275702,no,37,133,1770367322.9496129,0.7453874538745388,0.8445726649837721,0.6600985221674877,0.620717024891139,0.7379032258064516,0.8114373455171897,0.6198830409356725,0.8333333333333334,79,0.5760869565217391,0.6708860759493671,248,0.7692307692307693,0.3674605237874652,37
driven-sweep-1284,0e8labu0,15487,0.1,VideoPrism,mean,0.9,5,0.4118643609160201,4,AdamW,reduce,3,sustained_phonation_e,256,1024,184,-1,True,False,0.0019101443687368864,no,53,184,1770384390.265776,0.7527675276752768,0.8445125616059622,0.6633165829145728,0.5458720968658194,0.7459677419354839,0.811175192869448,0.6037735849056604,0.8154761904761905,79,0.6,0.6075949367088608,248,0.8106508875739645,0.1980616465608687,53
eager-sweep-317,zaz5wm6o,73963,0.1,VideoPrism,mean,0.9,5,0.2608464122389394,4,AdamW,reduce,6,sustained_phonation_e,256,1024,142,-1,True,False,0.0005126643512753924,no,36,142,1770322579.8948176,0.7343173431734318,0.8444825099170574,0.6571428571428571,0.6097814715656408,0.7298387096774194,0.8046962774324021,0.6035502958579881,0.8227848101265823,79,0.5666666666666667,0.6455696202531646,248,0.7692307692307693,0.350762110226453,36
eager-sweep-5285,tcfmlp7c,98535,0.1,VideoPrism,mean,0.9,5,0.47148226807939,4,AdamW,reduce,10,sustained_phonation_e,256,1024,196,-1,True,False,0.0005346208502888506,no,44,196,1770634867.6154609,0.7453874538745388,0.8431301839163362,0.6698564593301436,0.5824364901028876,0.7137096774193549,0.8068683993708335,0.5696969696969697,0.8024691358024691,79,0.5465116279069767,0.5949367088607594,248,0.7692307692307693,0.29997880606925464,44
resilient-sweep-1053,xu035dc9,49444,0.1,VideoPrism,mean,0.9,4,0.11199809585009156,4,AdamW,reduce,8,sustained_phonation_e,256,768,165,-1,True,False,0.000717329252680944,no,39,165,1770369655.5336664,0.7601476014760148,0.8429498737829066,0.6766169154228856,0.5499153051429129,0.7137096774193549,0.8094899258482511,0.5590062111801242,0.7951807228915663,79,0.5487804878048781,0.569620253164557,248,0.7810650887573964,0.22287087469864675,39
stilted-sweep-3195,tztv43hl,11454,0.1,VideoPrism,mean,0.9,4,0.19356262693494727,4,AdamW,reduce,5,sustained_phonation_e,256,1024,197,-1,True,False,0.0002868452386236489,no,30,197,1770503452.169032,0.7269372693726938,0.8427395119605722,0.6509433962264151,0.6572946090099996,0.7298387096774194,0.8048086285671485,0.6214689265536724,0.84,79,0.5612244897959183,0.6962025316455697,248,0.7455621301775148,0.4195365626709172,30
fresh-sweep-2516,nzss865i,27073,0.1,VideoPrism,mean,0.9,5,0.33366923044018937,4,AdamW,reduce,10,sustained_phonation_e,256,1024,134,-1,True,False,0.0007299435621284913,no,36,134,1770461585.2914412,0.7380073800738007,0.8420483231157591,0.6536585365853659,0.657588448031802,0.717741935483871,0.8088907197962699,0.6022727272727273,0.8278145695364238,79,0.5463917525773195,0.6708860759493671,248,0.7396449704142012,0.40498041451834066,36
zany-sweep-3644,jxrcwti6,65358,0.1,VideoPrism,mean,0.9,4,0.3994615290784728,4,AdamW,reduce,5,sustained_phonation_e,256,512,178,-1,True,False,0.00036213269094145816,no,40,178,1770531285.2076852,0.34686346863468637,0.8416877028489002,0.5150684931506849,0.704442408032083,0.3185483870967742,0.8042094225151674,0.4831804281345566,0.0,79,0.3185483870967742,1.0,248,0.0,0.483819113680959,40
resilient-sweep-4741,facvohok,14816,0.1,VideoPrism,mean,0.9,5,0.4323254165559717,4,AdamW,reduce,8,sustained_phonation_e,256,768,189,-1,True,False,0.000810511818593773,no,50,189,1770600357.4413495,0.7564575645756457,0.8414472893376608,0.6764705882352942,0.5432064465051207,0.7419354838709677,0.8149951314508277,0.6,0.8143712574850299,79,0.5925925925925926,0.6075949367088608,248,0.8047337278106509,0.21791847750881124,50
fanciful-sweep-2568,m6i1cg3n,45297,0.1,VideoPrism,mean,0.9,5,0.36959695763631206,4,AdamW,reduce,4,sustained_phonation_e,256,1024,140,-1,True,False,0.0007632378436992017,no,37,140,1770464726.7980254,0.7306273062730627,0.8407861521817528,0.6473429951690821,0.594544190982171,0.7258064516129032,0.8061942925623549,0.5853658536585366,0.8098159509202454,79,0.5647058823529412,0.6075949367088608,248,0.7810650887573964,0.32332096782797903,37
elated-sweep-588,9ca6xd4d,30423,0.1,VideoPrism,mean,0.9,5,0.1562751504426821,4,AdamW,reduce,10,sustained_phonation_e,256,768,185,-1,True,False,0.0006589721409433929,no,47,185,1770340382.4878626,0.7380073800738007,0.8406959971150378,0.6602870813397129,0.5929038909528528,0.7298387096774194,0.8032731630589469,0.588957055214724,0.8109756097560976,79,0.5714285714285714,0.6075949367088608,248,0.7869822485207101,0.31249132856451267,47
stoic-sweep-2062,ml3bmqra,11238,0.1,VideoPrism,mean,0.9,4,0.23390014098105505,4,AdamW,reduce,6,sustained_phonation_e,256,256,96,-1,True,False,0.0013697144118561383,no,17,96,1770432980.5582736,0.7527675276752768,0.8393436711143166,0.6598984771573604,0.5461426075974074,0.7459677419354839,0.8132349636731331,0.5987261146496815,0.8117647058823529,79,0.6025641025641025,0.5949367088607594,248,0.8165680473372781,0.26726621181323545,17
solar-sweep-308,3cfn5rn1,5679,0.1,VideoPrism,mean,0.9,4,0.4225637781718895,4,AdamW,step,3,sustained_phonation_e,256,1024,123,-1,True,False,0.0007631502183701738,no,31,123,1770322000.517592,0.34686346863468637,0.8392835677365068,0.5150684931506849,0.6906737639015451,0.3185483870967742,0.8133473148078796,0.4831804281345566,0.0,79,0.3185483870967742,1.0,248,0.0,0.4844154770614185,31
lemon-sweep-407,pe916m8f,9081,0.1,VideoPrism,mean,0.9,4,0.4641963580234496,4,AdamW,reduce,4,sustained_phonation_e,256,1024,178,-1,True,False,0.0004347034939089875,no,37,178,1770328472.358411,0.7416974169741697,0.8387125856473134,0.6568627450980392,0.6221518507742794,0.75,0.808853269418021,0.6352941176470588,0.8407643312101911,79,0.5934065934065934,0.6835443037974683,248,0.7810650887573964,0.3586443869485013,37
spring-sweep-4415,b0c6mblp,42891,0.1,VideoPrism,mean,0.9,5,0.461572217799797,4,AdamW,reduce,8,sustained_phonation_e,256,256,119,-1,True,False,0.003432868913462604,no,27,119,1770579686.536457,0.7601476014760148,0.8379612934246905,0.6666666666666666,0.5400605177527424,0.7419354838709677,0.819114673058198,0.5844155844155844,0.8034682080924855,79,0.6,0.569620253164557,248,0.8224852071005917,0.25276443074616073,27
deft-sweep-4334,w0tp3rlg,49428,0.1,VideoPrism,mean,0.9,5,0.3422635373430527,4,AdamW,reduce,10,sustained_phonation_e,256,512,174,-1,True,False,0.0016974995485533424,no,41,174,1770574601.013383,0.7564575645756457,0.8367892775573987,0.6826923076923077,0.5986148233343315,0.7419354838709677,0.8070182008838289,0.6097560975609756,0.8220858895705522,79,0.5882352941176471,0.6329113924050633,248,0.7928994082840237,0.2651009429896392,41
fragrant-sweep-5020,6bphjygq,16185,0.1,VideoPrism,mean,0.9,5,0.4166489928170697,4,AdamW,reduce,5,sustained_phonation_e,256,768,139,-1,True,False,0.0011990891240119018,no,43,139,1770618301.4040933,0.7195571955719557,0.8367291741795889,0.6346153846153846,0.6128022747726019,0.7379032258064516,0.8044715751629092,0.6198830409356725,0.8333333333333334,79,0.5760869565217391,0.6708860759493671,248,0.7692307692307693,0.2691148397736481,43
celestial-sweep-3665,4k1qwmrd,41332,0.1,VideoPrism,mean,0.9,5,0.43669607582142256,4,AdamW,reduce,8,sustained_phonation_e,256,512,172,-1,True,False,0.00027681090252267937,no,40,172,1770532450.2474694,0.7380073800738007,0.8359177785791562,0.6602870813397129,0.6335963105363599,0.7419354838709677,0.8073552542880683,0.632183908045977,0.8431372549019608,79,0.5789473684210527,0.6962025316455697,248,0.7633136094674556,0.4079740006453692,40
autumn-sweep-1649,s6pew4ce,78509,0.1,VideoPrism,mean,0.9,5,0.11747046476114369,4,AdamW,reduce,7,sustained_phonation_e,256,768,196,-1,True,False,0.00017315630456348226,no,47,196,1770407124.6163363,0.7343173431734318,0.8357975718235364,0.6697247706422018,0.6506379286301532,0.7298387096774194,0.806381544453599,0.6256983240223464,0.8445945945945946,79,0.56,0.7088607594936709,248,0.7396449704142012,0.4468616355493573,47
prime-sweep-4536,mfnsne42,78131,0.1,VideoPrism,mean,0.9,5,0.3239638599116612,4,AdamW,reduce,5,sustained_phonation_e,256,256,150,-1,True,False,0.001453882560730878,no,41,150,1770587600.880669,0.7453874538745388,0.835256641423248,0.6634146341463415,0.5999635304032217,0.7298387096774194,0.8123361545951614,0.5838509316770186,0.8072289156626506,79,0.573170731707317,0.5949367088607594,248,0.7928994082840237,0.2831562225701138,41
true-sweep-3411,5xo0lzh1,45964,0.1,VideoPrism,mean,0.9,5,0.2539476215952018,4,AdamW,reduce,7,sustained_phonation_e,256,1024,90,-1,True,False,0.0004137934159184492,no,22,90,1770517039.1179907,0.7380073800738007,0.8350763312898185,0.6602870813397129,0.6128092432374004,0.7338709677419355,0.8108755898434574,0.6024096385542169,0.8198757763975155,79,0.5747126436781609,0.6329113924050633,248,0.7810650887573964,0.4108763652905302,22
soft-sweep-2257,glsgs9ir,90687,0.1,VideoPrism,mean,0.9,5,0.19830973310191097,4,AdamW,reduce,7,sustained_phonation_e,256,768,186,-1,True,False,0.0003221898297838826,no,47,186,1770445681.0100164,0.7453874538745388,0.8347157110229595,0.6600985221674877,0.5565220636635249,0.7258064516129032,0.8051831323496368,0.5802469135802469,0.806060606060606,79,0.5662650602409639,0.5949367088607594,248,0.7869822485207101,0.3023802324731737,47
earnest-sweep-844,eh2v99on,67165,0.1,VideoPrism,mean,0.9,5,0.2789724017289031,4,AdamW,reduce,6,sustained_phonation_e,256,768,87,-1,True,False,0.000505665224101937,no,22,87,1770356976.9069965,0.34686346863468637,0.8346255559562448,0.5150684931506849,0.7403777312088716,0.3185483870967742,0.8014755449030034,0.4831804281345566,0.0,79,0.3185483870967742,1.0,248,0.0,0.5635823992977886,22
peach-sweep-2202,w2q8b9va,28692,0.1,VideoPrism,mean,0.9,3,0.20385835278323516,4,AdamW,reduce,9,sustained_phonation_e,256,1024,160,-1,True,False,0.0011995091932444331,no,38,160,1770442106.3516345,0.7490774907749077,0.8345955042673399,0.66,0.5593916406490707,0.7258064516129032,0.8021871020897311,0.575,0.8023952095808383,79,0.5679012345679012,0.5822784810126582,248,0.7928994082840237,0.20363800711088356,38
silver-sweep-2610,ufaxfzli,30910,0.1,VideoPrism,mean,0.9,4,0.186672300876831,4,AdamW,reduce,7,sustained_phonation_e,256,256,79,-1,True,False,0.0010921308669108295,no,23,79,1770467351.7985723,0.7416974169741697,0.8339644188003366,0.6601941747572816,0.6023397582043581,0.7338709677419355,0.8075799565575612,0.6071428571428571,0.8238993710691824,79,0.5730337078651685,0.6455696202531646,248,0.7751479289940828,0.3690819405554746,23
vague-sweep-1927,vteiuiky,61539,0.1,VideoPrism,mean,0.9,5,0.31016607175313105,4,AdamW,reduce,8,sustained_phonation_e,256,256,180,-1,True,False,0.0003014697959337476,no,40,180,1770424661.0295453,0.34686346863468637,0.8338442120447169,0.5150684931506849,0.7356354000383637,0.3185483870967742,0.80158789603775,0.4831804281345566,0.0,79,0.3185483870967742,1.0,248,0.0,0.5394939721487386,40
zesty-sweep-4311,w5t8fsa2,45148,0.1,VideoPrism,mean,0.9,4,0.34611983221141285,4,AdamW,reduce,6,sustained_phonation_e,256,256,128,-1,True,False,0.0027413931804924673,no,21,128,1770573127.317742,0.7675276752767528,0.8336939536001924,0.6865671641791045,0.6308163329683987,0.7459677419354839,0.8079919107182982,0.6037735849056604,0.8154761904761905,79,0.6,0.6075949367088608,248,0.8106508875739645,0.39720074260259314,21
clean-sweep-4472,cmphpqsc,46019,0.1,VideoPrism,mean,0.9,4,0.29785815047691755,4,AdamW,reduce,8,sustained_phonation_e,256,256,170,-1,True,False,0.00037569150575158774,no,40,170,1770583368.1323917,0.7380073800738007,0.8332732299555234,0.6666666666666666,0.6491975353212814,0.7298387096774194,0.8073552542880684,0.6081871345029239,0.8269230769230769,79,0.5652173913043478,0.6582278481012658,248,0.7633136094674556,0.419404316670596,40
major-sweep-5236,7o321d9g,20584,0.1,VideoPrism,mean,0.9,4,0.30958570134260033,4,AdamW,reduce,6,sustained_phonation_e,256,512,190,-1,True,False,0.0004613631118229667,no,38,190,1770631720.898357,0.7380073800738007,0.833092919822094,0.6635071090047393,0.6354893360190725,0.717741935483871,0.8035353157066887,0.5930232558139535,0.8193548387096774,79,0.5483870967741935,0.6455696202531646,248,0.7514792899408284,0.36278320699012256,38
rosy-sweep-3781,r7nd4zc6,6052,0.1,VideoPrism,mean,0.9,3,0.2223776389778296,4,AdamW,reduce,8,sustained_phonation_e,256,512,171,-1,True,False,0.0002367600556043638,no,31,171,1770539538.146463,0.7453874538745388,0.8329126096886645,0.6634146341463415,0.5825560416242733,0.7379032258064516,0.8164182458242828,0.6012269938650306,0.8170731707317073,79,0.5833333333333334,0.620253164556962,248,0.7928994082840237,0.4009761717285219,31
serene-sweep-5062,b988otif,6470,0.1,VideoPrism,mean,0.9,4,0.21178933946312012,4,AdamW,reduce,9,sustained_phonation_e,256,1024,175,-1,True,False,0.0006427265891276396,no,46,175,1770620813.8299322,0.7601476014760148,0.8326120927996152,0.6700507614213198,0.5339928841238972,0.7338709677419355,0.8073927046663171,0.5875,0.8083832335329342,79,0.5802469135802469,0.5949367088607594,248,0.7988165680473372,0.2390715301159226,46
autumn-sweep-379,ozvmq5ay,10816,0.1,VideoPrism,mean,0.9,5,0.3211921483926066,4,AdamW,step,6,sustained_phonation_e,256,1024,135,-1,True,False,0.0002782292864337267,no,40,135,1770326665.6001627,0.34686346863468637,0.8325820411107104,0.5150684931506849,0.7670172052629759,0.3185483870967742,0.803872369110928,0.4831804281345566,0.0,79,0.3185483870967742,1.0,248,0.0,0.5909021103896155,40
hardy-sweep-3438,bwdlhf9k,53143,0.1,VideoPrism,mean,0.9,4,0.17601255081317468,4,AdamW,reduce,7,sustained_phonation_e,256,1024,183,-1,True,False,0.0005222684120190766,no,38,183,1770518673.3385832,0.7527675276752768,0.8324618343550907,0.6633165829145728,0.5446552341714557,0.7298387096774194,0.7988165680473372,0.5786163522012578,0.8035714285714286,79,0.575,0.5822784810126582,248,0.7988165680473372,0.2699494825741104,38
leafy-sweep-2970,hmyu62y1,59980,0.1,VideoPrism,mean,0.9,3,0.4643555778318257,4,AdamW,step,8,sustained_phonation_e,256,768,148,-1,True,False,0.0006422250320808182,no,44,148,1770489875.844639,0.7564575645756457,0.8322514725327563,0.67,0.5405490086087441,0.7258064516129032,0.803048460789454,0.5802469135802469,0.806060606060606,79,0.5662650602409639,0.5949367088607594,248,0.7869822485207101,0.2430350049198041,44
comfy-sweep-2564,hg822oty,49152,0.1,VideoPrism,mean,0.9,5,0.3437419480094513,4,AdamW,reduce,4,sustained_phonation_e,256,512,93,-1,True,False,0.002366431426260341,no,23,93,1770464496.472467,0.7527675276752768,0.8322514725327563,0.6528497409326425,0.5210685571621265,0.7258064516129032,0.8052580331061343,0.5466666666666666,0.7853107344632768,79,0.5774647887323944,0.5189873417721519,248,0.8224852071005917,0.2363453903359799,23
golden-sweep-5188,afc0y7dc,83850,0.1,VideoPrism,mean,0.9,4,0.3706339627015186,4,AdamW,reduce,4,sustained_phonation_e,256,512,142,-1,True,False,0.0013549448784154852,no,34,142,1770628713.9974732,0.7416974169741697,0.8322214208438514,0.65,0.5429648484251156,0.7217741935483871,0.7936858662272489,0.5605095541401274,0.7941176470588235,79,0.5641025641025641,0.5569620253164557,248,0.7988165680473372,0.20473658184863217,34
polished-sweep-4967,32fbhfis,9184,0.1,VideoPrism,mean,0.9,4,0.2129476006771527,4,AdamW,reduce,4,sustained_phonation_e,256,1024,189,-1,True,False,0.00020783902032657555,no,48,189,1770614751.8312545,0.7269372693726938,0.831650438754658,0.6509433962264151,0.6260367594521864,0.717741935483871,0.803011010411205,0.5833333333333334,0.8113207547169812,79,0.550561797752809,0.620253164556962,248,0.7633136094674556,0.45421368342650253,48
winter-sweep-1278,9emne3p2,18745,0.1,VideoPrism,mean,0.9,5,0.36735554027127815,4,AdamW,reduce,3,sustained_phonation_e,256,256,94,-1,True,False,0.001733582382910773,no,24,94,1770383996.410215,0.7527675276752768,0.8315602836879432,0.6666666666666666,0.5684062185322667,0.7217741935483871,0.8015878960377499,0.5605095541401274,0.7941176470588235,79,0.5641025641025641,0.5569620253164557,248,0.7988165680473372,0.26798215318754226,24
drawn-sweep-4405,613aud5h,39597,0.1,VideoPrism,mean,0.9,5,0.24512226734176004,4,AdamW,reduce,7,sustained_phonation_e,256,768,179,-1,True,False,0.0001733226295324986,no,45,179,1770578990.4468822,0.34686346863468637,0.831289818487799,0.5150684931506849,0.7330024988009041,0.3185483870967742,0.8041345217586697,0.4831804281345566,0.0,79,0.3185483870967742,1.0,248,0.0,0.5612722122448915,45
decent-sweep-1830,2jlryasc,96871,0.1,VideoPrism,mean,0.9,5,0.4097159032221822,4,AdamW,reduce,9,sustained_phonation_e,256,1024,198,-1,True,False,0.0005176731457479406,no,50,198,1770418622.8487637,0.7527675276752768,0.831289818487799,0.6633165829145728,0.539272729541103,0.717741935483871,0.8022245524679799,0.5679012345679012,0.8,79,0.5542168674698795,0.5822784810126582,248,0.7810650887573964,0.2626975282139357,50
cosmic-sweep-4725,91tn2dfk,42429,0.1,VideoPrism,mean,0.9,5,0.2428797788610668,4,AdamW,reduce,7,sustained_phonation_e,256,512,120,-1,True,False,0.000882699610801478,no,30,120,1770599252.4482698,0.7527675276752768,0.8308690948431303,0.6528497409326425,0.5354290243884294,0.7217741935483871,0.8010635907422665,0.543046357615894,0.7840909090909091,79,0.5694444444444444,0.5189873417721519,248,0.8165680473372781,0.32578304446698214,30
woven-sweep-5366,uyml4fcs,39078,0.1,VideoPrism,mean,0.9,5,0.2751822753579509,4,AdamW,reduce,10,sustained_phonation_e,256,768,133,-1,True,False,0.0005646485365591703,no,27,133,1770639706.3370817,0.7416974169741697,0.8308089914653204,0.6634615384615384,0.6064941577365918,0.7298387096774194,0.8123736049734102,0.5988023952095808,0.81875,79,0.5681818181818182,0.6329113924050633,248,0.7751479289940828,0.3619154796952829,27
classic-sweep-1843,r7p5k0x8,58673,0.1,VideoPrism,mean,0.9,5,0.4763775936782524,4,AdamW,reduce,9,sustained_phonation_e,256,1024,136,-1,True,False,0.00024818645417301084,no,29,136,1770419437.4593892,0.7380073800738007,0.8306286813318908,0.6666666666666666,0.6305087446286669,0.7419354838709677,0.8083289641225376,0.627906976744186,0.8387096774193549,79,0.5806451612903226,0.6835443037974683,248,0.7692307692307693,0.4460369825852725,29
fallen-sweep-3580,hzno3dl6,3698,0.1,VideoPrism,mean,0.9,4,0.26993705483073727,4,AdamW,reduce,9,sustained_phonation_e,256,512,159,-1,True,False,0.0032217053249052425,no,42,159,1770527350.7515929,0.7601476014760148,0.8306286813318908,0.6632124352331606,0.5387145118079942,0.7258064516129032,0.7994157740993184,0.5526315789473685,0.7885714285714286,79,0.5753424657534246,0.5316455696202531,248,0.8165680473372781,0.20149688753136863,42
dark-sweep-2431,pu3hz4c2,61613,0.1,VideoPrism,mean,0.9,4,0.31111002312427566,4,AdamW,step,6,sustained_phonation_e,256,768,73,-1,True,False,0.0008515934853623403,no,15,73,1770456416.4483693,0.7490774907749077,0.8305084745762712,0.6666666666666666,0.5993360492136206,0.7379032258064516,0.809901880008988,0.5962732919254659,0.8132530120481928,79,0.5853658536585366,0.6075949367088608,248,0.7988165680473372,0.4297775905235103,15
hardy-sweep-3560,flqtdv1o,90967,0.1,VideoPrism,mean,0.9,5,0.3165113185699753,4,AdamW,reduce,9,sustained_phonation_e,256,1024,111,-1,True,False,0.0002920028749066999,no,36,111,1770526109.4769337,0.7011070110701108,0.8303281644428417,0.6523605150214592,0.6783315988044457,0.6895161290322581,0.8047337278106509,0.6130653266331658,0.859375,79,0.5083333333333333,0.7721518987341772,248,0.650887573964497,0.5280889369379079,36
electric-sweep-850,ezaxfk6n,44482,0.1,VideoPrism,mean,0.9,4,0.39911481924912007,4,AdamW,reduce,8,sustained_phonation_e,256,1024,125,-1,True,False,0.00022648657338366168,no,20,125,1770357355.0185783,0.7195571955719557,0.8301779059983171,0.6607142857142857,0.6686429093244771,0.7096774193548387,0.8094524754700022,0.625,0.8592592592592593,79,0.5309734513274337,0.759493670886076,248,0.6863905325443787,0.5003695323971508,20
giddy-sweep-2013,v3583ubv,32345,0.1,VideoPrism,mean,0.9,5,0.3930906584782092,4,AdamW,reduce,9,sustained_phonation_e,256,512,140,-1,True,False,0.0008682223220672604,no,27,140,1770429937.7186778,0.7601476014760148,0.8300276475537924,0.6700507614213198,0.53666187608374,0.7338709677419355,0.8046588270541533,0.5875,0.8083832335329342,79,0.5802469135802469,0.5949367088607594,248,0.7988165680473372,0.22984853178813472,27
silvery-sweep-4278,swdvdxw5,65459,0.1,VideoPrism,mean,0.9,5,0.410318382345768,4,AdamW,reduce,7,sustained_phonation_e,256,768,125,-1,True,False,0.0004994916657459043,no,31,125,1770571096.6326835,0.7380073800738007,0.8299975958648876,0.6570048309178744,0.5874841226422919,0.7338709677419355,0.8111002921129503,0.5925925925925926,0.8121212121212121,79,0.5783132530120482,0.6075949367088608,248,0.7928994082840237,0.35039363168103493,31
misunderstood-sweep-2689,e8x9pzz9,20016,0.1,VideoPrism,mean,0.9,4,0.3879497933785878,4,AdamW,reduce,8,sustained_phonation_e,256,512,138,-1,True,False,0.00034490335078883177,no,41,138,1770472435.8457744,0.7416974169741697,0.8299675441759826,0.6666666666666666,0.5914998100692496,0.7379032258064516,0.813272414051382,0.6107784431137725,0.825,79,0.5795454545454546,0.6455696202531646,248,0.7810650887573964,0.3924240946647322,41
daily-sweep-1761,a2pyrk73,39421,0.1,VideoPrism,mean,0.9,3,0.12495873237539162,4,AdamW,reduce,6,sustained_phonation_e,256,512,124,-1,True,False,0.0033043075892285633,no,33,124,1770414391.3334398,0.7675276752767528,0.8298172857314581,0.676923076923077,0.5341388959286397,0.7379032258064516,0.8120365515691708,0.5806451612903226,0.8023255813953488,79,0.5921052631578947,0.569620253164557,248,0.8165680473372781,0.2149424749355786,33
wild-sweep-2707,z5lwiaqz,13183,0.1,VideoPrism,mean,0.9,5,0.20841569729366943,4,AdamW,reduce,8,sustained_phonation_e,256,1024,161,-1,True,False,0.00041283870085736553,no,25,161,1770473465.6549292,0.7453874538745388,0.8297271306647435,0.6600985221674877,0.5560597388066929,0.7217741935483871,0.8087409182832747,0.5766871165644172,0.8048780487804879,79,0.5595238095238095,0.5949367088607594,248,0.7810650887573964,0.3116874655658949,25
major-sweep-876,4sp0kdu8,49816,0.1,VideoPrism,mean,0.9,5,0.2458862617406985,4,AdamW,step,5,sustained_phonation_e,256,1024,144,-1,True,False,0.002337827881750245,no,35,144,1770358924.8596034,0.7564575645756457,0.8296670272869335,0.6597938144329897,0.5461409133738697,0.7419354838709677,0.8084038648790353,0.6,0.8143712574850299,79,0.5925925925925926,0.6075949367088608,248,0.8047337278106509,0.23128189642204153,35
jumping-sweep-2913,bin6js30,14948,0.1,VideoPrism,mean,0.9,3,0.1347987887803897,4,AdamW,step,7,sustained_phonation_e,256,1024,185,-1,True,False,0.00013180628797899305,no,46,185,1770486265.960115,0.7416974169741697,0.8295468205313139,0.6698113207547169,0.6138957415559635,0.7298387096774194,0.8113998951389408,0.6035502958579881,0.8227848101265823,79,0.5666666666666667,0.6455696202531646,248,0.7692307692307693,0.463116239350924,46
drawn-sweep-1971,igk75e51,8577,0.1,VideoPrism,mean,0.9,4,0.4026969505636996,4,AdamW,reduce,7,sustained_phonation_e,256,768,145,-1,True,False,0.00024600428906933826,no,30,145,1770427233.2074194,0.7269372693726938,0.8293665103978844,0.6605504587155964,0.6536637729384362,0.7217741935483871,0.8055576361321249,0.6145251396648045,0.8378378378378378,79,0.55,0.6962025316455697,248,0.7337278106508875,0.4666497237995665,30
upbeat-sweep-1697,h6r79vjd,48451,0.1,VideoMAEv2,mean,0.9,3,0.23238012549405007,4,AdamW,reduce,5,sustained_phonation_e,256,512,148,-1,True,False,0.0011270659813160722,no,64,148,1770410261.372825,0.7380073800738007,0.8292463036422647,0.6899563318777293,0.6870518887614852,0.6653225806451613,0.7421166953786233,0.5829145728643216,0.8359375,79,0.48333333333333334,0.7341772151898734,248,0.6331360946745562,0.34089267406865065,64
charmed-sweep-1089,eklhgd85,52353,0.1,VideoPrism,mean,0.9,4,0.4013424017151497,4,AdamW,reduce,4,sustained_phonation_e,256,768,158,-1,True,False,0.0013232817946423627,no,32,158,1770371961.996123,0.7490774907749077,0.82915614857555,0.6666666666666666,0.5365182869548727,0.7217741935483871,0.8046962774324021,0.5714285714285714,0.8012048192771084,79,0.5609756097560976,0.5822784810126582,248,0.7869822485207101,0.24437947191864068,32
summer-sweep-5538,ecudfqby,82027,0.1,VideoMAEv2,mean,0.9,3,0.3490509124971853,4,AdamW,reduce,9,sustained_phonation_e,256,512,111,-1,True,False,0.0015583264481975922,no,56,111,1770650624.5538044,0.7564575645756457,0.8286452698641664,0.6732673267326733,0.5059730782280109,0.7096774193548387,0.7478840536289416,0.55,0.7904191616766467,79,0.5432098765432098,0.5569620253164557,248,0.7810650887573964,0.221750565225094,56
clean-sweep-2662,n6kox8i4,34365,0.1,VideoPrism,mean,0.9,4,0.4480493546030194,4,AdamW,reduce,6,sustained_phonation_e,256,768,152,-1,True,False,0.0032927816878697133,no,43,152,1770470566.1597068,0.7601476014760148,0.8284649597307367,0.6596858638743456,0.53775279526341,0.7258064516129032,0.8070182008838289,0.5641025641025641,0.7953216374269005,79,0.5714285714285714,0.5569620253164557,248,0.8047337278106509,0.22491087352960265,43
laced-sweep-1276,9kyy5n8j,84751,0.1,VideoPrism,mean,0.9,5,0.13959143946467012,4,AdamW,reduce,5,sustained_phonation_e,256,1024,137,-1,True,False,0.00057915150632,no,39,137,1770383893.5987325,0.7416974169741697,0.8283147012862122,0.65,0.5700632102814988,0.7419354838709677,0.7979177589693657,0.5949367088607594,0.8106508875739645,79,0.5949367088607594,0.5949367088607594,248,0.8106508875739645,0.35785103468434765,39
giddy-sweep-1751,lfiqgvni,75743,0.1,VideoPrism,mean,0.9,5,0.3892164285306855,4,AdamW,reduce,10,sustained_phonation_e,256,512,149,-1,True,False,0.002667282374819108,no,40,149,1770413685.2306032,0.7453874538745388,0.8282545979084025,0.6349206349206349,0.5218503833696851,0.7379032258064516,0.8167927496067711,0.5578231292517006,0.7888888888888889,79,0.6029411764705882,0.5189873417721519,248,0.8402366863905325,0.2763079054791335,40
laced-sweep-3189,ni91mpt6,62437,0.1,VideoPrism,mean,0.9,5,0.39290788366890206,4,AdamW,reduce,10,sustained_phonation_e,256,768,187,-1,True,False,0.0008257723304069939,no,51,187,1770503113.1998105,0.7453874538745388,0.8281644428416877,0.649746192893401,0.5460725813774165,0.7298387096774194,0.7983297131301027,0.5786163522012578,0.8035714285714286,79,0.575,0.5822784810126582,248,0.7988165680473372,0.2291507845480584,51
brisk-sweep-1147,e2giysac,13118,0.1,VideoPrism,mean,0.9,3,0.44316181939178734,4,AdamW,reduce,4,sustained_phonation_e,256,1024,195,-1,True,False,0.003746353943045734,no,55,195,1770375599.1465254,0.7527675276752768,0.8281043394638778,0.6633165829145728,0.5497565405835085,0.7298387096774194,0.8139465208598606,0.567741935483871,0.7965116279069767,79,0.5789473684210527,0.5569620253164557,248,0.8106508875739645,0.2300833586672248,55
grateful-sweep-2308,eqo3s2ha,57469,0.1,VideoPrism,mean,0.9,4,0.29410429888526524,4,AdamW,reduce,8,sustained_phonation_e,256,1024,180,-1,True,False,0.00015229182694416154,no,46,180,1770448757.7585275,0.7306273062730627,0.8279240293304483,0.669683257918552,0.6570098459500668,0.7338709677419355,0.8111751928694481,0.6451612903225806,0.8652482269503546,79,0.5607476635514018,0.759493670886076,248,0.7218934911242604,0.4955759168405552,46
ethereal-sweep-3671,l3rn6ucl,74706,0.1,VideoPrism,mean,0.9,4,0.4332611027947547,4,AdamW,reduce,5,sustained_phonation_e,256,1024,152,-1,True,False,0.0016795571399278136,no,32,152,1770532831.7954445,0.7601476014760148,0.8278038225748288,0.6632124352331606,0.5288560614814618,0.7298387096774194,0.7912515916410756,0.567741935483871,0.7965116279069767,79,0.5789473684210527,0.5569620253164557,248,0.8106508875739645,0.18787935437363032,32
still-sweep-1925,lvw0zugx,37297,0.1,VideoPrism,mean,0.9,4,0.2874474378916084,4,AdamW,reduce,8,sustained_phonation_e,256,256,145,-1,True,False,0.0007226979093613516,no,32,145,1770424569.8434703,0.7490774907749077,0.8274432023079696,0.6633663366336634,0.5678608582468491,0.7379032258064516,0.8095273762264998,0.6012269938650306,0.8170731707317073,79,0.5833333333333334,0.620253164556962,248,0.7928994082840237,0.31557849459579596,32
proud-sweep-2829,ic6tj2aw,56880,0.1,VideoPrism,mean,0.9,4,0.21655841895110917,4,AdamW,reduce,4,sustained_phonation_e,256,1024,80,-1,True,False,0.00035885937628448187,no,24,80,1770481066.9355695,0.6937269372693727,0.82732299555235,0.6639676113360324,0.6894095801779265,0.6612903225806451,0.802411804359224,0.6,0.8632478632478633,79,0.4809160305343512,0.7974683544303798,248,0.5976331360946746,0.5213334216474262,24
sunny-sweep-1867,at0x0tve,45584,0.1,VideoPrism,mean,0.9,4,0.4919788381802711,4,AdamW,reduce,10,sustained_phonation_e,256,1024,161,-1,True,False,0.0011665678648487764,no,41,161,1770420882.2084303,0.7453874538745388,0.8272027887967304,0.6532663316582915,0.5426644656491015,0.7459677419354839,0.7951838813572016,0.6086956521739131,0.8192771084337349,79,0.5975609756097561,0.620253164556962,248,0.8047337278106509,0.23602694597332383,41
drawn-sweep-2283,c4df3low,44175,0.1,VideoPrism,mean,0.9,5,0.44382928868930416,4,AdamW,reduce,10,sustained_phonation_e,256,1024,136,-1,True,False,0.0007752350964869408,no,30,136,1770447249.5932813,0.7380073800738007,0.8272027887967304,0.6432160804020101,0.5509248459471108,0.7258064516129032,0.7935360647142535,0.569620253164557,0.7988165680473372,79,0.569620253164557,0.569620253164557,248,0.7988165680473372,0.28005446300859077,30
fresh-sweep-3588,iuba2bra,30595,0.1,VideoPrism,mean,0.9,4,0.2496341152946088,4,AdamW,reduce,5,sustained_phonation_e,256,256,169,-1,True,False,0.001785786041643262,no,32,169,1770527786.9685152,0.7416974169741697,0.8271126337300156,0.65,0.568633976677687,0.7258064516129032,0.8094524754700022,0.575,0.8023952095808383,79,0.5679012345679012,0.5822784810126582,248,0.7928994082840237,0.1938785918255851,32
sleek-sweep-1624,c7fdes60,23329,0.1,VideoPrism,mean,0.9,3,0.3874256545475694,4,AdamW,reduce,6,sustained_phonation_e,256,768,111,-1,True,False,0.0002216116522130911,no,25,111,1770405596.7728522,0.7306273062730627,0.8270825820411107,0.669683257918552,0.6458026232314725,0.7258064516129032,0.8053329338626319,0.6222222222222222,0.8435374149659864,79,0.5544554455445545,0.7088607594936709,248,0.7337278106508875,0.5033543801405591,25
skilled-sweep-4523,fknh66rf,76602,0.1,VideoMAEv2,mean,0.9,4,0.4469581784934157,4,AdamW,reduce,7,sustained_phonation_e,256,512,198,-1,True,False,0.002798823264519544,no,73,198,1770586822.3954113,0.7490774907749077,0.8269623752854911,0.6792452830188679,0.568311165399657,0.6653225806451613,0.7257508800838889,0.5146198830409356,0.7756410256410257,79,0.4782608695652174,0.5569620253164557,248,0.7159763313609467,0.24880526877281847,73
whole-sweep-2908,8j82j8hx,58245,0.1,VideoPrism,mean,0.9,3,0.249500844294123,4,AdamW,reduce,9,sustained_phonation_e,256,768,151,-1,True,False,0.0007195063690228319,no,27,151,1770485964.164357,0.7343173431734318,0.8266618583964419,0.6326530612244898,0.5524389695417398,0.7379032258064516,0.8014755449030035,0.5806451612903226,0.8023255813953488,79,0.5921052631578947,0.569620253164557,248,0.8165680473372781,0.32153807387704475,27
whole-sweep-5185,bf7y6q6c,23619,0.1,VideoPrism,mean,0.9,3,0.24109398980351557,4,AdamW,reduce,8,sustained_phonation_e,256,512,198,-1,True,False,0.0007608963023429886,no,39,198,1770628553.0987966,0.7527675276752768,0.8265416516408222,0.6633165829145728,0.5358946882050856,0.7419354838709677,0.8002396824207925,0.6,0.8143712574850299,79,0.5925925925925926,0.6075949367088608,248,0.8047337278106509,0.275394667467787,39
sleek-sweep-2246,khuxxl6e,42681,0.1,VideoPrism,mean,0.9,4,0.30549428199890394,4,AdamW,reduce,8,sustained_phonation_e,256,768,103,-1,True,False,0.0004236364499709571,no,30,103,1770444920.2970967,0.7343173431734318,0.8263613415073927,0.6571428571428571,0.6138106793495122,0.7258064516129032,0.8105759868174669,0.5903614457831325,0.8136645962732919,79,0.5632183908045977,0.620253164556962,248,0.7751479289940828,0.42717585444939943,30
whole-sweep-4526,3yn24vkl,49991,0.1,VideoMAEv2,mean,0.9,5,0.4806355735722052,4,AdamW,reduce,6,sustained_phonation_e,256,512,168,-1,True,False,0.004459841971211556,no,58,168,1770586979.8646483,0.7601476014760148,0.8263613415073927,0.6700507614213198,0.5083252209139046,0.7056451612903226,0.740468878735675,0.535031847133758,0.7823529411764706,79,0.5384615384615384,0.5316455696202531,248,0.7869822485207101,0.2670731509001103,58
stellar-sweep-2042,z1czem4c,64223,0.1,VideoPrism,mean,0.9,5,0.29568495764973823,4,AdamW,reduce,8,sustained_phonation_e,256,1024,158,-1,True,False,0.003042418910565681,no,42,158,1770431795.1029391,0.7490774907749077,0.8263312898184876,0.6494845360824743,0.5453781540543391,0.7298387096774194,0.7942101715227323,0.567741935483871,0.7965116279069767,79,0.5789473684210527,0.5569620253164557,248,0.8106508875739645,0.21768337277049157,42
vivid-sweep-1814,w7jbqjzi,30530,0.1,VideoPrism,mean,0.9,3,0.16069753134483344,4,AdamW,reduce,7,sustained_phonation_e,256,512,130,-1,True,False,0.00112324508022304,no,35,130,1770417589.3746965,0.7490774907749077,0.8263012381295829,0.66,0.5316036200611354,0.7217741935483871,0.7880308591116771,0.5660377358490566,0.7976190476190477,79,0.5625,0.569620253164557,248,0.7928994082840237,0.306751484866015,35
serene-sweep-3970,5jnwi9us,43427,0.1,VideoMAEv2,mean,0.9,4,0.3504670992393595,4,AdamW,reduce,6,sustained_phonation_e,256,768,144,-1,True,False,0.006133361834468625,no,67,144,1770551365.4229054,0.7712177121771218,0.826271186440678,0.7075471698113207,0.5150423098314292,0.7258064516129032,0.7454872294210171,0.5853658536585366,0.8098159509202454,79,0.5647058823529412,0.6075949367088608,248,0.7810650887573964,0.2254202834022608,67
winter-sweep-1324,8kmzsfkh,13775,0.1,VideoPrism,mean,0.9,5,0.45111535164788574,4,AdamW,reduce,10,sustained_phonation_e,256,768,85,-1,True,False,0.00040181290122605714,no,24,85,1770386720.8478236,0.6863468634686347,0.8261209279961534,0.6530612244897959,0.6848071358300662,0.6774193548387096,0.8058572391581156,0.6116504854368932,0.8677685950413223,79,0.49606299212598426,0.7974683544303798,248,0.621301775147929,0.529002650072932,24
dauntless-sweep-4954,gjk434bt,2607,0.1,VideoPrism,mean,0.9,4,0.36136217343950183,4,AdamW,reduce,5,sustained_phonation_e,256,1024,128,-1,True,False,0.00030772659110148604,no,37,128,1770613847.4156098,0.7343173431734318,0.8261209279961533,0.6697247706422018,0.6556527959904548,0.7217741935483871,0.8052580331061343,0.6145251396648045,0.8378378378378378,79,0.55,0.6962025316455697,248,0.7337278106508875,0.4691481893189879,37
sweet-sweep-3487,2o83loza,31591,0.1,VideoPrism,mean,0.9,4,0.4233907448081037,4,AdamW,step,4,sustained_phonation_e,256,1024,175,-1,True,False,0.0009135342876498104,no,49,175,1770521579.2937694,0.7416974169741697,0.8258805144849141,0.6276595744680851,0.5244810598802743,0.7298387096774194,0.7908021871020897,0.5562913907284768,0.7897727272727273,79,0.5833333333333334,0.5316455696202531,248,0.8224852071005917,0.2654788349076218,49
firm-sweep-2370,1ltej479,47913,0.1,VideoPrism,mean,0.9,4,0.45385642213655086,4,AdamW,reduce,4,sustained_phonation_e,256,768,121,-1,True,False,0.0002922743964881084,no,31,121,1770452574.4327023,0.7380073800738007,0.8257603077292944,0.6666666666666666,0.6362981675295812,0.717741935483871,0.8099767807654856,0.5833333333333334,0.8113207547169812,79,0.550561797752809,0.620253164556962,248,0.7633136094674556,0.4797094065917836,31
peachy-sweep-1246,w0fcqto1,44962,0.1,VideoPrism,mean,0.9,5,0.1338423819061325,4,AdamW,step,3,sustained_phonation_e,256,1024,175,-1,True,False,0.0015790852978833471,no,53,175,1770381915.784169,0.7380073800738007,0.8256401009736747,0.6282722513089005,0.5246240540624105,0.7419354838709677,0.7841734701520485,0.5733333333333334,0.7966101694915254,79,0.6056338028169014,0.5443037974683544,248,0.834319526627219,0.27196691970071263,53
genial-sweep-4150,iegqqsch,17824,0.1,VideoPrism,mean,0.9,5,0.23269710288291448,4,AdamW,reduce,9,sustained_phonation_e,256,512,91,-1,True,False,0.0014061851378061754,no,25,91,1770562827.7968216,0.7601476014760148,0.8255499459069598,0.6666666666666666,0.545026148157366,0.7258064516129032,0.8066811474795894,0.5526315789473685,0.7885714285714286,79,0.5753424657534246,0.5316455696202531,248,0.8165680473372781,0.27078646849802634,25
desert-sweep-4034,ibwyshhh,6518,0.1,VideoPrism,mean,0.9,4,0.3632685935018034,4,AdamW,reduce,6,sustained_phonation_e,256,768,166,-1,True,False,0.00025897384029176327,no,39,166,1770555667.1408536,0.7380073800738007,0.825519894218055,0.6697674418604651,0.6377837970248008,0.7459677419354839,0.8071305520185753,0.6358381502890174,0.8441558441558441,79,0.5851063829787234,0.6962025316455697,248,0.7692307692307693,0.4640329847957564,39
valiant-sweep-2530,5v5zqpck,78741,0.1,VideoPrism,mean,0.9,5,0.246702700242837,4,AdamW,reduce,10,sustained_phonation_e,256,1024,182,-1,True,False,0.001037389190561747,no,35,182,1770462435.977266,0.7453874538745388,0.8254898425291501,0.6567164179104478,0.5446608537237583,0.7459677419354839,0.8062317429406037,0.6181818181818182,0.8271604938271605,79,0.5930232558139535,0.6455696202531646,248,0.7928994082840237,0.26623621264767106,35
valiant-sweep-4660,l2k5vtn5,45603,0.1,VideoMAEv2,mean,0.9,5,0.3962713422499016,4,AdamW,reduce,8,sustained_phonation_e,256,512,172,-1,True,False,0.009427024259781392,no,66,172,1770595309.5782862,0.7675276752767528,0.8253996874624353,0.6865671641791045,0.5220541817675657,0.6935483870967742,0.7171372930866602,0.5308641975308642,0.7818181818181819,79,0.5180722891566265,0.5443037974683544,248,0.7633136094674556,0.22118015743378985,66
likely-sweep-3020,supk661n,88668,0.1,VideoPrism,mean,0.9,5,0.3376491604438641,4,AdamW,reduce,5,sustained_phonation_e,256,768,187,-1,True,False,0.0011223911954608508,no,38,187,1770492850.4301322,0.7416974169741697,0.825189325640101,0.6464646464646465,0.548884050872493,0.7258064516129032,0.7954834843831924,0.5802469135802469,0.806060606060606,79,0.5662650602409639,0.5949367088607594,248,0.7869822485207101,0.2431633178091147,38
dry-sweep-4830,fnkw4xqf,10918,0.1,VideoMAEv2,mean,0.9,5,0.28039946093702595,4,AdamW,reduce,7,sustained_phonation_e,256,256,194,-1,True,False,0.001105010027345059,no,66,194,1770606308.216263,0.7564575645756457,0.8249188604399567,0.6796116504854369,0.5850330019349101,0.7056451612903226,0.7412178863006516,0.562874251497006,0.8,79,0.5340909090909091,0.5949367088607594,248,0.757396449704142,0.2145585010795867,66
clean-sweep-1182,fq2dek8k,16463,0.1,VideoPrism,mean,0.9,4,0.3491896314251616,4,AdamW,reduce,4,sustained_phonation_e,256,768,92,-1,True,False,0.0008080437094637703,no,25,92,1770377828.0030262,0.34686346863468637,0.8249188604399567,0.5150684931506849,0.7322729720400708,0.3185483870967742,0.7985169650213466,0.4831804281345566,0.0,79,0.3185483870967742,1.0,248,0.0,0.5413375274111848,25
restful-sweep-4992,635aaxng,11329,0.1,VideoMAEv2,mean,0.9,5,0.13172857956977313,4,AdamW,reduce,9,sustained_phonation_e,256,768,144,-1,True,False,0.0028028312852639023,no,53,144,1770616396.267154,0.7822878228782287,0.824798653684337,0.714975845410628,0.6739713679380522,0.6774193548387096,0.7539884652834994,0.5604395604395604,0.8068965517241379,79,0.4951456310679612,0.6455696202531646,248,0.6923076923076923,0.344960503693234,53
dark-sweep-3430,p1d1tmlp,22144,0.1,VideoPrism,mean,0.9,5,0.402595789826547,4,AdamW,reduce,7,sustained_phonation_e,256,256,62,-1,True,False,0.0016970923491177322,no,21,62,1770518225.8991022,0.7564575645756457,0.8247385503065271,0.6632653061224489,0.5778150193365738,0.7459677419354839,0.8070556512620778,0.5882352941176471,0.8045977011494253,79,0.6081081081081081,0.569620253164557,248,0.8284023668639053,0.4083985442131207,21
unique-sweep-895,3a2qbw9b,59105,0.1,VideoPrism,mean,0.9,5,0.1783284910178312,4,AdamW,reduce,4,sustained_phonation_e,256,1024,180,-1,True,False,0.0006675699224019867,no,52,180,1770360085.271432,0.7638376383763837,0.8246784469287175,0.6701030927835051,0.5210085476016646,0.7258064516129032,0.7941352707662347,0.5641025641025641,0.7953216374269005,79,0.5714285714285714,0.5569620253164557,248,0.8047337278106509,0.27603128001675226,52
misunderstood-sweep-3845,q69sntj2,74865,0.1,VideoPrism,mean,0.9,4,0.32558714737279437,4,AdamW,reduce,6,sustained_phonation_e,256,1024,125,-1,True,False,0.000284313288737977,no,31,125,1770543575.9252615,0.7416974169741697,0.8246183435509076,0.6464646464646465,0.5641142884303723,0.7298387096774194,0.8105010860609692,0.588957055214724,0.8109756097560976,79,0.5714285714285714,0.6075949367088608,248,0.7869822485207101,0.38706584430817953,31
playful-sweep-1362,ld79peqs,60691,0.1,VideoMAEv2,mean,0.9,5,0.3366767541400476,4,AdamW,reduce,10,sustained_phonation_e,256,1024,193,-1,True,False,0.0008815446705342083,no,71,193,1770389082.2989707,0.7785977859778598,0.8245582401730976,0.7,0.5157992523094824,0.6975806451612904,0.7227173994457344,0.5283018867924528,0.7797619047619048,79,0.525,0.5316455696202531,248,0.7751479289940828,0.23641825741199007,71
robust-sweep-1504,0nuivg2t,89662,0.1,VideoPrism,mean,0.9,3,0.22914450777056136,4,AdamW,reduce,4,sustained_phonation_o,256,1024,195,-1,True,False,0.002542250703545636,no,58,195,1770401269.8148437,0.7657992565055762,0.8488514173998045,0.6865671641791045,0.5536103069117522,0.7479674796747967,0.8036897590361447,0.6309523809523809,0.8291139240506329,80,0.6022727272727273,0.6625,246,0.7891566265060241,0.2045229883952131,58
lively-sweep-2974,5xwjj668,79085,0.1,VideoPrism,mean,0.9,3,0.12841603707012458,4,AdamW,reduce,7,sustained_phonation_o,256,768,120,-1,True,False,0.0017262570556236883,no,26,120,1770494710.1753764,0.7657992565055762,0.8475684261974585,0.676923076923077,0.5700183448738325,0.7195121951219512,0.7876882530120481,0.6011560693641619,0.8169934640522876,80,0.5591397849462365,0.65,246,0.7530120481927711,0.26437660265553947,26
lunar-sweep-862,5bamj04b,4410,0.1,VideoPrism,mean,0.9,4,0.12739786277314957,4,AdamW,step,8,sustained_phonation_o,256,768,191,-1,True,False,0.0011762151336906824,no,40,191,1770360390.5700555,0.7657992565055762,0.8464687194525904,0.6834170854271356,0.5593829908335519,0.7276422764227642,0.7848268072289157,0.588957055214724,0.803680981595092,80,0.5783132530120482,0.6,246,0.7891566265060241,0.277348135877972,40
radiant-sweep-5387,2keuonu3,67832,0.1,VideoPrism,mean,0.9,4,0.36761572738739146,4,AdamW,reduce,4,sustained_phonation_o,256,768,193,-1,True,False,0.0018024302121445932,no,44,193,1770648647.7167966,0.7620817843866171,0.8450024437927663,0.6701030927835051,0.5501556757657501,0.7317073170731707,0.792808734939759,0.5875,0.8012048192771084,80,0.5875,0.5875,246,0.8012048192771084,0.22084800003130745,44
glowing-sweep-2721,b0p7v5xh,87760,0.1,VideoPrism,mean,0.9,5,0.41293488061669226,4,AdamW,reduce,3,sustained_phonation_o,256,768,192,-1,True,False,0.0011961244647276765,no,47,192,1770478463.6591034,0.7434944237918215,0.8427724828934506,0.6698564593301436,0.6723206165111641,0.7317073170731707,0.7879518072289157,0.6333333333333333,0.8424657534246576,80,0.57,0.7125,246,0.7409638554216867,0.3789398311837319,47
serene-sweep-3600,tkk1j1v5,13530,0.1,VideoPrism,mean,0.9,5,0.3213520822002067,4,AdamW,step,5,sustained_phonation_o,256,256,161,-1,True,False,0.0004625643581385237,no,40,161,1770534373.0297723,0.7397769516728625,0.8425281036168133,0.6634615384615384,0.6558720930358292,0.7195121951219512,0.7934111445783133,0.6229508196721312,0.8391608391608392,80,0.5533980582524272,0.7125,246,0.7228915662650602,0.42774859509585095,40
astral-sweep-2337,fozn238r,7874,0.1,VideoPrism,mean,0.9,5,0.3299293830966264,4,AdamW,reduce,7,sustained_phonation_o,256,512,135,-1,True,False,0.0004397400118798508,no,35,135,1770454233.7473562,0.7546468401486989,0.8404814271749755,0.6857142857142857,0.5915219555556995,0.7154471544715447,0.785730421686747,0.6067415730337079,0.8243243243243243,80,0.5510204081632653,0.675,246,0.7349397590361446,0.38881932378790374,35
light-sweep-4212,zcjqjl8g,22555,0.1,VideoPrism,mean,0.9,4,0.38655416108059215,4,AdamW,reduce,8,sustained_phonation_o,256,512,200,-1,True,False,0.00016424235853581463,no,37,200,1770573553.6953614,0.7546468401486989,0.8393817204301076,0.6826923076923077,0.5886911335487791,0.7398373983739838,0.8002259036144579,0.627906976744186,0.8311688311688312,80,0.5869565217391305,0.675,246,0.7710843373493976,0.4108031745581052,37
still-sweep-2245,qtqptjdd,94602,0.1,VideoPrism,mean,0.9,5,0.14345527014415094,4,AdamW,reduce,6,sustained_phonation_o,256,512,168,-1,True,False,0.0003262284931164378,no,46,168,1770448192.6718066,0.7360594795539034,0.8393206256109482,0.6757990867579908,0.6713986430026342,0.6910569105691057,0.7872740963855421,0.5869565217391305,0.8169014084507042,80,0.5192307692307693,0.675,246,0.6987951807228916,0.4765107523200458,46
astral-sweep-5422,ffmf2foq,1994,0.1,VideoPrism,mean,0.9,4,0.13230512592795118,4,AdamW,step,3,sustained_phonation_o,256,512,102,-1,True,False,0.0005428613210098005,no,28,102,1770650837.2304893,0.7620817843866171,0.8389540566959921,0.6952380952380952,0.5872132518920756,0.7073170731707317,0.7897590361445783,0.5955056179775281,0.8175675675675675,80,0.5408163265306123,0.6625,246,0.7289156626506024,0.3883887500119356,28
efficient-sweep-892,e41olyk7,54559,0.1,VideoPrism,mean,0.9,5,0.4206157309883837,4,AdamW,reduce,7,sustained_phonation_o,256,768,137,-1,True,False,0.00031430335087031397,no,18,137,1770362358.8972535,0.758364312267658,0.8382209188660801,0.6859903381642513,0.6124016026581973,0.7357723577235772,0.7920180722891567,0.6242774566473989,0.8300653594771242,80,0.5806451612903226,0.675,246,0.7650602409638554,0.4459344545390708,18
celestial-sweep-501,a56crfah,3641,0.1,VideoPrism,mean,0.9,5,0.11658451414844465,4,AdamW,reduce,3,sustained_phonation_o,256,1024,150,-1,True,False,0.0015108729998005415,no,34,150,1770335928.366306,0.7620817843866171,0.8380681818181819,0.6701030927835051,0.5246145703092384,0.7235772357723578,0.7896084337349398,0.5903614457831325,0.80625,80,0.5697674418604651,0.6125,246,0.7771084337349398,0.2851248838784505,34
bright-sweep-675,nofxvjcl,24520,0.1,VideoPrism,mean,0.9,5,0.20351288452859576,4,AdamW,step,10,sustained_phonation_o,256,1024,179,-1,True,False,0.00036460843794546385,no,41,179,1770347882.8514018,0.7695167286245354,0.8379154447702835,0.69,0.5673512406508718,0.7235772357723578,0.7864081325301204,0.6,0.8141025641025641,80,0.5666666666666667,0.6375,246,0.7650602409638554,0.317019717276462,41
dutiful-sweep-3158,giil5ca2,53657,0.1,VideoPrism,mean,0.9,5,0.23475998281066024,4,AdamW,reduce,10,sustained_phonation_o,256,512,100,-1,True,False,0.0006666493951095884,no,28,100,1770506166.0605476,0.7360594795539034,0.8378848973607038,0.6635071090047393,0.6658452184226876,0.7195121951219512,0.7955195783132529,0.6270270270270271,0.8439716312056738,80,0.5523809523809524,0.725,246,0.7168674698795181,0.4765975489328731,28
earnest-sweep-1136,sbui0anf,14936,0.1,VideoPrism,mean,0.9,5,0.4608363638063324,4,AdamW,reduce,8,sustained_phonation_o,256,768,200,-1,True,False,0.0005704585347449559,no,42,200,1770377899.528257,0.7509293680297398,0.8376710654936461,0.6666666666666666,0.5908587018796503,0.7317073170731707,0.7796686746987953,0.611764705882353,0.8205128205128205,80,0.5777777777777777,0.65,246,0.7710843373493976,0.30551991665046396,42
daily-sweep-216,qmmvbbt4,58325,0.1,VideoPrism,mean,0.9,3,0.24387180821555765,4,AdamW,reduce,3,sustained_phonation_o,256,1024,94,-1,True,False,0.001067385860682661,no,29,94,1770315765.2460043,0.7657992565055762,0.837487781036168,0.6865671641791045,0.5774455746310351,0.7235772357723578,0.7912274096385542,0.5853658536585366,0.8024691358024691,80,0.5714285714285714,0.6,246,0.7831325301204819,0.3353280610345868,29
playful-sweep-2902,vk7lihii,65469,0.1,VideoPrism,mean,0.9,4,0.4379337977377594,4,AdamW,reduce,8,sustained_phonation_o,256,768,180,-1,True,False,0.000189096131728554,no,44,180,1770490125.355857,0.7434944237918215,0.8374266862170089,0.6634146341463415,0.5921164662421414,0.7317073170731707,0.7966867469879518,0.6162790697674418,0.8246753246753247,80,0.5760869565217391,0.6625,246,0.7650602409638554,0.41821631819680183,44
pretty-sweep-775,4ko8954m,38221,0.1,VideoPrism,mean,0.9,5,0.13574658552570218,4,AdamW,reduce,3,sustained_phonation_o,256,1024,129,-1,True,False,0.0003179262851523438,no,36,129,1770354668.1231318,0.7546468401486989,0.8373044965786901,0.6915887850467289,0.6195985887573554,0.7154471544715447,0.7911521084337348,0.6153846153846154,0.8333333333333334,80,0.5490196078431373,0.7,246,0.7228915662650602,0.4358915883461147,36
copper-sweep-4734,i6p7558i,74013,0.1,VideoPrism,mean,0.9,3,0.25959162088416465,4,AdamW,reduce,5,sustained_phonation_o,256,768,115,-1,True,False,0.0002992230452412776,no,30,115,1770606994.0178428,0.7509293680297398,0.8371823069403714,0.6763285024154589,0.6140983999883375,0.7357723577235772,0.7975903614457831,0.632768361581921,0.8389261744966443,80,0.5773195876288659,0.7,246,0.7530120481927711,0.47023148923076247,30
generous-sweep-3190,hgitynmy,8010,0.1,VideoPrism,mean,0.9,5,0.3598249569928985,4,AdamW,reduce,5,sustained_phonation_o,256,768,161,-1,True,False,0.0002993916142609734,no,37,161,1770508181.3638268,0.7434944237918215,0.8370295698924731,0.6729857819905213,0.6514975752086001,0.7032520325203252,0.7843373493975904,0.6096256684491979,0.8345323741007195,80,0.5327102803738317,0.7125,246,0.6987951807228916,0.4773528895251346,37
peachy-sweep-1056,gy7ipbuu,40402,0.1,VideoPrism,mean,0.9,3,0.34808597511077044,4,AdamW,reduce,3,sustained_phonation_o,256,768,138,-1,True,False,0.0017392553103580152,no,31,138,1770372922.7761796,0.7620817843866171,0.8362658846529815,0.6666666666666666,0.5284745901490676,0.7317073170731707,0.7932228915662651,0.5875,0.8012048192771084,80,0.5875,0.5875,246,0.8012048192771084,0.238367300640586,31
flowing-sweep-4043,bztjpera,26150,0.1,VideoPrism,mean,0.9,5,0.3862565764004514,4,AdamW,step,4,sustained_phonation_o,256,768,137,-1,True,False,0.001318684507830522,no,35,137,1770562727.778773,0.7657992565055762,0.8358993157380255,0.676923076923077,0.5318631571907979,0.7113821138211383,0.7807228915662651,0.5748502994011976,0.7987421383647799,80,0.5517241379310345,0.6,246,0.7650602409638554,0.2605794560324195,35
smart-sweep-2920,3fk99ngr,89734,0.1,VideoPrism,mean,0.9,5,0.13277045693770895,4,AdamW,reduce,8,sustained_phonation_o,256,1024,93,-1,True,False,0.0004800674418115101,no,28,93,1770491214.1060474,0.7546468401486989,0.8358993157380253,0.6886792452830188,0.6573386433842457,0.7073170731707317,0.7900978915662651,0.6086956521739131,0.8309859154929577,80,0.5384615384615384,0.7,246,0.7108433734939759,0.5091767008197332,28
rare-sweep-3301,atdtse3m,59892,0.1,VideoPrism,mean,0.9,5,0.2921334154403825,4,AdamW,reduce,8,sustained_phonation_o,256,768,131,-1,True,False,0.0005057701454975977,no,39,131,1770515272.9349277,0.7546468401486989,0.8355021994134897,0.6732673267326733,0.5817707963149343,0.7235772357723578,0.7889307228915663,0.6,0.8141025641025641,80,0.5666666666666667,0.6375,246,0.7650602409638554,0.3590097572418322,39
treasured-sweep-3267,zw4tu9qn,31849,0.1,VideoPrism,mean,0.9,4,0.35142820590373813,4,AdamW,step,4,sustained_phonation_o,256,1024,128,-1,True,False,0.00022812447250854912,no,35,128,1770513129.166931,0.7397769516728625,0.8348301564027371,0.6818181818181818,0.6635086746907145,0.7073170731707317,0.793222891566265,0.625,0.8507462686567164,80,0.5357142857142857,0.75,246,0.6867469879518072,0.5172311091959355,35
fresh-sweep-1781,au9ackyv,29547,0.1,VideoPrism,mean,0.9,5,0.22538499962782443,4,AdamW,reduce,5,sustained_phonation_o,256,512,182,-1,True,False,0.00048140168690601694,no,38,182,1770418799.6836605,0.7620817843866171,0.834646871945259,0.673469387755102,0.5465866238654324,0.7195121951219512,0.7833584337349397,0.591715976331361,0.8089171974522293,80,0.5617977528089888,0.625,246,0.7650602409638554,0.2739592588264762,38
warm-sweep-185,yz2nvc8e,55118,0.1,VideoPrism,mean,0.9,5,0.16279931989931873,4,AdamW,step,4,sustained_phonation_o,256,1024,173,-1,True,False,0.00013892735655302504,no,47,173,1770313757.0427427,0.34572490706319703,0.8346163245356794,0.5138121546961326,0.7038902055375195,0.3252032520325203,0.7985692771084337,0.49079754601226994,0.0,80,0.3252032520325203,1.0,246,0.0,0.5250366996889952,47
expert-sweep-1729,ql780ldd,46553,0.1,VJEPA2_SSV2,mean,0.9,5,0.15663547594635513,4,AdamW,reduce,9,sustained_phonation_o,256,1024,176,-1,True,False,7.623473853599507e-05,no,49,176,1770415515.3209603,0.35294117647058826,0.8344781144781145,0.5217391304347826,0.7495179772377014,0.32142857142857145,0.7474415204678362,0.4864864864864865,0.0,72,0.32142857142857145,1.0,224,0.0,0.5788817905524386,49
gallant-sweep-1691,9biidmf1,38861,0.1,VideoPrism,mean,0.9,3,0.1702755511042751,4,AdamW,reduce,7,sustained_phonation_o,256,1024,106,-1,True,False,0.00048524736050635986,no,28,106,1770413203.6046393,0.7546468401486989,0.8342497556207235,0.6732673267326733,0.5753946647768127,0.7113821138211383,0.7856551204819278,0.5895953757225434,0.8104575163398693,80,0.5483870967741935,0.6375,246,0.7469879518072289,0.3836141203078755,28
fallen-sweep-2612,bd4b2gl6,96130,0.1,VideoPrism,mean,0.9,5,0.34836608360783283,4,AdamW,reduce,5,sustained_phonation_o,256,1024,137,-1,True,False,0.00027349368011885775,no,38,137,1770471420.7425303,0.758364312267658,0.8334555229716519,0.6798029556650246,0.5836324656319885,0.7276422764227642,0.7929216867469879,0.6214689265536724,0.8322147651006712,80,0.5670103092783505,0.6875,246,0.7469879518072289,0.3968966621562747,38
quiet-sweep-754,7qg7zrdj,71520,0.1,VideoPrism,mean,0.9,4,0.18698084849622051,4,AdamW,step,9,sustained_phonation_o,256,1024,194,-1,True,False,0.0003380225454542026,no,52,194,1770353188.9059694,0.7546468401486989,0.8333333333333334,0.67,0.5772190093994141,0.7235772357723578,0.7819277108433735,0.5952380952380952,0.810126582278481,80,0.5681818181818182,0.625,246,0.7710843373493976,0.38351499894157753,52
spring-sweep-3207,r94612ge,40049,0.1,VideoPrism,mean,0.9,4,0.2345630467474717,4,AdamW,reduce,3,sustained_phonation_o,256,1024,153,-1,True,False,0.0004108210829891609,no,38,153,1770509274.6849337,0.7509293680297398,0.8333027859237537,0.6794258373205742,0.6128877365899352,0.7235772357723578,0.7845256024096385,0.6179775280898876,0.831081081081081,80,0.5612244897959183,0.6875,246,0.7409638554216867,0.4060080715727465,38
comfy-sweep-2493,gwqfifyq,22760,0.1,VideoPrism,mean,0.9,4,0.40196443907702495,4,AdamW,reduce,6,sustained_phonation_o,256,1024,102,-1,True,False,0.0008871994913554404,no,20,102,1770464046.0286586,0.34572490706319703,0.8324474584555229,0.5138121546961326,0.7188913718032128,0.3252032520325203,0.7869352409638555,0.49079754601226994,0.0,80,0.3252032520325203,1.0,246,0.0,0.4748234048577174,20
clean-sweep-204,uj8rz660,65561,0.1,VideoPrism,mean,0.9,5,0.3481063497022162,4,AdamW,step,3,sustained_phonation_o,256,1024,174,-1,True,False,0.0006014659089825541,no,39,174,1770314944.1284976,0.7509293680297398,0.832172531769306,0.6455026455026455,0.5369145010483752,0.7317073170731707,0.7901731927710843,0.5822784810126582,0.7976190476190477,80,0.5897435897435898,0.575,246,0.8072289156626506,0.27616067648177745,39
radiant-sweep-1182,88l3tfb9,40648,0.1,VideoPrism,mean,0.9,5,0.38946447948011786,4,AdamW,reduce,4,sustained_phonation_o,256,768,157,-1,True,False,0.0001483415283210082,no,40,157,1770380654.4779222,0.7286245353159851,0.8321725317693058,0.669683257918552,0.6523802424452119,0.7154471544715447,0.7972138554216868,0.6354166666666666,0.8582089552238806,80,0.5446428571428571,0.7625,246,0.6927710843373494,0.5117135316072554,40
easy-sweep-3445,unjwtoe6,57054,0.1,VideoPrism,mean,0.9,5,0.2720169626007829,4,AdamW,reduce,3,sustained_phonation_o,256,512,116,-1,True,False,0.0006539085354604925,no,27,116,1770524534.629856,0.7546468401486989,0.8318976050830889,0.6826923076923077,0.604171658980359,0.7154471544715447,0.7826807228915662,0.6022727272727273,0.82,80,0.5520833333333334,0.6625,246,0.7409638554216867,0.4212315988199355,27
treasured-sweep-4988,nocnyrdt,64009,0.1,VideoPrism,mean,0.9,5,0.4250911790343638,4,AdamW,reduce,6,sustained_phonation_o,256,1024,175,-1,True,False,0.00010444671311853492,no,41,175,1770623362.718142,0.724907063197026,0.83180596285435,0.672566371681416,0.6545139675246738,0.7073170731707317,0.7983433734939759,0.625,0.8507462686567164,80,0.5357142857142857,0.75,246,0.6867469879518072,0.5074691037458876,41
legendary-sweep-3668,5xr8mqtg,76355,0.1,VideoPrism,mean,0.9,5,0.21223965621079657,4,AdamW,reduce,8,sustained_phonation_o,256,1024,195,-1,True,False,0.00013749847943281707,no,45,195,1770538664.1015055,0.7509293680297398,0.8315615835777126,0.6824644549763034,0.5931947563660632,0.7235772357723578,0.8019578313253013,0.6222222222222222,0.8356164383561644,80,0.56,0.7,246,0.7349397590361446,0.441078804021964,45
dainty-sweep-918,8sn7ey6k,26378,0.1,VJEPA2_SSV2,mean,0.9,5,0.2110350507807171,4,AdamW,reduce,10,sustained_phonation_o,256,768,152,-1,True,False,0.001302238800326411,no,57,152,1770364049.9199655,0.7686274509803922,0.8313804713804714,0.6844919786096256,0.5055637955665588,0.7276785714285714,0.7437408625730993,0.5960264900662252,0.8137931034482758,72,0.569620253164557,0.625,224,0.7763157894736842,0.2936015114388658,57
scarlet-sweep-82,opprip5p,82823,0.1,VideoPrism,mean,0.9,5,0.115311329445798,4,AdamW,reduce,7,sustained_phonation_o,256,512,191,-1,True,False,0.0014157757352024915,no,50,191,1770307208.5904732,0.7546468401486989,0.8312866568914956,0.6526315789473685,0.5302055338501487,0.7235772357723578,0.7824924698795179,0.569620253164557,0.7916666666666666,80,0.5769230769230769,0.5625,246,0.8012048192771084,0.2727462604245769,50
stellar-sweep-679,zk0iednz,61807,0.1,VideoPrism,mean,0.9,5,0.34993213717952454,4,AdamW,reduce,7,sustained_phonation_o,256,768,107,-1,True,False,0.0003168159663056761,no,32,107,1770348124.6324446,0.34572490706319703,0.831256109481916,0.5138121546961326,0.769147395201332,0.3252032520325203,0.7905120481927711,0.49079754601226994,0.0,80,0.3252032520325203,1.0,246,0.0,0.573992716754141,32
brisk-sweep-1380,u9gy7c8e,35409,0.1,VideoPrism,mean,0.9,5,0.4881222542831376,4,AdamW,reduce,7,sustained_phonation_o,256,768,119,-1,True,False,0.004338237718173428,no,32,119,1770393227.0888443,0.7509293680297398,0.8310117302052786,0.6455026455026455,0.5198804957715996,0.7479674796747967,0.8089231927710842,0.6075949367088608,0.8095238095238095,80,0.6153846153846154,0.6,246,0.8192771084337349,0.27937724491569893,32
vocal-sweep-3809,88g0c9ip,64338,0.1,VideoPrism,mean,0.9,4,0.1002793668061755,4,AdamW,reduce,5,sustained_phonation_o,256,768,133,-1,True,False,0.00019918110413382736,no,29,133,1770547717.2553234,0.34572490706319703,0.8309506353861192,0.5138121546961326,0.7016703260432389,0.3252032520325203,0.7970632530120482,0.49079754601226994,0.0,80,0.3252032520325203,1.0,246,0.0,0.5361895022460532,29
genial-sweep-3228,27aslz1f,44183,0.1,VideoPrism,mean,0.9,3,0.3514566178772708,4,AdamW,step,9,sustained_phonation_o,256,768,170,-1,True,False,0.0001745917112915597,no,33,170,1770510552.067104,0.7323420074349443,0.8308284457478006,0.6697247706422018,0.6449994232131646,0.7073170731707317,0.791566265060241,0.6170212765957447,0.8405797101449275,80,0.5370370370370371,0.725,246,0.6987951807228916,0.5250015320953416,33
youthful-sweep-1631,ke6os2ep,7239,0.1,VideoPrism,mean,0.9,3,0.37711435650812064,4,AdamW,reduce,5,sustained_phonation_o,256,768,175,-1,True,False,0.000241528399988834,no,45,175,1770409156.252346,0.7546468401486989,0.8302785923753666,0.6764705882352942,0.5778846472612544,0.7398373983739838,0.7961219879518072,0.6363636363636364,0.84,80,0.5833333333333334,0.7,246,0.7590361445783133,0.39256362156877733,45
dauntless-sweep-1356,f0vyfa8b,46416,0.1,VJEPA2_SSV2,mean,0.9,5,0.20291230810604943,4,AdamW,reduce,8,sustained_phonation_o,256,768,181,-1,True,False,0.00031262243598718665,no,63,181,1770391808.499935,0.7647058823529411,0.8296969696969697,0.7,0.645390510559082,0.6919642857142857,0.7449744152046783,0.5714285714285714,0.8074074074074075,72,0.5168539325842697,0.6388888888888888,224,0.7171052631578947,0.4068563393413218,63
true-sweep-124,1nr46onq,47516,0.1,VideoPrism,mean,0.9,5,0.23189447016452489,4,AdamW,reduce,7,sustained_phonation_o,256,1024,160,-1,True,False,0.0005775665075583939,no,31,160,1770309785.8615506,0.7509293680297398,0.8296065493646139,0.6564102564102564,0.5432395784385142,0.7357723577235772,0.7828689759036145,0.6012269938650306,0.8098159509202454,80,0.5903614457831325,0.6125,246,0.7951807228915663,0.2958627045764026,31
glowing-sweep-3592,c8s81qkw,70175,0.1,VideoPrism,mean,0.9,5,0.2573712450967066,4,AdamW,reduce,6,sustained_phonation_o,256,1024,138,-1,True,False,0.00015689436168812528,no,40,138,1770533873.4852471,0.34572490706319703,0.8294232649071359,0.5138121546961326,0.7133809175189986,0.3252032520325203,0.7981927710843374,0.49079754601226994,0.0,80,0.3252032520325203,1.0,246,0.0,0.5627391405388378,40
proud-sweep-31,y27bgx5o,90956,0.1,VideoPrism,mean,0.9,4,0.2908328698667947,4,AdamW,reduce,9,sustained_phonation_o,256,1024,28,-1,True,False,0.001621109633347712,no,11,28,1770304181.7233677,0.7546468401486989,0.8291788856304986,0.6597938144329897,0.5891436626476869,0.7276422764227642,0.8018825301204819,0.593939393939394,0.8074534161490683,80,0.5764705882352941,0.6125,246,0.7831325301204819,0.4733421613589874,11
gentle-sweep-2154,xrnv0pbh,29248,0.1,VJEPA2_SSV2,mean,0.9,3,0.21995395947643004,4,AdamW,reduce,5,sustained_phonation_o,256,1024,166,-1,True,False,0.0001841986364904666,no,59,166,1770442595.3733516,0.7686274509803922,0.8291582491582491,0.7035175879396985,0.6238234639167786,0.7008928571428571,0.7621070906432749,0.5838509316770186,0.8148148148148148,72,0.5280898876404494,0.6527777777777778,224,0.7236842105263158,0.4344997415360848,59
smooth-sweep-2846,25s260yw,40952,0.1,VJEPA2_SSV2,mean,0.9,5,0.4710453922546128,4,AdamW,reduce,8,sustained_phonation_o,256,1024,147,-1,True,False,5.319279985970734e-05,no,48,147,1770486529.3758116,0.35294117647058826,0.8290235690235689,0.5217391304347826,0.7083380222320557,0.32142857142857145,0.7491776315789473,0.4864864864864865,0.0,72,0.32142857142857145,1.0,224,0.0,0.5647767894471173,48
sleek-sweep-4749,w398qyd9,44332,0.1,VideoPrism,mean,0.9,5,0.28093397225001016,4,AdamW,step,9,sustained_phonation_o,256,512,161,-1,True,False,0.00021410096014009284,no,43,161,1770607981.071767,0.7434944237918215,0.8289956011730205,0.684931506849315,0.6557041244879088,0.7073170731707317,0.7916415662650603,0.625,0.8507462686567164,80,0.5357142857142857,0.75,246,0.6867469879518072,0.5364556496616277,43
olive-sweep-129,t60qykeg,85709,0.1,VideoPrism,mean,0.9,5,0.1934834865647845,4,AdamW,reduce,6,sustained_phonation_o,256,512,76,-1,True,False,0.0003830504970398942,no,22,76,1770310110.4998257,0.7434944237918215,0.8289956011730205,0.6729857819905213,0.6108603603777832,0.6991869918699187,0.7995481927710844,0.5888888888888889,0.815068493150685,80,0.53,0.6625,246,0.7168674698795181,0.4683834882967311,22
exalted-sweep-1815,aixxd6bq,33617,0.1,VJEPA2_SSV2,mean,0.9,3,0.11380718613375858,4,AdamW,reduce,7,sustained_phonation_o,256,1024,165,-1,True,False,5.15948606984983e-05,no,60,165,1770420911.7878778,0.35294117647058826,0.8284848484848486,0.5217391304347826,0.692255973815918,0.32142857142857145,0.7492690058479532,0.4864864864864865,0.0,72,0.32142857142857145,1.0,224,0.0,0.511125409015091,60
skilled-sweep-1783,vo6f4l3v,30104,0.1,VideoPrism,mean,0.9,4,0.4399745094987269,4,AdamW,reduce,10,sustained_phonation_o,256,768,175,-1,True,False,0.00014429905266714812,no,17,175,1770418881.334509,0.7360594795539034,0.8283846529814272,0.6570048309178744,0.5719602458095905,0.7276422764227642,0.8039909638554216,0.6214689265536724,0.8322147651006712,80,0.5670103092783505,0.6875,246,0.7469879518072289,0.4130337535725537,17
bright-sweep-3169,l35439wb,72108,0.1,VideoPrism,mean,0.9,5,0.2064100721282668,4,AdamW,step,9,sustained_phonation_o,256,1024,140,-1,True,False,0.006169620848846434,no,35,140,1770506856.6541848,0.7620817843866171,0.8282013685239492,0.6559139784946236,0.5566022681924047,0.7357723577235772,0.8075301204819276,0.5695364238410596,0.7885714285714286,80,0.6056338028169014,0.5375,246,0.8313253012048193,0.2965087778485382,35
ethereal-sweep-778,evejuq34,47749,0.1,VideoPrism,mean,0.9,5,0.2456575533410831,4,AdamW,reduce,4,sustained_phonation_o,256,1024,57,-1,True,False,0.0008747580351876078,no,19,57,1770354819.861943,0.7397769516728625,0.8280486314760508,0.65,0.5790824763836914,0.7195121951219512,0.791566265060241,0.591715976331361,0.8089171974522293,80,0.5617977528089888,0.625,246,0.7650602409638554,0.42066657835720506,19
dry-sweep-2566,y9yk0j9y,6054,0.1,VideoPrism,mean,0.9,3,0.3678384474546534,4,AdamW,reduce,4,sustained_phonation_o,256,512,110,-1,True,False,0.0023117032977309432,no,29,110,1770468544.4032345,0.7695167286245354,0.8278958944281526,0.6736842105263158,0.52857761866098,0.7398373983739838,0.7963102409638554,0.5897435897435898,0.8,80,0.6052631578947368,0.575,246,0.8192771084337349,0.2109321669993469,29
copper-sweep-2817,pbxibjw3,14216,0.1,VideoPrism,mean,0.9,5,0.3557401758672375,4,AdamW,step,7,sustained_phonation_o,256,512,164,-1,True,False,0.00016875329390322042,no,39,164,1770484553.0840015,0.34572490706319703,0.8277126099706744,0.5138121546961326,0.6879162803901616,0.3252032520325203,0.7939006024096386,0.49079754601226994,0.0,80,0.3252032520325203,1.0,246,0.0,0.5634529797821201,39
wise-sweep-966,50a2gz4q,34999,0.1,VideoPrism,mean,0.9,4,0.35954488028377796,4,AdamW,step,3,sustained_phonation_o,256,768,197,-1,True,False,0.00017113274943777085,no,49,197,1770367082.541142,0.758364312267658,0.8277126099706744,0.6798029556650246,0.5522670402402772,0.7398373983739838,0.801355421686747,0.627906976744186,0.8311688311688312,80,0.5869565217391305,0.675,246,0.7710843373493976,0.3759950758367472,49
restful-sweep-311,mj60n05b,71523,0.1,VJEPA2_SSV2,mean,0.9,4,0.27541386899224307,4,AdamW,reduce,5,sustained_phonation_o,256,768,152,-1,True,False,0.00010756311247955132,no,61,152,1770322679.2962935,0.35294117647058826,0.8277104377104376,0.5217391304347826,0.7270311713218689,0.32142857142857145,0.7454312865497077,0.4864864864864865,0.0,72,0.32142857142857145,1.0,224,0.0,0.530586892446595,61
stilted-sweep-795,at7nj5zm,88333,0.1,VJEPA2_SSV2,mean,0.9,5,0.3626682895573071,4,AdamW,reduce,5,sustained_phonation_o,256,768,182,-1,True,False,5.6272943054339094e-05,no,63,182,1770355890.6800034,0.35294117647058826,0.8276767676767678,0.5217391304347826,0.6958960890769958,0.32142857142857145,0.7500913742690059,0.4864864864864865,0.0,72,0.32142857142857145,1.0,224,0.0,0.49774662421957794,63
super-sweep-3516,iw2h72nh,53947,0.1,VideoPrism,mean,0.9,5,0.3709010649349917,4,AdamW,step,6,sustained_phonation_o,256,768,137,-1,True,False,0.000252948611251977,no,35,137,1770529077.9526763,0.7323420074349443,0.8276515151515151,0.6504854368932039,0.6037937125751963,0.7235772357723578,0.7963102409638554,0.6222222222222222,0.8356164383561644,80,0.56,0.7,246,0.7349397590361446,0.4726874221321995,35
stellar-sweep-1509,uvcd9l6i,34773,0.1,VJEPA2_SSV2,mean,0.9,3,0.2990420563140461,4,AdamW,step,10,sustained_phonation_o,256,1024,95,-1,True,False,8.586925567960341e-05,no,41,95,1770401556.140754,0.35294117647058826,0.8273400673400674,0.5217391304347826,0.6880749464035034,0.32142857142857145,0.7464364035087718,0.4864864864864865,0.0,72,0.32142857142857145,1.0,224,0.0,0.5056113010030157,41
vague-sweep-4418,no0p6nsi,42524,0.1,VideoPrism,mean,0.9,3,0.10304409706305218,4,AdamW,reduce,10,sustained_phonation_o,256,768,67,-1,True,False,0.0004441799920859871,no,19,67,1770586761.255,0.7434944237918215,0.8272849462365591,0.6698564593301436,0.5925313407160535,0.7195121951219512,0.8013554216867469,0.6057142857142858,0.8211920529801324,80,0.5578947368421052,0.6625,246,0.7469879518072289,0.44704049594075645,19
stilted-sweep-815,3c9weyel,77968,0.1,VideoPrism,mean,0.9,5,0.2094905455445474,4,AdamW,reduce,8,sustained_phonation_o,256,768,137,-1,True,False,0.00023932886212304577,no,32,137,1770357227.16925,0.7472118959107806,0.8272238514173998,0.6666666666666666,0.5570930579337932,0.7235772357723578,0.8015060240963855,0.6091954022988506,0.8223684210526315,80,0.5638297872340425,0.6625,246,0.7530120481927711,0.4029647300214124,32
smart-sweep-3346,wk19psk4,56414,0.1,VJEPA2_SSV2,mean,0.9,3,0.27005122174025353,4,AdamW,reduce,9,sustained_phonation_o,256,768,107,-1,True,False,0.0001515607864400833,no,46,107,1770518152.9217217,0.35294117647058826,0.8271717171717171,0.5217391304347826,0.6887282729148865,0.32142857142857145,0.7474415204678363,0.4864864864864865,0.0,72,0.32142857142857145,1.0,224,0.0,0.4881122809889071,46
effortless-sweep-3564,l6i8bj4q,32309,0.1,VJEPA2_SSV2,mean,0.9,3,0.32087737178315756,4,AdamW,reduce,10,sustained_phonation_o,256,1024,186,-1,True,False,6.0275307507222615e-05,no,58,186,1770532116.896306,0.35294117647058826,0.8271380471380472,0.5217391304347826,0.6930009126663208,0.32142857142857145,0.755391081871345,0.4864864864864865,0.0,72,0.32142857142857145,1.0,224,0.0,0.5332192035533923,58
laced-sweep-5066,7jh2vkuv,24565,0.1,VJEPA2_SSV2,mean,0.9,3,0.25148134488185125,4,AdamW,reduce,10,sustained_phonation_o,256,512,117,-1,True,False,0.0001175144018987039,no,47,117,1770628234.3893275,0.7568627450980392,0.8270707070707072,0.7019230769230769,0.6489078998565674,0.6696428571428571,0.7595029239766082,0.5697674418604651,0.8145161290322581,72,0.49,0.6805555555555556,224,0.6644736842105263,0.4635618802143319,47
smooth-sweep-4429,pc4qevue,84552,0.1,VideoPrism,mean,0.9,3,0.2114048545990138,4,AdamW,reduce,10,sustained_phonation_o,256,1024,135,-1,True,False,0.0007272938102792239,no,29,135,1770587458.7695737,0.758364312267658,0.8270405669599218,0.656084656084656,0.5343380597001115,0.7520325203252033,0.796762048192771,0.6163522012578616,0.8143712574850299,80,0.620253164556962,0.6125,246,0.8192771084337349,0.32090787738866355,29
resilient-sweep-2261,9omwbzw5,27409,0.1,VJEPA2_SSV2,mean,0.9,5,0.22932962924532624,4,AdamW,reduce,9,sustained_phonation_o,256,1024,199,-1,True,False,0.0005691308352929387,no,61,199,1770449314.375843,0.7725490196078432,0.8268013468013469,0.6741573033707865,0.5243033170700073,0.7366071428571429,0.764985380116959,0.6040268456375839,0.8163265306122449,72,0.5844155844155844,0.625,224,0.7894736842105263,0.2643228935019318,61
unique-sweep-1138,uqx110xh,46158,0.1,VJEPA2_SSV2,mean,0.9,5,0.36136719940888384,4,AdamW,reduce,8,sustained_phonation_o,256,1024,189,-1,True,False,9.147132947737044e-05,no,62,189,1770378043.0196042,0.35294117647058826,0.8267340067340068,0.5217391304347826,0.7847203016281128,0.32142857142857145,0.7378929093567251,0.4864864864864865,0.0,72,0.32142857142857145,1.0,224,0.0,0.5932722225317506,62
astral-sweep-4417,dx69c4w6,44471,0.1,VJEPA2_SSV2,mean,0.9,3,0.3776349253828756,4,AdamW,step,6,sustained_phonation_o,256,512,184,-1,True,False,0.00030346281950876673,no,67,184,1770586732.4754732,0.7490196078431373,0.8266329966329967,0.6831683168316832,0.6439619660377502,0.6830357142857143,0.7346034356725146,0.5590062111801242,0.8,72,0.5056179775280899,0.625,224,0.7105263157894737,0.42467001574991,67
pious-sweep-2221,smxldykk,37565,0.1,VJEPA2_SSV2,mean,0.9,5,0.20917082365609296,4,AdamW,reduce,9,sustained_phonation_o,256,512,152,-1,True,False,6.378330909606577e-05,no,54,152,1770446724.6638398,0.35294117647058826,0.8265319865319866,0.5217391304347826,0.6954742074012756,0.32142857142857145,0.7430555555555556,0.4864864864864865,0.0,72,0.32142857142857145,1.0,224,0.0,0.5351610181042966,54
elated-sweep-2623,92yxntqy,7344,0.1,VJEPA2_SSV2,mean,0.9,3,0.31884203301810254,4,AdamW,reduce,10,sustained_phonation_o,256,768,107,-1,True,False,6.977455773778903e-05,no,49,107,1770472160.3024223,0.35294117647058826,0.8264646464646465,0.5217391304347826,0.7188612818717957,0.32142857142857145,0.7333698830409356,0.4864864864864865,0.0,72,0.32142857142857145,1.0,224,0.0,0.5642057178800951,49
treasured-sweep-1256,wl66xhik,21579,0.1,VideoPrism,mean,0.9,4,0.4002309682338941,4,AdamW,step,8,sustained_phonation_o,256,768,183,-1,True,False,0.00011897223303805276,no,35,183,1770385415.197671,0.7360594795539034,0.8264296187683285,0.6602870813397129,0.5581867497649777,0.7439024390243902,0.8037650602409638,0.6440677966101694,0.8456375838926175,80,0.5876288659793815,0.7125,246,0.7590361445783133,0.4054493788926879,35
deft-sweep-4042,on19g9f5,32337,0.1,VideoPrism,mean,0.9,4,0.16771208818093433,4,AdamW,step,6,sustained_phonation_o,256,768,187,-1,True,False,0.002558103318267804,no,45,187,1770562680.83821,0.7546468401486989,0.8264296187683284,0.6526315789473685,0.5372053176496995,0.7357723577235772,0.7980798192771084,0.6060606060606061,0.8136645962732919,80,0.5882352941176471,0.625,246,0.7891566265060241,0.2604954020864881,45
atomic-sweep-189,6l2p3c72,94267,0.1,VJEPA2_SSV2,mean,0.9,3,0.10997980075876282,4,AdamW,reduce,6,sustained_phonation_o,256,768,157,-1,True,False,0.00038967907904064104,no,65,157,1770314051.6039908,0.7686274509803922,0.8260942760942761,0.6910994764397905,0.6011253595352173,0.71875,0.7464364035087719,0.5882352941176471,0.8111888111888111,72,0.5555555555555556,0.625,224,0.7631578947368421,0.3799270559854037,65
glorious-sweep-2573,kka6yx4u,19126,0.1,VideoPrism,mean,0.9,5,0.12354299969947352,4,AdamW,reduce,5,sustained_phonation_o,256,256,157,-1,True,False,0.0006958749011351293,no,41,157,1770468964.326022,0.7546468401486989,0.8260630498533724,0.6597938144329897,0.5301750446340852,0.7357723577235772,0.7920180722891565,0.6107784431137725,0.8176100628930818,80,0.5862068965517241,0.6375,246,0.7831325301204819,0.29922592310817697,41
cool-sweep-2275,wc1dkktc,58573,0.1,VJEPA2,mean,0.9,5,0.1255627256061143,4,AdamW,step,6,sustained_phonation_o,256,1024,145,-1,True,False,4.071777334621742e-05,no,64,145,1770450214.723423,0.34444444444444444,0.8260130004252476,0.512396694214876,0.7698413244000187,0.3237704918032787,0.762639048714998,0.4891640866873065,0.0,79,0.3237704918032787,1.0,244,0.0,0.6233144760131836,64
dulcet-sweep-2288,rc01y956,66641,0.1,VJEPA2_SSV2,mean,0.9,4,0.26920001382744785,4,AdamW,reduce,4,sustained_phonation_o,256,768,169,-1,True,False,0.00032617433628075296,no,59,169,1770451101.582985,0.7647058823529411,0.825993265993266,0.6774193548387096,0.5818044543266296,0.7276785714285714,0.7611476608187134,0.5960264900662252,0.8137931034482758,72,0.569620253164557,0.625,224,0.7763157894736842,0.36023133044285627,59
desert-sweep-2859,lspwhiv9,50043,0.1,VJEPA2_SSV2,mean,0.9,4,0.3011892347798837,4,AdamW,reduce,7,sustained_phonation_o,256,1024,147,-1,True,False,8.815093799945723e-05,no,52,147,1770487399.4544632,0.7568627450980392,0.8259259259259261,0.6990291262135923,0.6351833939552307,0.6875,0.7608735380116959,0.573170731707317,0.8106060606060606,72,0.5108695652173914,0.6527777777777778,224,0.7039473684210527,0.4532451467931003,52
pretty-sweep-3659,cowb77ip,42880,0.1,VJEPA2_SSV2,mean,0.9,5,0.2360609973952336,4,AdamW,reduce,4,sustained_phonation_o,256,512,113,-1,True,False,0.00022295481785865816,no,47,113,1770538110.420882,0.7568627450980392,0.8258249158249159,0.7075471698113207,0.6604584455490112,0.6785714285714286,0.7502741228070176,0.5662650602409639,0.8076923076923077,72,0.5,0.6527777777777778,224,0.6907894736842105,0.4578661009869768,47
volcanic-sweep-3073,38l5l460,53551,0.1,VJEPA2_SSV2,mean,0.9,5,0.36492530294774106,4,AdamW,step,10,sustained_phonation_o,256,1024,174,-1,True,False,4.414004463593814e-05,no,66,174,1770500918.091617,0.7450980392156863,0.8257575757575757,0.7004608294930875,0.6541723012924194,0.6473214285714286,0.7578581871345029,0.5433526011560693,0.7967479674796748,72,0.46534653465346537,0.6527777777777778,224,0.6447368421052632,0.5027632005011554,66
cool-sweep-4613,eztkrpwg,15707,0.1,VJEPA2_SSV2,mean,0.9,5,0.43874342375776754,4,AdamW,reduce,4,sustained_phonation_o,256,512,199,-1,True,False,9.3005338174527e-05,no,53,199,1770599304.400113,0.7529411764705882,0.8254882154882154,0.6985645933014354,0.6493285298347473,0.6830357142857143,0.7593201754385965,0.5696969696969697,0.8091603053435115,72,0.5053763440860215,0.6527777777777778,224,0.6973684210526315,0.4126582688280286,53
exalted-sweep-1366,q0a5w4zn,27989,0.1,VideoPrism,mean,0.9,3,0.24404435426250928,4,AdamW,step,9,sustained_phonation_o,256,768,85,-1,True,False,0.0095971127333434,no,23,85,1770392380.2442353,0.7695167286245354,0.8254826490713587,0.693069306930693,0.5418969554528871,0.7520325203252033,0.8072665662650602,0.6390532544378699,0.8343949044585988,80,0.6067415730337079,0.675,246,0.7891566265060241,0.22428818546799303,23
toasty-sweep-1580,2mxqo4iv,46482,0.1,VideoPrism,mean,0.9,3,0.2514076891444338,4,AdamW,reduce,5,sustained_phonation_o,256,512,70,-1,True,False,0.003726177082959907,no,20,70,1770405916.1913302,0.758364312267658,0.8254521016617791,0.6666666666666666,0.5374491810798645,0.7479674796747967,0.7922816265060241,0.6309523809523809,0.8291139240506329,80,0.6022727272727273,0.6625,246,0.7891566265060241,0.2583481260482031,20
fast-sweep-56,tyquqlkb,76174,0.1,VideoPrism,mean,0.9,5,0.20628137968345117,4,AdamW,reduce,9,sustained_phonation_o,256,768,94,-1,True,False,0.0008391108930142571,no,22,94,1770305605.9760354,0.7434944237918215,0.8254521016617791,0.6532663316582915,0.5833003372507911,0.7398373983739838,0.7989834337349397,0.632183908045977,0.8355263157894737,80,0.5851063829787234,0.6875,246,0.7650602409638554,0.35638709863026935,22
whole-sweep-202,98qfv8ae,58944,0.1,VideoPrism,mean,0.9,5,0.12873154659587882,4,AdamW,reduce,4,sustained_phonation_o,256,768,72,-1,True,False,0.0008934852366154352,no,22,72,1770314805.9079137,0.7509293680297398,0.8253910068426197,0.6564102564102564,0.5474384704043874,0.7317073170731707,0.8003012048192771,0.5975609756097561,0.808641975308642,80,0.5833333333333334,0.6125,246,0.7891566265060241,0.3490217451790847,22
blooming-sweep-3768,twqugelx,76650,0.1,VideoPrism,mean,0.9,3,0.2540816444425573,4,AdamW,reduce,10,sustained_phonation_o,256,1024,103,-1,True,False,0.0001787464464735093,no,23,103,1770545048.0687196,0.7360594795539034,0.8253299120234604,0.6570048309178744,0.5950086234227432,0.7276422764227642,0.8015060240963855,0.6256983240223464,0.8367346938775511,80,0.5656565656565656,0.7,246,0.7409638554216867,0.45952587923633054,23
dauntless-sweep-4776,3i1hr9v5,60148,0.1,VJEPA2_SSV2,mean,0.9,4,0.1439775886354409,4,AdamW,reduce,9,sustained_phonation_o,256,1024,182,-1,True,False,0.0002291317919600632,no,70,182,1770609711.8907676,0.7450980392156863,0.8253198653198652,0.7004608294930875,0.6729230284690857,0.6383928571428571,0.7467562134502923,0.5371428571428571,0.7933884297520661,72,0.4563106796116505,0.6527777777777778,224,0.631578947368421,0.4645740456645264,70
swift-sweep-4949,kn2xfw28,87834,0.1,VideoPrism,mean,0.9,4,0.4366732446220981,4,AdamW,reduce,8,sustained_phonation_o,256,1024,106,-1,True,False,0.0002240212868281197,no,24,106,1770620871.070119,0.7397769516728625,0.8252688172043011,0.6666666666666666,0.6091326040849366,0.7113821138211383,0.7989457831325301,0.6033519553072626,0.8231292517006803,80,0.5454545454545454,0.675,246,0.7289156626506024,0.4794663051276607,24
chocolate-sweep-455,u8qyn05i,7522,0.1,VideoPrism,mean,0.9,3,0.2662828224002406,4,AdamW,reduce,6,sustained_phonation_o,256,1024,178,-1,True,False,0.000438284122503066,no,52,178,1770332839.7810905,0.7546468401486989,0.8252688172043011,0.65625,0.524475341171137,0.7439024390243902,0.7920557228915663,0.6086956521739131,0.8121212121212121,80,0.6049382716049383,0.6125,246,0.8072289156626506,0.30625296236303445,52
playful-sweep-5324,ssoum4lh,53223,0.1,VJEPA2_SSV2,mean,0.9,5,0.3405465970041859,4,AdamW,reduce,5,sustained_phonation_o,256,1024,173,-1,True,False,6.173196678650136e-05,no,60,173,1770644751.8804202,0.35294117647058826,0.8252525252525252,0.5217391304347826,0.7090129852294922,0.32142857142857145,0.7478070175438597,0.4864864864864865,0.0,72,0.32142857142857145,1.0,224,0.0,0.5223997107001164,60
crisp-sweep-4257,4trwl9fb,66435,0.1,VideoPrism,mean,0.9,4,0.35129871759378395,4,AdamW,reduce,6,sustained_phonation_o,256,1024,183,-1,True,False,0.006471915216464498,no,33,183,1770576467.5043435,0.7546468401486989,0.8249633431085044,0.6666666666666666,0.5673343712069288,0.7357723577235772,0.8071536144578313,0.5962732919254659,0.806060606060606,80,0.5925925925925926,0.6,246,0.8012048192771084,0.29714904588424357,33
twilight-sweep-659,d3uwyfat,16474,0.1,VideoPrism,mean,0.9,4,0.3663151093852183,4,AdamW,reduce,3,sustained_phonation_o,256,768,192,-1,True,False,0.00012462489998329597,no,33,192,1770346821.783898,0.7434944237918215,0.8249022482893452,0.6666666666666666,0.6050026348089197,0.7276422764227642,0.8014307228915662,0.6298342541436464,0.8413793103448276,80,0.5643564356435643,0.7125,246,0.7349397590361446,0.4752488452598362,33
fanciful-sweep-2857,hsm1ojok,16808,0.1,VideoPrism,mean,0.9,5,0.2337284309097492,4,AdamW,step,10,sustained_phonation_o,256,256,156,-1,True,False,0.00025608985177320143,no,46,156,1770487273.9659655,0.34572490706319703,0.824902248289345,0.5138121546961326,0.7675834426649442,0.3252032520325203,0.7912650602409638,0.49079754601226994,0.0,80,0.3252032520325203,1.0,246,0.0,0.5846491932625175,46
quiet-sweep-3390,pcoi3y5w,85988,0.1,VJEPA2_SSV2,mean,0.9,3,0.3394242290155053,4,AdamW,reduce,10,sustained_phonation_o,256,1024,121,-1,True,False,0.0011892640531726512,no,41,121,1770520993.632048,0.7764705882352941,0.8248484848484849,0.6951871657754011,0.5251882672309875,0.7008928571428571,0.7403143274853801,0.5620915032679739,0.7972027972027972,72,0.5308641975308642,0.5972222222222222,224,0.75,0.24065666816159748,41
sandy-sweep-3075,oef2fgtn,14472,0.1,VJEPA2_SSV2,mean,0.9,3,0.1976265509181256,4,AdamW,reduce,10,sustained_phonation_o,256,768,176,-1,True,False,0.00021035917047244188,no,63,176,1770501073.7621996,0.7529411764705882,0.8248484848484848,0.7096774193548387,0.6802108883857727,0.6741071428571429,0.7639802631578948,0.5828571428571429,0.8264462809917356,72,0.4951456310679612,0.7083333333333334,224,0.6578947368421053,0.4334534474819765,63
mild-sweep-104,0cbz7ihj,57002,0.1,VideoPrism,mean,0.9,5,0.2093764384149918,4,AdamW,step,3,sustained_phonation_o,256,1024,90,-1,True,False,0.0019909112703302757,no,23,90,1770308557.154292,0.7657992565055762,0.8247800586510263,0.6666666666666666,0.5126684305836277,0.7439024390243902,0.7894578313253012,0.5935483870967742,0.8011695906432749,80,0.6133333333333333,0.575,246,0.8253012048192772,0.27289807613641937,23
lively-sweep-1427,l4e3pvov,24959,0.1,VJEPA2,mean,0.9,4,0.2547871676252721,4,AdamW,reduce,8,facial_expression_disgust,256,1024,193,-1,True,False,3.3653670629767686e-05,no,91,193,1770409123.0892017,0.7471910112359551,0.8271613730237857,0.6086956521739131,0.5613876286517369,0.7621951219512195,0.7981477298396205,0.5760869565217391,0.8242677824267782,95,0.5955056179775281,0.5578947368421052,328,0.8454935622317596,0.48249204167359167,91
eager-sweep-324,qh2xcu07,87582,0.1,VJEPA2,mean,0.9,5,0.3479071655837338,4,AdamW,reduce,6,facial_expression_disgust,256,1024,200,-1,True,False,4.096810661421803e-05,no,93,200,1770326906.6419096,0.7640449438202247,0.8258082894174619,0.6528925619834711,0.597411639904708,0.7317073170731707,0.7952789699570817,0.5463917525773195,0.8165938864628821,95,0.5353535353535354,0.5578947368421052,328,0.8025751072961373,0.4838302934770104,93
balmy-sweep-3886,bkuj3toi,34523,0.1,VJEPA2,mean,0.9,3,0.464712086382269,4,AdamW,reduce,5,facial_expression_disgust,256,1024,144,-1,True,False,4.688295999034356e-05,no,76,144,1770581023.5081017,0.7612359550561798,0.8258082894174619,0.6443514644351465,0.5559480391191632,0.7469512195121951,0.7974248927038626,0.5561497326203209,0.8177966101694916,95,0.5652173913043478,0.5473684210526316,328,0.8283261802575107,0.44976018924507305,76
soft-sweep-3715,o1o60k56,55607,0.1,VJEPA2,mean,0.9,5,0.15795626621275877,4,AdamW,reduce,8,facial_expression_disgust,256,768,158,-1,True,False,4.259476457534947e-05,no,82,158,1770569524.1774178,0.7528089887640449,0.8247756729810569,0.6302521008403361,0.5489397048950195,0.7469512195121951,0.7925005647165123,0.5561497326203209,0.8177966101694916,95,0.5652173913043478,0.5473684210526316,328,0.8283261802575107,0.4457159068087022,82
copper-sweep-1376,7xz5tvaw,32512,0.1,VJEPA2,mean,0.9,4,0.4510336692800142,4,AdamW,reduce,5,facial_expression_disgust,256,768,184,-1,True,False,3.2654879194318574e-05,no,73,184,1770405487.3348234,0.75,0.8247044580544083,0.6180257510729614,0.5848152068223846,0.7621951219512195,0.8045177320984866,0.5666666666666667,0.8189300411522634,95,0.6,0.5368421052631579,328,0.8540772532188842,0.5478081252935122,73
fine-sweep-4022,1vacjbw5,24455,0.1,VJEPA2,mean,0.9,3,0.44334889803808697,4,AdamW,reduce,4,facial_expression_disgust,256,1024,179,-1,True,False,3.43936493423521e-05,no,87,179,1770590441.3791,0.7556179775280899,0.8247044580544082,0.6390041493775933,0.5681771495369043,0.7469512195121951,0.7968375875310595,0.5608465608465608,0.8205128205128205,95,0.5638297872340425,0.5578947368421052,328,0.8240343347639485,0.4673611032877037,87
restful-sweep-2701,fk7swbxn,39705,0.1,VJEPA2,mean,0.9,4,0.3793880595149207,4,AdamW,reduce,5,facial_expression_disgust,256,768,103,-1,True,False,7.094987955150762e-05,no,68,103,1770499562.9109192,0.7612359550561798,0.824668850591084,0.6443514644351465,0.5771128568756446,0.7560975609756098,0.8011746103456066,0.5698924731182796,0.8227848101265823,95,0.5824175824175825,0.5578947368421052,328,0.8369098712446352,0.50385497997133,68
stellar-sweep-1342,7rhgeibz,16069,0.1,VJEPA2,mean,0.9,5,0.2462755481470683,4,AdamW,reduce,6,facial_expression_disgust,256,1024,192,-1,True,False,4.1448317079575866e-05,no,74,192,1770403063.7208972,0.7612359550561798,0.8245976356644352,0.6351931330472103,0.5586002757040303,0.7439024390243902,0.7890670883216626,0.5434782608695652,0.8117154811715481,95,0.5617977528089888,0.5263157894736842,328,0.8326180257510729,0.459323173975773,74
bumbling-sweep-1136,2g7ot1f1,7124,0.1,VJEPA2,mean,0.9,3,0.2866920960579852,4,AdamW,reduce,4,facial_expression_disgust,256,1024,106,-1,True,False,7.930549525473577e-05,no,65,106,1770388348.6880453,0.7612359550561798,0.8243839908844893,0.6382978723404256,0.5862191560563077,0.7560975609756098,0.7978314885927265,0.5604395604395604,0.8174273858921162,95,0.5862068965517241,0.5368421052631579,328,0.8454935622317596,0.5020666769940219,65
wild-sweep-4521,d6h6j1o5,23455,0.1,VJEPA2,mean,0.9,5,0.3699144381864131,4,AdamW,reduce,10,facial_expression_disgust,256,1024,166,-1,True,False,4.4855440434850805e-05,no,86,166,1770625063.1796846,0.7584269662921348,0.8243127759578407,0.6475409836065574,0.6013804788000128,0.75,0.8017619155184098,0.5773195876288659,0.8296943231441049,95,0.5656565656565656,0.5894736842105263,328,0.8154506437768241,0.5260370495508043,86
effortless-sweep-2460,z2fo969m,41675,0.1,VJEPA2,mean,0.9,5,0.2556963646811088,4,AdamW,reduce,6,facial_expression_disgust,256,1024,145,-1,True,False,4.928904642472446e-05,no,76,145,1770482289.608394,0.7640449438202247,0.8242059535678677,0.631578947368421,0.5571201236060496,0.7560975609756098,0.7961599277162865,0.5604395604395604,0.8174273858921162,95,0.5862068965517241,0.5368421052631579,328,0.8454935622317596,0.4539263152390075,76
effortless-sweep-1984,1tcve85a,48859,0.1,VJEPA2,mean,0.9,4,0.32572661405378667,4,AdamW,reduce,7,facial_expression_disgust,256,768,72,-1,True,False,0.00032808432787102175,yes,55,72,1770448302.7375836,0.75,0.8240101125195841,0.6244725738396625,0.5555318875259228,0.75,0.7960469844138243,0.5684210526315789,0.8240343347639485,95,0.5684210526315789,0.5684210526315789,328,0.8240343347639485,0.43721086601559206,55
olive-sweep-154,pts9ioy4,67075,0.1,VJEPA2,mean,0.9,5,0.12832774456525164,4,AdamW,reduce,5,facial_expression_disgust,256,1024,177,-1,True,False,3.179839778447811e-05,no,98,177,1770313164.55033,0.7612359550561798,0.8239923087879218,0.6502057613168725,0.5844277987319432,0.7439024390243902,0.795979218432347,0.5625,0.8225108225108225,95,0.5567010309278351,0.5684210526315789,328,0.8154506437768241,0.4868241798963478,98
true-sweep-1847,won9tal2,44514,0.1,VJEPA2,mean,0.9,4,0.16723651891162328,4,AdamW,reduce,7,facial_expression_disgust,256,1024,175,-1,True,False,7.113501135740876e-05,no,82,175,1770438382.585374,0.7584269662921348,0.8239567013245976,0.5168539325842697,0.5622082252180978,0.7591463414634146,0.7879376552970409,0.4397163120567376,0.7730496453900709,95,0.6739130434782609,0.3263157894736842,328,0.9356223175965666,0.5285058664761001,82
classic-sweep-3807,54zk8bfi,26496,0.1,VJEPA2,mean,0.9,4,0.18457890214727135,4,AdamW,step,6,facial_expression_disgust,256,768,141,-1,True,False,4.090807088652132e-05,no,75,141,1770575518.347657,0.7584269662921348,0.8239210938612734,0.656,0.5922263411993391,0.75,0.8036141856787893,0.594059405940594,0.8416289592760181,95,0.5607476635514018,0.631578947368421,328,0.7982832618025751,0.4819794701586525,75
ruby-sweep-1813,yems95mr,79407,0.1,VJEPA2,mean,0.9,5,0.2923894245683463,4,AdamW,reduce,4,facial_expression_disgust,256,1024,129,-1,True,False,8.286816998643945e-05,no,62,129,1770436006.9198406,0.7612359550561798,0.8239210938612733,0.62882096069869,0.5758312746380152,0.7560975609756098,0.7940817709509825,0.5604395604395604,0.8174273858921162,95,0.5862068965517241,0.5368421052631579,328,0.8454935622317596,0.46285625301676686,62
atomic-sweep-2535,igfljjkn,26162,0.1,VJEPA2,mean,0.9,4,0.42729904819125586,4,AdamW,reduce,9,facial_expression_disgust,256,1024,143,-1,True,False,2.529202688364671e-05,no,83,143,1770487486.411123,0.75,0.8239210938612733,0.6482213438735178,0.5762725700153394,0.75,0.807047662073639,0.5980392156862745,0.8447488584474886,95,0.5596330275229358,0.6421052631578947,328,0.7939914163090128,0.4668362759428916,83
worthy-sweep-2167,0mfa699o,26945,0.1,VJEPA2,mean,0.9,5,0.18197053314144784,4,AdamW,reduce,5,facial_expression_disgust,256,1024,194,-1,True,False,4.0416421021196104e-05,no,88,194,1770461268.8708954,0.7584269662921348,0.8238498789346247,0.6640625,0.6096441893095381,0.7469512195121951,0.8050598599503049,0.5951219512195122,0.8440366972477065,95,0.5545454545454546,0.6421052631578947,328,0.7896995708154506,0.45926080037364,88
bumbling-sweep-2390,jz66d6rf,6987,0.1,VJEPA2,mean,0.9,5,0.29813825405562755,4,AdamW,reduce,7,facial_expression_disgust,256,768,102,-1,True,False,8.261638262698536e-05,no,59,102,1770477366.4848757,0.7556179775280899,0.8238498789346247,0.6329113924050633,0.5743408578165462,0.75,0.8003614185678789,0.5638297872340425,0.8212765957446808,95,0.5698924731182796,0.5578947368421052,328,0.8283261802575107,0.4902365425078989,59
brisk-sweep-552,h4svxh9m,57523,0.1,VJEPA2,mean,0.9,4,0.2753778988030907,4,AdamW,reduce,9,facial_expression_disgust,256,768,158,-1,True,False,5.0218460296180667e-05,no,76,158,1770345218.905719,0.7584269662921348,0.8236718416180031,0.6446280991735537,0.5713989721255356,0.75,0.7931782245312853,0.5638297872340425,0.8212765957446808,95,0.5698924731182796,0.5578947368421052,328,0.8283261802575107,0.4459900330725334,76
apricot-sweep-3762,ms5fuwxo,87755,0.1,VJEPA2,mean,0.9,5,0.1983848357129847,4,AdamW,reduce,10,facial_expression_disgust,256,768,82,-1,True,False,0.00013618511124164186,no,53,82,1770572467.6386378,0.7584269662921348,0.8236362341546788,0.6293103448275862,0.5565825647182678,0.7469512195121951,0.7936751750621187,0.5513513513513514,0.8151260504201681,95,0.5666666666666667,0.5368421052631579,328,0.8326180257510729,0.44387313457701705,53
northern-sweep-4081,zlusigm0,89140,0.1,VJEPA2,mean,0.9,5,0.4415398386539931,4,AdamW,reduce,5,facial_expression_disgust,256,768,180,-1,True,False,3.7522932090780153e-05,no,94,180,1770594786.813587,0.7556179775280899,0.823529411764706,0.6477732793522267,0.5654950135209588,0.7439024390243902,0.7964309916421956,0.5625,0.8225108225108225,95,0.5567010309278351,0.5684210526315789,328,0.8154506437768241,0.4321007598218301,94
skilled-sweep-2340,po7ldqn5,48774,0.1,VJEPA2,mean,0.9,5,0.48104231444706225,4,AdamW,reduce,4,facial_expression_disgust,256,1024,182,-1,True,False,3.172875924827619e-05,no,86,182,1770473716.1526,0.7443820224719101,0.8234225893747329,0.6617100371747212,0.6363530058539315,0.7347560975609756,0.8029817031850012,0.6098654708520179,0.865,95,0.53125,0.7157894736842105,328,0.7424892703862661,0.5352274429883889,86
earthy-sweep-225,mwcpty3u,30977,0.1,VJEPA2,mean,0.9,5,0.27572698802217066,4,AdamW,step,5,facial_expression_disgust,256,1024,185,-1,True,False,4.885849788744944e-05,no,101,185,1770319068.3090434,0.7640449438202247,0.8233869819114087,0.6379310344827587,0.5613945769460014,0.7530487804878049,0.7945335441608312,0.5668449197860963,0.8220338983050848,95,0.5760869565217391,0.5578947368421052,328,0.8326180257510729,0.4264013916468449,101
revived-sweep-4322,z2vt5ihe,79857,0.1,VJEPA2,mean,0.9,5,0.4939561533096838,4,AdamW,step,6,facial_expression_disgust,256,1024,144,-1,True,False,2.93827250183894e-05,no,84,144,1770611281.429591,0.7471910112359551,0.8232445520581114,0.628099173553719,0.5514253605617566,0.7378048780487805,0.801310142308561,0.5520833333333334,0.8181818181818182,95,0.5463917525773195,0.5578947368421052,328,0.8111587982832618,0.4573149534009344,84
smooth-sweep-4815,qp28poar,31960,0.1,VJEPA2,mean,0.9,5,0.28002499487397314,4,AdamW,reduce,5,facial_expression_disgust,256,1024,153,-1,True,False,5.3418168417912655e-05,no,84,153,1770645501.351075,0.7640449438202247,0.8232267483264493,0.6470588235294118,0.6136064207955693,0.7560975609756098,0.8022588660492433,0.5698924731182796,0.8227848101265823,95,0.5824175824175825,0.5578947368421052,328,0.8369098712446352,0.5575948095150131,84
worthy-sweep-1171,5ylczjui,37976,0.1,VJEPA2,mean,0.9,3,0.34952592261482157,4,AdamW,reduce,10,facial_expression_disgust,256,1024,79,-1,True,False,9.287210811861358e-05,no,54,79,1770390735.1600049,0.7528089887640449,0.8230665147414898,0.6173913043478261,0.5618118757612249,0.7591463414634146,0.8004969505308336,0.5586592178770949,0.8155737704918032,95,0.5952380952380952,0.5263157894736842,328,0.8540772532188842,0.46869111082536713,54
dazzling-sweep-212,0rttjm8z,7128,0.1,VJEPA2,mean,0.9,5,0.4696155876389313,4,AdamW,step,4,facial_expression_disgust,256,1024,160,-1,True,False,3.75494174636694e-05,no,85,160,1770317999.0027816,0.7612359550561798,0.8230665147414897,0.6443514644351465,0.5849711071239428,0.7530487804878049,0.7970860627964762,0.5668449197860963,0.8220338983050848,95,0.5760869565217391,0.5578947368421052,328,0.8326180257510729,0.5185864596058138,85
dulcet-sweep-3410,cwwbifna,94580,0.1,VJEPA2,mean,0.9,4,0.32324520808507085,4,AdamW,reduce,5,facial_expression_disgust,256,1024,110,-1,True,False,3.1624773251663926e-05,no,64,110,1770548210.2040625,0.7387640449438202,0.8229952998148412,0.6381322957198443,0.5922671040792143,0.7469512195121951,0.8082222724192455,0.6028708133971292,0.8504672897196262,95,0.5526315789473685,0.6631578947368421,328,0.7811158798283262,0.4882342683325568,64
rich-sweep-2365,yls66gij,43054,0.1,VJEPA2,mean,0.9,5,0.3800856157396455,4,AdamW,reduce,7,facial_expression_disgust,256,1024,118,-1,True,False,8.938402566482225e-05,no,66,118,1770475585.9485004,0.7696629213483146,0.8229952998148411,0.6495726495726496,0.5954933581727274,0.7621951219512195,0.7960695730743167,0.5806451612903226,0.8270042194092827,95,0.5934065934065934,0.5684210526315789,328,0.8412017167381974,0.500812781671826,66
fresh-sweep-2344,k2ll5ckv,78792,0.1,VJEPA2,mean,0.9,4,0.21643981659352904,4,AdamW,reduce,6,facial_expression_disgust,256,512,193,-1,True,False,5.035477591554542e-05,no,75,193,1770474038.063338,0.7612359550561798,0.8228528699615439,0.6443514644351465,0.5782675736405877,0.7469512195121951,0.7970634741359838,0.5608465608465608,0.8205128205128205,95,0.5638297872340425,0.5578947368421052,328,0.8240343347639485,0.4655086528911865,75
colorful-sweep-216,uj8irx9d,13221,0.1,VJEPA2,mean,0.9,4,0.4610849848565136,4,AdamW,reduce,4,facial_expression_disgust,256,1024,166,-1,True,False,3.1966018216189033e-05,no,93,166,1770318348.108351,0.7528089887640449,0.8228528699615439,0.6302521008403361,0.5736197601543384,0.7591463414634146,0.801716738197425,0.572972972972973,0.8235294117647058,95,0.5888888888888889,0.5578947368421052,328,0.8412017167381974,0.5108026699196521,93
peach-sweep-935,jt0kb3sn,74429,0.1,VJEPA2,mean,0.9,4,0.445336288296712,4,AdamW,reduce,5,facial_expression_disgust,256,768,190,-1,True,False,4.7976226961699024e-05,no,88,190,1770373994.6183326,0.7612359550561798,0.8228172624982197,0.6502057613168725,0.6012508440553472,0.7469512195121951,0.7982154958210977,0.5699481865284974,0.8260869565217391,95,0.5612244897959183,0.5789473684210527,328,0.8154506437768241,0.509753072947907,88
twilight-sweep-4314,4ijawlcu,17330,0.1,VJEPA2,mean,0.9,4,0.3349435627878157,4,AdamW,reduce,6,facial_expression_disgust,256,1024,114,-1,True,False,5.703296588847861e-05,no,68,114,1770610566.224987,0.7556179775280899,0.8228172624982195,0.6297872340425532,0.5758585266852647,0.7591463414634146,0.8002710639259093,0.5683060109289617,0.8208333333333333,95,0.5909090909090909,0.5473684210526316,328,0.8454935622317596,0.4868613450218447,68
feasible-sweep-4334,ivsdie8w,46280,0.1,VJEPA2,mean,0.9,5,0.1742451252225934,4,AdamW,reduce,9,facial_expression_disgust,256,1024,85,-1,True,False,0.0001844322817321127,no,63,85,1770612021.2182283,0.7528089887640449,0.8227104401082467,0.5769230769230769,0.5556054436758663,0.7621951219512195,0.787531059408177,0.5465116279069767,0.8087649402390438,95,0.6103896103896104,0.49473684210526314,328,0.871244635193133,0.49272053631947194,63
ethereal-sweep-1123,y9hnuebp,83957,0.1,VJEPA2,mean,0.9,4,0.34931605133983934,4,AdamW,reduce,7,facial_expression_disgust,256,1024,155,-1,True,False,4.559735225798578e-05,no,71,155,1770387385.017562,0.7443820224719101,0.8226748326449222,0.6403162055335968,0.61994575851419,0.7317073170731707,0.8021685114072736,0.5643564356435643,0.8280542986425339,95,0.5327102803738317,0.6,328,0.7854077253218884,0.5186446259347655,71
young-sweep-3182,gmme3x2y,56598,0.1,VJEPA2,mean,0.9,5,0.24048439515921757,4,AdamW,reduce,7,facial_expression_disgust,256,1024,190,-1,True,False,3.269907566210821e-05,no,87,190,1770532743.5255616,0.7584269662921348,0.8225680102549493,0.6475409836065574,0.5976639249351587,0.7560975609756098,0.8001355319629546,0.5876288659793815,0.834061135371179,95,0.5757575757575758,0.6,328,0.8197424892703863,0.5176662335292899,87
summer-sweep-243,ebdi5yes,9426,0.1,VJEPA2,mean,0.9,4,0.22263017149262904,4,AdamW,reduce,9,facial_expression_disgust,256,1024,168,-1,True,False,7.916543961015406e-05,no,84,168,1770320461.217493,0.7640449438202247,0.8225324027916251,0.631578947368421,0.584064878774493,0.7621951219512195,0.795617799864468,0.5666666666666667,0.8189300411522634,95,0.6,0.5368421052631579,328,0.8540772532188842,0.49210816964828713,84
ruby-sweep-1220,mro526m3,55853,0.1,VJEPA2,mean,0.9,5,0.4418700341332707,4,AdamW,reduce,4,facial_expression_disgust,256,1024,188,-1,True,False,2.457131931937544e-05,no,88,188,1770394303.6889048,0.7471910112359551,0.8224611878649765,0.6311475409836066,0.5782264638482855,0.7408536585365854,0.8024395753331828,0.5685279187817259,0.827433628318584,95,0.5490196078431373,0.5894736842105263,328,0.8025751072961373,0.4790032591751153,88
magic-sweep-2198,1jhpe6gh,77271,0.1,VJEPA2,mean,0.9,4,0.36551146947370394,4,AdamW,reduce,7,facial_expression_disgust,256,768,147,-1,True,False,0.0006893121320127522,no,65,147,1770463549.6120677,0.7528089887640449,0.8224611878649764,0.6140350877192983,0.5111288026477514,0.7652439024390244,0.8008131917777277,0.5837837837837838,0.8277310924369747,95,0.6,0.5684210526315789,328,0.8454935622317596,0.2824432206668442,65
feasible-sweep-2065,0abxzpyz,14878,0.1,VJEPA2,mean,0.9,5,0.44729747169950784,4,AdamW,reduce,5,facial_expression_disgust,256,768,174,-1,True,False,4.834924956808714e-05,no,89,174,1770454173.760486,0.7584269662921348,0.8224255804016523,0.635593220338983,0.5605835861034607,0.75,0.793629997741134,0.5591397849462365,0.8185654008438819,95,0.5714285714285714,0.5473684210526316,328,0.8326180257510729,0.46097098580367274,89
polar-sweep-1405,5sjninpn,28058,0.1,VJEPA2,mean,0.9,5,0.2732685615183622,4,AdamW,reduce,4,facial_expression_disgust,256,768,186,-1,True,False,0.0014257563182914826,no,75,186,1770407598.6542995,0.75,0.8222653468166927,0.6276150627615062,0.518225783377551,0.75,0.7861983284391236,0.5729166666666666,0.8268398268398268,95,0.5670103092783505,0.5789473684210527,328,0.8197424892703863,0.2651695983015376,75
drawn-sweep-676,i56mgqh4,8527,0.1,VJEPA2,mean,0.9,5,0.3717998620515335,4,AdamW,reduce,7,facial_expression_disgust,256,768,108,-1,True,False,4.657508514826138e-05,no,73,108,1770354793.4663577,0.7443820224719101,0.8221763281583819,0.6539923954372624,0.6087121025899823,0.7560975609756098,0.8056019878021232,0.6226415094339622,0.8625592417061612,95,0.5641025641025641,0.6947368421052632,328,0.7811158798283262,0.48984668014718474,73
cool-sweep-4742,wczidblh,43273,0.1,VJEPA2,mean,0.9,5,0.31386323200527105,4,AdamW,reduce,3,facial_expression_disgust,256,768,150,-1,True,False,7.750776040261943e-05,no,67,150,1770640277.442894,0.7640449438202247,0.8221585244267198,0.6347826086956522,0.5739322974440757,0.75,0.7904224079512084,0.5543478260869565,0.8158995815899581,95,0.5730337078651685,0.5368421052631579,328,0.8369098712446352,0.4672112601695301,67
fearless-sweep-1933,zkd3dbtv,36395,0.1,VJEPA2,mean,0.9,5,0.29961080664484296,4,AdamW,reduce,7,facial_expression_disgust,256,1024,126,-1,True,False,9.804230705062776e-05,no,56,126,1770444689.0478806,0.7668539325842697,0.8221407206950576,0.6375545851528385,0.5725628244742919,0.7652439024390244,0.7969279421730291,0.574585635359116,0.8223140495867769,95,0.6046511627906976,0.5473684210526316,328,0.8540772532188842,0.47667638886746744,56
atomic-sweep-4701,cw6x5mkr,20445,0.1,VJEPA2,mean,0.9,5,0.16233231813639068,4,AdamW,reduce,5,facial_expression_disgust,256,1024,155,-1,True,False,4.006116996189449e-05,no,84,155,1770637400.677976,0.7556179775280899,0.8221051132317334,0.6506024096385542,0.6012946467721061,0.7439024390243902,0.7960243957533318,0.58,0.8340807174887892,95,0.5523809523809524,0.6105263157894737,328,0.7982832618025751,0.4886631258100057,84
astral-sweep-4504,5vxe3u3x,34739,0.1,VJEPA2,mean,0.9,4,0.2267241247560989,4,AdamW,reduce,9,facial_expression_disgust,256,1024,114,-1,True,False,8.464931915504685e-05,no,69,114,1770623935.7432475,0.7584269662921348,0.8221051132317333,0.6090909090909091,0.554156561246079,0.7652439024390244,0.7866726903094647,0.56,0.8145161290322581,95,0.6125,0.5157894736842106,328,0.8669527896995708,0.4809502438246775,69
robust-sweep-3067,74gh46bf,57386,0.1,VJEPA2,mean,0.9,5,0.3295194754512481,4,AdamW,reduce,4,facial_expression_disgust,256,512,118,-1,True,False,0.00012673395991750087,no,58,118,1770524792.4316578,0.7528089887640449,0.822069505768409,0.6239316239316239,0.5505340173003379,0.7560975609756098,0.795346735938559,0.5698924731182796,0.8227848101265823,95,0.5824175824175825,0.5578947368421052,328,0.8369098712446352,0.4069168073239086,58
giddy-sweep-263,5a6b56hc,38890,0.1,VJEPA2,mean,0.9,3,0.19713605496349432,4,AdamW,reduce,6,facial_expression_disgust,256,1024,164,-1,True,False,4.7029744430959706e-05,no,95,164,1770322181.3835113,0.7696629213483146,0.8219982908417605,0.6495726495726496,0.5782403349876404,0.7530487804878049,0.7973345380618929,0.5668449197860963,0.8220338983050848,95,0.5760869565217391,0.5578947368421052,328,0.8326180257510729,0.4611269154994608,95
unique-sweep-948,lnd40hfs,23008,0.1,VJEPA2,mean,0.9,4,0.22051611984466743,4,AdamW,reduce,9,facial_expression_disgust,256,768,88,-1,True,False,6.580840164321698e-05,no,56,88,1770374934.6620674,0.7528089887640449,0.8219626833784363,0.6451612903225806,0.6014924565058076,0.75,0.8077253218884121,0.5858585858585859,0.8355555555555556,95,0.5631067961165048,0.6105263157894737,328,0.8068669527896996,0.4933292771414887,56
scarlet-sweep-3768,cv8towke,4536,0.1,VJEPA2,mean,0.9,5,0.1759026818447149,4,AdamW,reduce,7,facial_expression_disgust,256,1024,108,-1,True,False,0.00017523754594390308,no,39,108,1770572818.5933433,0.7668539325842697,0.8219270759151117,0.6375545851528385,0.5834514646047957,0.7621951219512195,0.7953467359385589,0.5714285714285714,0.8215767634854771,95,0.5977011494252874,0.5473684210526316,328,0.8497854077253219,0.49079048693608895,39
iconic-sweep-1214,i8necbso,22788,0.1,VJEPA2,mean,0.9,5,0.3950492171588519,4,AdamW,reduce,6,facial_expression_disgust,256,768,56,-1,True,False,9.59249070323514e-05,no,49,56,1770393899.7566571,0.75,0.8219270759151117,0.6396761133603239,0.5594234567010001,0.7591463414634146,0.8046080867404563,0.5948717948717949,0.8377192982456141,95,0.58,0.6105263157894737,328,0.8197424892703863,0.458940944139906,49
cosmic-sweep-1800,c8i64x8m,9548,0.1,VJEPA2,mean,0.9,4,0.22885358939683195,4,AdamW,reduce,10,facial_expression_disgust,256,1024,50,-1,True,False,0.000725257435425248,no,45,50,1770435078.5008268,0.7752808988764045,0.8218914684517875,0.6521739130434783,0.5299504258659449,0.7621951219512195,0.8000903546419698,0.5806451612903226,0.8270042194092827,95,0.5934065934065934,0.5684210526315789,328,0.8412017167381974,0.3290094546276888,45
autumn-sweep-3548,uao37v4f,19665,0.1,VJEPA2,mean,0.9,5,0.3554839236074536,4,AdamW,reduce,4,facial_expression_disgust,256,256,154,-1,True,False,8.29233783466424e-05,no,87,154,1770558049.9585257,0.7443820224719101,0.8218914684517875,0.6094420600858369,0.5383888643779112,0.7530487804878049,0.7963406370002258,0.5621621621621622,0.819327731092437,95,0.5777777777777777,0.5473684210526316,328,0.8369098712446352,0.424948450344072,87
sleek-sweep-1251,piwc48aw,88312,0.1,VJEPA2,mean,0.9,3,0.22271596291516485,4,AdamW,reduce,9,facial_expression_disgust,256,1024,200,-1,True,False,4.433477506488202e-05,no,96,200,1770396604.1650758,0.7528089887640449,0.8218558609884632,0.6036036036036037,0.5607011070412197,0.7652439024390244,0.7932234018522701,0.5649717514124294,0.8170731707317073,95,0.6097560975609756,0.5263157894736842,328,0.8626609442060086,0.4901053982672931,96
solar-sweep-2928,3sjckgi3,7247,0.1,VJEPA2,mean,0.9,3,0.18183447204317316,4,AdamW,reduce,9,facial_expression_disgust,256,1024,79,-1,True,False,6.120510600131703e-05,no,51,79,1770515171.4624496,0.75,0.8218202535251389,0.6509803921568628,0.6235307213965426,0.7591463414634146,0.8073187259995483,0.6183574879227053,0.8564814814814815,95,0.5714285714285714,0.6736842105263158,328,0.7939914163090128,0.5159306341795613,51
fallen-sweep-2756,1x8inm64,5091,0.1,VJEPA2,mean,0.9,5,0.1796935450512901,4,AdamW,reduce,10,facial_expression_disgust,256,1024,80,-1,True,False,6.596660248685061e-05,no,45,80,1770503476.5986974,0.75,0.8218202535251388,0.6276150627615062,0.5737142020396973,0.75,0.8052405692342444,0.5591397849462365,0.8185654008438819,95,0.5714285714285714,0.5473684210526316,328,0.8326180257510729,0.49545788996511225,45
clean-sweep-3057,67lnxl0e,32490,0.1,VJEPA2,mean,0.9,5,0.27247699688757715,4,AdamW,reduce,3,facial_expression_disgust,256,768,95,-1,True,False,0.0001508346900215697,no,46,95,1770524067.794744,0.7556179775280899,0.8218202535251388,0.6390041493775933,0.586628295062633,0.7347560975609756,0.7962954596792411,0.5492227979274611,0.8173913043478261,95,0.5408163265306123,0.5578947368421052,328,0.8068669527896996,0.4563184175559943,46
cerulean-sweep-4025,kedxr16g,25628,0.1,VJEPA2,mean,0.9,3,0.18680842408940432,4,AdamW,step,10,facial_expression_disgust,256,1024,138,-1,True,False,3.987002698794074e-05,no,65,138,1770590659.7531164,0.7471910112359551,0.8217846460618146,0.6311475409836066,0.5768539718027865,0.7469512195121951,0.805376101197199,0.5654450261780105,0.8232758620689655,95,0.5625,0.5684210526315789,328,0.8197424892703863,0.5026752677752817,65
zesty-sweep-1667,jalda1fk,86044,0.1,VJEPA2,mean,0.9,4,0.2600760108571676,4,AdamW,reduce,5,facial_expression_disgust,256,768,57,-1,True,False,0.0002714928342777989,no,47,57,1770425992.7863772,0.7640449438202247,0.8217846460618146,0.6146788990825688,0.5363233772556434,0.7621951219512195,0.7951660266546193,0.5517241379310345,0.8112449799196787,95,0.6075949367088608,0.5052631578947369,328,0.8669527896995708,0.4099186071817824,47
effortless-sweep-2968,4d96b8td,14761,0.1,VJEPA2,mean,0.9,4,0.4107623984197335,4,AdamW,reduce,6,facial_expression_disgust,256,1024,148,-1,True,False,0.0002827340913321022,no,76,148,1770518058.013417,0.7612359550561798,0.8217668423301524,0.6188340807174888,0.5204338464844093,0.7682926829268293,0.7874407047662073,0.5681818181818182,0.8178137651821862,95,0.6172839506172839,0.5263157894736842,328,0.8669527896995708,0.33663853664192367,76
helpful-sweep-3907,p4ttj48x,18310,0.1,VJEPA2,mean,0.9,5,0.11002047958077164,4,AdamW,reduce,8,facial_expression_disgust,256,1024,152,-1,True,False,5.1245722272735295e-05,no,80,152,1770582425.3782268,0.7668539325842697,0.8217490385984902,0.6527196652719666,0.594772286629409,0.7439024390243902,0.8022588660492432,0.5578947368421052,0.8197424892703863,95,0.5578947368421052,0.5578947368421052,328,0.8197424892703863,0.4927026355866906,80
lilac-sweep-947,5gf6v6yu,27852,0.1,VJEPA2,mean,0.9,5,0.3538673894452763,4,AdamW,reduce,7,facial_expression_disgust,256,768,184,-1,True,False,4.075701535395995e-05,no,93,184,1770374869.887423,0.7556179775280899,0.8217490385984902,0.6359832635983264,0.5518667168831557,0.7469512195121951,0.7964761689631804,0.5561497326203209,0.8177966101694916,95,0.5652173913043478,0.5473684210526316,328,0.8283261802575107,0.4338706245954088,93
worthy-sweep-363,96zyitnh,56840,0.1,VJEPA2,mean,0.9,5,0.48967563857632246,4,AdamW,reduce,5,facial_expression_disgust,256,512,137,-1,True,False,6.552593387317327e-05,no,83,137,1770330423.5322125,0.7471910112359551,0.8217134311351659,0.6153846153846154,0.5694299567951245,0.7591463414634146,0.8027106392590919,0.572972972972973,0.8235294117647058,95,0.5888888888888889,0.5578947368421052,328,0.8412017167381974,0.4913346896926276,83
fast-sweep-4074,8k97llnu,18412,0.1,VJEPA2,mean,0.9,4,0.2375566088280252,4,AdamW,reduce,3,facial_expression_disgust,256,768,195,-1,True,False,3.529429269567979e-05,no,84,195,1770594211.5127032,0.7471910112359551,0.8217134311351659,0.6428571428571429,0.5720302074143057,0.7378048780487805,0.797334538061893,0.57,0.8295964125560538,95,0.5428571428571428,0.6,328,0.7939914163090128,0.3955180690014105,84
deep-sweep-1254,z8od0s0w,61332,0.1,VJEPA2,mean,0.9,4,0.31389006729170665,4,AdamW,reduce,9,facial_expression_disgust,256,1024,157,-1,True,False,9.043454250534484e-05,no,78,157,1770396847.3505251,0.7612359550561798,0.8216778236718416,0.6255506607929515,0.5754930075634731,0.7591463414634146,0.7940365936299978,0.56353591160221,0.8181818181818182,95,0.5930232558139535,0.5368421052631579,328,0.8497854077253219,0.4742692800734541,78
good-sweep-3926,luxr0bqh,20035,0.1,VJEPA2,mean,0.9,5,0.32893111021086074,4,AdamW,step,8,facial_expression_disgust,256,512,68,-1,True,False,0.0005917935762565587,no,53,68,1770583572.5838122,0.7584269662921348,0.8216778236718415,0.635593220338983,0.5549932436996632,0.7530487804878049,0.7956629771854529,0.5714285714285714,0.8247863247863247,95,0.574468085106383,0.5684210526315789,328,0.8283261802575107,0.3926019073819085,53
smooth-sweep-2223,4f26pi2x,42176,0.1,VJEPA2,mean,0.9,5,0.23374348311589055,4,AdamW,reduce,8,facial_expression_disgust,256,256,131,-1,True,False,0.0002636581470591932,no,61,131,1770465244.6713052,0.7556179775280899,0.8215710012818687,0.6133333333333333,0.504743675167641,0.7439024390243902,0.78820871922295,0.5434782608695652,0.8117154811715481,95,0.5617977528089888,0.5263157894736842,328,0.8326180257510729,0.3410369776135726,61
summer-sweep-1926,r7fvhnyh,5789,0.1,VJEPA2,mean,0.9,4,0.2495389399351925,4,AdamW,reduce,5,facial_expression_disgust,256,768,116,-1,True,False,5.93290869664207e-05,no,78,116,1770444233.5705612,0.75,0.8215353938185443,0.636734693877551,0.5792157228073377,0.7378048780487805,0.798644680370454,0.5612244897959183,0.8237885462555066,95,0.5445544554455446,0.5789473684210527,328,0.8025751072961373,0.466022176794011,78
jumping-sweep-2915,qoyb964d,43016,0.1,VJEPA2,mean,0.9,4,0.38614837161378424,4,AdamW,reduce,6,facial_expression_disgust,256,512,52,-1,True,False,0.00033632394757795314,no,46,52,1770514300.8256378,0.75,0.8214641788918957,0.6212765957446809,0.5381460625134157,0.7560975609756098,0.7933589338152247,0.5698924731182796,0.8227848101265823,95,0.5824175824175825,0.5578947368421052,328,0.8369098712446352,0.3725917148933136,46
winter-sweep-383,huidd36a,19757,0.1,VJEPA2,mean,0.9,5,0.25440931633927455,4,AdamW,reduce,4,facial_expression_disgust,256,1024,178,-1,True,False,2.56647139320966e-05,no,81,178,1770332079.853216,0.7556179775280899,0.8214463751602336,0.6533864541832669,0.6179545448067483,0.75,0.8086288683081093,0.6019417475728155,0.847926267281106,95,0.5585585585585585,0.6526315789473685,328,0.7896995708154506,0.5477027271291335,81
fine-sweep-2579,595rz027,41304,0.1,VJEPA2,mean,0.9,4,0.33390864353915484,4,AdamW,reduce,8,facial_expression_disgust,256,768,114,-1,True,False,0.00018873082392895568,no,63,114,1770490571.5988262,0.7556179775280899,0.8213929639652472,0.6063348416289592,0.5696700891751921,0.7774390243902439,0.7992319855432573,0.5875706214689266,0.8252032520325203,95,0.6341463414634146,0.5473684210526316,328,0.871244635193133,0.4930251935403124,63
resilient-sweep-2423,qzr3lrcx,89556,0.1,VJEPA2,mean,0.9,4,0.26133872069151676,4,AdamW,reduce,9,facial_expression_disgust,256,1024,114,-1,True,False,3.531095373007392e-05,no,55,114,1770479701.0762222,0.7331460674157303,0.8213929639652471,0.6415094339622641,0.6264600097463372,0.7530487804878049,0.8074994352834877,0.6267281105990783,0.8689320388349514,95,0.5573770491803278,0.7157894736842105,328,0.7682403433476395,0.5541397652180075,55
wild-sweep-3389,ay5vyzpg,32863,0.1,VJEPA2,mean,0.9,5,0.20934750793182,4,AdamW,reduce,3,facial_expression_disgust,256,1024,83,-1,True,False,9.778131355065688e-05,no,49,83,1770546693.5150986,0.7612359550561798,0.8213217490385984,0.6351931330472103,0.5419046209099587,0.7530487804878049,0.794940140049695,0.5573770491803278,0.8166666666666667,95,0.5795454545454546,0.5368421052631579,328,0.8412017167381974,0.3967701356187998,49
lunar-sweep-2023,styr9dem,27088,0.1,VJEPA2,mean,0.9,4,0.24706939224629668,4,AdamW,reduce,6,facial_expression_disgust,256,1024,165,-1,True,False,3.7887135879940226e-05,no,84,165,1770451086.2431347,0.7247191011235955,0.8212505341119498,0.6573426573426573,0.6548597899715553,0.6951219512195121,0.8070476620736391,0.5901639344262295,0.8715083798882681,95,0.48322147651006714,0.7578947368421053,328,0.6695278969957081,0.5044366008943791,84
divine-sweep-864,xqln1jbf,46334,0.1,VJEPA2,mean,0.9,4,0.3441306739284753,4,AdamW,reduce,7,facial_expression_disgust,256,1024,103,-1,True,False,3.3174462966832166e-05,no,57,103,1770368768.909098,0.7331460674157303,0.8212149266486256,0.6360153256704981,0.5959882026308039,0.75,0.8075446126044726,0.6095238095238096,0.8544600938967136,95,0.5565217391304348,0.6736842105263158,328,0.7811158798283262,0.5051928826802069,57
pious-sweep-407,tpzdk4d8,84058,0.1,VJEPA2,mean,0.9,5,0.4038182038138899,4,AdamW,reduce,5,facial_expression_disgust,256,1024,159,-1,True,False,2.353518488968232e-05,no,80,159,1770334018.6065943,0.7528089887640449,0.8212149266486256,0.6451612903225806,0.6026837256517303,0.7408536585365854,0.8115653941721256,0.5771144278606966,0.8333333333333334,95,0.5471698113207547,0.6105263157894737,328,0.7939914163090128,0.5470121975425336,80
brisk-sweep-255,2d976t4c,82599,0.1,VJEPA2,mean,0.9,4,0.475404962920237,4,AdamW,reduce,3,facial_expression_disgust,256,768,194,-1,True,False,5.5518876374595505e-05,no,92,194,1770321446.592949,0.7724719101123596,0.8212149266486255,0.6582278481012658,0.5767764201324977,0.75,0.7958436864693923,0.5638297872340425,0.8212765957446808,95,0.5698924731182796,0.5578947368421052,328,0.8283261802575107,0.4626181933090841,92
dainty-sweep-4594,5b3doo1v,253,0.1,VJEPA2,mean,0.9,5,0.3488083116615462,4,AdamW,reduce,9,facial_expression_disgust,256,1024,88,-1,True,False,0.00016333915725855958,no,65,88,1770629981.6361504,0.7612359550561798,0.8211437117219771,0.6082949308755761,0.5188849025897766,0.7591463414634146,0.7821549582109781,0.5485714285714286,0.8104838709677419,95,0.6,0.5052631578947369,328,0.8626609442060086,0.4005063276925533,65
efficient-sweep-4797,j0qf4vkn,12381,0.1,VJEPA2,mean,0.9,4,0.24374993348994975,4,AdamW,reduce,6,facial_expression_disgust,256,768,60,-1,True,False,0.00011233044024028172,no,49,60,1770644134.2591755,0.75,0.821143711721977,0.6396761133603239,0.5869080143028431,0.7469512195121951,0.8014908515925006,0.5699481865284974,0.8260869565217391,95,0.5612244897959183,0.5789473684210527,328,0.8154506437768241,0.4754288632663892,49
bright-sweep-170,dvzq7bhb,7466,0.1,VJEPA2,mean,0.9,5,0.2958526886297702,4,AdamW,reduce,4,facial_expression_disgust,256,1024,131,-1,True,False,3.378370047031323e-05,no,81,131,1770314476.4935913,0.7387640449438202,0.8211081042586527,0.6324110671936759,0.5834116091888942,0.7560975609756098,0.8046532640614412,0.6039603960396039,0.8461538461538461,95,0.5700934579439252,0.6421052631578947,328,0.8025751072961373,0.4757338961680158,81
wandering-sweep-446,y67wi9vf,15694,0.1,VJEPA2,mean,0.9,3,0.4967035434216369,4,AdamW,reduce,8,facial_expression_disgust,256,768,155,-1,True,False,4.186246087563394e-05,no,81,155,1770337124.0329912,0.7471910112359551,0.8211081042586525,0.6456692913385826,0.612936398286498,0.7439024390243902,0.8068217754687147,0.5882352941176471,0.8401826484018264,95,0.5504587155963303,0.631578947368421,328,0.7896995708154506,0.5183491142533666,81
drawn-sweep-3145,wf69ko0h,69147,0.1,VJEPA2,mean,0.9,4,0.33419209579339154,4,AdamW,reduce,3,facial_expression_disgust,256,1024,62,-1,True,False,0.0021827509011556924,no,48,62,1770530203.1843207,0.7528089887640449,0.8211081042586525,0.6071428571428571,0.5033293908901428,0.7621951219512195,0.7911452450869664,0.5617977528089888,0.8163265306122449,95,0.6024096385542169,0.5263157894736842,328,0.8583690987124464,0.33715181282098344,48
lucky-sweep-1648,4zh170r1,28903,0.1,VJEPA2,mean,0.9,4,0.3501263277418486,4,AdamW,reduce,3,facial_expression_disgust,256,768,147,-1,True,False,2.727183157436442e-05,no,80,147,1770424643.5188198,0.7471910112359551,0.821036889332004,0.64,0.577302232217253,0.75,0.8066410661847753,0.594059405940594,0.8416289592760181,95,0.5607476635514018,0.631578947368421,328,0.7982832618025751,0.5046570271896801,80
expert-sweep-4451,rs9zg8c3,87680,0.1,VJEPA2,mean,0.9,5,0.44076877474398735,4,AdamW,step,5,facial_expression_disgust,256,512,152,-1,True,False,0.00018731756433606765,no,76,152,1770620191.4583335,0.7584269662921348,0.8210368893320039,0.6194690265486725,0.5452279736486714,0.7621951219512195,0.7962954596792411,0.5666666666666667,0.8189300411522634,95,0.6,0.5368421052631579,328,0.8540772532188842,0.3727539591223216,76
solar-sweep-2293,my9d1c30,16432,0.1,VJEPA2,mean,0.9,5,0.256067630231662,4,AdamW,step,4,facial_expression_disgust,256,768,64,-1,True,False,0.00029664895708175553,no,53,64,1770470258.089423,0.7584269662921348,0.8210012818686797,0.6293103448275862,0.5479703786667813,0.7530487804878049,0.7968827648520442,0.5668449197860963,0.8220338983050848,95,0.5760869565217391,0.5578947368421052,328,0.8326180257510729,0.3864733196848588,53
apricot-sweep-4284,d60qdp5o,72360,0.1,VJEPA2,mean,0.9,5,0.11494269172668124,4,AdamW,reduce,6,facial_expression_disgust,256,1024,194,-1,True,False,2.326979868772795e-05,no,79,194,1770608507.8406625,0.7359550561797753,0.8210012818686796,0.6466165413533834,0.6206822147530117,0.7347560975609756,0.8032979444318952,0.6027397260273972,0.8578431372549019,95,0.532258064516129,0.6947368421052632,328,0.7510729613733905,0.5152959172674221,79
quiet-sweep-4200,bugn162f,52038,0.1,VJEPA2,mean,0.9,4,0.3457958277069203,4,AdamW,reduce,9,facial_expression_disgust,256,1024,121,-1,True,False,0.00012930444509104094,yes,74,121,1770602762.4279988,0.7584269662921348,0.8209656744053554,0.6416666666666667,0.6030385454049271,0.7713414634146342,0.8046984413824261,0.6031746031746031,0.8376068376068376,95,0.6063829787234043,0.6,328,0.8412017167381974,0.502289924990359,74
laced-sweep-2586,3ss0o52n,46337,0.1,VJEPA2,mean,0.9,5,0.3242358582019323,4,AdamW,reduce,3,facial_expression_disgust,256,768,195,-1,True,False,2.995855293857215e-05,no,89,195,1770491140.5965097,0.7556179775280899,0.8209300669420311,0.6297872340425532,0.5316920106330615,0.7469512195121951,0.7926360966794669,0.5561497326203209,0.8177966101694916,95,0.5652173913043478,0.5473684210526316,328,0.8283261802575107,0.4378807496681488,89
peach-sweep-977,llkckp3v,30981,0.1,VJEPA2,mean,0.9,5,0.12937011138147794,4,AdamW,reduce,6,facial_expression_disgust,256,768,123,-1,True,False,0.00028508209061752827,no,70,123,1770376903.4928286,0.75,0.8209300669420311,0.5741626794258373,0.5323352137308442,0.7682926829268293,0.7915292523153377,0.5529411764705883,0.8102766798418972,95,0.6266666666666667,0.49473684210526314,328,0.8798283261802575,0.44936391119476704,70
fast-sweep-1773,q35wv6bc,35974,0.1,VJEPA2,mean,0.9,5,0.2589946665607614,4,AdamW,reduce,4,facial_expression_disgust,256,768,100,-1,True,False,0.0003106055774089181,no,64,100,1770433279.7913952,0.7556179775280899,0.8208944594787067,0.6233766233766234,0.5556438926900371,0.7530487804878049,0.7926586853399593,0.5714285714285714,0.8247863247863247,95,0.574468085106383,0.5684210526315789,328,0.8283261802575107,0.4231010374405401,64
playful-sweep-3215,j5rs1z25,13807,0.1,VJEPA2,mean,0.9,4,0.14930120093296387,4,AdamW,reduce,6,facial_expression_disgust,256,768,172,-1,True,False,0.00010596678386622691,no,74,172,1770535113.2475202,0.7612359550561798,0.8208410482837203,0.6153846153846154,0.5549990809365605,0.7560975609756098,0.7917777275807545,0.5555555555555556,0.8148148148148148,95,0.5882352941176471,0.5263157894736842,328,0.8497854077253219,0.44270978582848747,74
glowing-sweep-2768,3xpfh7b3,39170,0.1,VJEPA2,mean,0.9,5,0.26612368532056396,4,AdamW,reduce,7,facial_expression_disgust,256,768,80,-1,True,False,9.295710410235838e-05,no,52,80,1770504217.7554717,0.7528089887640449,0.8207520296254095,0.6363636363636364,0.5880096045772681,0.7439024390243902,0.7991868082222724,0.5714285714285714,0.8281938325991189,95,0.5544554455445545,0.5894736842105263,328,0.8068669527896996,0.4773903924784214,52
fearless-sweep-2412,31bsygbl,26116,0.1,VJEPA2,mean,0.9,4,0.4492349919228259,4,AdamW,reduce,7,facial_expression_disgust,256,1024,163,-1,True,False,4.6730844566109134e-05,no,86,163,1770478980.3813818,0.7612359550561798,0.8207520296254095,0.6320346320346321,0.5909859953301676,0.7439024390243902,0.79665687824712,0.5483870967741935,0.8143459915611815,95,0.5604395604395604,0.5368421052631579,328,0.8283261802575107,0.5231495698578924,86
eager-sweep-1569,uoiyrzs0,38464,0.1,VJEPA2,mean,0.9,5,0.4699521332777909,4,AdamW,reduce,7,facial_expression_disgust,256,1024,170,-1,True,False,3.0860800350867286e-05,no,87,170,1770419226.4579191,0.7528089887640449,0.8207520296254095,0.6239316239316239,0.553545501794708,0.7530487804878049,0.7974700700248476,0.5573770491803278,0.8166666666666667,95,0.5795454545454546,0.5368421052631579,328,0.8412017167381974,0.4940267537995208,87
polar-sweep-3300,mlm1d3wj,68826,0.1,VJEPA2,mean,0.9,4,0.4538567417904863,4,AdamW,reduce,7,facial_expression_disgust,256,768,123,-1,True,False,8.79021813167953e-05,no,59,123,1770540634.5776205,0.7668539325842697,0.8207342258937473,0.6343612334801763,0.5774148052997803,0.7591463414634146,0.7948046080867405,0.5586592178770949,0.8155737704918032,95,0.5952380952380952,0.5263157894736842,328,0.8540772532188842,0.4732236680795821,59
dauntless-sweep-2554,ykqtzu9m,30279,0.1,VJEPA2,mean,0.9,5,0.245359020931491,4,AdamW,step,10,facial_expression_disgust,256,512,117,-1,True,False,6.385976135661855e-05,no,59,117,1770488769.6809063,0.75,0.8207164221620852,0.6454183266932271,0.5914790643734879,0.75,0.801355319629546,0.5858585858585859,0.8355555555555556,95,0.5631067961165048,0.6105263157894737,328,0.8068669527896996,0.5137540279532508,59
playful-sweep-2642,tujqluz6,14903,0.1,VJEPA2,mean,0.9,4,0.4519463926339115,4,AdamW,step,5,facial_expression_disgust,256,1024,196,-1,True,False,1.6772121937688958e-05,no,78,196,1770495171.7320976,0.7387640449438202,0.8207164221620851,0.6490566037735849,0.6074802989370367,0.7408536585365854,0.8103907838265191,0.6118721461187214,0.8627450980392157,95,0.5403225806451613,0.7052631578947368,328,0.7553648068669528,0.5172797390025297,78
swept-sweep-3346,gjecppc2,40266,0.1,VJEPA2,mean,0.9,3,0.32029633200853447,4,AdamW,reduce,7,facial_expression_disgust,256,512,147,-1,True,False,4.4168357583482885e-05,no,77,147,1770543772.7753167,0.7528089887640449,0.8206808146987609,0.6451612903225806,0.5768790405787779,0.75,0.8005421278518184,0.5773195876288659,0.8296943231441049,95,0.5656565656565656,0.5894736842105263,328,0.8154506437768241,0.4924846722067689,77
ethereal-sweep-414,cbcbkfov,75314,0.1,VJEPA2,mean,0.9,4,0.4053730868684743,4,AdamW,reduce,3,facial_expression_disgust,256,768,94,-1,True,False,0.0001396936710096681,no,61,94,1770334588.8845186,0.7584269662921348,0.8206808146987609,0.6194690265486725,0.5458449038226952,0.7469512195121951,0.7929523379263609,0.5414364640883977,0.8099173553719008,95,0.5697674418604651,0.5157894736842106,328,0.8412017167381974,0.42783166547473384,61
divine-sweep-173,75aqlxuc,13972,0.1,VJEPA2,mean,0.9,4,0.2831870788709022,4,AdamW,reduce,4,facial_expression_smile,256,1024,188,-1,True,False,0.000887332173180492,no,106,188,1770318212.9502945,0.7630853994490359,0.8330215631589688,0.6228070175438597,0.48824971175390824,0.7771084337349398,0.8233036804465375,0.6145833333333334,0.8361344537815126,98,0.6276595744680851,0.6020408163265306,332,0.8504273504273504,0.24432118262869423,106
morning-sweep-1918,kb3jo0v9,54369,0.1,VJEPA2,mean,0.9,5,0.14048827684162754,4,AdamW,reduce,9,facial_expression_smile,256,1024,186,-1,True,False,0.0016577484095558024,no,97,186,1770465572.9090626,0.7878787878787878,0.8321372695734985,0.6831275720164609,0.5059870174436858,0.7530120481927711,0.8040729112157684,0.5816326530612245,0.8247863247863247,98,0.5816326530612245,0.5816326530612245,332,0.8247863247863247,0.2551186152328789,97
wandering-sweep-3529,f29wpjtg,53261,0.1,VJEPA2,mean,0.9,4,0.19059369704097903,4,AdamW,step,4,facial_expression_smile,256,1024,125,-1,True,False,0.0007825084143183337,no,77,125,1770597281.7377234,0.7741046831955923,0.8317291340725119,0.6095238095238096,0.489961576527472,0.7891566265060241,0.8281440781440781,0.6067415730337079,0.8253968253968254,98,0.675,0.5510204081632653,332,0.8888888888888888,0.21726259541186552,77
radiant-sweep-4006,zuwad7zz,21111,0.1,VJEPA2,mean,0.9,5,0.14120657903342476,4,AdamW,reduce,4,facial_expression_smile,256,512,172,-1,True,False,0.0010118783199272142,no,101,172,1770635111.1890714,0.7823691460055097,0.8312019590504047,0.6721991701244814,0.4881156321727868,0.7620481927710844,0.8239577882435024,0.6069651741293532,0.8384279475982532,98,0.5922330097087378,0.6224489795918368,332,0.8205128205128205,0.2541057557753914,101
vivid-sweep-2981,q4qj77e7,28520,0.1,VJEPA2,mean,0.9,5,0.3245656469895293,4,AdamW,step,4,facial_expression_smile,256,1024,79,-1,True,False,0.00016616107110729644,no,55,79,1770551973.440672,0.7741046831955923,0.8306917896741718,0.6495726495726496,0.574887709840927,0.7981927710843374,0.8263561834990407,0.6492146596858639,0.8493723849372385,98,0.6666666666666666,0.6326530612244898,332,0.8675213675213675,0.4710275205463873,55
amber-sweep-961,2b4kif90,65526,0.1,VJEPA2,mean,0.9,5,0.3692582410894504,4,AdamW,step,10,facial_expression_smile,256,768,185,-1,True,False,0.0004887830983160131,no,103,185,1770386157.8527536,0.768595041322314,0.830657778382423,0.6470588235294118,0.5006421336457749,0.7921686746987951,0.8249825571254142,0.6461538461538462,0.851063829787234,98,0.6494845360824743,0.6428571428571429,332,0.8547008547008547,0.2391504194065836,103
earnest-sweep-1607,b3qe0ous,79438,0.1,VJEPA2,mean,0.9,5,0.36010454364762756,4,AdamW,reduce,9,facial_expression_smile,256,768,135,-1,True,False,0.0008022413709945937,no,74,135,1770440705.2211506,0.768595041322314,0.8301135977144412,0.6470588235294118,0.4963539435679591,0.7921686746987951,0.8220390720390719,0.649746192893401,0.8540772532188842,98,0.6464646464646465,0.6530612244897959,332,0.8504273504273504,0.22335719487997976,74
volcanic-sweep-2182,x4ahao2h,89140,0.1,VJEPA2,mean,0.9,4,0.16650827272352198,4,AdamW,reduce,7,facial_expression_smile,256,768,187,-1,True,False,0.0004582112821298969,no,91,187,1770486736.181852,0.7768595041322314,0.8294673831712129,0.6639004149377593,0.4975400264105521,0.7951807228915663,0.8206000348857492,0.6494845360824743,0.8516949152542372,98,0.65625,0.6428571428571429,332,0.8589743589743589,0.18275772024042988,91
dauntless-sweep-3811,5ja8ukkh,34746,0.1,VJEPA2,mean,0.9,4,0.3609001616420888,4,AdamW,reduce,10,facial_expression_smile,256,1024,180,-1,True,False,0.00103489713294962,no,102,180,1770619713.6711946,0.7768595041322314,0.8292973267124686,0.6639004149377593,0.4956749896044245,0.7801204819277109,0.8195752660038373,0.6331658291457286,0.8484848484848485,98,0.6237623762376238,0.6428571428571429,332,0.8376068376068376,0.2477321742746467,102
leafy-sweep-974,lb3tezf5,47063,0.1,VJEPA2,mean,0.9,5,0.10941115960356368,4,AdamW,reduce,10,facial_expression_smile,256,768,147,-1,True,False,0.0003268400230809232,no,75,147,1770387181.0843008,0.7796143250688705,0.8290932589619753,0.6694214876033058,0.5277788616080586,0.7921686746987951,0.8286891679748822,0.6567164179104478,0.8602620087336245,98,0.6407766990291263,0.673469387755102,332,0.8418803418803419,0.3206209087238879,75
eternal-sweep-531,0cp9i6un,53420,0.1,VJEPA2,mean,0.9,4,0.14773947281209107,4,AdamW,reduce,8,facial_expression_smile,256,768,176,-1,True,False,6.479992892335805e-05,no,91,176,1770350681.0698688,0.7823691460055097,0.8286511121692401,0.6877470355731226,0.6128891736022697,0.8042168674698795,0.8267486481772196,0.6919431279620853,0.8858447488584474,98,0.6460176991150443,0.7448979591836735,332,0.8290598290598291,0.5429093402705376,91
spring-sweep-1586,a6qrduos,29034,0.1,VJEPA2,mean,0.9,5,0.46353982178004494,4,AdamW,reduce,9,facial_expression_smile,256,512,171,-1,True,False,0.0014930609287656764,no,87,171,1770438806.9136198,0.7741046831955923,0.8286171008774913,0.6771653543307087,0.5075829222839398,0.7951807228915663,0.8306514913657772,0.6730769230769231,0.8738738738738738,98,0.6363636363636364,0.7142857142857143,332,0.8290598290598291,0.2578318066239505,87
serene-sweep-2547,8gn9y9yy,72869,0.1,VJEPA2,mean,0.9,3,0.33612401847797113,4,AdamW,reduce,6,facial_expression_smile,256,1024,160,-1,True,False,0.00027129363934347723,no,99,160,1770516296.3691645,0.768595041322314,0.8283790218352493,0.6612903225806451,0.5377404686504816,0.7921686746987951,0.8301718123146695,0.6532663316582915,0.8571428571428571,98,0.6435643564356436,0.6632653061224489,332,0.8461538461538461,0.2789325364017132,99
feasible-sweep-349,w5939rwq,36235,0.1,VJEPA2,mean,0.9,5,0.1505580696076126,4,AdamW,reduce,10,facial_expression_smile,256,1024,148,-1,True,False,0.0001174164949127159,no,77,148,1770334870.6738253,0.7713498622589532,0.8283450105435005,0.6666666666666666,0.5762047158456702,0.7891566265060241,0.8199459270887843,0.6568627450980392,0.8628318584070797,98,0.6320754716981132,0.6836734693877551,332,0.8333333333333334,0.4199920576227346,77
silvery-sweep-198,6fz7mxpf,94250,0.1,VJEPA2,mean,0.9,5,0.4145921526052473,4,AdamW,reduce,3,facial_expression_smile,256,768,172,-1,True,False,6.6452474518598e-05,no,110,172,1770320734.8469863,0.7851239669421488,0.8283450105435004,0.6776859504132231,0.5757538311737628,0.7891566265060241,0.8207308564451421,0.65,0.8565217391304348,98,0.6372549019607843,0.6632653061224489,332,0.8418803418803419,0.47154920761470015,110
scarlet-sweep-601,te7kongi,67073,0.1,VJEPA2,mean,0.9,5,0.10659294098523452,4,AdamW,reduce,7,facial_expression_smile,256,512,180,-1,True,False,0.0006873742977053072,yes,108,180,1770356391.4989364,0.7796143250688705,0.8281069315012584,0.6666666666666666,0.5068359463668066,0.786144578313253,0.8225187510901797,0.6467661691542289,0.8558951965065502,98,0.6310679611650486,0.6632653061224489,332,0.8376068376068376,0.29326585286021084,108
earnest-sweep-800,w3tsy8az,2098,0.1,VJEPA2,mean,0.9,3,0.3107048800479123,4,AdamW,reduce,4,facial_expression_smile,256,768,160,-1,True,False,0.000627487272371067,no,85,160,1770372988.534644,0.7713498622589532,0.8280219032718862,0.6278026905829597,0.5111575681644366,0.7801204819277109,0.826268969126112,0.6217616580310881,0.8396624472573839,98,0.631578947368421,0.6122448979591837,332,0.8504273504273504,0.2852540841923918,85
lemon-sweep-3913,tw312onm,77558,0.1,VJEPA2,mean,0.9,5,0.2671452848589123,4,AdamW,step,4,facial_expression_smile,256,512,95,-1,True,False,0.00023458543428000108,no,68,95,1770627757.9456224,0.7823691460055097,0.8275627508332766,0.6721991701244814,0.5501597182153013,0.7891566265060241,0.8181144252572824,0.6534653465346535,0.8596491228070176,98,0.6346153846153846,0.673469387755102,332,0.8376068376068376,0.37460034546503496,68
faithful-sweep-2912,g0p33kbj,89961,0.1,VJEPA2,mean,0.9,4,0.48367025567607447,4,AdamW,reduce,8,facial_expression_smile,256,768,172,-1,True,False,0.00015692116914849396,no,101,172,1770546257.7015584,0.33608815426997246,0.8275287395415278,0.5030927835051546,0.7145096968356571,0.29518072289156627,0.8090877376591662,0.4558139534883721,0.0,98,0.29518072289156627,1.0,332,0.0,0.457667520572114,101
logical-sweep-3681,7w0sf79g,82468,0.1,VJEPA2,mean,0.9,5,0.3805420463745717,4,AdamW,reduce,8,facial_expression_smile,256,512,167,-1,True,False,0.0003828187401866524,no,74,167,1770609458.0034618,0.7658402203856749,0.827103598394667,0.6586345381526104,0.5140680981076453,0.8012048192771084,0.8267704517704517,0.67,0.8652173913043478,98,0.6568627450980392,0.6836734693877551,332,0.8504273504273504,0.28159617557844707,74
super-sweep-3041,ilqnfs7u,73435,0.1,VJEPA2,mean,0.9,5,0.24240487270622993,4,AdamW,step,6,facial_expression_smile,256,512,190,-1,True,False,0.00047555826642041335,no,105,190,1770556948.2837043,0.7713498622589532,0.8270355758111694,0.6770428015564203,0.5345027044456524,0.7771084337349398,0.8180054072911215,0.6476190476190476,0.8636363636363636,98,0.6071428571428571,0.6938775510204082,332,0.811965811965812,0.30379196081906,105
tough-sweep-2420,gylw4ku7,77314,0.1,VJEPA2,mean,0.9,5,0.39537486374284025,4,AdamW,reduce,4,facial_expression_smile,256,768,104,-1,True,False,0.0012656952908788558,no,70,104,1770505873.0027084,0.7851239669421488,0.8270185701652949,0.6694915254237288,0.49585647080555434,0.786144578313253,0.8219954648526077,0.6282722513089005,0.8410041841004184,98,0.6451612903225806,0.6122448979591837,332,0.8589743589743589,0.22944617997093272,70
volcanic-sweep-386,7iyuajxr,57108,0.1,VJEPA2,mean,0.9,3,0.348674930666207,4,AdamW,reduce,5,facial_expression_smile,256,768,157,-1,True,False,8.125806048629281e-05,no,79,157,1770338201.674911,0.7741046831955923,0.8269165362900482,0.6746031746031746,0.5718671451258593,0.7891566265060241,0.8173731030873888,0.6568627450980392,0.8628318584070797,98,0.6320754716981132,0.6836734693877551,332,0.8333333333333334,0.42106209830132857,79
volcanic-sweep-3590,0jmwmlnr,79071,0.1,VJEPA2,mean,0.9,5,0.34661504212917404,4,AdamW,step,8,facial_expression_smile,256,1024,107,-1,True,False,0.00023313783842280933,no,68,107,1770602080.097899,0.7878787878787878,0.8267294741854296,0.6882591093117408,0.6046112404710333,0.7801204819277109,0.8154325832897262,0.6439024390243903,0.8577777777777778,98,0.616822429906542,0.673469387755102,332,0.8247863247863247,0.4476056840857018,68
hearty-sweep-320,t368iivg,98107,0.1,VJEPA2,mean,0.9,5,0.2697646777784636,4,AdamW,reduce,10,facial_expression_smile,256,512,179,-1,True,False,0.0010101577322758387,no,102,179,1770332428.6275077,0.7823691460055097,0.8266104346643086,0.6550218340611353,0.5092727778371701,0.7891566265060241,0.8238705738705739,0.6276595744680851,0.8388429752066116,98,0.6555555555555556,0.6020408163265306,332,0.8675213675213675,0.2778952748432774,102
zesty-sweep-2264,h44zqiu5,16879,0.1,VJEPA2,mean,0.9,5,0.425029170136094,4,AdamW,reduce,4,facial_expression_smile,256,768,190,-1,True,False,9.582228978258111e-05,no,101,190,1770493324.4105675,0.7851239669421488,0.8266104346643086,0.675,0.5408340268883823,0.7891566265060241,0.8123582766439909,0.6391752577319587,0.847457627118644,98,0.6458333333333334,0.6326530612244898,332,0.8547008547008547,0.3946874616979223,101
olive-sweep-889,q3yr05wb,8666,0.1,VJEPA2,mean,0.9,5,0.17965374456629674,4,AdamW,reduce,4,facial_expression_smile,256,1024,187,-1,True,False,9.359026136822734e-05,no,97,187,1770380277.2583845,0.7933884297520661,0.8266104346643085,0.6781115879828327,0.5704011444217902,0.7771084337349398,0.8165881737310309,0.6145833333333334,0.8361344537815126,98,0.6276595744680851,0.6020408163265306,332,0.8504273504273504,0.43931554503452674,97
autumn-sweep-686,atnsweq7,71506,0.1,VJEPA2,mean,0.9,3,0.2725996239723373,4,AdamW,reduce,7,facial_expression_smile,256,1024,62,-1,True,False,0.00023884091273081151,no,51,62,1770363550.6002595,0.768595041322314,0.8264743894973132,0.671875,0.5760020769660467,0.7771084337349398,0.8143860108145823,0.6605504587155964,0.8773584905660378,98,0.6,0.7346938775510204,332,0.7948717948717948,0.42089717187993736,51
youthful-sweep-2461,zoklovce,12910,0.1,VJEPA2,mean,0.9,4,0.2562492482919193,4,AdamW,reduce,5,facial_expression_smile,256,512,195,-1,True,False,0.00011038913689700528,no,99,195,1770509126.8974867,0.7823691460055097,0.8262703217468199,0.6748971193415638,0.5581617429236735,0.7831325301204819,0.8161521018663875,0.64,0.8521739130434782,98,0.6274509803921569,0.6530612244897959,332,0.8376068376068376,0.3921125772347976,99
different-sweep-2278,c6nvl1wl,56367,0.1,VJEPA2,mean,0.9,5,0.20233784398314655,4,AdamW,reduce,7,facial_expression_smile,256,1024,166,-1,True,False,0.00011562023925790955,no,48,166,1770494403.1771486,0.7658402203856749,0.8262703217468199,0.6792452830188679,0.607436431669335,0.7771084337349398,0.8172858887144602,0.6442307692307693,0.8603603603603603,98,0.6090909090909091,0.6836734693877551,332,0.8162393162393162,0.389564157418602,48
hearty-sweep-1023,799mjoki,533,0.1,VJEPA2,mean,0.9,5,0.39689395803531646,4,AdamW,reduce,7,facial_expression_smile,256,1024,118,-1,True,False,8.906158520976707e-05,no,69,118,1770391170.0954754,0.7823691460055097,0.8261682878715734,0.6748971193415638,0.5794941955361484,0.7801204819277109,0.8178091749520321,0.6439024390243903,0.8577777777777778,98,0.616822429906542,0.673469387755102,332,0.8247863247863247,0.46882272752687393,69
noble-sweep-3410,815ho3ij,85019,0.1,VJEPA2,mean,0.9,5,0.2594605843716625,4,AdamW,reduce,7,facial_expression_smile,256,1024,109,-1,True,False,0.0001264697567633982,no,68,109,1770587272.1446917,0.7713498622589532,0.8261342765798245,0.6795366795366795,0.5992299324881604,0.7831325301204819,0.8168062096633526,0.6635514018691588,0.875,98,0.6120689655172413,0.7244897959183674,332,0.8076923076923077,0.4633906903541664,68
swift-sweep-2205,juo5pmlx,20693,0.1,VJEPA2,mean,0.9,5,0.30601782968155994,4,AdamW,step,5,facial_expression_smile,256,1024,133,-1,True,False,5.2505510957895385e-05,no,80,133,1770488408.8376243,0.7878787878787878,0.8260662539963268,0.6804979253112033,0.5802013617901762,0.7891566265060241,0.8192918192918193,0.6534653465346535,0.8596491228070176,98,0.6346153846153846,0.673469387755102,332,0.8376068376068376,0.48365353592561816,80
deep-sweep-4117,lbrd8fsk,35040,0.1,VJEPA2,mean,0.9,3,0.31096833256053535,4,AdamW,reduce,7,facial_expression_smile,256,512,171,-1,True,False,0.00033861597108170334,no,95,171,1770644254.7970972,0.7603305785123967,0.8257941636623359,0.6329113924050633,0.5043139708928825,0.7801204819277109,0.8228458049886621,0.6368159203980099,0.851528384279476,98,0.6213592233009708,0.6530612244897959,332,0.8333333333333334,0.2819570970284156,95
amber-sweep-1621,ugb0ipx6,19755,0.1,VJEPA2,mean,0.9,5,0.1039102134193104,4,AdamW,reduce,9,facial_expression_smile,256,1024,189,-1,True,False,6.732015595785466e-05,no,96,189,1770441934.590983,0.768595041322314,0.8257261410788382,0.6111111111111112,0.5489083182056417,0.7650602409638554,0.8233908948194663,0.5617977528089888,0.8095238095238095,98,0.625,0.5102040816326531,332,0.8717948717948718,0.4716484254177618,96
magic-sweep-1295,i3wmqu40,82484,0.1,VJEPA2,mean,0.9,5,0.3980144078222315,4,AdamW,reduce,10,facial_expression_smile,256,768,79,-1,True,False,0.0003404300766706647,no,64,79,1770414273.0504773,0.790633608815427,0.8257261410788381,0.6752136752136753,0.5406454019966861,0.7831325301204819,0.826792255363684,0.6326530612244898,0.8461538461538461,98,0.6326530612244898,0.6326530612244898,332,0.8461538461538461,0.3835254353292222,64
comfy-sweep-3544,qqpribbl,43836,0.1,VJEPA2,mean,0.9,3,0.3334757589436136,4,AdamW,reduce,3,facial_expression_smile,256,512,172,-1,True,False,9.710853917511988e-05,no,82,172,1770598499.641672,0.7851239669421488,0.8256921297870893,0.6548672566371682,0.5436919022854366,0.7710843373493976,0.820294784580499,0.5777777777777777,0.816,98,0.6341463414634146,0.5306122448979592,332,0.8717948717948718,0.4139598484671545,82
jumping-sweep-2594,ncheoya9,41773,0.1,VJEPA2,mean,0.9,4,0.2985492258029024,4,AdamW,reduce,9,facial_expression_smile,256,1024,191,-1,True,False,7.751321866067876e-05,no,91,191,1770520341.330665,0.7796143250688705,0.8256751241412149,0.6666666666666666,0.5805804645719607,0.7801204819277109,0.8252660038374323,0.6368159203980099,0.851528384279476,98,0.6213592233009708,0.6530612244897959,332,0.8333333333333334,0.4798767141988582,91
breezy-sweep-1369,3kw4yre7,51917,0.1,VJEPA2,mean,0.9,4,0.18079747702938592,4,AdamW,reduce,7,facial_expression_smile,256,1024,180,-1,True,False,0.001002870404982253,no,97,180,1770420569.8756232,0.7796143250688705,0.8256411128494661,0.6721311475409836,0.5055619842749982,0.7801204819277109,0.8134266527123669,0.6368159203980099,0.851528384279476,98,0.6213592233009708,0.6530612244897959,332,0.8333333333333334,0.21714221406381812,97
eternal-sweep-1813,ugjv1x94,79534,0.1,VJEPA2,mean,0.9,4,0.15740190003093235,4,AdamW,reduce,9,facial_expression_smile,256,256,137,-1,True,False,0.0005502248036733709,no,80,137,1770457358.115753,0.768595041322314,0.8255900959118427,0.6283185840707964,0.5031901253156426,0.7650602409638554,0.821254142682714,0.5894736842105263,0.825,98,0.6086956521739131,0.5714285714285714,332,0.8461538461538461,0.31653615008794983,80
generous-sweep-3562,90bxkkns,53864,0.1,VJEPA2,mean,0.9,5,0.2923109105167303,4,AdamW,step,4,facial_expression_smile,256,1024,124,-1,True,False,5.937647007050981e-05,no,75,124,1770599976.828852,0.7741046831955923,0.8255900959118426,0.6771653543307087,0.6056307344068838,0.7831325301204819,0.8162829234257806,0.660377358490566,0.8715596330275229,98,0.6140350877192983,0.7142857142857143,332,0.811965811965812,0.5042983931679708,75
drawn-sweep-567,5b0a1or1,68941,0.1,VJEPA2,mean,0.9,5,0.44320484129642246,4,AdamW,reduce,9,facial_expression_smile,256,256,128,-1,True,False,0.0005277304906159568,no,81,128,1770353616.0262268,0.7851239669421488,0.8255220733283449,0.6548672566371682,0.5066554482318153,0.7771084337349398,0.8145604395604394,0.5934065934065934,0.8225806451612904,98,0.6428571428571429,0.5510204081632653,332,0.8717948717948718,0.3058824388511119,81
woven-sweep-160,pqxx0uj7,10078,0.1,VJEPA2,mean,0.9,3,0.20410299171850751,4,AdamW,reduce,9,facial_expression_smile,256,512,196,-1,True,False,8.382907660665947e-05,no,99,196,1770316866.9526734,0.7878787878787878,0.825488062036596,0.6778242677824268,0.5374355504992251,0.7921686746987951,0.8122274550845978,0.6461538461538462,0.851063829787234,98,0.6494845360824743,0.6428571428571429,332,0.8547008547008547,0.3677355315827083,99
usual-sweep-2919,42hstsox,85952,0.1,VJEPA2,mean,0.9,5,0.33881913259158664,4,AdamW,reduce,8,facial_expression_smile,256,512,151,-1,True,False,0.0001746270409107191,no,84,151,1770546803.79645,0.7823691460055097,0.8254540507448473,0.6775510204081633,0.5619902884993014,0.7801204819277109,0.8159340659340658,0.6331658291457286,0.8484848484848485,98,0.6237623762376238,0.6428571428571429,332,0.8376068376068376,0.40614605400494336,84
vibrant-sweep-605,nu2q0g2x,48321,0.1,VJEPA2,mean,0.9,5,0.4598786286718113,4,AdamW,reduce,5,facial_expression_smile,256,512,127,-1,True,False,0.0006542039273219812,no,57,127,1770356684.2140138,0.7575757575757576,0.8253350112237263,0.6271186440677966,0.503741041031094,0.7680722891566265,0.8208834815977675,0.6051282051282051,0.8340425531914893,98,0.6082474226804123,0.6020408163265306,332,0.8376068376068376,0.2544537859298335,57
prime-sweep-1970,xsbt7a8o,53127,0.1,VJEPA2,mean,0.9,4,0.2474146307016731,4,AdamW,reduce,7,facial_expression_smile,256,768,153,-1,True,False,7.060621490038219e-05,no,81,153,1770469583.0595,0.7713498622589532,0.8252839942861031,0.6527196652719666,0.5703198121598929,0.7740963855421686,0.8193790336647478,0.6192893401015228,0.8412017167381974,98,0.6161616161616161,0.6224489795918368,332,0.8376068376068376,0.4820359390612133,81
comic-sweep-607,qryv4syi,23107,0.1,VJEPA2,mean,0.9,3,0.42281544227082735,4,AdamW,reduce,4,facial_expression_smile,256,1024,117,-1,True,False,0.0003328650209374992,no,78,117,1770356878.7034974,0.7796143250688705,0.8252839942861029,0.6666666666666666,0.5263257606298799,0.7801204819277109,0.820970695970696,0.6178010471204188,0.8368200836820083,98,0.6344086021505376,0.6020408163265306,332,0.8547008547008547,0.3238578322060785,78
sleek-sweep-3378,fb9iukjd,91765,0.1,VJEPA2,mean,0.9,5,0.3271693447674373,4,AdamW,step,5,facial_expression_smile,256,512,195,-1,True,False,0.0006040017093530942,no,106,195,1770584687.408342,0.768595041322314,0.8252499829943541,0.6557377049180327,0.5319910691460958,0.7801204819277109,0.8142987964416537,0.6256410256410256,0.8425531914893617,98,0.6288659793814433,0.6224489795918368,332,0.8461538461538461,0.25379854784135925,106
neat-sweep-3226,eukd5gxn,94714,0.1,VJEPA2,mean,0.9,3,0.3093491798476894,4,AdamW,reduce,7,facial_expression_smile,256,768,161,-1,True,False,8.431542746930355e-05,no,85,161,1770572019.0164888,0.7713498622589532,0.8252329773484798,0.6719367588932806,0.6051395279316862,0.786144578313253,0.8137973137973138,0.6635071090047393,0.8721461187214612,98,0.6194690265486725,0.7142857142857143,332,0.8162393162393162,0.4785550695369678,85
proud-sweep-1380,qrym8sl3,43842,0.1,VJEPA2,mean,0.9,4,0.12109579058288791,4,AdamW,reduce,7,facial_expression_smile,256,768,149,-1,True,False,0.00010243486925173888,no,92,149,1770421425.3511276,0.7796143250688705,0.8251139378273586,0.68,0.6013142522373147,0.7801204819277109,0.8194008372579802,0.6473429951690821,0.8609865470852018,98,0.6146788990825688,0.6836734693877551,332,0.8205128205128205,0.5019118251115121,92
swept-sweep-4114,xhaiyoyh,94789,0.1,VJEPA2,mean,0.9,3,0.4094915904587711,4,AdamW,reduce,6,facial_expression_smile,256,768,92,-1,True,False,0.0001563747203367337,no,67,92,1770643964.6416118,0.7878787878787878,0.825045915243861,0.6666666666666666,0.5436820535620382,0.7710843373493976,0.8218210361067504,0.5957446808510638,0.8264462809917356,98,0.6222222222222222,0.5714285714285714,332,0.8547008547008547,0.4362870075150198,67
confused-sweep-3532,guedvvmp,76889,0.1,VJEPA2,mean,0.9,5,0.4326578852925015,4,AdamW,step,7,facial_expression_smile,256,768,104,-1,True,False,0.00016883060362602625,no,68,104,1770597513.376818,0.7796143250688705,0.8249438813686144,0.6638655462184874,0.552557018998569,0.7831325301204819,0.8190301761730332,0.6363636363636364,0.8491379310344828,98,0.63,0.6428571428571429,332,0.8418803418803419,0.4278423921326279,68
proud-sweep-3528,a9xh8p1j,17063,0.1,VJEPA2,mean,0.9,4,0.14724355012739776,4,AdamW,reduce,8,facial_expression_smile,256,1024,100,-1,True,False,0.0002979167856957847,no,63,100,1770597196.4110336,0.71900826446281,0.8249098700768656,0.66,0.6584404000894426,0.7379518072289156,0.8112244897959183,0.6390041493775933,0.8888888888888888,98,0.5384615384615384,0.7857142857142857,332,0.717948717948718,0.4407354527541991,63
splendid-sweep-3012,f1pp51ye,83339,0.1,VJEPA2,mean,0.9,3,0.2656996733760649,4,AdamW,reduce,9,facial_expression_smile,256,512,157,-1,True,False,0.0004556481017572918,no,99,157,1770554553.4496093,0.7741046831955923,0.8249098700768656,0.672,0.5390400674717486,0.7740963855421686,0.8206436420722134,0.6268656716417911,0.8471615720524017,98,0.6116504854368932,0.6428571428571429,332,0.8290598290598291,0.2562888900217366,99
earthy-sweep-3472,z6i9aeh1,8622,0.1,VJEPA2,mean,0.9,5,0.39113167026948115,4,AdamW,reduce,3,facial_expression_smile,256,768,167,-1,True,False,0.0001903947642158656,no,91,167,1770592461.879924,0.33608815426997246,0.8248418474933679,0.5030927835051546,0.7088612183394839,0.29518072289156627,0.8059698238269667,0.4558139534883721,0.0,98,0.29518072289156627,1.0,332,0.0,0.4572246423662817,91
splendid-sweep-787,hn5d8gm1,73952,0.1,VJEPA2,mean,0.9,3,0.3134159130627867,4,AdamW,reduce,9,facial_expression_smile,256,768,200,-1,True,False,0.0004996120066158383,no,103,200,1770371890.768772,0.7823691460055097,0.8248078362016189,0.6694560669456067,0.504525319603849,0.7891566265060241,0.8309567416710274,0.6428571428571429,0.8504273504273504,98,0.6428571428571429,0.6428571428571429,332,0.8504273504273504,0.1893548311427919,103
happy-sweep-3185,u2v5ggpq,89154,0.1,VJEPA2,mean,0.9,5,0.14872433177139777,4,AdamW,step,9,facial_expression_smile,256,1024,130,-1,True,False,6.910455144472533e-05,no,84,130,1770568805.888775,0.7741046831955923,0.8247738249098701,0.616822429906542,0.5122429736718002,0.7680722891566265,0.8250479679051108,0.56,0.807843137254902,98,0.6363636363636364,0.5,332,0.8803418803418803,0.41239343193974787,84
sunny-sweep-2387,04qfm34r,83077,0.1,VJEPA2,mean,0.9,5,0.35009080526993064,4,AdamW,reduce,7,facial_expression_smile,256,768,122,-1,True,False,0.00022068551531861003,no,71,122,1770503198.664839,0.7823691460055097,0.8247398136181213,0.6425339366515838,0.5286049233652015,0.7771084337349398,0.8180272108843537,0.5978260869565217,0.8252032520325203,98,0.6395348837209303,0.5612244897959183,332,0.8675213675213675,0.3722151594312661,71
young-sweep-1414,z6vxbu9g,96240,0.1,VJEPA2,mean,0.9,4,0.4985768474911546,4,AdamW,reduce,9,facial_expression_smile,256,1024,199,-1,True,False,0.0001374986039607334,no,107,199,1770424315.6329956,0.7851239669421488,0.8246037684511258,0.6637931034482759,0.5308904511541046,0.786144578313253,0.8216466073608931,0.6321243523316062,0.8438818565400844,98,0.6421052631578947,0.6224489795918368,332,0.8547008547008547,0.35251316797482185,107
rose-sweep-85,hw9heeuw,79015,0.1,VJEPA2,mean,0.9,5,0.27243923451406094,4,AdamW,reduce,3,facial_expression_smile,256,768,179,-1,True,False,0.0002452826607251626,no,108,179,1770309674.431646,0.7713498622589532,0.8245357458676281,0.6244343891402715,0.4994068704032372,0.7620481927710844,0.8144514215942787,0.5586592178770949,0.8087649402390438,98,0.6172839506172839,0.5102040816326531,332,0.8675213675213675,0.3644948361309931,108
fiery-sweep-3751,7xz180p8,70614,0.1,VJEPA2,mean,0.9,3,0.37534423272989303,4,AdamW,reduce,5,facial_expression_smile,256,768,168,-1,True,False,0.0001939182467822235,no,76,168,1770614879.5899584,0.7768595041322314,0.8244677232841304,0.6367713004484304,0.5001011922668163,0.7650602409638554,0.8263779870922728,0.5666666666666667,0.812,98,0.6219512195121951,0.5204081632653061,332,0.8675213675213675,0.3588228504158455,76
glorious-sweep-1133,i5uqy0kc,26938,0.1,VJEPA2,mean,0.9,5,0.19350889393350337,4,AdamW,step,9,facial_expression_smile,256,256,190,-1,True,False,0.00021364115211010488,no,105,190,1770400537.896723,0.7796143250688705,0.8244677232841303,0.6521739130434783,0.4944756656638847,0.7740963855421686,0.8253968253968254,0.6031746031746031,0.8298755186721992,98,0.6263736263736264,0.5816326530612245,332,0.8547008547008547,0.3353088554618084,105
zany-sweep-291,wxeaqbwq,33404,0.1,VJEPA2,mean,0.9,5,0.4145597769674415,4,AdamW,reduce,10,facial_expression_smile,256,768,138,-1,True,False,8.358765270280967e-05,no,88,138,1770329928.5674608,0.790633608815427,0.8243997007006327,0.6752136752136753,0.5414109234967508,0.7801204819277109,0.8157596371882087,0.6256410256410256,0.8425531914893617,98,0.6288659793814433,0.6224489795918368,332,0.8461538461538461,0.4159573791860205,88
ethereal-sweep-4011,mk4bmt54,77524,0.1,VJEPA2,mean,0.9,4,0.2580182641616962,4,AdamW,step,8,facial_expression_smile,256,256,83,-1,True,False,0.0003736711500302748,no,60,83,1770635415.0669549,0.7851239669421488,0.8243997007006326,0.6722689075630253,0.5452871079615653,0.7740963855421686,0.8102869352869352,0.6305418719211823,0.8502202643171806,98,0.6095238095238096,0.6530612244897959,332,0.8247863247863247,0.4337549245416601,60
desert-sweep-237,vuvjuc4j,46738,0.1,VJEPA2,mean,0.9,3,0.24443401621094707,4,AdamW,reduce,9,facial_expression_smile,256,768,130,-1,True,False,0.0003794827524364664,no,79,130,1770324552.8119018,0.7823691460055097,0.8243656894088838,0.6721991701244814,0.5225961625411819,0.7921686746987951,0.819117390545962,0.649746192893401,0.8540772532188842,98,0.6464646464646465,0.6530612244897959,332,0.8504273504273504,0.2730119824409485,79
driven-sweep-3726,1yujsxog,96609,0.1,VJEPA2,mean,0.9,5,0.2208681920741186,4,AdamW,reduce,6,facial_expression_smile,256,256,121,-1,True,False,0.00020235684287230927,no,65,121,1770613014.539827,0.7796143250688705,0.8243656894088838,0.6428571428571429,0.535627820767647,0.7650602409638554,0.8186377114948543,0.5894736842105263,0.825,98,0.6086956521739131,0.5714285714285714,332,0.8461538461538461,0.4241434261110488,65
brisk-sweep-2835,mcj6vtxd,87753,0.1,VJEPA2,mean,0.9,4,0.31204092387964444,4,AdamW,reduce,8,facial_expression_smile,256,768,165,-1,True,False,0.0010013477386609437,no,91,165,1770539966.7177043,0.7961432506887053,0.8242976668253861,0.6666666666666666,0.486151493121113,0.7891566265060241,0.8219736612593755,0.6236559139784946,0.8360655737704918,98,0.6590909090909091,0.5918367346938775,332,0.8717948717948718,0.23532116616230175,91
peach-sweep-2802,mdx5s84j,58417,0.1,VJEPA2,mean,0.9,5,0.3194755369630563,4,AdamW,reduce,10,facial_expression_smile,256,768,161,-1,True,False,7.372452401862519e-05,no,79,161,1770537278.4400916,0.7823691460055097,0.8242636555336371,0.6488888888888888,0.570974198254672,0.7620481927710844,0.822693179836037,0.5683060109289617,0.8137651821862348,98,0.611764705882353,0.5306122448979592,332,0.8589743589743589,0.5059724543543701,79
treasured-sweep-1583,he8mbcfy,33044,0.1,VJEPA2,mean,0.9,5,0.21264706691940632,4,AdamW,reduce,6,facial_expression_smile,256,512,158,-1,True,False,6.47869795808801e-05,no,94,158,1770438579.385323,0.7796143250688705,0.8242126385960139,0.6694214876033058,0.5691209146470735,0.7831325301204819,0.8156724228152801,0.6470588235294118,0.8584070796460177,98,0.6226415094339622,0.673469387755102,332,0.8290598290598291,0.4678104499532683,94
worldly-sweep-3858,9tgvo33r,46684,0.1,VJEPA2,mean,0.9,5,0.3953310319912288,4,AdamW,reduce,3,facial_expression_smile,256,1024,153,-1,True,False,4.221438740915599e-05,no,88,153,1770623490.2284591,0.7961432506887053,0.8241276103666417,0.6916666666666667,0.5631470274662512,0.7831325301204819,0.818332461189604,0.6470588235294118,0.8584070796460177,98,0.6226415094339622,0.673469387755102,332,0.8290598290598291,0.46211863767997335,88
stilted-sweep-760,jdzlojrg,44611,0.1,VJEPA2,mean,0.9,5,0.4387533234792327,4,AdamW,reduce,4,facial_expression_smile,256,1024,192,-1,True,False,0.0002828766530089969,no,103,192,1770369633.280265,0.7796143250688705,0.8241276103666417,0.6774193548387096,0.5342673869500804,0.7891566265060241,0.8218646432932147,0.6464646464646465,0.853448275862069,98,0.64,0.6530612244897959,332,0.8461538461538461,0.2587432168894984,103
eternal-sweep-2092,9njeutxr,12506,0.1,VJEPA2,mean,0.9,5,0.1312517117933788,4,AdamW,reduce,3,facial_expression_smile,256,1024,196,-1,True,False,0.00011645353748200716,no,100,196,1770479610.0738132,0.7630853994490359,0.8240935990748929,0.656,0.5617570269534738,0.7921686746987951,0.8195970695970695,0.6600985221674877,0.8634361233480177,98,0.638095238095238,0.6836734693877551,332,0.8376068376068376,0.3612521633118059,100
pious-sweep-2921,t7l7e2rp,68377,0.1,VJEPA2,mean,0.9,5,0.1829909613493979,4,AdamW,reduce,8,facial_expression_smile,256,768,186,-1,True,False,5.666934119158012e-05,no,101,186,1770546993.9921904,0.7823691460055097,0.824059587783144,0.6457399103139013,0.5503459470987977,0.7680722891566265,0.8233908948194663,0.5837837837837838,0.8204081632653061,98,0.6206896551724138,0.5510204081632653,332,0.8589743589743589,0.464634306627283,101
visionary-sweep-3430,uqrpmzyq,89498,0.1,VJEPA2,mean,0.9,3,0.12494277116747636,4,AdamW,reduce,8,facial_expression_smile,256,1024,156,-1,True,False,9.26150468512225e-05,no,85,156,1770589012.8444417,0.7878787878787878,0.8240595877831439,0.6804979253112033,0.570287014334655,0.786144578313253,0.8171550671550671,0.6467661691542289,0.8558951965065502,98,0.6310679611650486,0.6632653061224489,332,0.8376068376068376,0.40264045069504256,85
silver-sweep-478,glohx2iy,78030,0.1,VJEPA2,mean,0.9,5,0.4786439691141532,4,AdamW,reduce,10,facial_expression_smile,256,768,162,-1,True,False,4.3249802699998144e-05,no,78,162,1770346288.0622542,0.7713498622589532,0.8240255764913952,0.6795366795366795,0.6074694043677044,0.7771084337349398,0.8169370312227455,0.6574074074074074,0.8738317757009346,98,0.6016949152542372,0.7244897959183674,332,0.7991452991452992,0.5170844932914224,78
light-sweep-3642,my6hljy3,54808,0.1,VJEPA2,mean,0.9,5,0.312104642822824,4,AdamW,reduce,8,facial_expression_smile,256,512,142,-1,True,False,0.00012803136109889324,no,81,142,1770606256.626721,0.7713498622589532,0.8240255764913952,0.6556016597510373,0.5586279663501036,0.7740963855421686,0.8161521018663876,0.6268656716417911,0.8471615720524017,98,0.6116504854368932,0.6428571428571429,332,0.8290598290598291,0.4291317854007381,81
dainty-sweep-1919,j7ct4uo2,40338,0.1,VJEPA2,mean,0.9,3,0.2821131198962832,4,AdamW,reduce,7,facial_expression_smile,256,768,165,-1,True,False,0.0004823377578479208,no,87,165,1770465669.0106366,0.7713498622589532,0.8239915651996463,0.6497890295358649,0.507281748388096,0.7831325301204819,0.8185286935286935,0.6363636363636364,0.8491379310344828,98,0.63,0.6428571428571429,332,0.8418803418803419,0.2509600254424295,87
peachy-sweep-2262,8zd4oqba,73386,0.1,VJEPA2,mean,0.9,4,0.3135626094121614,4,AdamW,reduce,6,facial_expression_smile,256,1024,165,-1,True,False,0.0004238724474622505,no,87,165,1770493152.7091415,0.7575757575757576,0.8239915651996462,0.6422764227642277,0.5303367333635483,0.7921686746987951,0.8213413570556427,0.6532663316582915,0.8571428571428571,98,0.6435643564356436,0.6632653061224489,332,0.8461538461538461,0.3018789353054548,87
solar-sweep-2298,63skso9k,83093,0.1,VJEPA2,mean,0.9,4,0.4198881787293944,4,AdamW,reduce,10,facial_expression_smile,256,1024,188,-1,True,False,0.000215370997665445,no,104,188,1770495978.9528909,0.7741046831955923,0.8239575539078975,0.6639344262295082,0.514486493896847,0.7951807228915663,0.8293214721786151,0.6530612244897959,0.8547008547008547,98,0.6530612244897959,0.6530612244897959,332,0.8547008547008547,0.23224533304036624,104
cosmic-sweep-2867,82la7wzp,70876,0.1,VJEPA2,mean,0.9,3,0.30133192957600446,4,AdamW,reduce,8,facial_expression_smile,256,256,115,-1,True,False,0.0005728347448210526,no,75,115,1770542513.2764282,0.7713498622589532,0.823940548262023,0.6278026905829597,0.5044916928963884,0.7831325301204819,0.8274027559741846,0.6129032258064516,0.8319672131147541,98,0.6477272727272727,0.5816326530612245,332,0.8675213675213675,0.3027756472650218,75
fiery-sweep-1895,z6csex6o,9637,0.1,VJEPA2,mean,0.9,5,0.2926315086943634,4,AdamW,reduce,8,facial_expression_smile,256,1024,148,-1,True,False,0.0006734980928571315,no,86,148,1770463817.1177657,0.7796143250688705,0.8239235426161486,0.6551724137931034,0.5076662947323697,0.7891566265060241,0.8347287633001919,0.65,0.8565217391304348,98,0.6372549019607843,0.6632653061224489,332,0.8418803418803419,0.3096676085518195,86
rural-sweep-3699,0eovb697,79779,0.1,VJEPA2,mean,0.9,5,0.4298421458931555,4,AdamW,reduce,5,facial_expression_smile,256,768,117,-1,True,False,0.0008264723329759471,no,73,117,1770610910.4150171,0.7713498622589532,0.8239235426161485,0.6556016597510373,0.5021902913889609,0.7831325301204819,0.8152363509506366,0.6363636363636364,0.8491379310344828,98,0.63,0.6428571428571429,332,0.8418803418803419,0.23978129341330523,73
fancy-sweep-4123,982wiag1,93896,0.1,VJEPA2,mean,0.9,4,0.3406153620018314,4,AdamW,step,8,facial_expression_smile,256,256,181,-1,True,False,0.00017074523935852056,no,95,181,1770644778.0318804,0.7796143250688705,0.8238895313243997,0.6581196581196581,0.5187339212940416,0.7650602409638554,0.8214285714285714,0.5851063829787234,0.8223140495867769,98,0.6111111111111112,0.5612244897959183,332,0.8504273504273504,0.3871088449692046,95
frosty-sweep-2563,s67n58om,24842,0.1,VJEPA2,mean,0.9,5,0.3945630406512689,4,AdamW,reduce,7,facial_expression_smile,256,1024,116,-1,True,False,0.00012530522037219711,no,67,116,1770517565.448473,0.7741046831955923,0.8238895313243997,0.6434782608695652,0.5192200996330618,0.7771084337349398,0.8193354264782836,0.6105263157894737,0.8333333333333334,98,0.6304347826086957,0.5918367346938775,332,0.8547008547008547,0.3635117972576633,67
gallant-sweep-1187,ywcjjyh1,58260,0.1,VJEPA2,mean,0.9,4,0.2710293008501352,4,AdamW,reduce,9,facial_expression_smile,256,1024,134,-1,True,False,0.00013516874694085153,no,79,134,1770405153.2158656,0.7768595041322314,0.8238555200326508,0.6693877551020408,0.5987365997855657,0.786144578313253,0.8201203558346415,0.6536585365853659,0.8622222222222222,98,0.6261682242990654,0.6836734693877551,332,0.8290598290598291,0.4236597921399231,79
volcanic-sweep-928,lx4f6p51,71558,0.1,VJEPA2,mean,0.9,4,0.2573453771428379,4,AdamW,reduce,4,facial_expression_smile,256,768,150,-1,True,False,0.00023114607108235276,no,81,150,1770383465.5053892,0.7603305785123967,0.8238215087409021,0.6448979591836734,0.523699526616036,0.7951807228915663,0.8248735391592534,0.6565656565656566,0.8577586206896551,98,0.65,0.6632653061224489,332,0.8504273504273504,0.29882226948992174,81
denim-sweep-1038,9dx2k0pe,34581,0.1,VJEPA2,mean,0.9,5,0.3282857308183762,4,AdamW,step,10,facial_expression_smile,256,1024,193,-1,True,False,5.166439231373627e-05,no,98,193,1770392348.5968246,0.7823691460055097,0.823821508740902,0.6721991701244814,0.5684438866688857,0.786144578313253,0.8129251700680272,0.6432160804020101,0.8528138528138528,98,0.6336633663366337,0.6530612244897959,332,0.8418803418803419,0.4189784034920448,98
dauntless-sweep-2442,jhisxrsx,40232,0.1,VJEPA2,mean,0.9,4,0.45301372572702414,4,AdamW,reduce,7,facial_expression_smile,256,256,154,-1,True,False,0.0005923385924074632,no,95,154,1770507581.229885,0.7603305785123967,0.823821508740902,0.6133333333333333,0.4983794556176367,0.7801204819277109,0.8185504971219256,0.6054054054054054,0.8285714285714286,98,0.6436781609195402,0.5714285714285714,332,0.8675213675213675,0.27089162988881343,95
efficient-sweep-3656,mkjc5ga6,41335,0.1,VJEPA2,mean,0.9,5,0.10647448448632044,4,AdamW,reduce,5,facial_expression_smile,256,1024,200,-1,True,False,0.00014666499652779837,no,100,200,1770607384.0838752,0.7741046831955923,0.8237874974491531,0.6554621848739496,0.5333837814239103,0.7891566265060241,0.8208834815977673,0.6391752577319587,0.847457627118644,98,0.6458333333333334,0.6326530612244898,332,0.8547008547008547,0.3273815756393631,100
divine-sweep-4063,2ugwwe8x,71660,0.1,VJEPA2,mean,0.9,5,0.34020150781999803,4,AdamW,reduce,4,facial_expression_smile,256,768,176,-1,True,False,0.00015593689020440977,no,93,176,1770639797.6602166,0.71900826446281,0.823787497449153,0.6577181208053692,0.6565367499002084,0.7590361445783133,0.8069291819291818,0.6521739130434783,0.885,98,0.5681818181818182,0.7653061224489796,332,0.7564102564102564,0.4168510413376667,93
silvery-sweep-3534,mpcepl8k,64196,0.1,VJEPA2,mean,0.9,4,0.19459982316327357,4,AdamW,reduce,3,facial_expression_smile,256,768,141,-1,True,False,6.78080855423737e-05,no,81,141,1770597680.003332,0.7713498622589532,0.823787497449153,0.6343612334801763,0.5578309162917544,0.7771084337349398,0.8252660038374324,0.6063829787234043,0.8305785123966942,98,0.6333333333333333,0.5816326530612245,332,0.8589743589743589,0.48656430533975176,81
elated-sweep-995,8i8ras5m,26718,0.1,VJEPA2,mean,0.9,5,0.2039458546422409,4,AdamW,reduce,8,facial_expression_smile,256,768,180,-1,True,False,0.00010638966576517814,no,99,180,1770388848.8480687,0.7878787878787878,0.82358342969866,0.6637554585152838,0.5469251454040696,0.786144578313253,0.8218646432932146,0.6243386243386243,0.8381742738589212,98,0.6483516483516484,0.6020408163265306,332,0.8632478632478633,0.400178585058399,99
deft-sweep-2489,z29m4wxz,19886,0.1,VJEPA2,mean,0.9,5,0.42011863474845856,4,AdamW,reduce,9,facial_expression_smile,256,1024,192,-1,True,False,0.00013413386242800725,no,108,192,1770511463.2932484,0.7713498622589532,0.8235834296986599,0.6311111111111111,0.5061154833509902,0.7740963855421686,0.8320687249258678,0.5945945945945946,0.8244897959183674,98,0.632183908045977,0.5612244897959183,332,0.8632478632478633,0.3448202052007082,108
clean-sweep-26,b8ycctd3,78494,0.1,VJEPA2,mean,0.9,4,0.17253981156121762,4,AdamW,reduce,8,facial_expression_smile,256,1024,140,-1,True,False,0.0003135442705976878,no,67,140,1770304262.680215,0.7162534435261708,0.8235834296986599,0.6531986531986532,0.6615811509205947,0.7379518072289156,0.8099816849816849,0.6419753086419753,0.893048128342246,98,0.5379310344827586,0.7959183673469388,332,0.7136752136752137,0.4948346066061301,67
sleek-sweep-4036,tjc34qmz,4095,0.1,VJEPA2,mean,0.9,5,0.3342573152099258,4,AdamW,reduce,5,facial_expression_smile,256,1024,164,-1,True,False,0.00035985316725299415,no,91,164,1770637487.2505243,0.7603305785123967,0.8235834296986599,0.6200873362445415,0.4985094413612828,0.7680722891566265,0.8265960230245943,0.5925925925925926,0.8257261410788381,98,0.6153846153846154,0.5714285714285714,332,0.8504273504273504,0.26776967959333087,91
graceful-sweep-2465,ry44lp5i,25212,0.1,VJEPA2,mean,0.9,5,0.22088329281467664,4,AdamW,reduce,10,facial_expression_smile,256,768,196,-1,True,False,4.786145313250924e-05,no,105,196,1770509455.988162,0.790633608815427,0.8234813958234135,0.6752136752136753,0.5668059144138304,0.7831325301204819,0.8205564276992848,0.6363636363636364,0.8491379310344828,98,0.63,0.6428571428571429,332,0.8418803418803419,0.4669052297814923,105
devoted-sweep-201,kbwya66i,66721,0.1,VJEPA2,mean,0.9,5,0.19408760423513025,4,AdamW,reduce,5,facial_expression_smile,256,512,197,-1,True,False,0.0001334001585740433,no,108,197,1770321019.7287462,0.7382920110192838,0.8234813958234133,0.6643109540636042,0.6503762819550254,0.7560240963855421,0.8126635269492412,0.6431718061674009,0.8768472906403941,98,0.5658914728682171,0.7448979591836735,332,0.7606837606837606,0.4384141974658919,108
northern-sweep-1674,actqybnc,18573,0.1,VJEPA2,mean,0.9,5,0.334410046136783,4,AdamW,reduce,6,facial_expression_smile,256,256,150,-1,True,False,0.0004792955441781968,no,88,150,1770446232.7860272,0.7713498622589532,0.8234133732399157,0.6497890295358649,0.517121763104578,0.7771084337349398,0.8161739054596198,0.6262626262626263,0.8448275862068966,98,0.62,0.6326530612244898,332,0.8376068376068376,0.3376901642023557,88
floral-sweep-2228,8h6hauqn,52775,0.1,VJEPA2,mean,0.9,5,0.2400364765490579,4,AdamW,reduce,5,facial_expression_smile,256,1024,187,-1,True,False,0.00012852193747561012,no,94,187,1770490371.3673851,0.7713498622589532,0.8233793619481667,0.6795366795366795,0.5841605875117719,0.786144578313253,0.8190301761730332,0.6602870813397129,0.8687782805429864,98,0.6216216216216216,0.7040816326530612,332,0.8205128205128205,0.383305063699701,94
rose-sweep-681,2z9dfcdd,5324,0.1,VJEPA2,mean,0.9,4,0.3052359254329744,4,AdamW,reduce,7,facial_expression_smile,256,1024,151,-1,True,False,0.0001398654543763232,no,85,151,1770363211.2530804,0.7933884297520661,0.823311339364669,0.6861924686192469,0.5582196467835713,0.786144578313253,0.8158468515611372,0.6358974358974359,0.8468085106382979,98,0.6391752577319587,0.6326530612244898,332,0.8504273504273504,0.3775416941300053,85
noble-sweep-2213,ztngcm2j,99308,0.1,VJEPA2_SSV2,mean,0.9,5,0.4137470233078008,4,AdamW,step,8,facial_expression_surprise,256,1024,174,-1,True,False,0.001016960310934625,no,49,174,1770454605.41054,0.8132780082987552,0.875,0.7428571428571429,0.4574640989303589,0.7735042735042735,0.7610596707818931,0.6344827586206897,0.8385093167701864,72,0.6301369863013698,0.6388888888888888,234,0.8333333333333334,0.2578817307949066,49
breezy-sweep-2463,8726wcvn,53513,0.1,VJEPA2_SSV2,mean,0.9,4,0.25533200393911337,4,AdamW,step,10,facial_expression_surprise,256,768,186,-1,True,False,0.0007640437840733748,no,65,186,1770471334.681339,0.8132780082987552,0.8739601901366607,0.7486033519553073,0.47234123945236206,0.7564102564102564,0.7756772976680385,0.6225165562913907,0.8387096774193549,72,0.5949367088607594,0.6527777777777778,234,0.8024691358024691,0.2734039132987266,65
devoted-sweep-2342,t05zxqjc,92702,0.1,VJEPA2_SSV2,mean,0.9,5,0.2092090001688746,4,AdamW,step,4,facial_expression_surprise,256,768,174,-1,True,False,0.0007845571125910561,no,55,174,1770463444.6563632,0.8174273858921162,0.8726975638740345,0.75,0.4743669629096985,0.7735042735042735,0.7695901920438957,0.6442953020134228,0.8471337579617835,72,0.6233766233766234,0.6666666666666666,234,0.8209876543209876,0.3017753280086435,55
glowing-sweep-3334,p9t9biv3,48914,0.1,VJEPA2_SSV2,mean,0.9,4,0.32006267303893143,4,AdamW,reduce,3,facial_expression_surprise,256,1024,106,-1,True,False,0.0005776320418818125,yes,50,106,1770530343.9939122,0.7966804979253111,0.8724747474747474,0.7231638418079096,0.4944416880607605,0.7692307692307693,0.7704475308641975,0.625,0.8333333333333334,72,0.625,0.625,234,0.8333333333333334,0.31996036633784636,50
fallen-sweep-2527,i1ajnt1z,70327,0.1,VJEPA2_SSV2,mean,0.9,3,0.2870727900577681,4,AdamW,reduce,9,facial_expression_surprise,256,768,199,-1,True,False,0.0004145225795612978,no,71,199,1770475831.139596,0.8132780082987552,0.8724004753416518,0.7457627118644068,0.4973126351833343,0.7649572649572649,0.7670181755829903,0.6357615894039735,0.8451612903225807,72,0.6075949367088608,0.6666666666666666,234,0.808641975308642,0.34076890710628394,71
grateful-sweep-275,eqbivw0g,64991,0.1,VJEPA2_SSV2,mean,0.9,3,0.23380773912305963,4,AdamW,step,7,facial_expression_surprise,256,1024,65,-1,True,False,0.0007904963643214727,no,37,65,1770321746.7421565,0.8049792531120332,0.8716577540106952,0.7374301675977654,0.4828192889690399,0.7692307692307693,0.7783350480109739,0.6301369863013698,0.8375,72,0.6216216216216216,0.6388888888888888,234,0.8271604938271605,0.33985661299197706,37
crimson-sweep-732,8sh6s9gn,31470,0.1,VJEPA2_SSV2,mean,0.9,4,0.1805158792975192,4,AdamW,step,3,facial_expression_surprise,256,768,190,-1,True,False,0.001243521741569884,no,61,190,1770354701.807471,0.8091286307053942,0.8715834818775996,0.7386363636363636,0.46317869424819946,0.7606837606837606,0.7705761316872428,0.6216216216216216,0.8354430379746836,72,0.6052631578947368,0.6388888888888888,234,0.8148148148148148,0.24649189606115415,61
laced-sweep-943,9yqq1sce,13857,0.1,VJEPA2_SSV2,mean,0.9,5,0.1514331717246821,4,AdamW,reduce,6,facial_expression_surprise,256,512,155,-1,True,False,0.0004333132687281665,no,57,155,1770369101.8320851,0.8049792531120332,0.8708036244800951,0.7344632768361582,0.4954611361026764,0.7606837606837606,0.7761059670781894,0.6266666666666667,0.8397435897435898,72,0.6025641025641025,0.6527777777777778,234,0.808641975308642,0.3326968393284521,57
effortless-sweep-4462,w0haaued,85344,0.1,VJEPA2_SSV2,mean,0.9,5,0.26883092312823964,4,AdamW,step,8,facial_expression_surprise,256,1024,169,-1,True,False,0.00026146482257797236,no,59,169,1770605652.1879115,0.8008298755186722,0.8706550802139037,0.7419354838709677,0.5718323588371277,0.7564102564102564,0.7764489026063099,0.6369426751592356,0.8523489932885906,72,0.5882352941176471,0.6944444444444444,234,0.7839506172839507,0.3905781902276077,59
dauntless-sweep-1182,h4t7qk1a,67745,0.1,VJEPA2_SSV2,mean,0.9,5,0.2750676258469794,4,AdamW,reduce,10,facial_expression_surprise,256,512,150,-1,True,False,0.0001615224116316291,no,59,150,1770385263.280849,0.7966804979253111,0.8704693998811646,0.7292817679558011,0.5790706872940063,0.7606837606837606,0.7736625514403292,0.6363636363636364,0.8486842105263158,72,0.5975609756097561,0.6805555555555556,234,0.7962962962962963,0.4864112883161157,59
divine-sweep-4639,ywk7l1e7,92168,0.1,VJEPA2_SSV2,mean,0.9,5,0.3773810730897379,4,AdamW,reduce,10,facial_expression_surprise,256,768,113,-1,True,False,0.000502334295489338,no,49,113,1770617717.560418,0.7925311203319502,0.8703951277480689,0.7159090909090909,0.4953917860984802,0.7692307692307693,0.7843792866941014,0.6301369863013698,0.8375,72,0.6216216216216216,0.6388888888888888,234,0.8271604938271605,0.3640810652470692,49
floral-sweep-2135,m64to00t,33754,0.1,VJEPA2_SSV2,mean,0.9,5,0.13439438454198932,4,AdamW,reduce,5,facial_expression_surprise,256,768,110,-1,True,False,0.0011545579821712352,no,52,110,1770449236.3181212,0.8132780082987552,0.8703579916815211,0.7398843930635838,0.479346215724945,0.7735042735042735,0.7815500685871056,0.6344827586206897,0.8385093167701864,72,0.6301369863013698,0.6388888888888888,234,0.8333333333333334,0.3488825662827595,52
dulcet-sweep-2647,j1n2hmh6,66578,0.1,VJEPA2_SSV2,mean,0.9,5,0.22888455254792467,4,AdamW,step,8,facial_expression_surprise,256,768,100,-1,True,False,0.0003398528058021648,no,41,100,1770484018.5011945,0.8091286307053942,0.8703208556149733,0.7444444444444445,0.535611093044281,0.7692307692307693,0.7788494513031551,0.64,0.8461538461538461,72,0.6153846153846154,0.6666666666666666,234,0.8148148148148148,0.4106518319158843,41
brisk-sweep-2027,xlj0t0g7,31252,0.1,VJEPA2_SSV2,mean,0.9,5,0.39937994274491007,4,AdamW,reduce,3,facial_expression_surprise,256,1024,166,-1,True,False,0.0007781246717528889,no,65,166,1770442268.0704932,0.8091286307053942,0.870172311348782,0.7472527472527473,0.4630424678325653,0.7649572649572649,0.7756344307270231,0.6308724832214765,0.8407643312101911,72,0.6103896103896104,0.6527777777777778,234,0.8148148148148148,0.252772021732289,65
likely-sweep-167,596fnems,51334,0.1,VJEPA2_SSV2,mean,0.9,3,0.4064552851488984,4,AdamW,reduce,9,facial_expression_surprise,256,1024,167,-1,True,False,0.0008619783602270661,no,59,167,1770314403.0271187,0.8132780082987552,0.8698380867498515,0.7457627118644068,0.46105238795280457,0.7692307692307693,0.7689471879286695,0.6301369863013698,0.8375,72,0.6216216216216216,0.6388888888888888,234,0.8271604938271605,0.2196878045152276,59
sandy-sweep-1441,1m4cjfr1,10921,0.1,VJEPA2_SSV2,mean,0.9,3,0.1199312190404032,4,AdamW,reduce,8,facial_expression_surprise,256,768,193,-1,True,False,0.00017128139871979534,no,69,193,1770402743.8882606,0.8008298755186722,0.8698380867498514,0.7303370786516854,0.5541824102401733,0.7649572649572649,0.7717335390946501,0.6206896551724138,0.8322981366459627,72,0.6164383561643836,0.625,234,0.8271604938271605,0.469466823391068,69
faithful-sweep-1986,mmhj8jvl,65901,0.1,VJEPA2_SSV2,mean,0.9,4,0.1595737902696159,4,AdamW,step,3,facial_expression_surprise,256,768,185,-1,True,False,0.0006674283876015861,no,65,185,1770439620.3912055,0.7883817427385892,0.8698009506833037,0.711864406779661,0.518396258354187,0.7606837606837606,0.7818501371742111,0.631578947368421,0.8441558441558441,72,0.6,0.6666666666666666,234,0.8024691358024691,0.34996821560384905,65
logical-sweep-1124,elrpb9jd,36015,0.1,VJEPA2_SSV2,mean,0.9,5,0.23420107038569715,4,AdamW,reduce,7,facial_expression_surprise,256,1024,109,-1,True,False,0.00011868400656006944,no,47,109,1770381273.7984138,0.8049792531120332,0.869726678550208,0.7283236994219653,0.5582346320152283,0.7735042735042735,0.7812928669410151,0.6293706293706294,0.8343558282208589,72,0.6338028169014085,0.625,234,0.8395061728395061,0.5027030657380174,47
snowy-sweep-2340,4ex9ka22,60267,0.1,VJEPA2_SSV2,mean,0.9,3,0.2326161859992232,4,AdamW,reduce,9,facial_expression_surprise,256,1024,148,-1,True,False,0.0004199081195104582,no,55,148,1770463305.8846557,0.8008298755186722,0.86968954248366,0.7333333333333333,0.5252587199211121,0.7564102564102564,0.7783779149519889,0.6225165562913907,0.8387096774193549,72,0.5949367088607594,0.6527777777777778,234,0.8024691358024691,0.3885335121061894,55
faithful-sweep-3468,y5rnia3e,65559,0.1,VJEPA2_SSV2,mean,0.9,5,0.20427289778823657,4,AdamW,step,5,facial_expression_surprise,256,512,136,-1,True,False,0.0004652968796566487,no,52,136,1770539160.0533705,0.8091286307053942,0.8696524064171123,0.735632183908046,0.497983455657959,0.7777777777777778,0.772076474622771,0.6388888888888888,0.8395061728395061,72,0.6388888888888888,0.6388888888888888,234,0.8395061728395061,0.39579468952628954,52
clear-sweep-3275,a6cla0q4,66685,0.1,VJEPA2_SSV2,mean,0.9,4,0.2811044551662396,4,AdamW,reduce,10,facial_expression_surprise,256,768,115,-1,True,False,0.00018515700870223484,no,44,115,1770526411.7282734,0.7966804979253111,0.8695781342840166,0.7231638418079096,0.5506488680839539,0.7735042735042735,0.7784636488340192,0.6442953020134228,0.8471337579617835,72,0.6233766233766234,0.6666666666666666,234,0.8209876543209876,0.4537321384593006,44
electric-sweep-1864,gzjc07wi,87030,0.1,VJEPA2_SSV2,mean,0.9,3,0.3448123125506518,4,AdamW,step,7,facial_expression_surprise,256,1024,160,-1,True,False,0.0004742421443633362,no,56,160,1770431524.070429,0.8008298755186722,0.8695781342840166,0.7303370786516854,0.4993947446346283,0.7692307692307693,0.7833504801097393,0.6351351351351351,0.8417721518987342,72,0.618421052631579,0.6527777777777778,234,0.8209876543209876,0.3526509944752697,56
pretty-sweep-915,ww3w6lrb,99655,0.1,VJEPA2_SSV2,mean,0.9,5,0.1478336198131702,4,AdamW,reduce,6,facial_expression_surprise,256,1024,160,-1,True,False,0.0002872198235209774,no,58,160,1770367206.4461577,0.8008298755186722,0.869503862150921,0.7303370786516854,0.5039874911308289,0.7649572649572649,0.7798353909465021,0.6258503401360545,0.8364779874213837,72,0.6133333333333333,0.6388888888888888,234,0.8209876543209876,0.35404042131973035,58
fast-sweep-1951,gw2jgh34,84928,0.1,VJEPA2_SSV2,mean,0.9,3,0.14740040580999697,4,AdamW,reduce,8,facial_expression_surprise,256,768,64,-1,True,False,0.0004781231369186845,no,40,64,1770437319.4037936,0.8008298755186722,0.869503862150921,0.7333333333333333,0.5149620771408081,0.7863247863247863,0.7773491083676269,0.6621621621621622,0.8544303797468354,72,0.6447368421052632,0.6805555555555556,234,0.8333333333333334,0.4000598147059932,40
avid-sweep-3485,85byqtfw,28505,0.1,VJEPA2_SSV2,mean,0.9,5,0.1741249205596459,4,AdamW,reduce,9,facial_expression_surprise,256,768,164,-1,True,False,0.0007650950040493615,no,59,164,1770540288.2465522,0.7925311203319502,0.8695038621509209,0.7093023255813954,0.4720650315284729,0.7735042735042735,0.7932098765432098,0.6394557823129252,0.8427672955974843,72,0.6266666666666667,0.6527777777777778,234,0.8271604938271605,0.31457169889371633,59
rose-sweep-4908,esrt7ng0,67528,0.1,VJEPA2_SSV2,mean,0.9,3,0.4222822224883944,4,AdamW,step,4,facial_expression_surprise,256,768,176,-1,True,False,0.0004082261430134146,no,62,176,1770635388.329536,0.8091286307053942,0.8695038621509209,0.7415730337078652,0.48652929067611694,0.7692307692307693,0.7716906721536351,0.6351351351351351,0.8417721518987342,72,0.618421052631579,0.6527777777777778,234,0.8209876543209876,0.2764241677342039,62
fiery-sweep-4392,tzbsg9h3,95218,0.1,VJEPA2_SSV2,mean,0.9,4,0.2421487766258756,4,AdamW,reduce,8,facial_expression_surprise,256,768,147,-1,True,False,0.00013264035559381723,no,55,147,1770600941.321525,0.8091286307053942,0.8694295900178254,0.7386363636363636,0.5574899911880493,0.7692307692307693,0.7734482167352537,0.6351351351351351,0.8417721518987342,72,0.618421052631579,0.6527777777777778,234,0.8209876543209876,0.4765099203173732,55
lucky-sweep-339,yrjk5hdi,73305,0.1,VJEPA2_SSV2,mean,0.9,3,0.2241304667965443,4,AdamW,reduce,3,facial_expression_surprise,256,1024,156,-1,True,False,0.0009845340532337046,no,62,156,1770326527.5115705,0.8049792531120332,0.8693181818181819,0.7314285714285714,0.469842791557312,0.7649572649572649,0.7744341563786009,0.6206896551724138,0.8322981366459627,72,0.6164383561643836,0.625,234,0.8271604938271605,0.2329417176189877,62
misunderstood-sweep-596,h1t72upp,56489,0.1,VJEPA2_SSV2,mean,0.9,4,0.4701675242757073,4,AdamW,step,5,facial_expression_surprise,256,512,152,-1,True,False,0.00014456834626826317,no,53,152,1770344899.266381,0.7883817427385892,0.869281045751634,0.7213114754098361,0.5715662240982056,0.7564102564102564,0.7811213991769547,0.6369426751592356,0.8523489932885906,72,0.5882352941176471,0.6944444444444444,234,0.7839506172839507,0.3901745852453884,53
morning-sweep-571,t5hg0dme,15655,0.1,VJEPA2_SSV2,mean,0.9,3,0.4374717898367062,4,AdamW,reduce,6,facial_expression_surprise,256,1024,188,-1,True,False,0.00024750402708399635,no,74,188,1770343076.317619,0.7842323651452282,0.8692439096850861,0.7111111111111111,0.5451512336730957,0.7649572649572649,0.7735768175582991,0.6405228758169934,0.8496732026143791,72,0.6049382716049383,0.6805555555555556,234,0.8024691358024691,0.41117946281061546,74
stoic-sweep-1529,azjamo1y,43453,0.1,VJEPA2_SSV2,mean,0.9,4,0.2741432988238993,4,AdamW,step,10,facial_expression_surprise,256,1024,125,-1,True,False,0.00018471646156520188,no,51,125,1770408654.413072,0.8091286307053942,0.8692067736185383,0.7444444444444445,0.5642524361610413,0.7692307692307693,0.7774348422496571,0.64,0.8461538461538461,72,0.6153846153846154,0.6666666666666666,234,0.8148148148148148,0.46157797358252783,51
glamorous-sweep-128,dbl9stv8,82758,0.1,VJEPA2_SSV2,mean,0.9,3,0.20445266618745103,4,AdamW,reduce,9,facial_expression_surprise,256,1024,136,-1,True,False,0.00015983292846600378,no,47,136,1770311611.9541478,0.8049792531120332,0.8691325014854427,0.7403314917127072,0.5575999617576599,0.7564102564102564,0.7776491769547325,0.6274509803921569,0.8431372549019608,72,0.5925925925925926,0.6666666666666666,234,0.7962962962962963,0.4420728919568,47
stilted-sweep-431,q7e3aq32,15465,0.1,VJEPA2_SSV2,mean,0.9,4,0.34769561959854123,4,AdamW,reduce,7,facial_expression_surprise,256,768,188,-1,True,False,0.00013016330745962905,no,69,188,1770333346.5795798,0.8091286307053942,0.8691325014854426,0.7444444444444445,0.597806453704834,0.7692307692307693,0.7725908779149521,0.64,0.8461538461538461,72,0.6153846153846154,0.6666666666666666,234,0.8148148148148148,0.5275024665898574,69
olive-sweep-3022,n4f1mqy7,62910,0.1,VJEPA2_SSV2,mean,0.9,5,0.3675177668918449,4,AdamW,reduce,9,facial_expression_surprise,256,768,162,-1,True,False,0.00037649924280040915,no,52,162,1770509465.7058969,0.8008298755186722,0.8690210932857991,0.7303370786516854,0.5070215463638306,0.7777777777777778,0.7773062414266118,0.6438356164383562,0.84375,72,0.6351351351351351,0.6527777777777778,234,0.8333333333333334,0.38754990258258143,52
treasured-sweep-3897,nwamkrcs,20685,0.1,VJEPA2_SSV2,mean,0.9,5,0.3525541674525504,4,AdamW,reduce,8,facial_expression_surprise,256,768,133,-1,True,False,0.0002136074791698341,no,56,133,1770567236.6517,0.8008298755186722,0.8689839572192514,0.7333333333333333,0.548361599445343,0.7649572649572649,0.7782921810699589,0.6357615894039735,0.8451612903225807,72,0.6075949367088608,0.6666666666666666,234,0.808641975308642,0.4252213638324242,56
rural-sweep-1131,ou4khx0s,38076,0.1,VJEPA2_SSV2,mean,0.9,3,0.4410606662403216,4,AdamW,reduce,3,facial_expression_surprise,256,512,136,-1,True,False,0.0007836159445055629,no,57,136,1770381816.8465223,0.8091286307053942,0.8689468211527036,0.7415730337078652,0.4910981059074402,0.7606837606837606,0.7748199588477366,0.6216216216216216,0.8354430379746836,72,0.6052631578947368,0.6388888888888888,234,0.8148148148148148,0.273459293109514,57
usual-sweep-1921,nphcgspm,56658,0.1,VJEPA2_SSV2,mean,0.9,5,0.2988251560987216,4,AdamW,reduce,4,facial_expression_surprise,256,1024,125,-1,True,False,0.00038412627864141294,no,49,125,1770435328.803949,0.7966804979253111,0.8689468211527035,0.7292817679558011,0.5521036386489868,0.7564102564102564,0.7842935528120712,0.6369426751592356,0.8523489932885906,72,0.5882352941176471,0.6944444444444444,234,0.7839506172839507,0.3462618433293842,49
elated-sweep-1062,wjljvfzg,37793,0.1,VJEPA2_SSV2,mean,0.9,3,0.17851899553541026,4,AdamW,step,3,facial_expression_surprise,256,768,143,-1,True,False,0.0004466856372999532,no,48,143,1770377136.0509698,0.8008298755186722,0.8688354129530601,0.7272727272727273,0.50596684217453,0.7735042735042735,0.7716906721536353,0.6344827586206897,0.8385093167701864,72,0.6301369863013698,0.6388888888888888,234,0.8333333333333334,0.3664098643895352,48
sweepy-sweep-879,tfn1kpm4,38498,0.1,VJEPA2_SSV2,mean,0.9,5,0.39114228504282567,4,AdamW,reduce,7,facial_expression_surprise,256,1024,162,-1,True,False,0.00032549258601514004,no,63,162,1770364870.323519,0.8091286307053942,0.8688354129530601,0.7415730337078652,0.5224883556365967,0.7649572649572649,0.7792781207133059,0.6357615894039735,0.8451612903225807,72,0.6075949367088608,0.6666666666666666,234,0.808641975308642,0.3941259394476424,63
laced-sweep-3131,rk4ihqzf,76866,0.1,VJEPA2_SSV2,mean,0.9,5,0.4910513634113878,4,AdamW,reduce,7,facial_expression_surprise,256,768,124,-1,True,False,0.00035606489013792134,no,56,124,1770516746.4865932,0.8049792531120332,0.8687982768865121,0.7403314917127072,0.5543901920318604,0.7564102564102564,0.7787208504801099,0.632258064516129,0.847682119205298,72,0.5903614457831325,0.6805555555555556,234,0.7901234567901234,0.40603230900062626,56
lemon-sweep-4151,5528x7zo,87196,0.1,VJEPA2_SSV2,mean,0.9,5,0.2988224114383705,4,AdamW,step,3,facial_expression_surprise,256,768,176,-1,True,False,0.0005465894512365531,no,64,176,1770584658.2149348,0.7966804979253111,0.8687982768865121,0.72,0.4865477979183197,0.7735042735042735,0.7766203703703705,0.6344827586206897,0.8385093167701864,72,0.6301369863013698,0.6388888888888888,234,0.8333333333333334,0.3124332215104784,64
volcanic-sweep-4083,fjdykr5z,39807,0.1,VJEPA2_SSV2,mean,0.9,4,0.2659524601611253,4,AdamW,reduce,9,facial_expression_surprise,256,768,176,-1,True,False,0.0010671068929649264,no,64,176,1770580046.056347,0.8174273858921162,0.8686868686868687,0.75,0.4673163890838623,0.7692307692307693,0.77889231824417,0.6301369863013698,0.8375,72,0.6216216216216216,0.6388888888888888,234,0.8271604938271605,0.21675569025469033,64
swift-sweep-457,ih7fehq7,51739,0.1,VJEPA2_SSV2,mean,0.9,3,0.3937249421095085,4,AdamW,reduce,7,facial_expression_surprise,256,768,95,-1,True,False,0.0007405938365700886,no,47,95,1770335110.26886,0.7925311203319502,0.8686497326203209,0.7191011235955056,0.5025429129600525,0.7606837606837606,0.7818072702331961,0.6111111111111112,0.8271604938271605,72,0.6111111111111112,0.6111111111111112,234,0.8271604938271605,0.3658556740779381,47
valiant-sweep-758,8o1ghf0l,10759,0.1,VJEPA2_SSV2,mean,0.9,5,0.17140707379326303,4,AdamW,reduce,10,facial_expression_surprise,256,768,164,-1,True,False,0.0004679743529981435,no,62,164,1770356547.9953773,0.8091286307053942,0.868612596553773,0.7386363636363636,0.48388344049453735,0.7649572649572649,0.7746484910836763,0.6206896551724138,0.8322981366459627,72,0.6164383561643836,0.625,234,0.8271604938271605,0.3095403504578066,62
devoted-sweep-2455,4drxxpte,72579,0.1,VJEPA2_SSV2,mean,0.9,4,0.30115363115994975,4,AdamW,reduce,7,facial_expression_surprise,256,768,185,-1,True,False,0.0003557913990243766,no,59,185,1770470786.3359785,0.7966804979253111,0.8685754604872251,0.7262569832402235,0.5085510611534119,0.7735042735042735,0.7808641975308641,0.6442953020134228,0.8471337579617835,72,0.6233766233766234,0.6666666666666666,234,0.8209876543209876,0.3435016678267227,59
solar-sweep-2495,g52fzx7m,74762,0.1,VJEPA2_SSV2,mean,0.9,5,0.4130171044776962,4,AdamW,reduce,9,facial_expression_surprise,256,512,139,-1,True,False,0.0006244684809998723,no,59,139,1770473438.0874434,0.8049792531120332,0.8685383244206775,0.7374301675977654,0.5039169192314148,0.7606837606837606,0.7743912894375857,0.6266666666666667,0.8397435897435898,72,0.6025641025641025,0.6527777777777778,234,0.808641975308642,0.2797678198133196,59
genial-sweep-288,yrn4fbgq,90597,0.1,VJEPA2_SSV2,mean,0.9,3,0.3545467778530704,4,AdamW,step,8,facial_expression_surprise,256,1024,122,-1,True,False,0.0003287319750005824,no,50,122,1770322675.6075373,0.8215767634854771,0.8685011883541296,0.7514450867052023,0.5603591203689575,0.7692307692307693,0.7765775034293553,0.625,0.8333333333333334,72,0.625,0.625,234,0.8333333333333334,0.49667630592981976,50
amber-sweep-2203,littsc94,25603,0.1,VJEPA2_SSV2,mean,0.9,5,0.3075776457667787,4,AdamW,reduce,4,facial_expression_surprise,256,512,182,-1,True,False,0.0003459811556665334,no,60,182,1770453843.3864012,0.8049792531120332,0.8683897801544861,0.7314285714285714,0.4992198646068573,0.7606837606837606,0.7785065157750344,0.6266666666666667,0.8397435897435898,72,0.6025641025641025,0.6527777777777778,234,0.808641975308642,0.3601048295890098,60
ancient-sweep-2360,vt84xe4f,47807,0.1,VJEPA2_SSV2,mean,0.9,5,0.4579951622448817,4,AdamW,step,6,facial_expression_surprise,256,768,156,-1,True,False,0.00035320126638366706,no,55,156,1770464638.6670592,0.8091286307053942,0.8682412358882947,0.7472527472527473,0.5300515294075012,0.7606837606837606,0.7845507544581618,0.6363636363636364,0.8486842105263158,72,0.5975609756097561,0.6805555555555556,234,0.7962962962962963,0.3378048861697639,55
rich-sweep-3450,aboj19fd,79954,0.1,VJEPA2_SSV2,mean,0.9,3,0.18250105239223335,4,AdamW,reduce,6,facial_expression_surprise,256,512,179,-1,True,False,0.00036997442346716755,no,68,179,1770537947.6743507,0.7966804979253111,0.8682040998217468,0.7231638418079096,0.5194193720817566,0.7692307692307693,0.7777349108367627,0.6351351351351351,0.8417721518987342,72,0.618421052631579,0.6527777777777778,234,0.8209876543209876,0.3692730667787197,68
youthful-sweep-480,avdwi7mp,9184,0.1,VJEPA2_SSV2,mean,0.9,4,0.42920204713320986,4,AdamW,reduce,9,facial_expression_surprise,256,768,194,-1,True,False,0.00072300192345444,no,63,194,1770336746.5652952,0.8008298755186722,0.8682040998217468,0.7272727272727273,0.47378769516944885,0.7692307692307693,0.7722479423868313,0.6301369863013698,0.8375,72,0.6216216216216216,0.6388888888888888,234,0.8271604938271605,0.25245195149859306,63
generous-sweep-4865,o1xwb8ht,61018,0.1,VJEPA2_SSV2,mean,0.9,5,0.3287406111324485,4,AdamW,step,6,facial_expression_surprise,256,1024,155,-1,True,False,0.0003579382167923373,no,56,155,1770632522.9531157,0.7925311203319502,0.8682040998217468,0.7191011235955056,0.5520222187042236,0.7649572649572649,0.7686899862825789,0.6308724832214765,0.8407643312101911,72,0.6103896103896104,0.6527777777777778,234,0.8148148148148148,0.46132916031461774,56
lyric-sweep-4176,q434n08z,63195,0.1,VJEPA2_SSV2,mean,0.9,5,0.44779932242974,4,AdamW,reduce,6,facial_expression_surprise,256,1024,171,-1,True,False,0.00029305260778588827,no,59,171,1770586306.8265123,0.8008298755186722,0.8680926916221035,0.7272727272727273,0.5055949091911316,0.7692307692307693,0.7789351851851851,0.6351351351351351,0.8417721518987342,72,0.618421052631579,0.6527777777777778,234,0.8209876543209876,0.30090152107791984,59
easy-sweep-2904,88ht9l16,82269,0.1,VJEPA2_SSV2,mean,0.9,5,0.22102215717241244,4,AdamW,reduce,9,facial_expression_surprise,256,1024,150,-1,True,False,0.0009789959594746415,no,59,150,1770501569.0919757,0.8049792531120332,0.8680926916221035,0.7314285714285714,0.47813737392425537,0.7606837606837606,0.7722479423868314,0.6164383561643836,0.83125,72,0.6081081081081081,0.625,234,0.8209876543209876,0.2785032194801223,59
crisp-sweep-1276,dvbtqt43,87939,0.1,VJEPA2_SSV2,mean,0.9,5,0.2376688785182452,4,AdamW,step,4,facial_expression_surprise,256,1024,156,-1,True,False,0.00026557005645186626,no,55,156,1770391636.3494594,0.8049792531120332,0.8680926916221033,0.7374301675977654,0.526927649974823,0.7564102564102564,0.787508573388203,0.6274509803921569,0.8431372549019608,72,0.5925925925925926,0.6666666666666666,234,0.7962962962962963,0.3410630924103064,55
skilled-sweep-5105,fjnan8vu,44832,0.1,VJEPA2_SSV2,mean,0.9,4,0.29309743917686926,4,AdamW,reduce,10,facial_expression_surprise,256,1024,152,-1,True,False,0.0009074914382891362,no,56,152,1770648549.3751028,0.8091286307053942,0.8680555555555556,0.7415730337078652,0.4729956388473511,0.7606837606837606,0.7734482167352539,0.6266666666666667,0.8397435897435898,72,0.6025641025641025,0.6527777777777778,234,0.808641975308642,0.2712890563847183,56
drawn-sweep-4515,9ii3kyog,96034,0.1,VJEPA2_SSV2,mean,0.9,4,0.15141340117849086,4,AdamW,step,10,facial_expression_surprise,256,1024,124,-1,True,False,0.00022600084240431597,no,51,124,1770609083.4275892,0.8049792531120332,0.8679441473559121,0.7374301675977654,0.5367400646209717,0.7649572649572649,0.7759773662551439,0.6308724832214765,0.8407643312101911,72,0.6103896103896104,0.6527777777777778,234,0.8148148148148148,0.39098659854430656,51
dainty-sweep-1438,rbs3va4k,78637,0.1,VJEPA2_SSV2,mean,0.9,4,0.12776517817725963,4,AdamW,reduce,9,facial_expression_surprise,256,768,161,-1,True,False,0.0003653636071780944,no,58,161,1770402533.5498464,0.8008298755186722,0.8679070112893643,0.7333333333333333,0.505307674407959,0.7692307692307693,0.7719478737997257,0.6351351351351351,0.8417721518987342,72,0.618421052631579,0.6527777777777778,234,0.8209876543209876,0.3571458821430867,58
zesty-sweep-1222,m17mgm8w,50211,0.1,VJEPA2_SSV2,mean,0.9,4,0.13053753066918558,4,AdamW,step,8,facial_expression_surprise,256,768,192,-1,True,False,0.0004504406426297946,no,61,192,1770387873.5732667,0.7925311203319502,0.8678698752228164,0.7159090909090909,0.4835716784000397,0.7606837606837606,0.7767489711934157,0.6164383561643836,0.83125,72,0.6081081081081081,0.625,234,0.8209876543209876,0.2937656024317721,61
deft-sweep-4685,u0zqlfey,93309,0.1,VJEPA2_SSV2,mean,0.9,3,0.1336899305602955,4,AdamW,reduce,10,facial_expression_surprise,256,1024,160,-1,True,False,0.0005467984210385064,no,54,160,1770620744.4110618,0.8008298755186722,0.8678698752228163,0.7303370786516854,0.5032913684844971,0.7692307692307693,0.775420096021948,0.625,0.8333333333333334,72,0.625,0.625,234,0.8333333333333334,0.35206087069077924,54
cool-sweep-497,bask6roz,72276,0.1,VJEPA2_SSV2,mean,0.9,3,0.3586559336397739,4,AdamW,reduce,10,facial_expression_surprise,256,1024,123,-1,True,False,0.001713260961105003,no,49,123,1770337814.86553,0.8008298755186722,0.8678698752228163,0.7209302325581395,0.4724065065383911,0.7692307692307693,0.7753343621399177,0.625,0.8333333333333334,72,0.625,0.625,234,0.8333333333333334,0.27028940934123413,49
clear-sweep-4050,aus2dder,12284,0.1,VJEPA2_SSV2,mean,0.9,5,0.42862997816975656,4,AdamW,reduce,5,facial_expression_surprise,256,1024,200,-1,True,False,0.001075947458880253,no,66,200,1770577810.6435635,0.8132780082987552,0.8678698752228162,0.7428571428571429,0.4784519374370575,0.7606837606837606,0.7795353223593965,0.6164383561643836,0.83125,72,0.6081081081081081,0.625,234,0.8209876543209876,0.18267329753219308,66
breezy-sweep-2451,qbjzihkh,70642,0.1,VJEPA2_SSV2,mean,0.9,4,0.34659811599686385,4,AdamW,reduce,7,facial_expression_surprise,256,512,147,-1,True,False,0.0007343531444721931,no,56,147,1770470542.6701696,0.8008298755186722,0.8678327391562686,0.7241379310344828,0.4694117903709411,0.7735042735042735,0.7739197530864198,0.6293706293706294,0.8343558282208589,72,0.6338028169014085,0.625,234,0.8395061728395061,0.31943343947460123,56
lyric-sweep-390,e5xffwsx,26781,0.1,VJEPA2_SSV2,mean,0.9,4,0.20224889678218233,4,AdamW,reduce,3,facial_expression_surprise,256,512,109,-1,True,False,0.0020906345310607523,no,51,109,1770330267.2733235,0.8049792531120332,0.8677956030897207,0.7344632768361582,0.4753825962543487,0.7692307692307693,0.769718792866941,0.6351351351351351,0.8417721518987342,72,0.618421052631579,0.6527777777777778,234,0.8209876543209876,0.25659211296023743,51
icy-sweep-3239,vei4n9k0,30690,0.1,VJEPA2_SSV2,mean,0.9,3,0.1799749466783526,4,AdamW,step,5,facial_expression_surprise,256,1024,152,-1,True,False,0.00025587298977906435,no,50,152,1770524095.103902,0.8049792531120332,0.8677213309566252,0.7374301675977654,0.506584644317627,0.7649572649572649,0.7802640603566531,0.6258503401360545,0.8364779874213837,72,0.6133333333333333,0.6388888888888888,234,0.8209876543209876,0.3247699648528904,50
morning-sweep-4761,rtwosjwd,64201,0.1,VJEPA2_SSV2,mean,0.9,4,0.30109715280579474,4,AdamW,reduce,5,facial_expression_surprise,256,1024,178,-1,True,False,0.0003879445648381436,no,67,178,1770625608.8025382,0.7966804979253111,0.8676470588235294,0.7231638418079096,0.5112593770027161,0.7735042735042735,0.7757630315500685,0.6394557823129252,0.8427672955974843,72,0.6266666666666667,0.6527777777777778,234,0.8271604938271605,0.32999085709130094,67
sage-sweep-1479,2hz6wbnc,55829,0.1,VJEPA2_SSV2,mean,0.9,5,0.3575644778119319,4,AdamW,reduce,4,facial_expression_surprise,256,1024,145,-1,True,False,0.0001466287959235014,no,46,145,1770405283.0882995,0.8049792531120332,0.8676099227569816,0.7374301675977654,0.5420042276382446,0.7692307692307693,0.7795353223593965,0.6301369863013698,0.8375,72,0.6216216216216216,0.6388888888888888,234,0.8271604938271605,0.4354837691629088,46
unique-sweep-2103,nzfqknft,44166,0.1,VJEPA2_SSV2,mean,0.9,5,0.19507140451740967,4,AdamW,step,8,facial_expression_surprise,256,1024,124,-1,True,False,0.0003500264365408743,no,51,124,1770447169.2099617,0.8008298755186722,0.8675727866904338,0.7303370786516854,0.518736720085144,0.7692307692307693,0.7770061728395061,0.6301369863013698,0.8375,72,0.6216216216216216,0.6388888888888888,234,0.8271604938271605,0.41196216533194374,51
fluent-sweep-2843,hyfowmby,33526,0.1,VJEPA2_SSV2,mean,0.9,5,0.4270168955498441,4,AdamW,reduce,8,facial_expression_surprise,256,1024,173,-1,True,False,0.00046962644768181746,yes,68,173,1770497272.3783183,0.7925311203319502,0.8675727866904336,0.7191011235955056,0.5071407556533813,0.7692307692307693,0.7701045953360769,0.6301369863013698,0.8375,72,0.6216216216216216,0.6388888888888888,234,0.8271604938271605,0.3343817340089129,68
chocolate-sweep-2257,mure7deh,1986,0.1,VJEPA2_SSV2,mean,0.9,5,0.34017960977550843,4,AdamW,reduce,3,facial_expression_surprise,256,1024,123,-1,True,False,0.0007894508054049951,no,50,123,1770457694.4364152,0.8008298755186722,0.867535650623886,0.7272727272727273,0.47101157903671265,0.7606837606837606,0.7768347050754458,0.6111111111111112,0.8271604938271605,72,0.6111111111111112,0.6111111111111112,234,0.8271604938271605,0.3023348480334014,50
sweepy-sweep-3972,g524rvgu,41183,0.1,VJEPA2_SSV2,mean,0.9,4,0.19934472186246027,4,AdamW,step,4,facial_expression_surprise,256,1024,141,-1,True,False,0.00035295013509714754,no,53,141,1770572407.1861038,0.8049792531120332,0.8675356506238859,0.7374301675977654,0.49702635407447815,0.7606837606837606,0.782193072702332,0.6216216216216216,0.8354430379746836,72,0.6052631578947368,0.6388888888888888,234,0.8148148148148148,0.31379561571331765,53
warm-sweep-3087,4e9tf7l0,89115,0.1,VJEPA2_SSV2,mean,0.9,5,0.2295199681776981,4,AdamW,reduce,10,facial_expression_surprise,256,768,180,-1,True,False,0.0006117854102914592,no,63,180,1770513867.1026285,0.8008298755186722,0.8675356506238859,0.7272727272727273,0.4936067163944245,0.7692307692307693,0.767789780521262,0.64,0.8461538461538461,72,0.6153846153846154,0.6666666666666666,234,0.8148148148148148,0.33778885071411796,63
morning-sweep-1750,hesaj5ve,82013,0.1,VJEPA2_SSV2,mean,0.9,3,0.3279954143474542,4,AdamW,reduce,10,facial_expression_surprise,256,512,118,-1,True,False,0.0001870145610045691,no,40,118,1770423648.92355,0.8008298755186722,0.8674985145573382,0.7333333333333333,0.5341657996177673,0.7692307692307693,0.7770061728395061,0.6351351351351351,0.8417721518987342,72,0.618421052631579,0.6527777777777778,234,0.8209876543209876,0.4292218775460214,40
frosty-sweep-4612,ek0ll6i7,66357,0.1,VJEPA2_SSV2,mean,0.9,4,0.3507353638247499,4,AdamW,reduce,8,facial_expression_surprise,256,1024,155,-1,True,False,0.00014097080433196895,no,42,155,1770615920.2207718,0.7593360995850622,0.8674985145573382,0.7010309278350515,0.6138222217559814,0.7264957264957265,0.7797067901234568,0.6144578313253012,0.85,72,0.5425531914893617,0.7083333333333334,234,0.7345679012345679,0.4599210665081487,42
super-sweep-4984,trvozt5j,87681,0.1,VJEPA2_SSV2,mean,0.9,5,0.2470892111205034,4,AdamW,reduce,5,facial_expression_surprise,256,768,168,-1,True,False,0.0012955839381935366,no,70,168,1770640333.8645625,0.7966804979253111,0.8673871063576947,0.7065868263473054,0.47421178221702576,0.7606837606837606,0.7763631687242798,0.5942028985507246,0.8154761904761905,72,0.6212121212121212,0.5694444444444444,234,0.845679012345679,0.2900180264468833,70
autumn-sweep-4238,uyrr4fpg,5642,0.1,VJEPA2_SSV2,mean,0.9,5,0.2540623089853262,4,AdamW,reduce,10,facial_expression_surprise,256,1024,165,-1,True,False,0.0003423831660786656,no,61,165,1770590544.415179,0.7925311203319502,0.8673871063576946,0.7222222222222222,0.5676950812339783,0.7692307692307693,0.7691615226337448,0.6493506493506493,0.8552631578947368,72,0.6097560975609756,0.6944444444444444,234,0.8024691358024691,0.4408920106691715,61
fine-sweep-747,bvu6jpt1,71230,0.1,VJEPA2_SSV2,mean,0.9,3,0.1461184209030277,4,AdamW,reduce,4,facial_expression_surprise,256,1024,118,-1,True,False,0.0002120772258399418,no,48,118,1770355734.6275878,0.8008298755186722,0.8673499702911467,0.7362637362637363,0.5622562766075134,0.7478632478632479,0.7770490397805213,0.6242038216560509,0.8456375838926175,72,0.5764705882352941,0.6805555555555556,234,0.7777777777777778,0.427226128129216,48
super-sweep-5003,q0t0o5ji,53226,0.1,VJEPA2_SSV2,mean,0.9,3,0.24332545742856845,4,AdamW,step,5,facial_expression_surprise,256,768,175,-1,True,False,0.000100691855410694,no,63,175,1770641787.8862154,0.8132780082987552,0.8672756981580512,0.7486033519553073,0.5659337639808655,0.7735042735042735,0.7785493827160495,0.6535947712418301,0.8562091503267973,72,0.6172839506172839,0.6944444444444444,234,0.808641975308642,0.45976463192469114,63
splendid-sweep-3366,a00vjez1,16993,0.1,VJEPA2_SSV2,mean,0.9,5,0.4634755365946295,4,AdamW,step,9,facial_expression_surprise,256,768,133,-1,True,False,0.00017292681172308865,no,49,133,1770532493.5933547,0.8049792531120332,0.8672756981580511,0.7403314917127072,0.5430797338485718,0.7649572649572649,0.7820644718792867,0.6451612903225806,0.8543046357615894,72,0.6024096385542169,0.6944444444444444,234,0.7962962962962963,0.4030702588878153,49
silvery-sweep-3411,ka39eubt,68835,0.1,VJEPA2_SSV2,mean,0.9,3,0.37038901223748666,4,AdamW,reduce,6,facial_expression_surprise,256,768,98,-1,True,False,0.0010649969707785352,no,39,98,1770535360.349758,0.7925311203319502,0.8672014260249554,0.7252747252747253,0.5329205989837646,0.7393162393162394,0.7821073388203017,0.6114649681528662,0.8389261744966443,72,0.5647058823529412,0.6666666666666666,234,0.7716049382716049,0.3298184440765546,39
honest-sweep-4657,h36mtoct,48350,0.1,VJEPA2_SSV2,mean,0.9,3,0.3927626840157597,4,AdamW,reduce,7,facial_expression_surprise,256,1024,68,-1,True,False,0.00015051679030440602,no,35,68,1770618952.376992,0.7966804979253111,0.8671271538918598,0.7167630057803468,0.5613572597503662,0.7735042735042735,0.7812071330589848,0.6344827586206897,0.8385093167701864,72,0.6301369863013698,0.6388888888888888,234,0.8333333333333334,0.4926441569865008,35
olive-sweep-3594,60sb9kdw,6361,0.1,VJEPA2_SSV2,mean,0.9,4,0.25994025875301197,4,AdamW,reduce,6,facial_expression_surprise,256,768,188,-1,True,False,0.0003029000407647964,yes,61,188,1770547207.7172546,0.8008298755186722,0.8671271538918598,0.7362637362637363,0.5660750269889832,0.7649572649572649,0.7696759259259258,0.6405228758169934,0.8496732026143791,72,0.6049382716049383,0.6805555555555556,234,0.8024691358024691,0.4355638341986256,61
devoted-sweep-3593,5ahodgal,26154,0.1,VJEPA2_SSV2,mean,0.9,5,0.2856452546419852,4,AdamW,step,8,facial_expression_surprise,256,1024,124,-1,True,False,0.000245140475896877,no,52,124,1770547136.921702,0.8049792531120332,0.8671271538918598,0.7344632768361582,0.5601482391357422,0.7692307692307693,0.7768347050754458,0.6447368421052632,0.8506493506493507,72,0.6125,0.6805555555555556,234,0.808641975308642,0.4507906216305571,52
ruby-sweep-3215,lhpi15f1,33553,0.1,VJEPA2_SSV2,mean,0.9,4,0.2926043872321362,4,AdamW,step,8,facial_expression_surprise,256,1024,100,-1,True,False,0.0002313086133022186,no,50,100,1770522391.9454525,0.7966804979253111,0.8670900178253119,0.7262569832402235,0.5619114637374878,0.7735042735042735,0.7874657064471879,0.6490066225165563,0.8516129032258064,72,0.620253164556962,0.6805555555555556,234,0.8148148148148148,0.4445860331708735,50
soft-sweep-2943,k5lcahhc,84184,0.1,VJEPA2_SSV2,mean,0.9,4,0.4406986532449725,4,AdamW,reduce,10,facial_expression_surprise,256,512,194,-1,True,False,0.00014750526163972424,no,70,194,1770504055.4847069,0.8091286307053942,0.8670528817587642,0.7415730337078652,0.5262021422386169,0.7692307692307693,0.7758058984910837,0.6351351351351351,0.8417721518987342,72,0.618421052631579,0.6527777777777778,234,0.8209876543209876,0.4126840392490486,70
absurd-sweep-4537,mpnhrgpb,76763,0.1,VJEPA2_SSV2,mean,0.9,4,0.2549755310600291,4,AdamW,step,10,facial_expression_surprise,256,1024,147,-1,True,False,0.00016359944062528534,no,60,147,1770610582.771112,0.7966804979253111,0.8670528817587642,0.7292817679558011,0.5632994174957275,0.7435897435897436,0.7818072702331962,0.620253164556962,0.8445945945945946,72,0.5697674418604651,0.6805555555555556,234,0.7716049382716049,0.4116766412794848,60
vital-sweep-2564,uou1iw21,77293,0.1,VJEPA2_SSV2,mean,0.9,4,0.271372289567843,4,AdamW,reduce,6,facial_expression_surprise,256,512,125,-1,True,False,0.0002423961064430062,no,51,125,1770478444.4886022,0.7883817427385892,0.867052881758764,0.711864406779661,0.5402476191520691,0.7649572649572649,0.7706618655692731,0.6308724832214765,0.8407643312101911,72,0.6103896103896104,0.6527777777777778,234,0.8148148148148148,0.4274709794944499,51
woven-sweep-830,alwp3v08,24562,0.1,VJEPA2_SSV2,mean,0.9,3,0.2530135412481027,4,AdamW,step,5,facial_expression_surprise,256,512,109,-1,True,False,0.0003028766638338071,no,46,109,1770361528.572538,0.8008298755186722,0.8669786096256684,0.7272727272727273,0.5378252863883972,0.7777777777777778,0.7791066529492456,0.6486486486486487,0.8481012658227848,72,0.631578947368421,0.6666666666666666,234,0.8271604938271605,0.4157217697147683,46
driven-sweep-3968,3uuzi2dr,50475,0.1,VJEPA2_SSV2,mean,0.9,3,0.11114186014387024,4,AdamW,reduce,7,facial_expression_surprise,256,256,168,-1,True,False,0.0007157524545463275,no,58,168,1770572180.9987612,0.7842323651452282,0.8669786096256684,0.7045454545454546,0.4952518343925476,0.7521367521367521,0.7755915637860084,0.6133333333333333,0.8333333333333334,72,0.5897435897435898,0.6388888888888888,234,0.8024691358024691,0.28510436235052167,58
peachy-sweep-1743,fwptdgt4,24204,0.1,VJEPA2_SSV2,mean,0.9,3,0.3927235462470513,4,AdamW,reduce,9,facial_expression_surprise,256,1024,165,-1,True,False,9.021251507655496e-05,no,47,165,1770423169.9901931,0.8091286307053942,0.8669786096256684,0.7444444444444445,0.5508299469947815,0.7606837606837606,0.7784636488340192,0.6266666666666667,0.8397435897435898,72,0.6025641025641025,0.6527777777777778,234,0.808641975308642,0.4364869177857519,47
leafy-sweep-113,3p8avr6d,25146,0.1,VJEPA2_SSV2,mean,0.9,5,0.47047498646245256,4,AdamW,step,6,facial_expression_surprise,256,768,174,-1,True,False,0.0004938285740628048,no,67,174,1770310458.6252406,0.7925311203319502,0.8669786096256684,0.7191011235955056,0.49279382824897766,0.7692307692307693,0.7780778463648833,0.6351351351351351,0.8417721518987342,72,0.618421052631579,0.6527777777777778,234,0.8209876543209876,0.32135480552008655,67
bumbling-sweep-4951,j90d0uta,80375,0.1,VJEPA2_SSV2,mean,0.9,4,0.45885166253294474,4,AdamW,reduce,8,facial_expression_surprise,256,1024,77,-1,True,False,0.0003215160841169174,no,36,77,1770638149.1966188,0.8049792531120332,0.8669043374925728,0.7344632768361582,0.5249843597412109,0.7649572649572649,0.7762345679012345,0.6206896551724138,0.8322981366459627,72,0.6164383561643836,0.625,234,0.8271604938271605,0.422617762764811,36
eager-sweep-1416,bnf4pw17,2384,0.1,VJEPA2_SSV2,mean,0.9,5,0.3904751488717011,4,AdamW,reduce,8,facial_expression_surprise,256,1024,115,-1,True,False,0.00023910835581600072,no,38,115,1770401010.2346818,0.8008298755186722,0.8669043374925728,0.7303370786516854,0.5494686961174011,0.7692307692307693,0.7759344993141291,0.6351351351351351,0.8417721518987342,72,0.618421052631579,0.6527777777777778,234,0.8209876543209876,0.46215293869311674,38
lively-sweep-3344,ky6ibmzg,5919,0.1,VJEPA2_SSV2,mean,0.9,5,0.4120238659945445,4,AdamW,reduce,9,facial_expression_surprise,256,768,157,-1,True,False,0.00021522326412108824,no,54,157,1770531025.713258,0.7966804979253111,0.8668672014260249,0.7262569832402235,0.5174884796142578,0.7649572649572649,0.7777777777777779,0.6308724832214765,0.8407643312101911,72,0.6103896103896104,0.6527777777777778,234,0.8148148148148148,0.36752729227532555,54
likely-sweep-1100,hzxieg9v,27634,0.1,VJEPA2_SSV2,mean,0.9,5,0.3192952215737678,4,AdamW,reduce,3,facial_expression_surprise,256,768,164,-1,True,False,0.00016082225282734437,no,59,164,1770379747.621528,0.8008298755186722,0.8668300653594772,0.7303370786516854,0.5290613174438477,0.782051282051282,0.778377914951989,0.6482758620689655,0.84472049689441,72,0.6438356164383562,0.6527777777777778,234,0.8395061728395061,0.42205508550008136,59
jolly-sweep-872,kqeblbdx,92392,0.1,VJEPA2_SSV2,mean,0.9,5,0.2730960179014191,4,AdamW,step,5,facial_expression_surprise,256,1024,114,-1,True,False,9.175769790870764e-05,no,54,114,1770364440.1039078,0.8091286307053942,0.866830065359477,0.7386363636363636,0.5417036414146423,0.7777777777777778,0.7806069958847737,0.6438356164383562,0.84375,72,0.6351351351351351,0.6527777777777778,234,0.8333333333333334,0.46060600863906725,54
chocolate-sweep-3141,rz5oufrz,2939,0.1,VJEPA2_SSV2,mean,0.9,4,0.2995987158950358,4,AdamW,reduce,6,facial_expression_surprise,256,1024,125,-1,True,False,0.00046259758269719646,no,56,125,1770517441.3031125,0.7966804979253111,0.866830065359477,0.7262569832402235,0.5130358338356018,0.7606837606837606,0.7714763374485597,0.6164383561643836,0.83125,72,0.6081081081081081,0.625,234,0.8209876543209876,0.3766511846414376,56
prime-sweep-4593,fwrhhyf6,84713,0.1,VJEPA2_SSV2,mean,0.9,5,0.32401655648475325,4,AdamW,reduce,6,facial_expression_surprise,256,256,190,-1,True,False,0.001021915262827134,no,56,190,1770614590.1925025,0.8008298755186722,0.8667929292929293,0.7272727272727273,0.4818364977836609,0.7649572649572649,0.7768775720164609,0.6308724832214765,0.8407643312101911,72,0.6103896103896104,0.6527777777777778,234,0.8148148148148148,0.22561859929716432,56
autumn-sweep-1022,7dpgcq4b,20643,0.1,VJEPA2_SSV2,mean,0.9,4,0.3861070146033935,4,AdamW,step,4,facial_expression_surprise,256,1024,189,-1,True,False,8.359010379797174e-05,no,62,189,1770374410.9884627,0.8008298755186722,0.8667929292929293,0.7272727272727273,0.5826553106307983,0.7777777777777778,0.7774777091906722,0.6438356164383562,0.84375,72,0.6351351351351351,0.6527777777777778,234,0.8333333333333334,0.5249970036667663,62
swept-sweep-3079,so6s61vu,15638,0.1,VJEPA2_SSV2,mean,0.9,4,0.4585170952802514,4,AdamW,reduce,8,facial_expression_surprise,256,1024,168,-1,True,False,0.00010945055156248856,no,49,168,1770513243.3341298,0.8008298755186722,0.8667557932263815,0.7333333333333333,0.5780149102210999,0.7735042735042735,0.782664609053498,0.6535947712418301,0.8562091503267973,72,0.6172839506172839,0.6944444444444444,234,0.808641975308642,0.4630766376788482,49
vivid-sweep-328,e6z56ljw,76607,0.1,VJEPA2,mean,0.9,4,0.46347453979380626,4,AdamW,reduce,4,extend_arm,256,768,183,-1,True,False,0.0005763572744096681,no,105,183,1770332272.7255857,0.7871148459383753,0.8515353521026877,0.6752136752136753,0.4567012800222017,0.770392749244713,0.8371675531914894,0.62,0.8502202643171806,96,0.5961538461538461,0.6458333333333334,331,0.8212765957446808,0.1710695001181592,105
twilight-sweep-2336,a39unu0t,78099,0.1,VJEPA2_SSV2,mean,0.9,3,0.4543465338275664,4,AdamW,reduce,5,extend_arm,256,512,197,-1,True,False,6.955674728544171e-05,no,101,197,1770500416.614356,0.33053221288515405,0.8497624281965818,0.4968421052631579,0.7228169973824873,0.28134556574923547,0.8648936170212765,0.43914081145584727,0.0,92,0.28134556574923547,1.0,327,0.0,0.535212761705572,101
smart-sweep-1048,7bzyw33z,1819,0.1,VJEPA2_SSV2,mean,0.9,5,0.12744003498405002,4,AdamW,step,10,extend_arm,256,512,191,-1,True,False,5.4267116807758555e-05,no,86,191,1770392201.9971097,0.33053221288515405,0.8496560527622155,0.4968421052631579,0.7094987719332805,0.28134556574923547,0.8572155411655875,0.43914081145584727,0.0,92,0.28134556574923547,1.0,327,0.0,0.5686231038787148,86
treasured-sweep-937,sv7v2it8,15147,0.1,VJEPA2_SSV2,mean,0.9,5,0.4781909769990812,4,AdamW,step,8,extend_arm,256,768,163,-1,True,False,4.1251203211675645e-05,no,93,163,1770382878.3284354,0.7675070028011205,0.848024962768598,0.6819923371647509,0.6061322153115473,0.7767584097859327,0.8553191489361702,0.6439024390243903,0.8785046728971962,92,0.584070796460177,0.717391304347826,327,0.8,0.5307041395794262,93
drawn-sweep-4174,kng8sppp,63983,0.1,VJEPA2_SSV2,mean,0.9,4,0.4956350162481008,4,AdamW,reduce,3,extend_arm,256,1024,106,-1,True,False,4.339786208962283e-05,no,56,106,1770651148.6046803,0.33053221288515405,0.8479185873342316,0.4968421052631579,0.701634684363667,0.28134556574923547,0.8561517113783533,0.43914081145584727,0.0,92,0.28134556574923547,1.0,327,0.0,0.5812775135040283,56
devoted-sweep-840,5iebwgaa,78452,0.1,VJEPA2_SSV2,mean,0.9,4,0.1842014983180837,4,AdamW,step,6,extend_arm,256,256,165,-1,True,False,6.245565528847584e-05,no,73,165,1770375028.5563076,0.7983193277310925,0.8475640025530105,0.7096774193548387,0.5487174501939982,0.7889908256880734,0.8561517113783532,0.6424870466321243,0.8672566371681416,92,0.6138613861386139,0.6739130434782609,327,0.8340425531914893,0.4602575724775141,73
logical-sweep-2611,kbe03s48,53725,0.1,VJEPA2_SSV2,mean,0.9,5,0.1997410551171456,4,AdamW,reduce,10,extend_arm,256,768,199,-1,True,False,3.8372334103559906e-05,no,101,199,1770523210.8633475,0.33053221288515405,0.8475285440748883,0.4968421052631579,0.6959755302143364,0.28134556574923547,0.8518501387604069,0.43914081145584727,0.0,92,0.28134556574923547,1.0,327,0.0,0.5658702611923218,101
fearless-sweep-1201,zcl9ur5v,18850,0.1,VJEPA2_SSV2,mean,0.9,5,0.4027770051786277,4,AdamW,reduce,10,extend_arm,256,768,137,-1,True,False,2.5608546045728568e-05,no,66,137,1770404752.8264916,0.33053221288515405,0.847422168640522,0.4968421052631579,0.7218383761013255,0.28134556574923547,0.8536077705827937,0.43914081145584727,0.0,92,0.28134556574923547,1.0,327,0.0,0.6305168780413541,66
eager-sweep-1735,a6msjesw,80367,0.1,VJEPA2_SSV2,mean,0.9,5,0.36569076522893695,4,AdamW,reduce,4,extend_arm,256,768,135,-1,True,False,6.43199249916842e-05,no,68,135,1770450228.4999938,0.4901960784313726,0.8471739592936671,0.558252427184466,0.6703152157345406,0.4984709480122324,0.8539777983348751,0.5232558139534884,0.9733333333333334,92,0.35714285714285715,0.9782608695652174,327,0.31063829787234043,0.5444501172412526,68
fallen-sweep-2396,slu67m0i,59554,0.1,VJEPA2_SSV2,mean,0.9,4,0.26472153294165035,4,AdamW,step,6,extend_arm,256,1024,126,-1,True,False,4.9275712558620166e-05,no,66,126,1770505278.1552012,0.33053221288515405,0.8469612084249344,0.4968421052631579,0.6773488807077167,0.28134556574923547,0.853700277520814,0.43914081145584727,0.0,92,0.28134556574923547,1.0,327,0.0,0.5673288583755494,66
crisp-sweep-978,39xo3v6a,45237,0.1,VJEPA2_SSV2,mean,0.9,5,0.42181420130153857,4,AdamW,reduce,9,extend_arm,256,1024,163,-1,True,False,3.134761923909685e-05,no,80,163,1770386320.9101598,0.7366946778711485,0.8468548329905681,0.6713286713286714,0.6210321525231797,0.7614678899082569,0.8555504162812211,0.6422018348623854,0.8905472636815921,92,0.5555555555555556,0.7608695652173914,327,0.7617021276595745,0.5170482938939874,80
confused-sweep-2955,98zvwhc6,24345,0.1,VJEPA2_SSV2,mean,0.9,4,0.29762334313521177,4,AdamW,step,8,extend_arm,256,1024,176,-1,True,False,2.9565054361637315e-05,no,95,176,1770551492.489457,0.33053221288515405,0.846854832990568,0.4968421052631579,0.6941258221113381,0.28134556574923547,0.8579555966697502,0.43914081145584727,0.0,92,0.28134556574923547,1.0,327,0.0,0.55270470272411,95
sweepy-sweep-1171,nwm0trm3,92520,0.1,VJEPA2_SSV2,mean,0.9,5,0.22316016282093443,4,AdamW,reduce,4,extend_arm,256,768,158,-1,True,False,4.8329416127445535e-05,no,58,158,1770401995.300927,0.7647058823529411,0.8467839160343238,0.6793893129770993,0.603368437757679,0.764525993883792,0.8536077705827937,0.6350710900473934,0.8798076923076923,92,0.5630252100840336,0.7282608695652174,327,0.7787234042553192,0.496914396502755,58
dry-sweep-2973,qc04bd35,49783,0.1,VJEPA2_SSV2,mean,0.9,5,0.3144521849419626,4,AdamW,step,8,extend_arm,256,768,148,-1,True,False,4.100450655773792e-05,no,77,148,1770553043.32397,0.7619047619047619,0.8467839160343238,0.6863468634686347,0.6199065173039583,0.7614678899082569,0.8560129509713229,0.6355140186915887,0.8829268292682927,92,0.5573770491803278,0.7391304347826086,327,0.7702127659574468,0.5428201968019659,77
fearless-sweep-4072,qzmt8lcy,82296,0.1,VJEPA2_SSV2,mean,0.9,4,0.2684875565270706,4,AdamW,step,5,extend_arm,256,768,153,-1,True,False,1.4584943464800918e-05,no,79,153,1770642945.9291265,0.33053221288515405,0.8466066236437133,0.4968421052631579,0.7257544812368077,0.28134556574923547,0.8481036077705828,0.43914081145584727,0.0,92,0.28134556574923547,1.0,327,0.0,0.6385983499613676,79
toasty-sweep-2143,qayszgb5,67886,0.1,VJEPA2_SSV2,mean,0.9,5,0.34350861152706336,4,AdamW,reduce,7,extend_arm,256,512,177,-1,True,False,6.511468892410637e-05,no,88,177,1770484347.707603,0.33053221288515405,0.8466066236437131,0.4968421052631579,0.6917134702038699,0.28134556574923547,0.8565679925994449,0.43914081145584727,0.0,92,0.28134556574923547,1.0,327,0.0,0.5272477128288963,88
sage-sweep-2574,sywhuby0,58837,0.1,VJEPA2_SSV2,mean,0.9,3,0.332133138062373,4,AdamW,reduce,5,extend_arm,256,768,142,-1,True,False,5.2279448556308266e-05,no,78,142,1770520124.4903083,0.33053221288515405,0.846535706687469,0.4968421052631579,0.7088914264817866,0.28134556574923547,0.8575393154486588,0.43914081145584727,0.0,92,0.28134556574923547,1.0,327,0.0,0.5650259473107078,78
magic-sweep-2775,rfmqcwct,69027,0.1,VJEPA2_SSV2,mean,0.9,3,0.36009571785916505,4,AdamW,step,6,extend_arm,256,1024,194,-1,True,False,1.6157819059141526e-05,no,94,194,1770536849.924492,0.33053221288515405,0.8465002482093469,0.4968421052631579,0.7606099049250284,0.28134556574923547,0.8526827012025903,0.43914081145584727,0.0,92,0.28134556574923547,1.0,327,0.0,0.6429565386338667,94
hopeful-sweep-209,n6m961d5,837,0.1,VJEPA2_SSV2,mean,0.9,5,0.4158593276450485,4,AdamW,step,10,extend_arm,256,1024,151,-1,True,False,2.009371148218033e-05,no,92,151,1770321252.183474,0.33053221288515405,0.8465002482093468,0.4968421052631579,0.7339425794884604,0.28134556574923547,0.8539777983348752,0.43914081145584727,0.0,92,0.28134556574923547,1.0,327,0.0,0.6258067098530856,92
ruby-sweep-1351,ukf03gn3,90235,0.1,VJEPA2_SSV2,mean,0.9,4,0.2710780732383775,4,AdamW,step,3,extend_arm,256,256,67,-1,True,False,0.00019389340963868083,no,53,67,1770417713.239956,0.7927170868347339,0.8465002482093468,0.7016129032258065,0.555677166506022,0.7859327217125383,0.8575393154486586,0.65,0.8767123287671232,92,0.6018518518518519,0.7065217391304348,327,0.8170212765957446,0.45845494216138666,53
gentle-sweep-2108,okux9md5,6498,0.1,VJEPA2_SSV2,mean,0.9,3,0.4315738443368642,4,AdamW,reduce,7,extend_arm,256,512,146,-1,True,False,5.794949629595354e-05,no,78,146,1770481568.3130655,0.7675070028011205,0.8464293312531026,0.6770428015564203,0.5715284173895999,0.7706422018348624,0.8552266419981499,0.6305418719211823,0.8703703703703703,92,0.5765765765765766,0.6956521739130435,327,0.8,0.4693230000409213,78
morning-sweep-1609,8qgmldqt,43700,0.1,VJEPA2_SSV2,mean,0.9,5,0.2394336621431485,4,AdamW,reduce,6,extend_arm,256,1024,195,-1,True,False,2.9185558438088018e-05,no,97,195,1770439606.186735,0.7338935574229691,0.8464116020140416,0.6619217081850534,0.6426900550096977,0.7614678899082569,0.8527752081406105,0.6422018348623854,0.8905472636815921,92,0.5555555555555556,0.7608695652173914,327,0.7617021276595745,0.5734906218268655,97
upbeat-sweep-1337,mg3juvd8,73374,0.1,VJEPA2_SSV2,mean,0.9,5,0.16764736941840788,4,AdamW,step,5,extend_arm,256,256,110,-1,True,False,8.102981892938563e-05,no,66,110,1770416496.15939,0.7647058823529411,0.8463229558187363,0.6842105263157895,0.6136509437187045,0.7706422018348624,0.8521739130434782,0.6411483253588517,0.8809523809523809,92,0.5726495726495726,0.7282608695652174,327,0.7872340425531915,0.5623540509830821,66
rose-sweep-2446,l8bc6r5v,55165,0.1,VJEPA2_SSV2,mean,0.9,4,0.3609903594050125,4,AdamW,step,7,extend_arm,256,512,197,-1,True,False,1.982520900213065e-05,no,98,197,1770509672.5380838,0.33053221288515405,0.8462874973406141,0.4968421052631579,0.7680667657144263,0.28134556574923547,0.8537927844588344,0.43914081145584727,0.0,92,0.28134556574923547,1.0,327,0.0,0.6388287251645869,98
ethereal-sweep-3867,bgptyidd,78163,0.1,VJEPA2_SSV2,mean,0.9,5,0.2549186617282537,4,AdamW,reduce,10,extend_arm,256,1024,81,-1,True,False,0.00010895091655877174,no,51,81,1770626234.060743,0.33053221288515405,0.8461811219062478,0.4968421052631579,0.7126873775022704,0.28134556574923547,0.8525901942645698,0.43914081145584727,0.0,92,0.28134556574923547,1.0,327,0.0,0.5879350889812817,51
rural-sweep-2458,kuy1qvyy,54927,0.1,VJEPA2_SSV2,mean,0.9,3,0.3627672264964346,4,AdamW,step,7,extend_arm,256,1024,181,-1,True,False,2.9629491991233913e-05,no,87,181,1770510516.6479356,0.7591036414565826,0.8461456634281257,0.6814814814814815,0.5950192176327318,0.7706422018348624,0.8547641073080482,0.6411483253588517,0.8809523809523809,92,0.5726495726495726,0.7282608695652174,327,0.7872340425531915,0.4901066379113631,87
bright-sweep-3536,kraizx1x,42712,0.1,VJEPA2_SSV2,mean,0.9,5,0.4526099339008696,4,AdamW,reduce,9,extend_arm,256,256,190,-1,True,False,6.23300256098543e-05,no,94,190,1770599054.2403536,0.7843137254901961,0.8460215587546983,0.6804979253112033,0.5434593451457197,0.8042813455657493,0.85527289546716,0.6701030927835051,0.88,92,0.6372549019607843,0.7065217391304348,327,0.8425531914893617,0.4630859375,94
dark-sweep-2701,3vyxtvon,42156,0.1,VJEPA2_SSV2,mean,0.9,3,0.26769471194343253,4,AdamW,reduce,10,extend_arm,256,512,95,-1,True,False,0.00010166112416049557,no,61,95,1770530731.2571795,0.7226890756302521,0.845968371037515,0.6621160409556314,0.6424815604666702,0.7614678899082569,0.8578168362627197,0.6637931034482759,0.9197860962566844,92,0.55,0.8369565217391305,327,0.7319148936170212,0.47662828998132184,61
jolly-sweep-1489,llffzemf,26864,0.1,VJEPA2_SSV2,mean,0.9,5,0.41144804847238614,4,AdamW,reduce,3,extend_arm,256,1024,179,-1,True,False,3.1827847775333535e-05,no,90,179,1770429506.2804518,0.33053221288515405,0.8459329125593928,0.4968421052631579,0.7022657669892832,0.28134556574923547,0.8541165587419056,0.43914081145584727,0.0,92,0.28134556574923547,1.0,327,0.0,0.5515152150934393,90
scarlet-sweep-3182,ccezchb4,35039,0.1,VJEPA2_SSV2,mean,0.9,4,0.10307709280939675,4,AdamW,reduce,4,extend_arm,256,256,192,-1,True,False,3.758248500889764e-05,no,106,192,1770570012.4224994,0.33053221288515405,0.8458974540812708,0.4968421052631579,0.708526007601527,0.28134556574923547,0.8548103607770583,0.43914081145584727,0.0,92,0.28134556574923547,1.0,327,0.0,0.6132940259846774,106
blooming-sweep-3581,i59bgo72,4436,0.1,VJEPA2_SSV2,mean,0.9,3,0.10943599982907032,4,AdamW,step,5,extend_arm,256,768,186,-1,True,False,1.2662666142333928e-05,no,92,186,1770602877.517351,0.6582633053221288,0.8458619956031487,0.6347305389221557,0.6649848464824238,0.672782874617737,0.8440795559666976,0.608058608058608,0.9383561643835616,92,0.4585635359116022,0.9021739130434784,327,0.5829787234042553,0.6045345458117398,92
fallen-sweep-3448,rtvfw4ys,61202,0.1,VJEPA2_SSV2,mean,0.9,4,0.11595336748381838,4,AdamW,reduce,6,extend_arm,256,1024,188,-1,True,False,1.6960961938932108e-05,no,84,188,1770592018.53029,0.711484593837535,0.8457201616906602,0.6578073089700996,0.645936393771185,0.7186544342507645,0.8528214616096208,0.6166666666666667,0.8994413407821229,92,0.5,0.8043478260869565,327,0.6851063829787234,0.5609411597251892,84
toasty-sweep-3476,wrddkd0f,46470,0.1,VJEPA2_SSV2,mean,0.9,5,0.45686793505206447,4,AdamW,reduce,4,extend_arm,256,512,119,-1,True,False,2.631954079027837e-05,no,75,119,1770594118.4576733,0.33053221288515405,0.8456137862562939,0.4968421052631579,0.6974021992763552,0.28134556574923547,0.8530989824236818,0.43914081145584727,0.0,92,0.28134556574923547,1.0,327,0.0,0.6193827119740573,75
hopeful-sweep-3334,d55mtr45,3804,0.1,VJEPA2_SSV2,mean,0.9,3,0.4568689404194731,4,AdamW,step,4,extend_arm,256,512,166,-1,True,False,3.304603152347676e-05,no,86,166,1770582643.3511922,0.773109243697479,0.8456137862562938,0.6920152091254753,0.5664277502468654,0.7737003058103975,0.8549953746530989,0.6442307692307693,0.8815165876777251,92,0.5775862068965517,0.7282608695652174,327,0.7914893617021277,0.5162095134908503,86
silvery-sweep-3220,8nv3uobt,42977,0.1,VJEPA2_SSV2,mean,0.9,4,0.24512248681600193,4,AdamW,reduce,4,extend_arm,256,256,96,-1,True,False,0.00012756144698641722,no,62,96,1770572989.4450338,0.7759103641456583,0.8455783277781718,0.6946564885496184,0.5874039580842026,0.7706422018348624,0.8514338575393154,0.6376811594202898,0.8773584905660378,92,0.5739130434782609,0.717391304347826,327,0.7914893617021277,0.4956863370808688,62
generous-sweep-1001,3re7r2iu,55038,0.1,VJEPA2_SSV2,mean,0.9,5,0.3233787361036726,4,AdamW,step,6,extend_arm,256,1024,158,-1,True,False,4.817565021572798e-05,no,81,158,1770388293.5666869,0.5854341736694678,0.8455428693000497,0.6042780748663101,0.6719817003282178,0.5565749235474006,0.8530527289546717,0.5454545454545454,0.95,92,0.3832599118942731,0.9456521739130436,327,0.40425531914893614,0.5368467905304649,81
drawn-sweep-827,iq6bqtk1,21577,0.1,VJEPA2_SSV2,mean,0.9,5,0.18760678093714456,4,AdamW,reduce,8,extend_arm,256,1024,135,-1,True,False,7.080205434997823e-05,no,67,135,1770373883.041947,0.7647058823529411,0.8454010353875612,0.6793893129770993,0.595287541548411,0.7920489296636085,0.8569842738205365,0.6730769230769231,0.8957345971563981,92,0.603448275862069,0.7608695652173914,327,0.8042553191489362,0.44704950668595056,67
valiant-sweep-1522,10xz72q4,35175,0.1,VJEPA2_SSV2,mean,0.9,5,0.2716592030953253,4,AdamW,reduce,9,extend_arm,256,512,198,-1,True,False,6.416688284239878e-05,no,99,198,1770432432.5747414,0.33053221288515405,0.8453655769094391,0.4968421052631579,0.694482886156782,0.28134556574923547,0.8576780758556892,0.43914081145584727,0.0,92,0.28134556574923547,1.0,327,0.0,0.5391481226140803,99
glowing-sweep-1254,n3ikypjq,63761,0.1,VJEPA2_SSV2,mean,0.9,5,0.4310983992326499,4,AdamW,reduce,6,extend_arm,256,512,114,-1,True,False,9.391233166997214e-05,no,63,114,1770409312.4988928,0.6862745098039216,0.845365576909439,0.654320987654321,0.6623816927607987,0.7003058103975535,0.8533765032377428,0.6171875,0.9202453987730062,92,0.4817073170731707,0.8586956521739131,327,0.6382978723404256,0.5115452311255715,63
cool-sweep-363,t35h0fhd,3678,0.1,VJEPA2_SSV2,mean,0.9,5,0.10816091612066409,4,AdamW,reduce,3,extend_arm,256,512,137,-1,True,False,4.494336414767872e-05,no,68,137,1770335188.669756,0.7759103641456583,0.845330118431317,0.6875,0.6084056934054826,0.7767584097859327,0.8495837187789085,0.6439024390243903,0.8785046728971962,92,0.584070796460177,0.717391304347826,327,0.8,0.5629832517017018,68
decent-sweep-593,9ksdo1ix,34269,0.1,VJEPA2_SSV2,mean,0.9,5,0.15180277891400512,4,AdamW,reduce,7,extend_arm,256,1024,190,-1,True,False,3.3132485466311384e-05,no,97,190,1770354590.864409,0.7507002801120448,0.845330118431317,0.673992673992674,0.6167115846267935,0.7706422018348624,0.8556429232192415,0.6543778801843319,0.8960396039603961,92,0.568,0.7717391304347826,327,0.7702127659574468,0.496699723330411,97
pretty-sweep-1321,ntfqikn3,2956,0.1,VJEPA2_SSV2,mean,0.9,4,0.4071786362443228,4,AdamW,reduce,7,extend_arm,256,1024,160,-1,True,False,3.239254154104596e-05,no,74,160,1770415189.3178496,0.7675070028011205,0.8452946599531949,0.6914498141263941,0.600100423107628,0.764525993883792,0.8588344125809435,0.6350710900473934,0.8798076923076923,92,0.5630252100840336,0.7282608695652174,327,0.7787234042553192,0.5135145317424428,74
colorful-sweep-1380,i2lujy1z,63,0.1,VJEPA2_SSV2,mean,0.9,4,0.40541452672782297,4,AdamW,step,7,extend_arm,256,1024,175,-1,True,False,2.389654406231275e-05,no,82,175,1770420076.685577,0.7591036414565826,0.8452592014750727,0.6838235294117647,0.6026505296971617,0.7614678899082569,0.853422756706753,0.6320754716981132,0.8792270531400966,92,0.5583333333333333,0.7282608695652174,327,0.774468085106383,0.5222542383454063,82
royal-sweep-2967,bsoc44nf,20026,0.1,VJEPA2_SSV2,mean,0.9,3,0.2515568217008728,4,AdamW,reduce,5,extend_arm,256,256,185,-1,True,False,8.565064097268704e-05,no,80,185,1770552519.2174077,0.773109243697479,0.8452592014750726,0.6872586872586872,0.5842422155105099,0.7798165137614679,0.854717853839038,0.6504854368932039,0.8826291079812206,92,0.5877192982456141,0.7282608695652174,327,0.8,0.4423838642510501,80
whole-sweep-3376,6mjyjnqb,32285,0.1,VJEPA2_SSV2,mean,0.9,4,0.3545901651923028,4,AdamW,reduce,4,extend_arm,256,1024,188,-1,True,False,1.1579191208377005e-05,no,89,188,1770586156.0330489,0.33053221288515405,0.8452237429969506,0.4968421052631579,0.6955933881407025,0.28134556574923547,0.8533302497687326,0.43914081145584727,0.0,92,0.28134556574923547,1.0,327,0.0,0.6106405659155412,89
dry-sweep-1083,vpmkuj1h,27904,0.1,VJEPA2_SSV2,mean,0.9,5,0.41980514871088,4,AdamW,step,6,extend_arm,256,768,174,-1,True,False,2.0383950108317377e-05,no,92,174,1770395014.5877516,0.7478991596638656,0.8451882845188285,0.6808510638297872,0.6193014156250727,0.7553516819571865,0.8559204440333026,0.6428571428571429,0.8974358974358975,92,0.5454545454545454,0.782608695652174,327,0.7446808510638298,0.5365745371038263,92
azure-sweep-371,9cjaqp7h,12730,0.1,VJEPA2_SSV2,mean,0.9,4,0.14580532462156218,4,AdamW,reduce,9,extend_arm,256,1024,174,-1,True,False,4.00286756872435e-05,no,83,174,1770335894.7340727,0.7394957983193278,0.8451882845188284,0.6690391459074733,0.651574529519602,0.7614678899082569,0.8550878815911194,0.6486486486486487,0.8984771573604061,92,0.5538461538461539,0.782608695652174,327,0.7531914893617021,0.5801570209589871,83
fiery-sweep-2929,iekl77fn,48081,0.1,VJEPA2_SSV2,mean,0.9,4,0.4080437176991417,4,AdamW,reduce,4,extend_arm,256,256,130,-1,True,False,0.0005898887374882682,no,72,130,1770549462.4143448,0.7955182072829131,0.8451882845188284,0.6970954356846473,0.47488165385916786,0.8073394495412844,0.8526827012025902,0.676923076923077,0.8839285714285714,92,0.6407766990291263,0.717391304347826,327,0.8425531914893617,0.21899057139049877,72
wandering-sweep-357,nkddhqqj,37265,0.1,VJEPA2_SSV2,mean,0.9,4,0.2015248865915152,4,AdamW,reduce,8,extend_arm,256,768,34,-1,True,False,0.0002650973574703871,no,39,34,1770334709.0368156,0.803921568627451,0.8451528260407063,0.7083333333333334,0.5304478067977756,0.7981651376146789,0.8579555966697502,0.6597938144329897,0.8755555555555555,92,0.6274509803921569,0.6956521739130435,327,0.8382978723404255,0.4298861270601099,39
absurd-sweep-1053,d89ilya1,21989,0.1,VJEPA2_SSV2,mean,0.9,5,0.43507418953135857,4,AdamW,step,3,extend_arm,256,1024,198,-1,True,False,5.783035711064412e-05,no,80,198,1770392616.355322,0.33053221288515405,0.8451173675625843,0.4968421052631579,0.677660560741478,0.28134556574923547,0.8540703052728955,0.43914081145584727,0.0,92,0.28134556574923547,1.0,327,0.0,0.5258773727850481,80
misty-sweep-3908,021qn2rh,96453,0.1,VJEPA2_SSV2,mean,0.9,5,0.49607418293485106,4,AdamW,step,4,extend_arm,256,1024,170,-1,True,False,7.494877625007918e-05,no,81,170,1770629531.2946434,0.7086834733893558,0.8451173675625843,0.6556291390728477,0.6552658052671523,0.7400611620795107,0.8503700277520815,0.6502057613168725,0.9261363636363636,92,0.5231788079470199,0.8586956521739131,327,0.6936170212765957,0.4808428460901434,81
rural-sweep-1572,b8bmvjdr,78751,0.1,VJEPA2_SSV2,mean,0.9,4,0.16726035731847932,4,AdamW,reduce,7,extend_arm,256,768,184,-1,True,False,4.0459339025966257e-05,no,98,184,1770436593.4905396,0.7535014005602241,0.8450819090844621,0.6788321167883211,0.6394790514510553,0.7584097859327217,0.8524051803885291,0.6359447004608295,0.8861386138613861,92,0.552,0.75,327,0.7617021276595745,0.5794443704865195,98
lemon-sweep-613,idsrfryq,82614,0.1,VJEPA2_SSV2,mean,0.9,4,0.36620560400328694,4,AdamW,reduce,3,extend_arm,256,1024,162,-1,True,False,1.2166865918399887e-05,no,77,162,1770356271.6196337,0.33053221288515405,0.8450819090844621,0.4968421052631579,0.7528586466105378,0.28134556574923547,0.8486586493987048,0.43914081145584727,0.0,92,0.28134556574923547,1.0,327,0.0,0.6461283087730407,77
sparkling-sweep-4023,byy0hs1r,79280,0.1,VJEPA2_SSV2,mean,0.9,5,0.16048134602638747,4,AdamW,reduce,5,extend_arm,256,768,144,-1,True,False,2.6253981760660277e-05,no,82,144,1770639121.8089197,0.5994397759103641,0.845081909084462,0.6145552560646901,0.6736557497029879,0.5871559633027523,0.8557816836262719,0.5686900958466453,0.9716981132075472,92,0.4027149321266969,0.967391304347826,327,0.4382978723404255,0.5727711645039645,82
distinctive-sweep-1689,61e2trd0,45167,0.1,VJEPA2_SSV2,mean,0.9,4,0.3691778279074217,4,AdamW,reduce,10,extend_arm,256,768,122,-1,True,False,4.935653211895307e-05,no,73,122,1770446427.0344698,0.7450980392156863,0.8450109921282178,0.6738351254480287,0.6125083001387888,0.7675840978593272,0.8573543015726179,0.6481481481481481,0.8916256157635468,92,0.5645161290322581,0.7608695652173914,327,0.7702127659574468,0.49383425550027327,73
legendary-sweep-261,38k6mmbs,36070,0.1,VJEPA2_SSV2,mean,0.9,5,0.2561066049181718,4,AdamW,reduce,6,extend_arm,256,768,83,-1,True,False,6.66749091286222e-05,no,58,83,1770325826.0071952,0.773109243697479,0.8450109921282178,0.6966292134831461,0.6114176942520783,0.7675840978593272,0.8560129509713229,0.638095238095238,0.8803827751196173,92,0.5677966101694916,0.7282608695652174,327,0.7829787234042553,0.528065224127336,58
fiery-sweep-713,vupra9gm,55227,0.1,VJEPA2_SSV2,mean,0.9,5,0.3829415476748116,4,AdamW,reduce,3,extend_arm,256,1024,130,-1,True,False,6.398682462563939e-05,yes,76,130,1770364425.1277585,0.7478991596638656,0.8448691582157294,0.6762589928057554,0.6271668156655896,0.7737003058103975,0.8508325624421832,0.6574074074074074,0.896551724137931,92,0.5725806451612904,0.7717391304347826,327,0.774468085106383,0.5742173368280584,76
trim-sweep-3503,iqj4mwfp,85884,0.1,VJEPA2_SSV2,mean,0.9,5,0.3839617565867202,4,AdamW,reduce,5,extend_arm,256,512,120,-1,True,False,7.142156284155965e-05,no,57,120,1770596472.3936343,0.7703081232492998,0.8448691582157294,0.6893939393939394,0.5948903902905995,0.7614678899082569,0.857354301572618,0.6320754716981132,0.8792270531400966,92,0.5583333333333333,0.7282608695652174,327,0.774468085106383,0.49049039591442456,57
curious-sweep-1360,wx01f1t3,87972,0.1,VJEPA2_SSV2,mean,0.9,3,0.4513034091809815,4,AdamW,step,4,extend_arm,256,1024,177,-1,True,False,2.3452706122761847e-05,no,77,177,1770418444.5976374,0.7030812324929971,0.8447982412594852,0.6558441558441559,0.6532583417010909,0.7400611620795107,0.8554116558741904,0.6530612244897959,0.9310344827586208,92,0.5228758169934641,0.8695652173913043,327,0.6893617021276596,0.5537536057558927,77
golden-sweep-3733,pfefbmen,3915,0.1,VJEPA2_SSV2,mean,0.9,3,0.47343179553582593,4,AdamW,step,5,extend_arm,256,256,155,-1,True,False,6.93248707863745e-05,no,78,155,1770615374.7834125,0.33053221288515405,0.844762782781363,0.4968421052631579,0.6885727974547058,0.28134556574923547,0.8643848288621646,0.43914081145584727,0.0,92,0.28134556574923547,1.0,327,0.0,0.5390907959504561,78
logical-sweep-3054,ps1tl6gk,2461,0.1,VJEPA2_SSV2,mean,0.9,4,0.27029714245800396,4,AdamW,reduce,9,extend_arm,256,256,83,-1,True,False,7.867084634443756e-05,no,54,83,1770559554.419072,0.7703081232492998,0.8447273243032409,0.6917293233082706,0.594937022493667,0.7798165137614679,0.8554579093432008,0.6571428571428571,0.8899521531100478,92,0.5847457627118644,0.75,327,0.7914893617021277,0.5230863809585571,54
smart-sweep-3921,hxu9dpy5,18411,0.1,VJEPA2_SSV2,mean,0.9,5,0.1769806051362307,4,AdamW,reduce,3,extend_arm,256,512,65,-1,True,False,0.00016511514532663408,no,35,65,1770630589.799951,0.7899159663865546,0.8446918658251188,0.6808510638297872,0.5296775658591455,0.7981651376146789,0.8564754856614246,0.648936170212766,0.8658008658008658,92,0.6354166666666666,0.6630434782608695,327,0.851063829787234,0.44979987740516664,35
flowing-sweep-3398,oqeubodn,56292,0.1,VJEPA2_SSV2,mean,0.9,4,0.4421786304749156,4,AdamW,reduce,10,extend_arm,256,256,153,-1,True,False,0.00014323451301641456,no,78,153,1770588058.0604787,0.33053221288515405,0.8446564073469967,0.4968421052631579,0.6768690851890072,0.28134556574923547,0.8623959296947271,0.43914081145584727,0.0,92,0.28134556574923547,1.0,327,0.0,0.5201387730511752,78
skilled-sweep-1646,qm15g1ac,66107,0.1,VJEPA2_SSV2,mean,0.9,3,0.4661858850979955,4,AdamW,reduce,5,extend_arm,256,256,120,-1,True,False,9.268540825522774e-05,no,69,120,1770442870.5938916,0.7675070028011205,0.8446209488688745,0.6819923371647509,0.6007375116107845,0.7798165137614679,0.8534690101757632,0.6538461538461539,0.8862559241706162,92,0.5862068965517241,0.7391304347826086,327,0.7957446808510639,0.5208576180718162,69
still-sweep-1813,ck8hfnfb,29506,0.1,VJEPA2_SSV2,mean,0.9,4,0.33447277423944133,4,AdamW,step,5,extend_arm,256,768,140,-1,True,False,0.000250685022954522,no,79,140,1770456900.62181,0.7983193277310925,0.8446209488688745,0.7,0.5132203906858,0.8134556574923547,0.851803885291397,0.6772486772486772,0.8782608695652174,92,0.6597938144329897,0.6956521739130435,327,0.8595744680851064,0.3189808292822404,79
worldly-sweep-190,ngm5x0pn,1482,0.1,VJEPA2_SSV2,mean,0.9,4,0.28213304938557476,4,AdamW,step,3,extend_arm,256,1024,49,-1,True,False,0.00017511534021558508,no,46,49,1770319457.7671337,0.7843137254901961,0.8445854903907524,0.6882591093117408,0.5729286256624537,0.7889908256880734,0.8585106382978723,0.649746192893401,0.8738738738738738,92,0.6095238095238096,0.6956521739130435,327,0.825531914893617,0.5134049968285994,46
hardy-sweep-1608,x09c1dul,57283,0.1,VJEPA2_SSV2,mean,0.9,4,0.34058061951708285,4,AdamW,reduce,3,extend_arm,256,512,85,-1,True,False,0.00015121210699968354,no,61,85,1770439499.1526134,0.7927170868347339,0.8445677611516913,0.6810344827586207,0.5736679907272509,0.7981651376146789,0.856290471785384,0.648936170212766,0.8658008658008658,92,0.6354166666666666,0.6630434782608695,327,0.851063829787234,0.497348351912065,61
avid-sweep-3543,zrxrur98,55569,0.1,VJEPA2_SSV2,mean,0.9,5,0.4225432926371996,4,AdamW,reduce,5,extend_arm,256,768,117,-1,True,False,1.6870441715209615e-05,no,71,117,1770599592.6552963,0.3865546218487395,0.8445500319126305,0.5186813186813187,0.6828625464305824,0.3486238532110092,0.848936170212766,0.4634760705289673,1.0,92,0.3016393442622951,1.0,327,0.09361702127659574,0.6035416603088379,71
pious-sweep-1327,evvgb4q7,77556,0.1,VJEPA2_SSV2,mean,0.9,5,0.38818843785488744,4,AdamW,reduce,6,extend_arm,256,1024,48,-1,True,False,0.00010248289385226804,no,46,48,1770415673.2143333,0.7787114845938375,0.8445500319126303,0.680161943319838,0.5586930995895749,0.7798165137614679,0.8550878815911194,0.6435643564356436,0.8755760368663594,92,0.5909090909090909,0.7065217391304348,327,0.8085106382978723,0.5008971777829256,46
winter-sweep-2132,7aagsc8r,43040,0.1,VJEPA2_SSV2,mean,0.9,5,0.2040449632640438,4,AdamW,reduce,8,extend_arm,256,1024,133,-1,True,False,2.5450868649759336e-05,no,82,133,1770483592.125328,0.7675070028011205,0.8445500319126303,0.6770428015564203,0.5608222751724286,0.7828746177370031,0.8520814061054579,0.6467661691542289,0.8761467889908257,92,0.5963302752293578,0.7065217391304348,327,0.8127659574468085,0.5178164005279541,82
hardy-sweep-1353,4m3m7bxn,44106,0.1,VJEPA2,mean,0.9,3,0.30514223604554747,4,AdamW,reduce,5,extend_arm,256,256,140,-1,True,False,0.0043931874026346945,no,85,140,1770417893.9715571,0.7927170868347339,0.8445500319126302,0.6942148760330579,0.48145637776003497,0.7854984894259819,0.8228723404255319,0.6395939086294417,0.8565217391304348,96,0.6237623762376238,0.65625,331,0.8382978723404255,0.22291026865498403,85
fragrant-sweep-839,mac7ervv,3916,0.1,VJEPA2_SSV2,mean,0.9,5,0.10997045567225604,4,AdamW,reduce,3,extend_arm,256,768,119,-1,True,False,0.00012321381861134242,no,66,119,1770374944.3396344,0.7815126050420168,0.8445145734345083,0.6976744186046512,0.6170637759507871,0.7737003058103975,0.8493524514338575,0.6442307692307693,0.8815165876777251,92,0.5775862068965517,0.7282608695652174,327,0.7914893617021277,0.508065437186848,66
sweepy-sweep-1376,e0dobsip,74704,0.1,VJEPA2_SSV2,mean,0.9,3,0.2857585499977391,4,AdamW,reduce,4,extend_arm,256,1024,172,-1,True,False,4.700825326620755e-05,no,80,172,1770419746.8641367,0.7394957983193278,0.8445145734345083,0.6642599277978339,0.6397508354414077,0.7737003058103975,0.8539777983348751,0.6636363636363637,0.9045226130653268,92,0.5703125,0.7934782608695652,327,0.7659574468085106,0.5325413996523077,80
volcanic-sweep-1150,xhl9989k,10242,0.1,VJEPA2,mean,0.9,4,0.46582464497897,4,AdamW,reduce,7,extend_arm,256,512,147,-1,True,False,0.00012052531337177483,no,87,147,1770400287.6994069,0.7843137254901961,0.8445145734345081,0.6695278969957081,0.5513323732450897,0.7824773413897281,0.8394060283687943,0.6326530612244898,0.8528138528138528,96,0.62,0.6458333333333334,331,0.8382978723404255,0.4502316599481561,87
valiant-sweep-964,6txhyjoc,81568,0.1,VJEPA2_SSV2,mean,0.9,5,0.4254093312880281,4,AdamW,step,3,extend_arm,256,1024,172,-1,True,False,3.293751697683798e-05,no,86,172,1770385159.2294416,0.7591036414565826,0.8444791149563862,0.6814814814814815,0.6014377077420553,0.7706422018348624,0.8558279370952822,0.6445497630331753,0.8846153846153846,92,0.5714285714285714,0.7391304347826086,327,0.7829787234042553,0.4755005164579912,86
snowy-sweep-22,nkac4wzk,84973,0.1,VJEPA2_SSV2,mean,0.9,4,0.4803162750428793,4,AdamW,reduce,6,extend_arm,256,256,135,-1,True,False,2.219246549116727e-05,no,69,135,1770304056.021137,0.6386554621848739,0.8444436564782639,0.6260869565217392,0.6604077772599977,0.6666666666666666,0.8497687326549491,0.6036363636363636,0.9375,92,0.453551912568306,0.9021739130434784,327,0.574468085106383,0.591348485513167,69
whole-sweep-3822,or1b226p,21315,0.1,VJEPA2_SSV2,mean,0.9,5,0.4803776973976861,4,AdamW,reduce,6,extend_arm,256,768,133,-1,True,False,2.6057950310031193e-05,no,86,133,1770622710.0932293,0.6442577030812325,0.8444436564782639,0.6381766381766382,0.6692609588305155,0.6238532110091743,0.8561054579093432,0.5886287625418061,0.9666666666666668,92,0.4251207729468599,0.9565217391304348,327,0.49361702127659574,0.5590685205026107,86
dauntless-sweep-3939,6ed4s83w,61381,0.1,VJEPA2_SSV2,mean,0.9,4,0.3767168831556029,4,AdamW,reduce,8,extend_arm,256,768,174,-1,True,False,3.719987803628808e-05,no,86,174,1770632099.4533124,0.7927170868347339,0.8444081980001419,0.6967213114754098,0.5552370341218152,0.7920489296636085,0.8576318223866789,0.6530612244897959,0.874439461883408,92,0.6153846153846154,0.6956521739130435,327,0.8297872340425532,0.49477137327194215,86
sweet-sweep-3906,uu78ymd5,81979,0.1,VJEPA2_SSV2,mean,0.9,5,0.2433366922641266,4,AdamW,reduce,4,extend_arm,256,512,121,-1,True,False,9.357192961103804e-05,no,67,121,1770629348.1922288,0.7871148459383753,0.8444081980001418,0.6724137931034483,0.5553526597864488,0.8042813455657493,0.8520814061054579,0.6521739130434783,0.8638297872340426,92,0.6521739130434783,0.6521739130434783,327,0.8638297872340426,0.4996532505208795,67
major-sweep-1403,tydtep2c,25709,0.1,VJEPA2_SSV2,mean,0.9,4,0.35768426367242556,4,AdamW,reduce,4,extend_arm,256,512,197,-1,True,False,8.77753498808511e-05,no,100,197,1770422019.6415317,0.7310924369747899,0.8443372810438976,0.6666666666666666,0.6471478762079019,0.746177370030581,0.8543940795559668,0.6497890295358649,0.9175824175824177,92,0.5310344827586206,0.8369565217391305,327,0.7106382978723405,0.4373374472964894,100
cool-sweep-660,i7e6e564,38723,0.1,VJEPA2_SSV2,mean,0.9,5,0.2552425574859458,4,AdamW,reduce,8,extend_arm,256,512,134,-1,True,False,3.156343736653417e-05,no,77,134,1770360189.5800092,0.33053221288515405,0.8443372810438976,0.4968421052631579,0.7462356768402398,0.28134556574923547,0.8580018501387604,0.43914081145584727,0.0,92,0.28134556574923547,1.0,327,0.0,0.6199060786854137,77
decent-sweep-2252,rvzxm5cn,45733,0.1,VJEPA2_SSV2,mean,0.9,5,0.48831308735566903,4,AdamW,reduce,4,extend_arm,256,768,189,-1,True,False,3.675659294712815e-05,no,96,189,1770493454.0760918,0.33053221288515405,0.8443018225657756,0.4968421052631579,0.6857630999482313,0.28134556574923547,0.8559666975023127,0.43914081145584727,0.0,92,0.28134556574923547,1.0,327,0.0,0.545831205628135,96
ancient-sweep-2158,odf4wsbg,78295,0.1,VJEPA2_SSV2,mean,0.9,4,0.49030665012313657,4,AdamW,reduce,5,extend_arm,256,256,180,-1,True,False,3.7670137927571854e-05,no,83,180,1770485540.1376953,0.7703081232492998,0.8443018225657755,0.6870229007633588,0.5631235595844707,0.7767584097859327,0.8520814061054579,0.6473429951690821,0.8820754716981132,92,0.5826086956521739,0.7282608695652174,327,0.7957446808510639,0.5128563675013456,83
volcanic-sweep-3933,kbb8m61a,74655,0.1,VJEPA2_SSV2,mean,0.9,4,0.11268674223761868,4,AdamW,reduce,9,extend_arm,256,256,173,-1,True,False,0.000496074405537714,no,86,173,1770631615.07353,0.7983193277310925,0.8442840933267145,0.7142857142857143,0.5377997084825981,0.7951070336391437,0.8469935245143386,0.6666666666666666,0.8853211009174312,92,0.6146788990825688,0.7282608695652174,327,0.8212765957446808,0.24929559935222972,86
fragrant-sweep-737,s75dd66h,75439,0.1,VJEPA2_SSV2,mean,0.9,5,0.2062192148569717,4,AdamW,step,6,extend_arm,256,768,165,-1,True,False,4.637988117338056e-05,no,77,165,1770366346.137427,0.773109243697479,0.8442663640876533,0.6848249027237354,0.5855718879472642,0.7889908256880734,0.8562442183163738,0.6600985221674877,0.8842592592592593,92,0.6036036036036037,0.7282608695652174,327,0.8127659574468085,0.43630962046709926,77
frosty-sweep-4093,kja55i5g,65788,0.1,VJEPA2_SSV2,mean,0.9,4,0.33270435916762264,4,AdamW,reduce,9,extend_arm,256,512,138,-1,True,False,3.20932558040743e-05,no,70,138,1770644637.3981507,0.33053221288515405,0.8442309056095313,0.4968421052631579,0.7063799024629993,0.28134556574923547,0.8573080481036078,0.43914081145584727,0.0,92,0.28134556574923547,1.0,327,0.0,0.6330005862496116,70
floral-sweep-2317,ymoleyxe,75988,0.1,VJEPA2_SSV2,mean,0.9,4,0.20914819027568457,4,AdamW,step,4,extend_arm,256,1024,170,-1,True,False,7.537610815469365e-05,no,78,170,1770498929.1499407,0.33053221288515405,0.8442309056095312,0.4968421052631579,0.6729972905137626,0.28134556574923547,0.8535152636447734,0.43914081145584727,0.0,92,0.28134556574923547,1.0,327,0.0,0.5058782057328658,78
eager-sweep-972,o3b7frlu,25246,0.1,VJEPA2_SSV2,mean,0.9,4,0.4062996236523909,4,AdamW,reduce,6,extend_arm,256,768,95,-1,True,False,7.20910418200775e-05,no,56,95,1770385809.7855284,0.7815126050420168,0.8441599886532871,0.6953125,0.5749318893550157,0.7706422018348624,0.8517113783533766,0.6268656716417911,0.8669724770642202,92,0.5779816513761468,0.6847826086956522,327,0.8042553191489362,0.5037964170629328,56
confused-sweep-2976,hmfuq6qv,76816,0.1,VJEPA2_SSV2,mean,0.9,3,0.17112004840892403,4,AdamW,reduce,5,extend_arm,256,512,127,-1,True,False,5.75135546048096e-05,no,73,127,1770553284.6209314,0.7871148459383753,0.844159988653287,0.703125,0.6045295839884034,0.7767584097859327,0.8526827012025903,0.6403940886699507,0.875,92,0.5855855855855856,0.7065217391304348,327,0.8042553191489362,0.5589104186404835,73
flowing-sweep-4153,rkuc45lq,34980,0.1,VJEPA2_SSV2,mean,0.9,5,0.2813368970997612,4,AdamW,reduce,7,extend_arm,256,256,125,-1,True,False,3.0321127019825833e-05,no,74,125,1770649442.7924438,0.33053221288515405,0.8441245301751649,0.4968421052631579,0.7234721813215261,0.28134556574923547,0.8501387604070305,0.43914081145584727,0.0,92,0.28134556574923547,1.0,327,0.0,0.6399772492322054,74
deep-sweep-861,lhtbg89o,54295,0.1,VJEPA2_SSV2,mean,0.9,5,0.33366785470429683,4,AdamW,reduce,8,extend_arm,256,512,143,-1,True,False,3.093757692009611e-05,no,62,143,1770376766.2197342,0.7563025210084033,0.8440890716970428,0.6859205776173285,0.610737803436461,0.7675840978593272,0.853422756706753,0.6513761467889908,0.8955223880597015,92,0.5634920634920635,0.7717391304347826,327,0.7659574468085106,0.542015697739341,62
zesty-sweep-2369,g09nxf4t,18475,0.1,VJEPA2_SSV2,mean,0.9,3,0.4173282019496683,4,AdamW,step,9,extend_arm,256,1024,111,-1,True,False,3.308472156876397e-05,no,33,111,1770503131.3926997,0.7338935574229691,0.8440536132189207,0.671280276816609,0.6375320328383887,0.7553516819571865,0.8537465309898242,0.6428571428571429,0.8974358974358975,92,0.5454545454545454,0.782608695652174,327,0.7446808510638298,0.5804553790525957,33
absurd-sweep-1304,03s1vq4u,89803,0.1,VJEPA2_SSV2,mean,0.9,5,0.4779336357471427,4,AdamW,reduce,4,extend_arm,256,256,182,-1,True,False,0.00010450611454256116,no,93,182,1770413668.3501496,0.773109243697479,0.8440536132189206,0.6848249027237354,0.588094111417188,0.7828746177370031,0.8549028677150786,0.6697674418604651,0.9019607843137256,92,0.5853658536585366,0.782608695652174,327,0.7829787234042553,0.4372794871980494,93
resilient-sweep-3588,2rqms9ka,40634,0.1,VJEPA2_SSV2,mean,0.9,4,0.27719355230788956,4,AdamW,step,8,extend_arm,256,256,163,-1,True,False,0.00029630881889048196,no,76,163,1770603493.375111,0.7927170868347339,0.8440536132189206,0.6890756302521008,0.4950014220900229,0.8103975535168195,0.8511100832562442,0.6804123711340206,0.8844444444444445,92,0.6470588235294118,0.717391304347826,327,0.8468085106382979,0.2657481258565729,76
worthy-sweep-812,6v4c8b1t,99873,0.1,VJEPA2_SSV2,mean,0.9,5,0.3108348258991127,4,AdamW,reduce,3,extend_arm,256,1024,186,-1,True,False,2.7193685495445853e-05,no,87,186,1770372735.4796054,0.7843137254901961,0.8440181547407986,0.6907630522088354,0.5908472411104945,0.7889908256880734,0.8518963922294172,0.6461538461538462,0.8705357142857143,92,0.6116504854368932,0.6847826086956522,327,0.8297872340425532,0.5582714655182578,87
smart-sweep-810,nfnfll4b,20279,0.1,VJEPA2_SSV2,mean,0.9,5,0.3967455879260487,4,AdamW,step,8,extend_arm,256,1024,80,-1,True,False,5.582703770956756e-05,no,55,80,1770372575.2314608,0.773109243697479,0.8440181547407986,0.6823529411764706,0.5801956653594971,0.7767584097859327,0.8550416281221093,0.6439024390243903,0.8785046728971962,92,0.584070796460177,0.717391304347826,327,0.8,0.5213301528583874,55
stilted-sweep-4011,gykl4ft0,99427,0.1,VJEPA2_SSV2,mean,0.9,3,0.12188696904298955,4,AdamW,reduce,5,extend_arm,256,1024,165,-1,True,False,1.8859761023682443e-05,no,89,165,1770638057.6349285,0.7394957983193278,0.8439826962626765,0.6759581881533101,0.6196695038584434,0.746177370030581,0.8541628122109158,0.6311111111111111,0.8917525773195877,92,0.5338345864661654,0.7717391304347826,327,0.7361702127659574,0.5319574811241844,89
deft-sweep-953,obamjcg5,35690,0.1,VJEPA2_SSV2,mean,0.9,5,0.14388048881578347,4,AdamW,reduce,6,extend_arm,256,1024,131,-1,True,False,2.8202055997941675e-05,no,78,131,1770384285.553386,0.7394957983193278,0.8439826962626764,0.6736842105263158,0.6152614889358606,0.7614678899082569,0.85527289546716,0.6454545454545455,0.8944723618090452,92,0.5546875,0.7717391304347826,327,0.7574468085106383,0.5332942247390747,78
firm-sweep-3485,ex8x22u1,72422,0.1,VJEPA2_SSV2,mean,0.9,4,0.32081850057486805,4,AdamW,step,8,extend_arm,256,1024,180,-1,True,False,2.55784520077641e-05,no,88,180,1770594893.7024305,0.773109243697479,0.8439826962626764,0.6823529411764706,0.5998949754137953,0.7767584097859327,0.8499537465309898,0.6368159203980099,0.8715596330275229,92,0.5871559633027523,0.6956521739130435,327,0.8085106382978723,0.5622228795831854,88
splendid-sweep-2799,14h5ajwh,91202,0.1,VJEPA2_SSV2,mean,0.9,4,0.42739041809888256,4,AdamW,step,5,extend_arm,256,1024,200,-1,True,False,3.684405071891327e-05,no,85,200,1770538859.9822772,0.7170868347338936,0.8439826962626764,0.6576271186440678,0.646001804275673,0.7553516819571865,0.8554116558741905,0.6521739130434783,0.91005291005291,92,0.5434782608695652,0.8152173913043478,327,0.7319148936170212,0.5262824448672208,85
sunny-sweep-4083,va7wcnsf,67295,0.1,VideoPrism,mean,0.9,5,0.3195272416180106,4,AdamW,step,8,eye_gaze,256,512,134,-1,True,False,0.0017925722985271278,no,34,134,1770571087.2115402,0.7749077490774908,0.8479685058300277,0.6772486772486772,0.5190906328908632,0.752,0.811139705882353,0.5974025974025974,0.8068181818181818,80,0.6216216216216216,0.575,250,0.8352941176470589,0.23814339357795136,34
peach-sweep-3076,vs3ei6fy,17461,0.1,VideoPrism,mean,0.9,5,0.1773439657671992,4,AdamW,reduce,8,eye_gaze,256,1024,138,-1,True,False,0.0004656013225917523,no,31,138,1770505987.4902968,0.7564575645756457,0.8448130784950114,0.6764705882352942,0.5968590999001506,0.764,0.802095588235294,0.650887573964497,0.84472049689441,80,0.6179775280898876,0.6875,250,0.8,0.3890580318190835,31
drawn-sweep-2179,81p39rxt,37742,0.1,VideoPrism,mean,0.9,4,0.4374054950053686,4,AdamW,reduce,5,eye_gaze,256,256,193,-1,True,False,0.0058389487579743405,no,49,193,1770447590.3799174,0.7749077490774908,0.8440918379612934,0.680628272251309,0.5104922221155624,0.76,0.8151470588235293,0.6153846153846154,0.8160919540229885,80,0.631578947368421,0.6,250,0.8352941176470589,0.1923400573959254,49
devout-sweep-2445,ak5e2l05,20758,0.1,VideoPrism,mean,0.9,4,0.1907405108999042,4,AdamW,reduce,10,eye_gaze,256,768,142,-1,True,False,0.0011348050590555571,no,41,142,1770465084.97638,0.7564575645756457,0.8433705974275754,0.6632653061224489,0.6065584368371436,0.748,0.8035661764705883,0.6086956521739131,0.8165680473372781,80,0.6049382716049383,0.6125,250,0.8117647058823529,0.3313688885081898,41
comfy-sweep-314,tv9mt6za,3762,0.1,VideoPrism,mean,0.9,5,0.13973994599907355,4,AdamW,reduce,8,eye_gaze,256,1024,150,-1,True,False,0.0005204489228195206,no,46,150,1770323121.8469012,0.7638376383763837,0.8430700805385263,0.6631578947368421,0.5483444832347856,0.756,0.7963970588235294,0.6163522012578616,0.8187134502923976,80,0.620253164556962,0.6125,250,0.8235294117647058,0.34701028141108425,46
glamorous-sweep-2675,bdt7cxib,85260,0.1,VideoPrism,mean,0.9,3,0.20424805225695183,4,AdamW,reduce,3,eye_gaze,256,768,126,-1,True,False,0.0011492287173445772,no,34,126,1770479954.944389,0.7712177121771218,0.8423488400048083,0.6770833333333334,0.5512626415249167,0.764,0.7901838235294119,0.6424242424242425,0.8363636363636363,80,0.6235294117647059,0.6625,250,0.8117647058823529,0.2803716342256527,34
rosy-sweep-2299,wzh5bu23,73549,0.1,VideoPrism,mean,0.9,5,0.4681244031152264,4,AdamW,reduce,4,eye_gaze,256,512,129,-1,True,False,0.002822128569780443,no,30,129,1770455442.3094823,0.7638376383763837,0.8416275994710902,0.673469387755102,0.5533489189024781,0.748,0.8197794117647058,0.6037735849056604,0.8128654970760234,80,0.6075949367088608,0.6,250,0.8176470588235294,0.33238325871602453,30
upbeat-sweep-4918,15ghdic7,12961,0.1,VideoPrism,mean,0.9,4,0.29104195365900126,4,AdamW,step,7,eye_gaze,256,768,183,-1,True,False,0.0003655285180784202,no,37,183,1770625231.5328815,0.7490774907749077,0.8412669792042312,0.7043478260869566,0.6983289716428497,0.704,0.7939705882352942,0.6105263157894737,0.8428571428571429,80,0.5272727272727272,0.725,250,0.6941176470588235,0.46797195757278287,37
pretty-sweep-2802,cx7n7u6m,55185,0.1,VideoPrism,mean,0.9,5,0.27315587816965026,4,AdamW,reduce,5,eye_gaze,256,768,186,-1,True,False,0.0007665984432223279,no,42,186,1770488171.657335,0.7749077490774908,0.8404856352927036,0.680628272251309,0.5244532467254414,0.756,0.7939338235294118,0.6163522012578616,0.8187134502923976,80,0.620253164556962,0.6125,250,0.8235294117647058,0.24307335121463045,42
autumn-sweep-2560,0mn9esae,79459,0.1,VideoPrism,mean,0.9,5,0.3621592979336653,4,AdamW,reduce,10,eye_gaze,256,512,116,-1,True,False,0.002780510042937522,no,30,116,1770472542.0509474,0.7638376383763837,0.8396441880033658,0.6923076923076923,0.5906415528916785,0.776,0.819485294117647,0.6626506024096386,0.8475609756097561,80,0.6395348837209303,0.6875,250,0.8176470588235294,0.36381572286287944,30
lemon-sweep-86,u7z8uqav,40409,0.1,VideoPrism,mean,0.9,3,0.11275647136581668,4,AdamW,reduce,9,eye_gaze,256,1024,196,-1,True,False,0.0009623808399002782,no,44,196,1770307377.4767644,0.7712177121771218,0.8396441880033658,0.6770833333333334,0.5376610516182171,0.756,0.7887867647058824,0.6163522012578616,0.8187134502923976,80,0.620253164556962,0.6125,250,0.8235294117647058,0.2198120836657707,44
colorful-sweep-3159,yt0rfezg,44269,0.1,VideoPrism,mean,0.9,4,0.3221529954424991,4,AdamW,reduce,7,eye_gaze,256,1024,130,-1,True,False,0.0013376504547225475,no,34,130,1770511471.705032,0.7749077490774908,0.839193412669792,0.680628272251309,0.5309024200228307,0.752,0.7985661764705883,0.6075949367088608,0.813953488372093,80,0.6153846153846154,0.6,250,0.8235294117647058,0.2493864798184597,34
fresh-sweep-1280,itcxgelp,80929,0.1,VideoPrism,mean,0.9,5,0.3135211914620375,4,AdamW,step,9,eye_gaze,256,1024,152,-1,True,False,0.00040316535041990775,no,37,152,1770388616.2551963,0.7527675276752768,0.8387125856473134,0.6699507389162561,0.6441855320631358,0.748,0.7957720588235294,0.6134969325153374,0.8203592814371258,80,0.6024096385542169,0.625,250,0.8058823529411765,0.4188429246045122,37
colorful-sweep-2494,4kqfsjgz,74194,0.1,VideoPrism,mean,0.9,5,0.4285970665125791,4,AdamW,reduce,10,eye_gaze,256,768,136,-1,True,False,0.0006140078957049967,no,35,136,1770468241.7001977,0.7712177121771218,0.8386825339584085,0.6868686868686869,0.5752000989069358,0.756,0.8078676470588235,0.6347305389221557,0.8343558282208589,80,0.6091954022988506,0.6625,250,0.8,0.3620446579624908,35
fanciful-sweep-570,hb5k4h2k,42707,0.1,VideoPrism,mean,0.9,4,0.3711930780396887,4,AdamW,reduce,5,eye_gaze,256,256,171,-1,True,False,0.00046672534552346187,no,32,171,1770341239.9640148,0.7490774907749077,0.8386224305805987,0.6761904761904762,0.614918495456231,0.748,0.8042647058823529,0.631578947368421,0.8364779874213837,80,0.5934065934065934,0.675,250,0.7823529411764706,0.3919311866615758,32
confused-sweep-1301,002rz9fs,80746,0.1,VideoPrism,mean,0.9,4,0.2869514107807503,4,AdamW,reduce,6,eye_gaze,256,1024,194,-1,True,False,0.00030281454636674264,no,41,194,1770390062.1172488,0.7416974169741697,0.8382918620026445,0.65,0.5737543642740848,0.772,0.799889705882353,0.6586826347305389,0.8466257668711656,80,0.632183908045977,0.6875,250,0.8117647058823529,0.3389386740597812,41
pleasant-sweep-1034,uuqrl6td,74436,0.1,VideoPrism,mean,0.9,4,0.16077755925998796,4,AdamW,reduce,5,eye_gaze,256,512,199,-1,True,False,0.0006547535208065013,no,42,199,1770372279.5753372,0.7638376383763837,0.8382618103137396,0.6559139784946236,0.5211856312417457,0.752,0.7913235294117646,0.5921052631578947,0.8033707865168539,80,0.625,0.5625,250,0.8411764705882353,0.24736994294205095,42
fallen-sweep-3355,8zn3euk1,87829,0.1,VideoPrism,mean,0.9,5,0.10041675381525456,4,AdamW,reduce,8,eye_gaze,256,256,167,-1,True,False,0.0005153594283882414,no,33,167,1770524303.5620668,0.7564575645756457,0.8380213968025003,0.6666666666666666,0.548252641054977,0.764,0.7986764705882352,0.6289308176100629,0.8245614035087719,80,0.6329113924050633,0.625,250,0.8294117647058824,0.347030238310496,33
solar-sweep-2430,dkyn8n7q,28256,0.1,VideoPrism,mean,0.9,5,0.15814100034298645,4,AdamW,reduce,4,eye_gaze,256,512,139,-1,True,False,0.0029091032789273163,no,32,139,1770464067.0579922,0.7675276752767528,0.8379913451135954,0.6834170854271356,0.5503774243527233,0.772,0.8165441176470588,0.6459627329192547,0.834319526627219,80,0.6419753086419753,0.65,250,0.8294117647058824,0.24985058738125696,32
magic-sweep-4782,y6j9fjgo,55868,0.1,VideoPrism,mean,0.9,5,0.2014478033570652,4,AdamW,reduce,8,eye_gaze,256,768,159,-1,True,False,0.0010509797283559774,no,12,159,1770616363.9061575,0.7564575645756457,0.8379612934246904,0.6597938144329897,0.5325652642443611,0.764,0.7988970588235295,0.6380368098159509,0.8323353293413174,80,0.6265060240963856,0.65,250,0.8176470588235294,0.25602490426313995,12
hardy-sweep-2377,p4k3o7bc,56451,0.1,VideoPrism,mean,0.9,4,0.3714550363914313,4,AdamW,reduce,9,eye_gaze,256,768,171,-1,True,False,0.00039844517050603224,no,42,171,1770460613.7049088,0.7380073800738007,0.8377809832912609,0.6570048309178744,0.634969962698947,0.736,0.7944117647058824,0.5975609756097561,0.8132530120481928,80,0.5833333333333334,0.6125,250,0.7941176470588235,0.3971020870136493,42
vivid-sweep-1375,0yc20uat,99335,0.1,VideoPrism,mean,0.9,5,0.13164855873637357,4,AdamW,reduce,8,eye_gaze,256,256,189,-1,True,False,0.0014220140441429452,no,31,189,1770394939.727163,0.7601476014760148,0.8370897944464478,0.6700507614213198,0.6176920049304891,0.736,0.7983455882352941,0.5925925925925926,0.8095238095238095,80,0.5853658536585366,0.6,250,0.8,0.35716320474942526,31
atomic-sweep-5028,iep8zl26,94996,0.1,VideoPrism,mean,0.9,5,0.436645146180596,4,AdamW,step,8,eye_gaze,256,512,177,-1,True,False,0.0016664315137036197,no,48,177,1770632256.9649951,0.7638376383763837,0.8369996393797331,0.6666666666666666,0.5181282875282738,0.784,0.8106249999999999,0.6493506493506493,0.8295454545454546,80,0.6756756756756757,0.625,250,0.8588235294117647,0.24001477727986345,48
young-sweep-1132,wejoe7vl,36728,0.1,VideoPrism,mean,0.9,5,0.2988687847704057,4,AdamW,reduce,7,eye_gaze,256,512,144,-1,True,False,0.0008282769387454337,no,37,144,1770378877.163376,0.7712177121771218,0.8357675201346315,0.6702127659574468,0.5485518264594553,0.736,0.7924264705882352,0.5875,0.8058823529411765,80,0.5875,0.5875,250,0.8058823529411765,0.26912961463735563,37
resilient-sweep-100,xmi1lbvh,1791,0.1,VideoPrism,mean,0.9,4,0.19218803036849152,4,AdamW,step,8,eye_gaze,256,1024,149,-1,True,False,0.00619091142320497,no,31,149,1770308222.437478,0.7490774907749077,0.8351063829787234,0.66,0.5103711103161322,0.768,0.8252573529411764,0.6375,0.8294117647058824,80,0.6375,0.6375,250,0.8294117647058824,0.24867875494740227,31
efficient-sweep-3426,flm39ldi,71039,0.1,VideoPrism,mean,0.9,5,0.26167566772171763,4,AdamW,reduce,4,eye_gaze,256,1024,165,-1,True,False,0.0005497348528213391,no,35,165,1770528744.930004,0.7638376383763837,0.8347457627118645,0.6701030927835051,0.5444069271597916,0.756,0.7957352941176472,0.6211180124223602,0.8224852071005917,80,0.6172839506172839,0.625,250,0.8176470588235294,0.29953487268602,35
ruby-sweep-1605,yxzj5nif,29170,0.1,VideoPrism,mean,0.9,4,0.4375655467999924,4,AdamW,reduce,10,eye_gaze,256,512,190,-1,True,False,0.001461695736715209,no,52,190,1770409772.8184714,0.7601476014760148,0.8345053492006251,0.656084656084656,0.5441787159310936,0.764,0.7967647058823528,0.6193548387096774,0.8171428571428572,80,0.64,0.6,250,0.8411764705882353,0.2753109770591813,52
faithful-sweep-4977,xyekis7v,56802,0.1,VideoPrism,mean,0.9,5,0.33570861040642935,4,AdamW,reduce,4,eye_gaze,256,1024,147,-1,True,False,0.00033138611032322205,no,31,147,1770628953.3226018,0.7453874538745388,0.8344752975117201,0.6600985221674877,0.5887254219213535,0.764,0.8047426470588236,0.6467065868263473,0.8404907975460123,80,0.6206896551724138,0.675,250,0.8058823529411765,0.3925097098856261,31
eternal-sweep-5128,95xz7cz0,67675,0.1,VideoPrism,mean,0.9,5,0.2088719783977342,4,AdamW,step,5,eye_gaze,256,1024,90,-1,True,False,0.004887506440531867,no,21,90,1770638564.5930097,0.7712177121771218,0.8343550907561006,0.6804123711340206,0.5629706085827958,0.752,0.8086397058823529,0.6125,0.8176470588235294,80,0.6125,0.6125,250,0.8176470588235294,0.18318049880591303,21
jolly-sweep-706,wpkx85cx,89446,0.1,VideoPrism,mean,0.9,5,0.29054731393026745,4,AdamW,step,7,eye_gaze,256,768,194,-1,True,False,0.0004645153029283424,no,36,194,1770350438.4461546,0.7527675276752768,0.8342348840004808,0.6492146596858639,0.5374525094824084,0.752,0.790514705882353,0.6125,0.8176470588235294,80,0.6125,0.6125,250,0.8176470588235294,0.2717784759974239,36
chocolate-sweep-4214,6ofe22ng,53536,0.1,VideoPrism,mean,0.9,4,0.12779286047125768,4,AdamW,reduce,9,eye_gaze,256,512,188,-1,True,False,0.0023952022841707454,no,44,188,1770579600.6160166,0.7675276752767528,0.8335737468445727,0.6557377049180327,0.5278661910898131,0.764,0.8067647058823528,0.593103448275862,0.8,80,0.6615384615384615,0.5375,250,0.8705882352941177,0.2610823495219452,44
pretty-sweep-4169,851mh5mx,97223,0.1,VideoPrism,mean,0.9,5,0.3306248495556903,4,AdamW,step,9,eye_gaze,256,768,155,-1,True,False,0.0029968172200092067,no,35,155,1770576659.957965,0.7675276752767528,0.8334835917778579,0.6594594594594595,0.5191693708465548,0.748,0.8009558823529412,0.5827814569536424,0.7988826815642458,80,0.6197183098591549,0.55,250,0.8411764705882353,0.3241046484070595,35
restful-sweep-3979,6iabrwky,20811,0.1,VideoPrism,mean,0.9,4,0.3448874390884349,4,AdamW,reduce,5,eye_gaze,256,768,169,-1,True,False,0.0012582000129038931,no,42,169,1770564209.55291,0.7490774907749077,0.833453540088953,0.6344086021505376,0.5209104625501316,0.776,0.8094852941176471,0.631578947368421,0.8202247191011236,80,0.6666666666666666,0.6,250,0.8588235294117647,0.3012350244955583,42
crimson-sweep-4088,lj6d91du,3271,0.1,VideoPrism,mean,0.9,5,0.21227552575266984,4,AdamW,step,8,eye_gaze,256,1024,186,-1,True,False,0.0001184737906150087,no,35,186,1770571391.568882,0.7232472324723247,0.8333333333333334,0.6696035242290749,0.65610051133096,0.716,0.805,0.6162162162162163,0.8413793103448276,80,0.5428571428571428,0.7125,250,0.7176470588235294,0.4958768995723339,35
wandering-sweep-1663,pv4s76n3,96205,0.1,VideoPrism,mean,0.9,5,0.29964051313916185,4,AdamW,reduce,6,eye_gaze,256,768,140,-1,True,False,0.0004078167875736543,no,32,140,1770413701.661204,0.7527675276752768,0.8322514725327563,0.6564102564102564,0.5491305237766562,0.772,0.803235294117647,0.6503067484662577,0.8383233532934131,80,0.6385542168674698,0.6625,250,0.8235294117647058,0.35498156324781555,32
peach-sweep-4441,s9s0guxj,76596,0.1,VideoPrism,mean,0.9,3,0.3496609013842512,4,AdamW,reduce,8,eye_gaze,256,1024,188,-1,True,False,0.0005665961043103484,no,29,188,1770594338.2586775,0.7527675276752768,0.8321012140882317,0.6378378378378379,0.5289132595062256,0.78,0.8016911764705883,0.6405228758169934,0.8248587570621468,80,0.6712328767123288,0.6125,250,0.8588235294117647,0.30467523601320057,29
crimson-sweep-1545,3re5lh56,72683,0.1,VideoPrism,mean,0.9,5,0.2427798379122695,4,AdamW,reduce,9,eye_gaze,256,1024,132,-1,True,False,0.0002580821622731798,no,38,132,1770405977.1135676,0.7380073800738007,0.8320711623993269,0.6697674418604651,0.6152146216688121,0.732,0.8056617647058824,0.6214689265536724,0.8366013071895425,80,0.5670103092783505,0.6875,250,0.7529411764705882,0.4466237242775734,38
trim-sweep-2559,buxdlqxx,52014,0.1,VideoPrism,mean,0.9,4,0.3777583886436938,4,AdamW,reduce,7,eye_gaze,256,1024,186,-1,True,False,0.0030691668205952262,no,43,186,1770472504.4121244,0.7564575645756457,0.8320711623993268,0.6666666666666666,0.5046819408881268,0.752,0.8131617647058823,0.6172839506172839,0.8214285714285714,80,0.6097560975609756,0.625,250,0.8117647058823529,0.29833634519817853,43
faithful-sweep-3192,zdcgpbn1,57982,0.1,VideoPrism,mean,0.9,4,0.4082357271887728,4,AdamW,reduce,10,eye_gaze,256,512,190,-1,True,False,0.00020599827144977137,no,36,190,1770513611.5905414,0.7453874538745388,0.8315903353768482,0.6666666666666666,0.6018723227441091,0.724,0.805735294117647,0.5818181818181818,0.806060606060606,80,0.5647058823529412,0.6,250,0.7823529411764706,0.4215833370131676,36
helpful-sweep-1715,hbv6xgsk,80580,0.1,VideoPrism,mean,0.9,5,0.28836669243030594,4,AdamW,reduce,6,eye_gaze,256,256,179,-1,True,False,0.0003834124670535851,no,34,179,1770417303.236553,0.7527675276752768,0.8313499218656089,0.6598984771573604,0.5480563062143502,0.768,0.8045588235294118,0.6506024096385542,0.8414634146341463,80,0.627906976744186,0.675,250,0.8117647058823529,0.3591443891477103,34
sparkling-sweep-396,3le1w3ic,48700,0.1,VideoPrism,mean,0.9,5,0.3541483441341685,4,AdamW,reduce,7,eye_gaze,256,1024,182,-1,True,False,0.00017630931516377922,no,36,182,1770329095.5281844,0.7343173431734318,0.8311095083543696,0.6756756756756757,0.6344392152290063,0.724,0.8058823529411764,0.6101694915254238,0.8300653594771242,80,0.5567010309278351,0.675,250,0.7470588235294118,0.4684816300266921,36
still-sweep-711,fuqn6tsv,8340,0.1,VideoPrism,mean,0.9,4,0.4094210896905436,4,AdamW,reduce,8,eye_gaze,256,768,198,-1,True,False,0.0001631290556909188,no,52,198,1770350767.8714538,0.7343173431734318,0.8310494049765597,0.6538461538461539,0.5905754104311616,0.748,0.805,0.6358381502890174,0.8407643312101911,80,0.5913978494623656,0.6875,250,0.7764705882352941,0.4361781850005641,52
chocolate-sweep-3504,yuwyqgnq,12841,0.1,VideoPrism,mean,0.9,5,0.46070924011660286,4,AdamW,reduce,3,eye_gaze,256,1024,123,-1,True,False,0.000483008438753345,no,27,123,1770533558.2822998,0.7564575645756457,0.8310494049765597,0.65625,0.5492090052784149,0.76,0.7998529411764705,0.625,0.8235294117647058,80,0.625,0.625,250,0.8235294117647058,0.3446280841875558,27
gallant-sweep-2125,eju59nvk,44135,0.1,VideoPrism,mean,0.9,5,0.2939161455799455,4,AdamW,reduce,3,eye_gaze,256,1024,192,-1,True,False,0.00018863639757617473,no,47,192,1770444023.26114,0.7306273062730627,0.8307789397764155,0.6507177033492823,0.6079248337288184,0.764,0.804485294117647,0.6628571428571428,0.8580645161290322,80,0.6105263157894737,0.725,250,0.7823529411764706,0.4459763589531484,47
resilient-sweep-3940,h3gm07mk,85279,0.1,VideoPrism,mean,0.9,5,0.32803415095466615,4,AdamW,reduce,7,eye_gaze,256,256,193,-1,True,False,0.0011935828074265,no,42,193,1770561803.0202577,0.7527675276752768,0.8305084745762711,0.6378378378378379,0.5232742433178469,0.772,0.8066544117647059,0.6225165562913907,0.8156424581005587,80,0.6619718309859155,0.5875,250,0.8588235294117647,0.2832311918639173,42
sweepy-sweep-1589,k33dbcfy,83085,0.1,VideoPrism,mean,0.9,4,0.49138479313861205,4,AdamW,reduce,3,eye_gaze,256,512,168,-1,True,False,0.000650666106821692,no,45,168,1770408849.9318607,0.7527675276752768,0.8302680610650318,0.6492146596858639,0.5469480453822005,0.776,0.7994117647058824,0.6455696202531646,0.8313953488372093,80,0.6538461538461539,0.6375,250,0.8411764705882353,0.2757453518082397,45
denim-sweep-4433,5v8hys1k,57812,0.1,VideoPrism,mean,0.9,5,0.15997383940969565,4,AdamW,reduce,10,eye_gaze,256,512,160,-1,True,False,0.0007181221736898105,no,30,160,1770593880.3106167,0.7527675276752768,0.8296670272869335,0.6455026455026455,0.5430678536091343,0.752,0.8016176470588234,0.6075949367088608,0.813953488372093,80,0.6153846153846154,0.6,250,0.8235294117647058,0.27351784712136396,30
upbeat-sweep-1316,4wjvvjbt,94035,0.1,VideoPrism,mean,0.9,5,0.18114334543398705,4,AdamW,reduce,6,eye_gaze,256,1024,176,-1,True,False,0.00045388172240773666,no,42,176,1770391018.216603,0.7601476014760148,0.8295768722202189,0.6632124352331606,0.5558042851761258,0.76,0.7999264705882353,0.6341463414634146,0.8313253012048193,80,0.6190476190476191,0.65,250,0.8117647058823529,0.3382010685073005,42
laced-sweep-882,kwqtbol3,75523,0.1,VideoPrism,mean,0.9,5,0.36532771371146866,4,AdamW,reduce,9,eye_gaze,256,768,88,-1,True,False,0.0008764488396746836,no,34,88,1770362329.0362394,0.7564575645756457,0.8295768722202188,0.6451612903225806,0.5617090720972012,0.76,0.7996691176470588,0.6153846153846154,0.8160919540229885,80,0.631578947368421,0.6,250,0.8352941176470589,0.34614168598194317,34
wise-sweep-4843,add15mnt,66596,0.1,VideoPrism,mean,0.9,4,0.47895810212426426,4,AdamW,reduce,5,eye_gaze,256,512,172,-1,True,False,0.00036209251798234034,no,46,172,1770620367.342179,0.7490774907749077,0.8294266137756942,0.6530612244897959,0.554052432524762,0.768,0.8034926470588235,0.6506024096385542,0.8414634146341463,80,0.627906976744186,0.675,250,0.8117647058823529,0.36513585291727624,46
summer-sweep-2895,lf4h0nrx,41160,0.1,VideoPrism,mean,0.9,5,0.406770503960281,4,AdamW,reduce,6,eye_gaze,256,512,136,-1,True,False,0.0003279394807434168,no,29,136,1770494322.1261103,0.7453874538745388,0.8293064070200746,0.6600985221674877,0.5721757433951121,0.756,0.8026470588235294,0.6432748538011696,0.8427672955974843,80,0.6043956043956044,0.6875,250,0.788235294117647,0.4036775260862678,29
cerulean-sweep-3501,mnuhwbq7,31639,0.1,VideoPrism,mean,0.9,5,0.4423995118987111,4,AdamW,reduce,5,eye_gaze,256,768,158,-1,True,False,0.00020076952455244052,no,38,158,1770533363.4050555,0.7490774907749077,0.8289457867532156,0.6666666666666666,0.5693691922729746,0.756,0.8066911764705883,0.6432748538011696,0.8427672955974843,80,0.6043956043956044,0.6875,250,0.788235294117647,0.3948467034884173,38
pleasant-sweep-5170,0r4ma4x7,5502,0.1,VideoPrism,mean,0.9,5,0.2494639740247925,4,AdamW,step,3,eye_gaze,256,1024,162,-1,True,False,0.003334814005281948,no,44,162,1770641292.9985223,0.7601476014760148,0.8289457867532155,0.6666666666666666,0.5151347812691298,0.768,0.80375,0.6463414634146342,0.8373493975903614,80,0.6309523809523809,0.6625,250,0.8176470588235294,0.2132332442083744,44
dauntless-sweep-5111,7h0a2pd6,32821,0.1,VideoPrism,mean,0.9,4,0.2591296574711262,4,AdamW,step,5,eye_gaze,256,1024,112,-1,True,False,0.0004987139245350141,no,33,112,1770637588.4423594,0.7343173431734318,0.8288856833754057,0.660377358490566,0.633802768709035,0.76,0.8078308823529412,0.6551724137931034,0.8525641025641025,80,0.6063829787234043,0.7125,250,0.7823529411764706,0.45026042991214327,33
proud-sweep-999,65apw94d,60303,0.1,VideoPrism,mean,0.9,4,0.42902962584987736,4,AdamW,reduce,5,eye_gaze,256,1024,109,-1,True,False,0.0014289961051599186,no,30,109,1770369996.1849885,0.7527675276752768,0.8288255799975959,0.6417112299465241,0.5323332361189642,0.764,0.8017647058823529,0.6040268456375839,0.8066298342541437,80,0.6521739130434783,0.5625,250,0.8588235294117647,0.20981880218693705,30
cool-sweep-581,5e45rxtw,67978,0.1,VideoPrism,mean,0.9,5,0.21033575159725829,4,AdamW,reduce,9,eye_gaze,256,768,178,-1,True,False,0.00016172721178234317,no,31,178,1770341962.1361177,0.7490774907749077,0.8287053732419762,0.6851851851851852,0.6248559203974875,0.724,0.8028676470588235,0.5964912280701754,0.8176100628930818,80,0.5604395604395604,0.6375,250,0.7647058823529411,0.46304587571307865,31
stoic-sweep-1083,z6q24qhd,81464,0.1,VideoPrism,mean,0.9,4,0.35548820473318865,4,AdamW,reduce,6,eye_gaze,256,512,175,-1,True,False,0.007876805392051708,no,49,175,1770375589.2357254,0.7453874538745388,0.8285851664863565,0.6567164179104478,0.5268110316178015,0.752,0.8179044117647059,0.6219512195121951,0.8253012048192772,80,0.6071428571428571,0.6375,250,0.8058823529411765,0.2810102215921036,49
different-sweep-3491,mc51vnul,97567,0.1,VideoPrism,mean,0.9,4,0.19239965565075623,4,AdamW,reduce,8,eye_gaze,256,1024,181,-1,True,False,0.00042150351081221663,no,48,181,1770532780.4645925,0.7380073800738007,0.8284649597307369,0.6358974358974359,0.552054982343723,0.764,0.8036029411764705,0.6335403726708074,0.8284023668639053,80,0.6296296296296297,0.6375,250,0.8235294117647058,0.31973130401938854,48
light-sweep-4356,1egybnk2,39858,0.1,VideoPrism,mean,0.9,5,0.3929999497814852,4,AdamW,step,6,eye_gaze,256,1024,146,-1,True,False,0.00013192787618677109,no,28,146,1770588832.0560722,0.34686346863468637,0.8273229955523501,0.5150684931506849,0.6875949666948776,0.32,0.805735294117647,0.48484848484848486,0.0,80,0.32,1.0,250,0.0,0.5362756752004527,28
good-sweep-290,nfghmlkf,19220,0.1,VideoPrism,mean,0.9,5,0.46207361603018826,4,AdamW,step,5,eye_gaze,256,1024,196,-1,True,False,0.003943633271264047,no,61,196,1770321394.3636374,0.7490774907749077,0.826962375285491,0.6421052631578947,0.5276689219298838,0.776,0.8046323529411765,0.6410256410256411,0.8275862068965517,80,0.6578947368421053,0.625,250,0.8470588235294118,0.2131921032462457,61
lilac-sweep-4012,d45vfoh8,55257,0.1,VideoPrism,mean,0.9,5,0.28220411499555254,4,AdamW,reduce,5,eye_gaze,256,1024,199,-1,True,False,9.93629940301452e-05,no,40,199,1770566254.8351293,0.7416974169741697,0.8267820651520615,0.6929824561403509,0.6365842953379304,0.732,0.8119117647058823,0.6338797814207651,0.8503401360544217,80,0.5631067961165048,0.725,250,0.7352941176470589,0.5135495492906281,40
driven-sweep-3259,w22ivwnc,15897,0.1,VideoPrism,mean,0.9,5,0.15510984706154507,4,AdamW,reduce,6,eye_gaze,256,768,176,-1,True,False,0.00012232654058427786,no,43,176,1770517979.876829,0.7380073800738007,0.8267219617742517,0.6872246696035242,0.6457022593470078,0.72,0.8075735294117646,0.6195652173913043,0.8424657534246576,80,0.5480769230769231,0.7125,250,0.7235294117647059,0.513467983043555,43
fresh-sweep-4005,bf3w127t,83010,0.1,VideoPrism,mean,0.9,4,0.3503357594511717,4,AdamW,step,10,eye_gaze,256,768,189,-1,True,False,0.00013034534427589496,no,31,189,1770565829.321657,0.7453874538745388,0.8265416516408223,0.676056338028169,0.5956229536735703,0.74,0.8083088235294118,0.6285714285714286,0.8387096774193549,80,0.5789473684210527,0.6875,250,0.7647058823529411,0.45697007143136226,31
driven-sweep-5247,hq3ry0n4,26930,0.1,VJEPA2_SSV2,mean,0.9,5,0.44839945051717855,4,AdamW,reduce,8,eye_gaze,256,512,136,-1,True,False,0.002001095657754809,no,44,136,1770646356.306696,0.7732342007434945,0.8258054711246201,0.6514285714285715,0.5122867556752768,0.7246963562753036,0.782934131736527,0.5526315789473685,0.7828571428571428,80,0.5833333333333334,0.525,247,0.8203592814371258,0.21075577863625117,44
jolly-sweep-1440,og85116l,98833,0.1,VideoPrism,mean,0.9,5,0.4056477379160108,4,AdamW,step,7,eye_gaze,256,256,148,-1,True,False,0.0003832268107391714,no,33,148,1770399256.7370868,0.7380073800738007,0.8256401009736748,0.6467661691542289,0.556685430757234,0.76,0.80875,0.6385542168674698,0.8353658536585366,80,0.6162790697674418,0.6625,250,0.8058823529411765,0.3891601320469018,33
sparkling-sweep-3875,4ifc4y7q,91426,0.1,VideoPrism,mean,0.9,5,0.2903797546673045,4,AdamW,reduce,8,eye_gaze,256,1024,164,-1,True,False,0.0010038517432895135,no,33,164,1770557639.7203476,0.7490774907749077,0.82554994590696,0.6344086021505376,0.5237286744082545,0.784,0.8095588235294118,0.64,0.8222222222222222,80,0.6857142857142857,0.6,250,0.8705882352941177,0.24498091340065004,33
restful-sweep-3783,7u4d0wl5,51150,0.1,VideoPrism,mean,0.9,5,0.2294024414450288,4,AdamW,reduce,5,eye_gaze,256,512,123,-1,True,False,0.00021063174016136695,no,34,123,1770551574.9499085,0.7490774907749077,0.8253996874624354,0.6964285714285714,0.6235906611509429,0.732,0.8116176470588236,0.6298342541436464,0.8456375838926175,80,0.5643564356435643,0.7125,250,0.7411764705882353,0.5086918992827637,34
woven-sweep-995,bkopsswx,47439,0.1,VideoPrism,mean,0.9,4,0.2382669938348978,4,AdamW,reduce,9,eye_gaze,256,768,198,-1,True,False,0.0006621222773790821,no,47,198,1770369761.769061,0.7453874538745388,0.8253395840846256,0.6461538461538462,0.5265837135790019,0.788,0.8047794117647058,0.6535947712418301,0.8305084745762712,80,0.684931506849315,0.625,250,0.8647058823529412,0.2892566523768685,47
vocal-sweep-473,qnl10rna,4870,0.1,VideoPrism,mean,0.9,3,0.4203201004759747,4,AdamW,step,9,eye_gaze,256,768,155,-1,True,False,0.00032902870419901343,no,40,155,1770334555.9083724,0.7453874538745388,0.8252794807068157,0.6532663316582915,0.5652352558290826,0.764,0.8073529411764706,0.6380368098159509,0.8323353293413174,80,0.6265060240963856,0.65,250,0.8176470588235294,0.4370981506627015,40
fluent-sweep-660,z2cktu1r,60691,0.1,VideoPrism,mean,0.9,4,0.39281240928542593,4,AdamW,reduce,4,eye_gaze,256,512,194,-1,True,False,0.0015456282505832862,no,34,194,1770347184.3985028,0.7564575645756457,0.8252193773290059,0.65625,0.5565327043023056,0.78,0.8058823529411764,0.6357615894039735,0.8212290502793296,80,0.676056338028169,0.6,250,0.8647058823529412,0.32174588851254393,34
curious-sweep-492,g0txtw4f,70108,0.1,VideoPrism,mean,0.9,5,0.4099250248597096,4,AdamW,reduce,4,eye_gaze,256,768,156,-1,True,False,0.004518146779201237,no,46,156,1770335757.694141,0.7675276752767528,0.8251592739511959,0.6956521739130435,0.5650086891167279,0.772,0.8106985294117647,0.6459627329192547,0.834319526627219,80,0.6419753086419753,0.65,250,0.8294117647058824,0.3850673403402772,46
happy-sweep-4880,ex0vmva8,52458,0.1,VideoPrism,mean,0.9,4,0.4556039366117629,4,AdamW,reduce,5,eye_gaze,256,1024,184,-1,True,False,0.00013691117814817073,no,44,184,1770622772.227901,0.7416974169741697,0.8250390671955764,0.6534653465346535,0.5644170912429416,0.748,0.8080882352941177,0.6181818181818182,0.8242424242424242,80,0.6,0.6375,250,0.8,0.419629769734662,44
lunar-sweep-762,etgqdhvf,52295,0.1,VideoPrism,mean,0.9,5,0.2814186711869716,4,AdamW,reduce,4,eye_gaze,256,1024,159,-1,True,False,0.00016850412368488084,no,33,159,1770354238.0644765,0.7416974169741697,0.8250390671955763,0.6634615384615384,0.6114552599477592,0.76,0.8091911764705882,0.6511627906976745,0.8481012658227848,80,0.6086956521739131,0.7,250,0.788235294117647,0.4904386175401283,33
fearless-sweep-3826,famja1x2,50178,0.1,VideoPrism,mean,0.9,5,0.24579685998095313,4,AdamW,reduce,5,eye_gaze,256,256,50,-1,True,False,0.0007823965055091197,no,15,50,1770554428.4147043,0.7453874538745388,0.8249789638177666,0.6729857819905213,0.5973949878858025,0.736,0.8138970588235295,0.611764705882353,0.825,80,0.5777777777777777,0.65,250,0.7764705882352941,0.4598373137339198,15
lucky-sweep-2352,rimdda98,53707,0.1,VideoPrism,mean,0.9,5,0.381712206385166,4,AdamW,step,7,eye_gaze,256,512,63,-1,True,False,0.002322358612816899,no,20,63,1770458998.069342,0.7601476014760148,0.8246784469287174,0.6733668341708543,0.526684181496666,0.768,0.8188970588235295,0.6463414634146342,0.8373493975903614,80,0.6309523809523809,0.6625,250,0.8176470588235294,0.28070490589045516,20
devoted-sweep-4272,76oaz5z4,76280,0.1,VideoPrism,mean,0.9,5,0.1801531352136033,4,AdamW,reduce,8,eye_gaze,256,1024,145,-1,True,False,0.0005962168883432166,no,36,145,1770583329.6110492,0.7564575645756457,0.8246483952398124,0.6632653061224489,0.5349231116006296,0.76,0.8024264705882352,0.625,0.8235294117647058,80,0.625,0.625,250,0.8235294117647058,0.3198716358102933,36
skilled-sweep-2589,ipm2x9a8,86638,0.1,VideoPrism,mean,0.9,4,0.3742782090622251,4,AdamW,reduce,5,eye_gaze,256,1024,179,-1,True,False,0.0001215428247547445,no,30,179,1770474342.3929777,0.6678966789667896,0.8246183435509076,0.6538461538461539,0.6803487383131611,0.664,0.8093382352941176,0.6216216216216216,0.8981481481481481,80,0.4859154929577465,0.8625,250,0.5705882352941176,0.5631938137189306,30
eager-sweep-1526,9j4nvfxv,49040,0.1,VideoPrism,mean,0.9,5,0.3703519966541009,4,AdamW,reduce,9,eye_gaze,256,768,161,-1,True,False,0.002467708250064718,no,33,161,1770404746.1403146,0.7785977859778598,0.8245882918620027,0.7115384615384616,0.5272398305115225,0.744,0.788970588235294,0.6235294117647059,0.83125,80,0.5888888888888889,0.6625,250,0.7823529411764706,0.22728010385927527,33
astral-sweep-5001,9b3od1a3,4270,0.1,VideoPrism,mean,0.9,4,0.325447400197728,4,AdamW,reduce,5,eye_gaze,256,256,158,-1,True,False,0.0002844440711318504,no,27,158,1770630584.021377,0.7380073800738007,0.824438033417478,0.6728110599078341,0.634722325414749,0.74,0.8102941176470588,0.632768361581921,0.8431372549019608,80,0.5773195876288659,0.7,250,0.7588235294117647,0.49845578357426806,27
magic-sweep-4360,oyc1i8ls,3634,0.1,VideoPrism,mean,0.9,3,0.23591466402528832,4,AdamW,step,9,eye_gaze,256,512,192,-1,True,False,0.00017232733104246314,no,36,192,1770589061.5705357,0.7453874538745388,0.8243779300396683,0.6666666666666666,0.595145103236406,0.752,0.8096323529411764,0.6352941176470588,0.8375,80,0.6,0.675,250,0.788235294117647,0.44818683441239177,36
rich-sweep-1843,n97k7jw5,41989,0.1,VideoPrism,mean,0.9,5,0.2558337914173684,4,AdamW,reduce,8,eye_gaze,256,768,113,-1,True,False,0.003505778500938288,no,34,113,1770425624.2084703,0.7380073800738007,0.8243178266618583,0.6162162162162163,0.546791000559761,0.764,0.8163970588235294,0.609271523178808,0.8100558659217877,80,0.647887323943662,0.575,250,0.8529411764705882,0.2423709407298252,34
sweet-sweep-3810,6xs3wi9c,82446,0.1,VideoPrism,mean,0.9,5,0.12649399133687167,4,AdamW,reduce,6,eye_gaze,256,768,154,-1,True,False,0.00019524520522879967,yes,32,154,1770553379.2999089,0.7564575645756457,0.8240774131506191,0.6944444444444444,0.6057223352119052,0.736,0.8134558823529412,0.6292134831460674,0.8421052631578947,80,0.5714285714285714,0.7,250,0.7529411764705882,0.4923177678175647,32
crimson-sweep-1501,dqv9y6j4,68459,0.1,VideoPrism,mean,0.9,5,0.15537441557173565,4,AdamW,reduce,7,eye_gaze,256,256,157,-1,True,False,0.0004439207868019596,no,37,157,1770403098.017619,0.7490774907749077,0.8240774131506191,0.66,0.5640419728201693,0.756,0.8054411764705882,0.6303030303030303,0.8303030303030303,80,0.611764705882353,0.65,250,0.8058823529411765,0.37184934610068193,37
icy-sweep-1453,er97kau2,88210,0.1,VideoPrism,mean,0.9,5,0.10412690596154892,4,AdamW,reduce,10,eye_gaze,256,768,163,-1,True,False,0.0006180292380462943,no,34,163,1770400106.3409123,0.7343173431734318,0.8239872580839043,0.64,0.5664886412145467,0.748,0.8023529411764706,0.6181818181818182,0.8242424242424242,80,0.6,0.6375,250,0.8,0.3183950516310605,34
morning-sweep-4649,6ca6m0vk,65187,0.1,VideoPrism,mean,0.9,5,0.3944235357016739,4,AdamW,reduce,5,eye_gaze,256,256,162,-1,True,False,0.0006816914095109168,no,37,162,1770607713.125929,0.7416974169741697,0.8237768962615699,0.6391752577319587,0.5441830026267639,0.752,0.8017647058823527,0.6125,0.8176470588235294,80,0.6125,0.6125,250,0.8176470588235294,0.3348635170796905,37
serene-sweep-1496,3oufbpd0,80366,0.1,VideoPrism,mean,0.9,4,0.4290520101515524,4,AdamW,reduce,9,eye_gaze,256,1024,183,-1,True,False,0.00010982928876938344,no,47,183,1770402840.6910682,0.7527675276752768,0.82371679288376,0.6912442396313364,0.6167222525360839,0.736,0.8111029411764705,0.6292134831460674,0.8421052631578947,80,0.5714285714285714,0.7,250,0.7529411764705882,0.5090383983621694,47
autumn-sweep-3462,iuty7m6y,84098,0.1,VideoPrism,mean,0.9,3,0.44731488367580086,4,AdamW,reduce,7,eye_gaze,256,1024,172,-1,True,False,0.006531035856122841,no,38,172,1770530873.9487147,0.7638376383763837,0.8235665344392356,0.6631578947368421,0.5275686994689857,0.764,0.8032720588235294,0.5986394557823129,0.8032786885245902,80,0.6567164179104478,0.55,250,0.8647058823529412,0.26323847355264607,38
fearless-sweep-2007,5iwuh72k,59390,0.1,VideoPrism,mean,0.9,5,0.3555944350812035,4,AdamW,reduce,4,eye_gaze,256,1024,140,-1,True,False,0.00035813860449435743,no,39,140,1770436350.7173193,0.7490774907749077,0.8235364827503306,0.66,0.5400242187440175,0.752,0.8074264705882352,0.6265060240963856,0.8292682926829268,80,0.6046511627906976,0.65,250,0.8,0.35927564483700375,39
silver-sweep-3993,cc2zp1u1,40693,0.1,VideoPrism,mean,0.9,4,0.3187791709017285,4,AdamW,reduce,8,eye_gaze,256,512,181,-1,True,False,0.0015472481630531088,no,37,181,1770565076.5435398,0.7490774907749077,0.8232960692390912,0.6530612244897959,0.517352805146432,0.768,0.8041911764705881,0.6375,0.8294117647058824,80,0.6375,0.6375,250,0.8294117647058824,0.2764592498841912,37
helpful-sweep-3500,94p2m0tb,41058,0.1,VideoPrism,mean,0.9,3,0.2643220746496642,4,AdamW,reduce,4,eye_gaze,256,1024,145,-1,True,False,0.000360220965870035,no,32,145,1770533317.3395813,0.7453874538745388,0.8231758624834716,0.6532663316582915,0.5449005679890678,0.76,0.8051102941176471,0.625,0.8235294117647058,80,0.625,0.625,250,0.8235294117647058,0.36154585143532414,32
celestial-sweep-3445,rkqstba9,20012,0.1,VideoPrism,mean,0.9,3,0.19436970875569665,4,AdamW,reduce,10,eye_gaze,256,512,96,-1,True,False,0.0002606857076762379,no,25,96,1770529798.8616955,0.7416974169741697,0.8228753455944224,0.6666666666666666,0.5877945618875792,0.76,0.8147794117647058,0.6470588235294118,0.84375,80,0.6111111111111112,0.6875,250,0.7941176470588235,0.47680322768712285,25
fallen-sweep-2902,zggaifyh,13580,0.1,VideoPrism,mean,0.9,5,0.3764122570876084,4,AdamW,step,9,eye_gaze,256,1024,184,-1,True,False,8.174572555336962e-05,no,52,184,1770494759.0196202,0.7490774907749077,0.8227551388388028,0.6936936936936937,0.6213466329328249,0.728,0.8150735294117647,0.6222222222222222,0.84,80,0.56,0.7,250,0.7411764705882353,0.5186128735542297,52
clear-sweep-4958,6y2gf79j,64068,0.1,VideoPrism,mean,0.9,4,0.32317849340345217,4,AdamW,reduce,8,eye_gaze,256,1024,181,-1,True,False,0.00012813058099312295,no,39,181,1770627879.4100063,0.7343173431734318,0.822695035460993,0.6697247706422018,0.6211793211553369,0.736,0.8058823529411764,0.6206896551724138,0.8333333333333334,80,0.574468085106383,0.675,250,0.7647058823529411,0.5049247874153985,39
glamorous-sweep-4320,ftyjdb8u,42380,0.1,VideoPrism,mean,0.9,4,0.2802679762336818,4,AdamW,reduce,7,eye_gaze,256,512,174,-1,True,False,0.0014997329123626676,no,42,174,1770586526.6605315,0.7527675276752768,0.8224846736386584,0.6598984771573604,0.5334864384133877,0.768,0.794889705882353,0.6419753086419753,0.8333333333333334,80,0.6341463414634146,0.65,250,0.8235294117647058,0.2345715084461251,42
peachy-sweep-1287,qtfujxsz,54895,0.1,VideoPrism,mean,0.9,5,0.392911892449227,4,AdamW,reduce,10,eye_gaze,256,512,163,-1,True,False,0.0004652838175569311,no,38,163,1770389077.1174078,0.7453874538745388,0.8224546219497535,0.6567164179104478,0.5541744328952803,0.768,0.8028308823529412,0.6463414634146342,0.8373493975903614,80,0.6309523809523809,0.6625,250,0.8176470588235294,0.3667029949751767,38
visionary-sweep-1898,xaqwsej2,95385,0.1,VideoPrism,mean,0.9,3,0.3903460667578277,4,AdamW,reduce,9,eye_gaze,256,768,193,-1,True,False,0.00024348595278534437,no,44,193,1770429157.3687172,0.7490774907749077,0.8224546219497535,0.6666666666666666,0.5618910204440465,0.76,0.8090441176470587,0.6428571428571429,0.8395061728395061,80,0.6136363636363636,0.675,250,0.8,0.3735422313213349,44
misunderstood-sweep-4893,al472z4e,85535,0.1,VideoPrism,mean,0.9,5,0.295840869216509,4,AdamW,reduce,5,eye_gaze,256,1024,107,-1,True,False,0.000479317844176599,no,28,107,1770623582.3585083,0.7490774907749077,0.8221541050607045,0.6565656565656566,0.5533875391931992,0.768,0.8080147058823529,0.6329113924050633,0.8255813953488372,80,0.6410256410256411,0.625,250,0.8352941176470589,0.36908057326018207,28
distinctive-sweep-118,6aov9gcw,8926,0.1,VideoPrism,mean,0.9,4,0.10535956445662303,4,AdamW,step,6,eye_gaze,256,1024,172,-1,True,False,0.00011524217134943228,no,42,172,1770309356.9543874,0.7416974169741697,0.8221541050607044,0.6788990825688074,0.6191084444302914,0.732,0.8154411764705882,0.6298342541436464,0.8456375838926175,80,0.5643564356435643,0.7125,250,0.7411764705882353,0.5160871278155934,42
iconic-sweep-2945,ofblds63,29436,0.1,VideoPrism,mean,0.9,4,0.30722764362090005,4,AdamW,step,7,eye_gaze,256,768,179,-1,True,False,0.00015007591088532968,no,25,179,1770497517.1773703,0.7453874538745388,0.8220940016828946,0.6729857819905213,0.60027786836413,0.74,0.8119117647058823,0.6242774566473989,0.8343949044585988,80,0.5806451612903226,0.675,250,0.7705882352941177,0.47533499700854526,25
dandy-sweep-1136,hbbkfv16,14144,0.1,VideoPrism,mean,0.9,4,0.14226945564361798,4,AdamW,reduce,10,eye_gaze,256,1024,199,-1,True,False,0.000373663241704304,yes,45,199,1770379111.1643977,0.7453874538745388,0.8220940016828945,0.6567164179104478,0.5454851461512576,0.768,0.8023529411764706,0.6419753086419753,0.8333333333333334,80,0.6341463414634146,0.65,250,0.8235294117647058,0.3650878854472227,45
confused-sweep-2719,40txxt8x,85770,0.1,VJEPA2_SSV2,mean,0.9,4,0.4973215169089138,4,AdamW,step,4,finger_tapping,256,256,150,-1,True,False,0.00292573758469508,no,45,150,1770514609.0492887,0.7991452991452992,0.8646816751391913,0.7218934911242604,0.4903940260410309,0.7922705314009661,0.8299278846153846,0.6717557251908397,0.8571428571428571,64,0.6567164179104478,0.6875,207,0.8391608391608392,0.385952581994151,45
jolly-sweep-1318,waimi3p5,62736,0.1,VJEPA2_SSV2,mean,0.9,5,0.30628493573708726,4,AdamW,reduce,8,finger_tapping,256,768,119,-1,True,False,0.0004429797416497296,no,44,119,1770405311.8776386,0.7948717948717948,0.8617768094892277,0.68,0.4891032874584198,0.8067632850241546,0.8413461538461537,0.6491228070175439,0.8280254777070064,64,0.74,0.578125,207,0.9090909090909092,0.4353066877472536,44
neat-sweep-3280,xe9nmw0a,29744,0.1,VJEPA2_SSV2,mean,0.9,5,0.15826611981358363,4,AdamW,reduce,9,finger_tapping,256,768,106,-1,True,False,5.963725231273621e-05,no,59,106,1770558931.703267,0.7777777777777778,0.8616154280642299,0.6438356164383562,0.5573218464851379,0.8115942028985508,0.8413461538461537,0.6486486486486487,0.825,64,0.7659574468085106,0.5625,207,0.9230769230769232,0.5640229316159624,59
apricot-sweep-2996,8ufaozla,77024,0.1,VJEPA2_SSV2,mean,0.9,5,0.3937693510776812,4,AdamW,reduce,7,finger_tapping,256,1024,136,-1,True,False,0.0010828560692161412,no,55,136,1770536612.2437975,0.782051282051282,0.8616154280642297,0.6792452830188679,0.5046347975730896,0.7922705314009661,0.8241368006993007,0.6614173228346457,0.8472222222222222,64,0.6666666666666666,0.65625,207,0.8531468531468531,0.32853439923623395,55
neat-sweep-2701,te3e0zhz,64225,0.1,VJEPA2_SSV2,mean,0.9,5,0.47108210836253905,4,AdamW,reduce,10,finger_tapping,256,256,112,-1,True,False,0.0025561375450605783,no,57,112,1770513212.788576,0.7991452991452992,0.8610909384329863,0.7116564417177914,0.5198443531990051,0.7777777777777778,0.8196022727272727,0.640625,0.8391608391608392,64,0.640625,0.640625,207,0.8391608391608392,0.4124251275626728,57
apricot-sweep-3710,sm3f7unt,21613,0.1,VJEPA2_SSV2,mean,0.9,3,0.34139482858946646,4,AdamW,reduce,5,finger_tapping,256,512,144,-1,True,False,6.563547323408483e-05,no,58,144,1770592915.3758118,0.782051282051282,0.8608892116517388,0.6666666666666666,0.5398013591766357,0.8260869565217391,0.8424388111888111,0.7,0.8543046357615894,64,0.75,0.65625,207,0.902097902097902,0.5235094646387394,58
stilted-sweep-4302,pl8utzsa,21300,0.1,VJEPA2_SSV2,mean,0.9,5,0.14812893378641406,4,AdamW,reduce,10,finger_tapping,256,768,98,-1,True,False,0.0016327387437316682,no,49,98,1770638947.900427,0.782051282051282,0.8600016138142499,0.6622516556291391,0.4838131964206696,0.8115942028985508,0.8291083916083917,0.6722689075630253,0.8421052631578947,64,0.7272727272727273,0.625,207,0.8951048951048951,0.32743997874290864,49
royal-sweep-2363,bmvvndfw,18934,0.1,VJEPA2_SSV2,mean,0.9,5,0.4561791648108148,4,AdamW,reduce,10,finger_tapping,256,768,125,-1,True,False,0.0002465125774057447,yes,43,125,1770487428.219699,0.7905982905982906,0.8598402323892519,0.6838709677419355,0.49713167548179626,0.821256038647343,0.8441870629370628,0.6942148760330579,0.8533333333333334,64,0.7368421052631579,0.65625,207,0.8951048951048951,0.4438574644019963,43
atomic-sweep-2084,e63idt54,18378,0.1,VJEPA2_SSV2,mean,0.9,4,0.2295099320793055,4,AdamW,step,10,finger_tapping,256,768,149,-1,True,False,5.3385706982843854e-05,no,59,149,1770465072.22387,0.6538461538461539,0.859517469539256,0.0,0.560944139957428,0.6908212560386473,0.8469187062937064,0.0,0.6908212560386473,64,0.0,0.0,207,1.0,0.5839826718721436,59
wandering-sweep-713,qerrgpu5,73830,0.1,VJEPA2_SSV2,mean,0.9,4,0.1058468566682384,4,AdamW,reduce,4,finger_tapping,256,1024,154,-1,True,False,6.302173831098173e-05,yes,59,154,1770358429.395241,0.7649572649572649,0.8593964334705075,0.60431654676259,0.535908579826355,0.7971014492753623,0.8410183566433567,0.5882352941176471,0.7988165680473372,64,0.7894736842105263,0.46875,207,0.944055944055944,0.5341357482503647,59
cosmic-sweep-1102,kmlfu667,50382,0.1,VJEPA2_SSV2,mean,0.9,3,0.11040417271216706,4,AdamW,reduce,10,finger_tapping,256,1024,135,-1,True,False,4.2037903875377754e-05,no,66,135,1770388666.3606572,0.7692307692307693,0.8587912531267652,0.6351351351351351,0.5307989716529846,0.8115942028985508,0.8403627622377622,0.6422018348623854,0.8209876543209876,64,0.7777777777777778,0.546875,207,0.93006993006993,0.536385722639495,66
worthy-sweep-1569,q0sv76en,23277,0.1,VJEPA2_SSV2,mean,0.9,3,0.13448573206628983,4,AdamW,reduce,8,finger_tapping,256,1024,158,-1,True,False,4.278046282978049e-05,no,77,158,1770425015.3881648,0.7735042735042735,0.8587105624142661,0.6490066225165563,0.5614851117134094,0.8260869565217391,0.8449519230769231,0.6949152542372882,0.8496732026143791,64,0.7592592592592593,0.640625,207,0.9090909090909092,0.5444588880484842,77
lyric-sweep-686,pqzpspo8,43259,0.1,VJEPA2_SSV2,mean,0.9,5,0.3190368138041887,4,AdamW,reduce,4,finger_tapping,256,512,88,-1,True,False,0.00011099855034445258,no,50,88,1770356271.9145644,0.7905982905982906,0.8584684902767691,0.6878980891719745,0.5230094194412231,0.8309178743961353,0.8417832167832168,0.7107438016528925,0.86,64,0.7543859649122807,0.671875,207,0.902097902097902,0.4994380928129199,50
feasible-sweep-3950,5mogc3zg,7726,0.1,VJEPA2_SSV2,mean,0.9,5,0.44525548840332096,4,AdamW,step,4,finger_tapping,256,768,53,-1,True,False,0.00041737957624297066,no,43,53,1770611185.1235633,0.7777777777777778,0.8583877995642701,0.6578947368421053,0.5071306824684143,0.8164251207729468,0.8399256993006992,0.6779661016949152,0.8431372549019608,64,0.7407407407407407,0.625,207,0.902097902097902,0.48195966918812383,43
magic-sweep-2359,l1oc1grm,91781,0.1,VJEPA2_SSV2,mean,0.9,3,0.20176187554241967,4,AdamW,step,7,finger_tapping,256,1024,78,-1,True,False,0.00013137022497252348,no,47,78,1770487084.2649865,0.6538461538461539,0.8582264181392721,0.0,0.5369011759757996,0.6908212560386473,0.8392701048951048,0.0,0.6908212560386473,64,0.0,0.0,207,1.0,0.5529749216677884,47
clear-sweep-752,rsfobjig,8074,0.1,VJEPA2_SSV2,mean,0.9,5,0.3160970089712336,4,AdamW,reduce,9,finger_tapping,256,256,151,-1,True,False,0.0010161007411091786,no,60,151,1770361555.909588,0.7863247863247863,0.8580246913580246,0.7126436781609196,0.5591838955879211,0.8164251207729468,0.8304742132867133,0.6885245901639344,0.8523489932885906,64,0.7241379310344828,0.65625,207,0.8881118881118881,0.5283586022533127,60
upbeat-sweep-1430,d2skncrx,86649,0.1,VJEPA2_SSV2,mean,0.9,5,0.30964417087793167,4,AdamW,reduce,5,finger_tapping,256,1024,154,-1,True,False,0.00011173432264539257,no,75,154,1770414391.4177756,0.7136752136752137,0.8579036552892761,0.33663366336633666,0.5201883912086487,0.7342995169082126,0.8434222027972028,0.26666666666666666,0.7244897959183674,64,0.9090909090909092,0.15625,207,0.993006993006993,0.5225367159665694,75
light-sweep-4049,g25jfu8i,11237,0.1,VJEPA2_SSV2,mean,0.9,5,0.20337404715623464,4,AdamW,reduce,8,finger_tapping,256,512,61,-1,True,False,0.0003086837365635442,no,36,61,1770619083.2439346,0.7991452991452992,0.8576615831517792,0.6967741935483871,0.4991569519042969,0.821256038647343,0.838395979020979,0.6942148760330579,0.8533333333333334,64,0.7368421052631579,0.65625,207,0.8951048951048951,0.4490619598853144,36
firm-sweep-4174,3jj9xy2v,8129,0.1,VJEPA2_SSV2,mean,0.9,4,0.26509089974384403,4,AdamW,step,8,finger_tapping,256,768,72,-1,True,False,0.00010300774576883162,no,41,72,1770628330.1574683,0.7948717948717948,0.8575002017267812,0.7,0.5228639245033264,0.8357487922705314,0.8401442307692308,0.7213114754098361,0.8657718120805369,64,0.7586206896551724,0.6875,207,0.902097902097902,0.504604822909233,41
generous-sweep-923,y2l4eo18,35284,0.1,VJEPA2_SSV2,mean,0.9,3,0.28238300783383374,4,AdamW,reduce,7,finger_tapping,256,768,144,-1,True,False,9.481401166045548e-05,no,68,144,1770374974.6850083,0.7777777777777778,0.8574195110142823,0.6533333333333333,0.5224159359931946,0.8309178743961353,0.8452797202797203,0.7058823529411765,0.8552631578947368,64,0.7636363636363637,0.65625,207,0.9090909090909092,0.4937003741291393,68
quiet-sweep-2450,8myzut69,46808,0.1,VJEPA2_SSV2,mean,0.9,5,0.3554077150028573,4,AdamW,reduce,9,finger_tapping,256,1024,126,-1,True,False,4.9287803927170186e-05,no,53,126,1770493994.874222,0.782051282051282,0.8572177842330347,0.6709677419354839,0.5461170077323914,0.8309178743961353,0.840472027972028,0.7107438016528925,0.86,64,0.7543859649122807,0.671875,207,0.902097902097902,0.5252746131083954,53
wandering-sweep-2530,69hisvxx,32208,0.1,VJEPA2_SSV2,mean,0.9,3,0.33925170243184916,4,AdamW,reduce,8,finger_tapping,256,1024,111,-1,True,False,8.771422106607569e-05,no,58,111,1770499954.1338136,0.7863247863247863,0.8571774388767852,0.6666666666666666,0.5517818927764893,0.8309178743961353,0.84375,0.7008547008547008,0.8506493506493507,64,0.7735849056603774,0.640625,207,0.916083916083916,0.5190486671762297,58
rosy-sweep-1145,i3bd47d9,35156,0.1,VJEPA2_SSV2,mean,0.9,5,0.36667182963375267,4,AdamW,reduce,8,finger_tapping,256,768,93,-1,True,False,6.984049117972859e-05,no,52,93,1770392049.2957814,0.7777777777777778,0.8570160574517872,0.6623376623376623,0.5518772006034851,0.8309178743961353,0.8460445804195804,0.7008547008547008,0.8506493506493507,64,0.7735849056603774,0.640625,207,0.916083916083916,0.5482518887403912,52
neat-sweep-695,q00mhqfa,49900,0.1,VJEPA2_SSV2,mean,0.9,4,0.19546194394515737,4,AdamW,reduce,5,finger_tapping,256,768,154,-1,True,False,6.50029150468058e-05,no,59,154,1770357052.4898973,0.782051282051282,0.8568546760267893,0.6622516556291391,0.5384060740470886,0.8260869565217391,0.8482298951048951,0.7,0.8543046357615894,64,0.75,0.65625,207,0.902097902097902,0.5050453167873611,59
lunar-sweep-306,dcmtlize,92249,0.1,VJEPA2_SSV2,mean,0.9,4,0.30751652971334914,4,AdamW,step,10,finger_tapping,256,512,84,-1,True,False,8.601864252012099e-05,no,52,84,1770326331.0187445,0.7863247863247863,0.8567739853142904,0.6527777777777778,0.5880954265594482,0.8019323671497585,0.8391608391608393,0.6095238095238096,0.8072289156626506,64,0.7804878048780488,0.5,207,0.9370629370629372,0.6023916918995701,52
eager-sweep-3734,cdceqbwx,36411,0.1,VJEPA2_SSV2,mean,0.9,5,0.1943570337137949,4,AdamW,reduce,8,finger_tapping,256,1024,57,-1,True,False,0.00019059224799158967,no,33,57,1770594699.8786497,0.782051282051282,0.8567739853142904,0.6622516556291391,0.5418716073036194,0.8019323671497585,0.8464816433566433,0.6371681415929203,0.8227848101265823,64,0.7346938775510204,0.5625,207,0.9090909090909092,0.5355902128706489,33
fanciful-sweep-74,3k2fgl3i,49328,0.1,VJEPA2_SSV2,mean,0.9,5,0.2295664683340612,4,AdamW,reduce,7,finger_tapping,256,512,162,-1,True,False,5.052243886600433e-05,no,73,162,1770307665.03099,0.7863247863247863,0.8567739853142903,0.6753246753246753,0.5375507473945618,0.8115942028985508,0.8379589160839161,0.6666666666666666,0.8376623376623377,64,0.7358490566037735,0.609375,207,0.902097902097902,0.5227011790924753,73
helpful-sweep-3956,nx23h385,706,0.1,VJEPA2_SSV2,mean,0.9,3,0.4124798554408058,4,AdamW,reduce,5,finger_tapping,256,768,174,-1,True,False,4.154313479871644e-05,no,79,174,1770611738.570356,0.782051282051282,0.8567739853142903,0.6666666666666666,0.552554726600647,0.8309178743961353,0.8391608391608392,0.7058823529411765,0.8552631578947368,64,0.7636363636363637,0.65625,207,0.9090909090909092,0.5323964987233933,79
frosty-sweep-1606,v0oww9j8,38625,0.1,VJEPA2_SSV2,mean,0.9,5,0.11891026103464496,4,AdamW,reduce,5,finger_tapping,256,1024,198,-1,True,False,2.9563577479041956e-05,no,81,198,1770427768.756026,0.7735042735042735,0.8566126038892924,0.6442953020134228,0.5594950914382935,0.8115942028985508,0.8418924825174825,0.6486486486486487,0.825,64,0.7659574468085106,0.5625,207,0.9230769230769232,0.5585691798448176,81
polar-sweep-875,dolscgho,56351,0.1,VJEPA2_SSV2,mean,0.9,5,0.4150558125419771,4,AdamW,reduce,8,finger_tapping,256,768,170,-1,True,False,3.965370546959335e-05,no,66,170,1770371180.5645947,0.782051282051282,0.8566126038892924,0.6666666666666666,0.5069919228553772,0.8260869565217391,0.8456075174825175,0.7,0.8543046357615894,64,0.75,0.65625,207,0.902097902097902,0.4744710374013725,66
northern-sweep-212,8kvk8nhs,3802,0.1,VJEPA2_SSV2,mean,0.9,4,0.28661557335096544,4,AdamW,step,9,finger_tapping,256,768,109,-1,True,False,9.372921080468204e-05,no,57,109,1770318645.8817303,0.7863247863247863,0.8566126038892923,0.6666666666666666,0.5274199843406677,0.8260869565217391,0.8473557692307692,0.6896551724137931,0.8451612903225807,64,0.7692307692307693,0.625,207,0.916083916083916,0.5078824911163924,57
honest-sweep-2610,euahk2go,85877,0.1,VJEPA2_SSV2,mean,0.9,4,0.16383519919313808,4,AdamW,reduce,9,finger_tapping,256,256,78,-1,True,False,0.0007658077428646852,no,49,78,1770505927.735609,0.7948717948717948,0.8566126038892923,0.6962025316455697,0.47549402713775635,0.8115942028985508,0.8344624125874126,0.6829268292682927,0.8513513513513513,64,0.711864406779661,0.65625,207,0.8811188811188811,0.366503355472169,49
classic-sweep-2796,s3n03g4a,22902,0.1,VJEPA2_SSV2,mean,0.9,3,0.1940997031109118,4,AdamW,reduce,6,finger_tapping,256,768,111,-1,True,False,7.675131304369929e-05,no,57,111,1770520749.6096838,0.7564102564102564,0.8564512224642944,0.5714285714285714,0.5385509133338928,0.7971014492753623,0.8436407342657344,0.5625,0.7885714285714286,64,0.84375,0.421875,207,0.965034965034965,0.54685388826667,57
upbeat-sweep-3588,txcu5yuw,89315,0.1,VJEPA2_SSV2,mean,0.9,3,0.3463207752096955,4,AdamW,reduce,10,finger_tapping,256,512,49,-1,True,False,0.000177989696967816,no,37,49,1770583098.4463606,0.7863247863247863,0.8563705317517953,0.6875,0.5339944958686829,0.8357487922705314,0.8358828671328671,0.7213114754098361,0.8657718120805369,64,0.7586206896551724,0.6875,207,0.902097902097902,0.5061085225117651,37
comic-sweep-1077,4957qqju,25493,0.1,VJEPA2_SSV2,mean,0.9,3,0.3695711287902421,4,AdamW,reduce,8,finger_tapping,256,1024,163,-1,True,False,6.079125227837479e-05,no,69,163,1770386516.6029718,0.7777777777777778,0.8563705317517953,0.6623376623376623,0.5252881050109863,0.8309178743961353,0.8435314685314685,0.7107438016528925,0.86,64,0.7543859649122807,0.671875,207,0.902097902097902,0.4973695634636346,69
toasty-sweep-518,a2hkdm13,66662,0.1,VJEPA2_SSV2,mean,0.9,5,0.34364822302379894,4,AdamW,reduce,9,finger_tapping,256,768,78,-1,True,False,0.00013911204596119448,no,52,78,1770342841.475716,0.782051282051282,0.8561284596142984,0.6577181208053692,0.5378094911575317,0.8019323671497585,0.8445148601398601,0.6434782608695652,0.8269230769230769,64,0.7254901960784313,0.578125,207,0.902097902097902,0.5092134203767854,52
tough-sweep-497,mw9ftsh1,85926,0.1,VJEPA2_SSV2,mean,0.9,3,0.28348885550025793,4,AdamW,reduce,10,finger_tapping,256,1024,114,-1,True,False,0.000355565867619913,no,55,114,1770341261.511948,0.782051282051282,0.8561284596142984,0.6871165644171779,0.5126529932022095,0.821256038647343,0.8454982517482518,0.704,0.863013698630137,64,0.7213114754098361,0.6875,207,0.8811188811188811,0.4727575945603017,55
magic-sweep-1196,lq1gt7zi,66694,0.1,VJEPA2_SSV2,mean,0.9,5,0.22844443312011797,4,AdamW,reduce,10,finger_tapping,256,512,57,-1,True,False,0.000554730347215454,no,39,57,1770395876.6963394,0.7948717948717948,0.8560477689017995,0.7,0.5145987868309021,0.8019323671497585,0.8406905594405595,0.6554621848739496,0.8355263157894737,64,0.7090909090909091,0.609375,207,0.8881118881118881,0.436523275784967,39
chocolate-sweep-501,n7dh7hom,4127,0.1,VJEPA2_SSV2,mean,0.9,5,0.4237843346741025,4,AdamW,reduce,10,finger_tapping,256,256,72,-1,True,False,0.00034731138157225144,no,44,72,1770341563.2093976,0.7991452991452992,0.8560477689017993,0.6967741935483871,0.4934425950050354,0.821256038647343,0.8394886363636364,0.6991869918699187,0.8581081081081081,64,0.7288135593220338,0.671875,207,0.8881118881118881,0.4495523643938031,44
peach-sweep-2877,yvisk0ix,29291,0.1,VJEPA2_SSV2,mean,0.9,5,0.11367888449482236,4,AdamW,reduce,4,finger_tapping,256,768,135,-1,True,False,3.800889383150719e-05,no,57,135,1770527029.712288,0.7735042735042735,0.8559670781893004,0.6394557823129252,0.54461669921875,0.8164251207729468,0.8362106643356643,0.6607142857142857,0.8301886792452831,64,0.7708333333333334,0.578125,207,0.9230769230769232,0.5569386286132726,57
devout-sweep-3434,mwjrfe6x,60364,0.1,VJEPA2_SSV2,mean,0.9,5,0.4558357472111242,4,AdamW,reduce,10,finger_tapping,256,1024,200,-1,True,False,3.2775539320740076e-05,no,76,200,1770571078.860237,0.7735042735042735,0.8559670781893004,0.6580645161290323,0.5732478499412537,0.8260869565217391,0.8371940559440559,0.7,0.8543046357615894,64,0.75,0.65625,207,0.902097902097902,0.5547711058026195,76
atomic-sweep-2807,975gjfn2,71726,0.1,VJEPA2_SSV2,mean,0.9,5,0.2714189521964228,4,AdamW,reduce,7,finger_tapping,256,512,166,-1,True,False,0.00011629146646418324,no,74,166,1770521510.3922188,0.7991452991452992,0.8558056967643024,0.6887417218543046,0.50883948802948,0.8309178743961353,0.842548076923077,0.7058823529411765,0.8552631578947368,64,0.7636363636363637,0.65625,207,0.9090909090909092,0.4698746196164884,74
winter-sweep-2219,ojer41tw,66003,0.1,VJEPA2_SSV2,mean,0.9,3,0.39862961525239093,4,AdamW,reduce,5,finger_tapping,256,768,155,-1,True,False,8.461173385595973e-05,no,65,155,1770475904.1778116,0.7649572649572649,0.8558056967643023,0.6206896551724138,0.5740140080451965,0.8115942028985508,0.8516171328671329,0.6486486486486487,0.825,64,0.7659574468085106,0.5625,207,0.9230769230769232,0.5472465447320737,65
celestial-sweep-3626,ekmysgic,1219,0.1,VJEPA2_SSV2,mean,0.9,4,0.3890466722462877,4,AdamW,reduce,6,finger_tapping,256,1024,150,-1,True,False,0.0002212005260038403,no,70,150,1770585999.9962518,0.7777777777777778,0.8556443153393044,0.6708860759493671,0.5124984979629517,0.8309178743961353,0.8420017482517482,0.7154471544715447,0.8648648648648649,64,0.7457627118644068,0.6875,207,0.8951048951048951,0.4566318282142064,70
skilled-sweep-4430,a2607a2h,68635,0.1,VJEPA2_SSV2,mean,0.9,5,0.34532293279953197,4,AdamW,reduce,7,finger_tapping,256,1024,116,-1,True,False,9.015352417348102e-05,no,61,116,1770648891.1916492,0.7777777777777778,0.8555636246268055,0.6486486486486487,0.516485869884491,0.8309178743961353,0.8477928321678322,0.7008547008547008,0.8506493506493507,64,0.7735849056603774,0.640625,207,0.916083916083916,0.4953131614859719,61
upbeat-sweep-3371,2aocnesk,20626,0.1,VJEPA2_SSV2,mean,0.9,5,0.2490760174392603,4,AdamW,reduce,6,finger_tapping,256,1024,154,-1,True,False,8.93351126364218e-05,no,63,154,1770565989.1624303,0.7094017094017094,0.8555636246268055,0.32,0.5502674579620361,0.7439613526570048,0.8473557692307692,0.3116883116883117,0.7319587628865979,64,0.9230769230769232,0.1875,207,0.993006993006993,0.5429441691217778,63
gentle-sweep-3166,4w63nmy9,13001,0.1,VJEPA2_SSV2,mean,0.9,4,0.3964650602770311,4,AdamW,reduce,8,finger_tapping,256,1024,97,-1,True,False,0.00013356521609705704,no,45,97,1770550027.2388828,0.7606837606837606,0.8555636246268055,0.6056338028169014,0.5389660000801086,0.8067632850241546,0.8511800699300699,0.6363636363636364,0.8198757763975155,64,0.7608695652173914,0.546875,207,0.9230769230769232,0.5103418185606575,45
efficient-sweep-2439,m5opz0i3,90035,0.1,VJEPA2_SSV2,mean,0.9,5,0.3628670863117752,4,AdamW,reduce,8,finger_tapping,256,768,81,-1,True,False,0.0002771247436343874,no,47,81,1770493144.6371143,0.782051282051282,0.8555636246268054,0.6871165644171779,0.5159959197044373,0.8260869565217391,0.8426573426573427,0.7096774193548387,0.8639455782312925,64,0.7333333333333333,0.6875,207,0.8881118881118881,0.46743643018183095,47
charmed-sweep-2190,osh4u40t,53724,0.1,VJEPA2_SSV2,mean,0.9,4,0.3049020976399692,4,AdamW,reduce,8,finger_tapping,256,512,196,-1,True,False,5.033271599321857e-05,no,76,196,1770473766.6319993,0.7777777777777778,0.8554829339143064,0.6533333333333333,0.5427352786064148,0.8260869565217391,0.8469187062937062,0.6949152542372882,0.8496732026143791,64,0.7592592592592593,0.640625,207,0.9090909090909092,0.5183242733320116,76
firm-sweep-1772,uin685qa,86833,0.1,VJEPA2_SSV2,mean,0.9,5,0.26269006538805,4,AdamW,reduce,7,finger_tapping,256,1024,142,-1,True,False,6.6476673750603e-05,yes,64,142,1770440796.7683592,0.7863247863247863,0.8554022432018075,0.6666666666666666,0.528351366519928,0.8260869565217391,0.8444055944055945,0.7,0.8543046357615894,64,0.75,0.65625,207,0.902097902097902,0.4921827921991024,64
faithful-sweep-2173,0odwttka,8980,0.1,VJEPA2_SSV2,mean,0.9,4,0.18122616803064237,4,AdamW,reduce,3,finger_tapping,256,768,85,-1,True,False,9.76011706550436e-05,no,43,85,1770472476.3105495,0.7777777777777778,0.8554022432018075,0.6438356164383562,0.5372930765151978,0.8067632850241546,0.8387237762237763,0.6296296296296297,0.8159509202453987,64,0.7727272727272727,0.53125,207,0.93006993006993,0.5257857890144546,43
devout-sweep-425,57bvosr2,55251,0.1,VJEPA2_SSV2,mean,0.9,4,0.40380529095612094,4,AdamW,reduce,6,finger_tapping,256,512,100,-1,True,False,0.00011365249028848844,no,49,100,1770335333.8176692,0.782051282051282,0.8554022432018074,0.6622516556291391,0.5479360818862915,0.821256038647343,0.84375,0.6890756302521008,0.8486842105263158,64,0.7454545454545455,0.640625,207,0.902097902097902,0.5109611088877946,49
bright-sweep-583,fv3b03zz,58098,0.1,VJEPA2_SSV2,mean,0.9,5,0.4063745462859788,4,AdamW,reduce,10,finger_tapping,256,256,99,-1,True,False,0.00011454264531194163,no,50,99,1770348178.3253732,0.7692307692307693,0.8552408617768095,0.625,0.5532909035682678,0.8067632850241546,0.8338068181818182,0.6078431372549019,0.8047337278106509,64,0.8157894736842105,0.484375,207,0.951048951048951,0.5708046050280381,50
dazzling-sweep-73,gh5yphgt,32073,0.1,VJEPA2_SSV2,mean,0.9,5,0.2645084096527357,4,AdamW,reduce,10,finger_tapping,256,512,91,-1,True,False,0.00016800472285076178,no,51,91,1770307581.2630007,0.7863247863247863,0.8552408617768095,0.6753246753246753,0.5217284560203552,0.8260869565217391,0.8424388111888113,0.7,0.8543046357615894,64,0.75,0.65625,207,0.902097902097902,0.4734129896523307,51
peachy-sweep-4225,y85nv7z8,7998,0.1,VJEPA2_SSV2,mean,0.9,4,0.3641885407315051,4,AdamW,reduce,8,finger_tapping,256,512,133,-1,True,False,6.496803484025185e-05,no,62,133,1770632743.9779382,0.7350427350427351,0.8552408617768095,0.45614035087719296,0.6192064881324768,0.7584541062801933,0.842111013986014,0.3902439024390244,0.746031746031746,64,0.8888888888888888,0.25,207,0.986013986013986,0.629560659538405,62
lively-sweep-420,3u0rpm1o,32748,0.1,VJEPA2_SSV2,mean,0.9,5,0.22414502702234587,4,AdamW,reduce,5,finger_tapping,256,512,61,-1,True,False,0.0001814179159674584,no,46,61,1770334977.8051534,0.782051282051282,0.8552408617768095,0.6530612244897959,0.5250787734985352,0.8019323671497585,0.8327141608391607,0.616822429906542,0.8109756097560976,64,0.7674418604651163,0.515625,207,0.93006993006993,0.5368495973814249,46
iconic-sweep-311,50x1e33c,58246,0.1,VJEPA2_SSV2,mean,0.9,5,0.24524069821863517,4,AdamW,reduce,9,finger_tapping,256,512,51,-1,True,False,0.0004041294001228912,yes,43,51,1770326671.550354,0.7735042735042735,0.8551601710643104,0.6666666666666666,0.519483745098114,0.8309178743961353,0.8411276223776224,0.72,0.8698630136986302,64,0.7377049180327869,0.703125,207,0.8881118881118881,0.45347448579689287,43
blooming-sweep-3924,gtfr458l,49406,0.1,VJEPA2_SSV2,mean,0.9,5,0.3004774847175764,4,AdamW,reduce,5,finger_tapping,256,256,70,-1,True,False,0.001177146570162733,no,40,70,1770609202.1912663,0.7948717948717948,0.8550794803518115,0.6962025316455697,0.4799346625804901,0.7971014492753623,0.8341346153846153,0.6612903225806451,0.8435374149659864,64,0.6833333333333333,0.640625,207,0.8671328671328671,0.30771514058499516,40
lively-sweep-3816,9r6p6wth,30662,0.1,VJEPA2_SSV2,mean,0.9,3,0.25567849231021955,4,AdamW,reduce,6,finger_tapping,256,768,104,-1,True,False,0.0005244654093766274,no,58,104,1770601183.7960374,0.7948717948717948,0.8550794803518115,0.6883116883116883,0.4996788203716278,0.8067632850241546,0.8375218531468532,0.6610169491525424,0.8366013071895425,64,0.7222222222222222,0.609375,207,0.8951048951048951,0.41103815829541346,58
fancy-sweep-4151,kxouhv7d,32074,0.1,VJEPA2_SSV2,mean,0.9,5,0.1890868984430051,4,AdamW,reduce,8,finger_tapping,256,512,184,-1,True,False,3.856653623747157e-05,no,73,184,1770626601.4833193,0.782051282051282,0.8550794803518115,0.6751592356687898,0.5439699292182922,0.8309178743961353,0.8376311188811189,0.7154471544715447,0.8648648648648649,64,0.7457627118644068,0.6875,207,0.8951048951048951,0.5316377393237196,73
earnest-sweep-4348,5jugffrv,11983,0.1,VJEPA2_SSV2,mean,0.9,5,0.46868995183591144,4,AdamW,step,8,finger_tapping,256,1024,159,-1,True,False,0.0006248291155456635,no,69,159,1770642711.844273,0.7649572649572649,0.8549987896393125,0.6357615894039735,0.4680041074752808,0.8067632850241546,0.8358828671328671,0.6666666666666666,0.8410596026490066,64,0.7142857142857143,0.625,207,0.8881118881118881,0.3341246866522964,69
pretty-sweep-2305,r3ip7zsz,52607,0.1,VJEPA2_SSV2,mean,0.9,3,0.3046475060994527,4,AdamW,step,9,finger_tapping,256,768,179,-1,True,False,4.228018254035879e-05,no,65,179,1770482802.1679213,0.7649572649572649,0.8549987896393124,0.6153846153846154,0.5234949588775635,0.7971014492753623,0.8422202797202797,0.6037735849056604,0.806060606060606,64,0.7619047619047619,0.5,207,0.93006993006993,0.5235209061222292,65
desert-sweep-992,lseqjgqt,17680,0.1,VJEPA2_SSV2,mean,0.9,4,0.46217084135216346,4,AdamW,reduce,3,finger_tapping,256,1024,171,-1,True,False,6.565477825712722e-05,no,67,171,1770380025.6728935,0.8034188034188035,0.8549180989268136,0.7160493827160493,0.5291378498077393,0.8309178743961353,0.8407998251748252,0.7107438016528925,0.86,64,0.7543859649122807,0.671875,207,0.902097902097902,0.4968473530665789,67
stilted-sweep-1293,3pnrg0ex,23523,0.1,VJEPA2_SSV2,mean,0.9,4,0.2649355351131152,4,AdamW,reduce,7,finger_tapping,256,768,174,-1,True,False,0.00011746316254570336,no,68,174,1770403347.3047783,0.7393162393162394,0.8549180989268135,0.5271317829457365,0.503197431564331,0.7729468599033816,0.8399256993006993,0.5154639175257731,0.7758620689655172,64,0.7575757575757576,0.390625,207,0.944055944055944,0.4833197038699201,68
bumbling-sweep-4218,7213xc3d,60161,0.1,VJEPA2_SSV2,mean,0.9,3,0.45117575593208115,4,AdamW,reduce,7,finger_tapping,256,768,126,-1,True,False,3.935193390800992e-05,no,65,126,1770632122.5116336,0.7735042735042735,0.8547567175018155,0.6580645161290323,0.5517022013664246,0.821256038647343,0.8341346153846154,0.6942148760330579,0.8533333333333334,64,0.7368421052631579,0.65625,207,0.8951048951048951,0.5508425910043948,65
atomic-sweep-1712,pxhncoz0,55986,0.1,VJEPA2_SSV2,mean,0.9,4,0.10756604881981274,4,AdamW,reduce,7,finger_tapping,256,256,80,-1,True,False,0.0019448945050628537,no,48,80,1770435817.3014605,0.7735042735042735,0.8546760267893165,0.6971428571428572,0.5361047387123108,0.8067632850241546,0.8298732517482514,0.6923076923076923,0.8652482269503546,64,0.6818181818181818,0.703125,207,0.8531468531468531,0.39406459427150375,48
robust-sweep-2435,rhq57xzp,6557,0.1,VJEPA2_SSV2,mean,0.9,3,0.4317415330752822,4,AdamW,reduce,4,finger_tapping,256,768,138,-1,True,False,4.551433293520721e-05,no,56,138,1770492856.7656407,0.782051282051282,0.8546760267893165,0.6709677419354839,0.585709273815155,0.821256038647343,0.8435314685314685,0.6890756302521008,0.8486842105263158,64,0.7454545454545455,0.640625,207,0.902097902097902,0.5798908343577888,56
stoic-sweep-2538,ye82y1fj,86706,0.1,VJEPA2_SSV2,mean,0.9,4,0.4715303273456356,4,AdamW,reduce,4,finger_tapping,256,512,187,-1,True,False,7.500458357144704e-05,no,54,187,1770500520.3345249,0.7649572649572649,0.8546760267893165,0.6099290780141844,0.5123515129089355,0.7971014492753623,0.8430944055944055,0.6037735849056604,0.806060606060606,64,0.7619047619047619,0.5,207,0.93006993006993,0.48890488697412143,54
bright-sweep-4451,ex7bupld,18477,0.1,VJEPA2_SSV2,mean,0.9,4,0.3255451776273043,4,AdamW,reduce,8,finger_tapping,256,768,186,-1,True,False,5.408795154134533e-05,no,72,186,1770650696.9307408,0.7649572649572649,0.8546760267893165,0.6153846153846154,0.5260675549507141,0.8019323671497585,0.8481206293706294,0.6095238095238096,0.8072289156626506,64,0.7804878048780488,0.5,207,0.9370629370629372,0.5086839257028539,72
smart-sweep-2255,tpijr4sd,24582,0.1,VJEPA2_SSV2,mean,0.9,5,0.1005678754279578,4,AdamW,step,7,finger_tapping,256,256,196,-1,True,False,0.0002864138000572998,no,68,196,1770478773.8050444,0.7905982905982906,0.854635681433067,0.6918238993710691,0.5163005590438843,0.7971014492753623,0.842111013986014,0.6440677966101694,0.8300653594771242,64,0.7037037037037037,0.59375,207,0.8881118881118881,0.3972134732156751,68
vibrant-sweep-799,jhitzv6t,25516,0.1,VJEPA2_SSV2,mean,0.9,5,0.2105734141377117,4,AdamW,reduce,10,finger_tapping,256,256,164,-1,True,False,0.0005943438640352368,no,39,164,1770365112.1952348,0.782051282051282,0.8544339546518197,0.6666666666666666,0.4721093475818634,0.8164251207729468,0.8423295454545454,0.6607142857142857,0.8301886792452831,64,0.7708333333333334,0.578125,207,0.9230769230769232,0.3501690211230391,39
jolly-sweep-3964,ukvjtx7d,62730,0.1,VJEPA2_SSV2,mean,0.9,4,0.2586227441562754,4,AdamW,step,4,finger_tapping,256,1024,138,-1,True,False,0.0001295538967502855,no,53,138,1770612331.001791,0.7905982905982906,0.8544339546518196,0.6754966887417219,0.5123415589332581,0.8309178743961353,0.8423295454545455,0.7058823529411765,0.8552631578947368,64,0.7636363636363637,0.65625,207,0.9090909090909092,0.47699716629240074,53
chocolate-sweep-2251,z0kf0bud,61487,0.1,VJEPA2_SSV2,mean,0.9,4,0.23560785377589888,4,AdamW,reduce,5,finger_tapping,256,1024,127,-1,True,False,8.336449502825405e-05,no,54,127,1770478503.0877197,0.7521367521367521,0.8544339546518196,0.5857142857142857,0.5314039587974548,0.8019323671497585,0.8462631118881119,0.616822429906542,0.8109756097560976,64,0.7674418604651163,0.515625,207,0.93006993006993,0.5148194818674455,54
devout-sweep-2035,4zp4ithp,12956,0.1,VJEPA2_SSV2,mean,0.9,4,0.3451304162095922,4,AdamW,step,6,finger_tapping,256,1024,84,-1,True,False,7.430951067426241e-05,no,49,84,1770461382.460625,0.7564102564102564,0.8544339546518195,0.5648854961832062,0.5384578704833984,0.782608695652174,0.8403627622377623,0.5263157894736842,0.7784090909090909,64,0.8064516129032258,0.390625,207,0.958041958041958,0.5535656699678306,49
dashing-sweep-1849,0rggjf65,52006,0.1,VJEPA2_SSV2,mean,0.9,3,0.4617913065210487,4,AdamW,step,8,finger_tapping,256,512,97,-1,True,False,0.00011388881888482311,no,53,97,1770446946.2553976,0.7948717948717948,0.8544339546518195,0.6962025316455697,0.5180457830429077,0.821256038647343,0.8424388111888113,0.6991869918699187,0.8581081081081081,64,0.7288135593220338,0.671875,207,0.8881118881118881,0.47006831853084474,53
summer-sweep-1671,ph2g1ou6,66524,0.1,VJEPA2_SSV2,mean,0.9,5,0.3682828501022163,4,AdamW,reduce,4,finger_tapping,256,768,110,-1,True,False,9.98078021586932e-05,no,57,110,1770432769.355812,0.7735042735042735,0.8544339546518195,0.6490066225165563,0.5034635066986084,0.8260869565217391,0.844951923076923,0.6896551724137931,0.8451612903225807,64,0.7692307692307693,0.625,207,0.916083916083916,0.4813515118880249,57
whole-sweep-4448,6u3di69s,29397,0.1,VJEPA2,mean,0.9,4,0.1904789200634592,4,AdamW,reduce,6,finger_tapping,256,1024,165,-1,True,False,0.000466732477732194,no,97,165,1770650378.9214425,0.7805555555555556,0.8543055555555555,0.6926070038910506,0.4922245409753587,0.7515151515151515,0.8086810318127516,0.5858585858585859,0.8296943231441049,97,0.5742574257425742,0.5979381443298969,330,0.8154506437768241,0.2813885057950817,97
charmed-sweep-3390,c3svrx0d,22703,0.1,VJEPA2_SSV2,mean,0.9,5,0.28472922881598717,4,AdamW,reduce,7,finger_tapping,256,256,167,-1,True,False,5.425743781838097e-05,yes,75,167,1770567530.8447826,0.7777777777777778,0.8542725732268216,0.6708860759493671,0.5202544927597046,0.8260869565217391,0.8411276223776224,0.7049180327868853,0.8590604026845637,64,0.7413793103448276,0.671875,207,0.8951048951048951,0.4930763058183259,75
azure-sweep-1972,d2lzhh94,36146,0.1,VJEPA2_SSV2,mean,0.9,5,0.42266595229799986,4,AdamW,step,6,finger_tapping,256,512,156,-1,True,False,4.092315503826546e-05,no,62,156,1770456500.3750815,0.7863247863247863,0.8541918825143227,0.6835443037974683,0.5349656343460083,0.8309178743961353,0.8343531468531469,0.7154471544715447,0.8648648648648649,64,0.7457627118644068,0.6875,207,0.8951048951048951,0.5126849922987012,62
generous-sweep-4057,3y4f4adc,27678,0.1,VJEPA2_SSV2,mean,0.9,5,0.3142690047529155,4,AdamW,reduce,4,finger_tapping,256,1024,126,-1,True,False,3.8247315313388465e-05,yes,60,126,1770619605.622115,0.7735042735042735,0.8541918825143225,0.6394557823129252,0.535629153251648,0.8067632850241546,0.8406905594405595,0.6363636363636364,0.8198757763975155,64,0.7608695652173914,0.546875,207,0.9230769230769232,0.5424072666145028,60
vibrant-sweep-2736,fbsgdldo,70157,0.1,VJEPA2_SSV2,mean,0.9,4,0.2713719353829036,4,AdamW,reduce,5,finger_tapping,256,1024,158,-1,True,False,3.562030303916542e-05,no,61,158,1770516015.6516116,0.7649572649572649,0.8541111918018236,0.5985401459854015,0.541907787322998,0.8019323671497585,0.8407998251748251,0.5858585858585859,0.7965116279069767,64,0.8285714285714286,0.453125,207,0.958041958041958,0.5532127947243145,61
summer-sweep-2481,b0ncwkyv,56617,0.1,VJEPA2_SSV2,mean,0.9,4,0.2932893555339837,4,AdamW,reduce,4,finger_tapping,256,512,113,-1,True,False,6.556057174122412e-05,no,53,113,1770496419.0121808,0.782051282051282,0.8541111918018236,0.6871165644171779,0.5486077666282654,0.8115942028985508,0.8373033216783217,0.688,0.8561643835616438,64,0.7049180327868853,0.671875,207,0.8741258741258742,0.5067161593097149,53
gentle-sweep-1137,o31noojt,82788,0.1,VJEPA2_SSV2,mean,0.9,5,0.405256660205774,4,AdamW,reduce,9,finger_tapping,256,768,101,-1,True,False,5.722819596069528e-05,no,46,101,1770391377.7375298,0.7777777777777778,0.8541111918018235,0.6438356164383562,0.5399329662322998,0.7922705314009661,0.8359921328671329,0.5904761904761905,0.8012048192771084,64,0.7560975609756098,0.484375,207,0.93006993006993,0.5537516641848671,46
spring-sweep-1660,vbub963a,41132,0.1,VJEPA2_SSV2,mean,0.9,5,0.2920631515702651,4,AdamW,reduce,6,finger_tapping,256,512,121,-1,True,False,7.283294222287218e-05,no,57,121,1770431952.8625543,0.7777777777777778,0.8541111918018235,0.6790123456790124,0.535554051399231,0.8357487922705314,0.8413461538461537,0.7213114754098361,0.8657718120805369,64,0.7586206896551724,0.6875,207,0.902097902097902,0.4922327421955776,57
logical-sweep-574,b7dr3rqd,31210,0.1,VJEPA2_SSV2,mean,0.9,5,0.12188860649652358,4,AdamW,reduce,10,finger_tapping,256,768,130,-1,True,False,0.00016538913125859476,no,61,130,1770347472.1301804,0.782051282051282,0.8539498103768257,0.6666666666666666,0.5244176983833313,0.821256038647343,0.8441870629370629,0.6890756302521008,0.8486842105263158,64,0.7454545454545455,0.640625,207,0.902097902097902,0.4558538218274882,61
colorful-sweep-1488,qga45e1x,6414,0.1,VJEPA2_SSV2,mean,0.9,4,0.21282790551350617,4,AdamW,reduce,7,finger_tapping,256,1024,131,-1,True,False,0.0001310749444955362,no,51,131,1770418981.321239,0.7735042735042735,0.8539498103768256,0.6535947712418301,0.5688139796257019,0.8067632850241546,0.8424388111888111,0.6610169491525424,0.8366013071895425,64,0.7222222222222222,0.609375,207,0.8951048951048951,0.5258308608489446,51
dainty-sweep-3559,0913nj8k,38170,0.1,VJEPA2_SSV2,mean,0.9,4,0.3606006265706495,4,AdamW,step,9,finger_tapping,256,1024,166,-1,True,False,8.599510516298607e-05,no,59,166,1770580848.9695275,0.6538461538461539,0.8538691196643267,0.0,0.5332127213478088,0.6908212560386473,0.8536931818181818,0.0,0.6908212560386473,64,0.0,0.0,207,1.0,0.525963930005579,59
jolly-sweep-1306,v51c5hxc,11848,0.1,VJEPA2_SSV2,mean,0.9,3,0.4008327304839123,4,AdamW,step,9,finger_tapping,256,1024,69,-1,True,False,8.590252362418961e-05,no,47,69,1770404442.3276074,0.7649572649572649,0.8538691196643265,0.5985401459854015,0.5397385358810425,0.7874396135265701,0.8364291958041958,0.5510204081632653,0.7861271676300579,64,0.7941176470588235,0.421875,207,0.951048951048951,0.558394083327567,47
distinctive-sweep-1063,7l8gd1p5,2505,0.1,VJEPA2_SSV2,mean,0.9,5,0.3733641353816172,4,AdamW,reduce,9,finger_tapping,256,256,197,-1,True,False,8.515970810515268e-05,no,82,197,1770385366.9243624,0.7948717948717948,0.8538691196643264,0.7,0.522095263004303,0.8164251207729468,0.8422202797202798,0.6984126984126984,0.8620689655172413,64,0.7096774193548387,0.6875,207,0.8741258741258742,0.4701821412800583,82
lucky-sweep-509,oe1as3rv,9904,0.1,VJEPA2_SSV2,mean,0.9,3,0.13293797349077338,4,AdamW,step,6,finger_tapping,256,256,118,-1,True,False,0.00015813197509356004,no,61,118,1770342184.0579088,0.7905982905982906,0.8537884289518275,0.6956521739130435,0.540428876876831,0.8260869565217391,0.8397071678321678,0.7142857142857143,0.8689655172413793,64,0.7258064516129032,0.703125,207,0.8811188811188811,0.49819115466005026,61
splendid-sweep-550,b2ze1twy,36039,0.1,VJEPA2_SSV2,mean,0.9,5,0.35546068465079206,4,AdamW,reduce,7,finger_tapping,256,1024,181,-1,True,False,4.412051632843802e-05,yes,79,181,1770345478.706642,0.7735042735042735,0.8537077382393287,0.6624203821656051,0.5412396788597107,0.8309178743961353,0.8393793706293707,0.7154471544715447,0.8648648648648649,64,0.7457627118644068,0.6875,207,0.8951048951048951,0.5228983299079165,79
likely-sweep-2042,uk28706i,5432,0.1,VJEPA2_SSV2,mean,0.9,5,0.2999702641452773,4,AdamW,reduce,10,finger_tapping,256,768,123,-1,True,False,7.508574830189911e-05,no,57,123,1770461846.7419794,0.782051282051282,0.8537077382393287,0.6530612244897959,0.5457209944725037,0.8260869565217391,0.8405812937062936,0.6949152542372882,0.8496732026143791,64,0.7592592592592593,0.640625,207,0.9090909090909092,0.5325494690691053,57
fine-sweep-868,3ogxon3f,90676,0.1,VJEPA2_SSV2,mean,0.9,3,0.16603486164845052,4,AdamW,reduce,6,finger_tapping,256,1024,199,-1,True,False,0.00013888814192299155,no,77,199,1770370622.3813007,0.782051282051282,0.8537077382393287,0.6666666666666666,0.5233235359191895,0.8260869565217391,0.8461538461538463,0.7,0.8543046357615894,64,0.75,0.65625,207,0.902097902097902,0.4700533571853823,77
cool-sweep-2366,509ohuul,64246,0.1,VJEPA2_SSV2,mean,0.9,3,0.1289130089492,4,AdamW,step,6,finger_tapping,256,512,61,-1,True,False,0.00016881018275825276,no,43,61,1770487647.659736,0.7735042735042735,0.8537077382393287,0.6535947712418301,0.5274524688720703,0.8019323671497585,0.8353365384615384,0.6554621848739496,0.8355263157894737,64,0.7090909090909091,0.609375,207,0.8881118881118881,0.5273962077870361,43
jumping-sweep-2998,0uomr43l,26510,0.1,VJEPA2_SSV2,mean,0.9,4,0.12418363371986266,4,AdamW,reduce,10,finger_tapping,256,768,75,-1,True,False,8.505117096199259e-05,no,42,75,1770536751.4133065,0.782051282051282,0.8537077382393286,0.6871165644171779,0.6030422449111938,0.821256038647343,0.8420017482517483,0.704,0.863013698630137,64,0.7213114754098361,0.6875,207,0.8811188811188811,0.5712863778758861,42
bumbling-sweep-1632,pusp5t9z,10398,0.1,VJEPA2_SSV2,mean,0.9,4,0.18951519982722895,4,AdamW,reduce,10,finger_tapping,256,512,148,-1,True,False,4.058564865491694e-05,no,60,148,1770429815.6229844,0.7991452991452992,0.8537077382393286,0.718562874251497,0.609200656414032,0.8115942028985508,0.8376311188811189,0.6929133858267716,0.8611111111111112,64,0.6984126984126984,0.6875,207,0.8671328671328671,0.5916004149994936,60
faithful-sweep-810,88et0yne,1215,0.1,VJEPA2_SSV2,mean,0.9,5,0.4675753088984669,4,AdamW,reduce,7,finger_tapping,256,768,147,-1,True,False,4.850931281440769e-05,no,62,147,1770365974.350632,0.7692307692307693,0.8536270475268296,0.6142857142857143,0.5327876806259155,0.7922705314009661,0.8393793706293706,0.5567010309278351,0.7873563218390804,64,0.8181818181818182,0.421875,207,0.958041958041958,0.5410135587378491,62
playful-sweep-3000,qkbbdz5g,88599,0.1,VJEPA2_SSV2,mean,0.9,5,0.2966305741537514,4,AdamW,reduce,9,finger_tapping,256,256,100,-1,True,False,0.000317784886354416,no,44,100,1770536871.9001708,0.7991452991452992,0.8536270475268296,0.7006369426751592,0.4804088771343231,0.8164251207729468,0.8362106643356643,0.6885245901639344,0.8523489932885906,64,0.7241379310344828,0.65625,207,0.8881118881118881,0.4089347527421274,44
stellar-sweep-2346,u3dfl0bz,19963,0.1,VJEPA2_SSV2,mean,0.9,5,0.3838995756508776,4,AdamW,reduce,6,finger_tapping,256,512,41,-1,True,False,0.0005639772767682423,no,36,41,1770486039.9135604,0.7735042735042735,0.8536270475268295,0.6624203821656051,0.5170279741287231,0.8164251207729468,0.8450611888111887,0.6885245901639344,0.8523489932885906,64,0.7241379310344828,0.65625,207,0.8881118881118881,0.4303330875679585,36
classic-sweep-537,0cbjytcm,35845,0.1,VJEPA2_SSV2,mean,0.9,4,0.4632450506806126,4,AdamW,step,7,finger_tapping,256,768,185,-1,True,False,0.00013535291059508183,no,86,185,1770344382.0430765,0.7991452991452992,0.8535463568143307,0.7006369426751592,0.5125828385353088,0.821256038647343,0.8428758741258742,0.6942148760330579,0.8533333333333334,64,0.7368421052631579,0.65625,207,0.8951048951048951,0.4748021295140203,86
clean-sweep-1256,9h0jz1bs,19460,0.1,VJEPA2,mean,0.9,4,0.35199419196731263,4,AdamW,reduce,9,flip_palm,256,1024,61,-1,True,False,5.986933675272041e-05,no,50,61,1770404179.2285066,0.32047477744807124,0.88136826783115,0.4853932584269663,0.7214546217762752,0.2754098360655738,0.8768584356819651,0.4318766066838046,0.0,84,0.2754098360655738,1.0,305,0.0,0.5967880436107873,50
devout-sweep-1200,8szqiyl5,71488,0.1,VJEPA2,mean,0.9,5,0.2397224453942388,4,AdamW,step,10,flip_palm,256,512,190,-1,True,False,0.0001490381963904257,no,87,190,1770399357.6777112,0.7210682492581603,0.8800743975416465,0.6758620689655173,0.6552743724262678,0.6622950819672131,0.8699364361129066,0.582995951417004,0.9154929577464788,84,0.44171779141104295,0.8571428571428571,305,0.5882352941176471,0.43465865414108384,87
eager-sweep-3410,ksm33ly2,91423,0.1,VJEPA2,mean,0.9,5,0.25434594170905395,4,AdamW,reduce,5,flip_palm,256,1024,140,-1,True,False,0.00011909412538259583,no,80,140,1770576247.947889,0.32047477744807124,0.8799126637554585,0.4853932584269663,0.7648136323920344,0.2754098360655738,0.8686974789915967,0.4318766066838046,0.0,84,0.2754098360655738,1.0,305,0.0,0.5440677715260447,80
kind-sweep-2164,ypbwn7vu,68525,0.1,VJEPA2,mean,0.9,4,0.1397026790905244,4,AdamW,reduce,7,flip_palm,256,512,145,-1,True,False,2.1654532614164777e-05,no,79,145,1770476421.0041616,0.32047477744807124,0.8793465955038008,0.4853932584269663,0.6987885017423319,0.2754098360655738,0.8775587157940099,0.4318766066838046,0.0,84,0.2754098360655738,1.0,305,0.0,0.5934518261959678,79
usual-sweep-3488,alockwfe,2024,0.1,VJEPA2,mean,0.9,5,0.25355232863581667,4,AdamW,reduce,6,flip_palm,256,256,153,-1,True,False,4.913783571289327e-05,no,84,153,1770582600.263479,0.32047477744807124,0.8792657286107068,0.4853932584269663,0.7437046571725907,0.2754098360655738,0.873249299719888,0.4318766066838046,0.0,84,0.2754098360655738,1.0,305,0.0,0.6116506742518484,84
effortless-sweep-2412,ugvvtr1o,60854,0.1,VJEPA2,mean,0.9,4,0.28993355736104803,4,AdamW,reduce,7,flip_palm,256,1024,171,-1,True,False,7.722421458410154e-05,no,79,171,1770496232.242156,0.32047477744807124,0.8790231279314249,0.4853932584269663,0.7750434903787222,0.2754098360655738,0.8752962723550959,0.4318766066838046,0.0,84,0.2754098360655738,1.0,305,0.0,0.6309839646782031,79
visionary-sweep-1337,rrif8r8f,34282,0.1,VJEPA2_SSV2,mean,0.9,4,0.3230944316966474,4,AdamW,reduce,3,flip_palm,256,256,93,-1,True,False,9.126189501216554e-05,no,58,93,1770410668.7620592,0.7872340425531915,0.8790083763431763,0.6982758620689655,0.5853151396415154,0.8361774744027304,0.8785231772653156,0.7108433734939759,0.8942307692307693,81,0.6941176470588235,0.7283950617283951,293,0.8773584905660378,0.5497259001920719,58
zany-sweep-161,gtygzfk1,62166,0.1,VJEPA2_SSV2,mean,0.9,5,0.209644282166302,4,AdamW,reduce,10,flip_palm,256,1024,109,-1,True,False,0.0002022872487680917,no,77,109,1770313904.8219488,0.8206686930091185,0.8790083763431762,0.6974358974358974,0.46500490229905195,0.8532423208191127,0.899953412532029,0.6766917293233082,0.8506224066390041,81,0.8653846153846154,0.5555555555555556,293,0.9669811320754716,0.40814529167543545,77
helpful-sweep-2597,72e1umls,14084,0.1,VJEPA2,mean,0.9,5,0.4478843971058343,4,AdamW,reduce,4,flip_palm,256,768,87,-1,True,False,4.899042726490989e-05,no,63,87,1770510951.1944718,0.7032640949554896,0.8785783600194081,0.6644295302013423,0.6464368294183861,0.6983606557377049,0.8805753070458953,0.6134453781512605,0.9271523178807948,84,0.474025974025974,0.8690476190476191,305,0.6334841628959276,0.5490674008593035,63
pious-sweep-4121,1omnollk,62142,0.1,VJEPA2,mean,0.9,5,0.4804124198224319,4,AdamW,reduce,8,flip_palm,256,768,97,-1,True,False,6.070079141003673e-05,no,63,97,1770633243.279119,0.7240356083086054,0.878578360019408,0.6759581881533101,0.6490232495242835,0.7147540983606557,0.8773432449903038,0.6266094420600858,0.9294871794871796,84,0.4899328859060403,0.8690476190476191,305,0.6561085972850679,0.554944088014119,63
zany-sweep-3026,8seg74wi,80083,0.1,VJEPA2_SSV2,mean,0.9,4,0.10430206483037964,4,AdamW,reduce,10,flip_palm,256,1024,33,-1,True,False,0.00011780455592805076,no,41,33,1770546021.9929645,0.7811550151975684,0.8785007191809798,0.6923076923076923,0.5889677081064613,0.8225255972696246,0.8741556021430235,0.6904761904761905,0.8883495145631068,81,0.6666666666666666,0.7160493827160493,293,0.8632075471698113,0.5708105676244981,41
treasured-sweep-1569,b1cnniql,26023,0.1,VJEPA2,mean,0.9,5,0.23247287133566208,4,AdamW,reduce,3,flip_palm,256,1024,99,-1,True,False,0.0002540700587083332,no,58,99,1770429190.0275989,0.32047477744807124,0.8784974931263141,0.4853932584269663,0.6995854625362317,0.2754098360655738,0.8707983193277311,0.4318766066838046,0.0,84,0.2754098360655738,1.0,305,0.0,0.4960009981855822,58
legendary-sweep-2979,kmuvc3ww,27778,0.1,VJEPA2_SSV2,mean,0.9,3,0.137982354757744,4,AdamW,reduce,5,flip_palm,256,1024,67,-1,True,False,6.15375015171307e-05,no,46,67,1770542151.0365424,0.7872340425531915,0.8784584144174634,0.6982758620689655,0.5784979978955626,0.8430034129692833,0.8754949918471931,0.7195121951219512,0.8952380952380953,81,0.7108433734939759,0.7283950617283951,293,0.8867924528301887,0.5414583334828368,46
polar-sweep-2175,45pxnb1j,17587,0.1,VJEPA2_SSV2,mean,0.9,4,0.3496510853546817,4,AdamW,reduce,4,flip_palm,256,768,141,-1,True,False,3.197717369958429e-05,no,76,141,1770477303.105515,0.7811550151975684,0.8781622810728488,0.7024793388429752,0.5861553607740663,0.8122866894197952,0.8767179128814349,0.6892655367231638,0.8984771573604061,81,0.6354166666666666,0.7530864197530864,293,0.8349056603773585,0.5239524611152044,76
crisp-sweep-558,92xhe0vu,1812,0.1,VJEPA2,mean,0.9,3,0.16838746225011675,4,AdamW,reduce,6,flip_palm,256,768,80,-1,True,False,3.207720224256273e-05,no,54,80,1770347286.435845,0.32047477744807124,0.8781335921073912,0.4853932584269663,0.7243623852022324,0.2754098360655738,0.8744343891402715,0.4318766066838046,0.0,84,0.2754098360655738,1.0,305,0.0,0.6160695920720625,54
glad-sweep-2572,iiribcnv,63229,0.1,VJEPA2,mean,0.9,3,0.2258398764343258,4,AdamW,step,7,flip_palm,256,768,141,-1,True,False,4.424037081800641e-05,no,82,141,1770508964.340821,0.7181008902077152,0.8780527252142972,0.6757679180887372,0.6505366022579748,0.6983606557377049,0.8814910579616463,0.6198347107438017,0.9387755102040816,84,0.47468354430379744,0.8928571428571429,305,0.6244343891402715,0.5445000737477718,82
eager-sweep-2805,r66ak9y6,39495,0.1,VJEPA2_SSV2,mean,0.9,5,0.24148846636551283,4,AdamW,step,5,flip_palm,256,1024,66,-1,True,False,0.0001123658770676318,no,45,66,1770528060.0562005,0.8115501519756839,0.8779930620187832,0.7181818181818181,0.588673767891336,0.8395904436860068,0.8911600279524807,0.7044025157232704,0.8837209302325582,81,0.717948717948718,0.691358024691358,293,0.8962264150943396,0.5670140149569748,45
dry-sweep-3100,z3g1n2xr,63723,0.1,VJEPA2_SSV2,mean,0.9,4,0.29823893154207465,4,AdamW,reduce,8,flip_palm,256,768,129,-1,True,False,3.873244702632795e-05,no,72,129,1770551746.166937,0.790273556231003,0.877950757255267,0.7012987012987013,0.5539051515353125,0.8430034129692833,0.8792219892848824,0.7195121951219512,0.8952380952380953,81,0.7108433734939759,0.7283950617283951,293,0.8867924528301887,0.4983542809391966,72
resilient-sweep-2216,y99dgzl6,42591,0.1,VJEPA2_SSV2,mean,0.9,4,0.4333971028857478,4,AdamW,reduce,7,flip_palm,256,768,155,-1,True,False,2.4104334752682363e-05,no,89,155,1770480590.4430912,0.7811550151975684,0.8779084524917505,0.6949152542372882,0.5777557385366376,0.8191126279863481,0.8715350570696483,0.6936416184971098,0.8955223880597015,81,0.6521739130434783,0.7407407407407407,293,0.8490566037735849,0.5379620672452567,89
sage-sweep-2494,4b0y34fg,15342,0.1,VJEPA2_SSV2,mean,0.9,3,0.2803553437550639,4,AdamW,step,7,flip_palm,256,768,95,-1,True,False,3.393427794090055e-05,no,55,95,1770502686.2136023,0.7507598784194529,0.8776123191471359,0.6870229007633588,0.6122789895643217,0.757679180887372,0.8745632424877708,0.6536585365853659,0.9171597633136096,81,0.5403225806451613,0.8271604938271605,293,0.7311320754716981,0.5277111742756154,55
leafy-sweep-275,rrkbk331,85978,0.1,VJEPA2_SSV2,mean,0.9,5,0.32903170676344234,4,AdamW,reduce,6,flip_palm,256,1024,187,-1,True,False,2.0635619999830608e-05,no,98,187,1770323173.8251095,0.7781155015197568,0.8775700143836196,0.6919831223628692,0.6067537310275626,0.8225255972696246,0.8766014442115071,0.6976744186046512,0.8960396039603961,81,0.6593406593406593,0.7407407407407407,293,0.8537735849056604,0.5698024884308919,98
cool-sweep-1688,gigkhs5b,46744,0.1,VJEPA2,mean,0.9,4,0.192459449496072,4,AdamW,step,7,flip_palm,256,512,110,-1,True,False,3.482748337439428e-05,no,67,110,1770438502.2577286,0.6231454005934718,0.8775675238557336,0.6139817629179332,0.6579383250867578,0.6262295081967213,0.8811139840551605,0.5777777777777777,0.9495798319327732,84,0.41935483870967744,0.9285714285714286,305,0.5113122171945701,0.5610475574383895,67
exalted-sweep-295,thrlubez,44479,0.1,VJEPA2_SSV2,mean,0.9,3,0.32204157552208856,4,AdamW,step,3,flip_palm,256,1024,155,-1,True,False,2.531121712447657e-05,no,95,155,1770324996.731031,0.7781155015197568,0.8774854048565869,0.6893617021276596,0.6082052419975535,0.8361774744027304,0.8779408339156766,0.7142857142857143,0.8980582524271845,81,0.6896551724137931,0.7407407407407407,293,0.8726415094339622,0.576017173800138,95
honest-sweep-3936,6v1t7ul5,32692,0.1,VJEPA2_SSV2,mean,0.9,3,0.47132286181065486,4,AdamW,step,7,flip_palm,256,1024,188,-1,True,False,2.5671707765051125e-05,no,87,188,1770618210.9753995,0.790273556231003,0.8774431000930706,0.7112970711297071,0.564184144637505,0.8293515358361775,0.8859771721406942,0.7222222222222222,0.9175257731958762,81,0.6565656565656566,0.8024691358024691,293,0.839622641509434,0.4674887677820602,87
fallen-sweep-2336,coulhuc4,27001,0.1,VJEPA2_SSV2,mean,0.9,5,0.3088004345306269,4,AdamW,step,9,flip_palm,256,1024,198,-1,True,False,1.910332618870156e-05,no,83,198,1770490095.4540498,0.7872340425531915,0.8772738810390049,0.7008547008547008,0.5586402519495653,0.8464163822525598,0.8808525506638714,0.7305389221556886,0.9033816425120772,81,0.7093023255813954,0.7530864197530864,293,0.8820754716981132,0.5055171398833247,83
tough-sweep-296,9g6kvy6n,38241,0.1,VJEPA2,mean,0.9,4,0.31583781471022787,4,AdamW,reduce,4,flip_palm,256,1024,103,-1,True,False,0.00024244244760602708,no,77,103,1770325081.263055,0.32047477744807124,0.8772440562833576,0.4853932584269663,0.6707943157909179,0.2754098360655738,0.8797672915319974,0.4318766066838046,0.0,84,0.2754098360655738,1.0,305,0.0,0.47183049480880845,77
electric-sweep-1558,hsnnhnun,55840,0.1,VJEPA2_SSV2,mean,0.9,4,0.33410931550653367,4,AdamW,step,8,flip_palm,256,512,165,-1,True,False,4.073080781683152e-05,no,84,165,1770428269.5877163,0.7872340425531915,0.8771469667484559,0.7058823529411765,0.6095068826139154,0.8156996587030717,0.8768926158863266,0.6931818181818182,0.898989898989899,81,0.6421052631578947,0.7530864197530864,293,0.839622641509434,0.5527299731084616,84
drawn-sweep-249,cu3h40mv,74950,0.1,VJEPA2_SSV2,mean,0.9,3,0.14376247070180545,4,AdamW,reduce,10,flip_palm,256,1024,167,-1,True,False,2.0159275532054005e-05,no,95,167,1770320965.476429,0.78419452887538,0.8771469667484559,0.6952789699570815,0.5466433004405361,0.8464163822525598,0.8793384579548102,0.7239263803680982,0.8957345971563981,81,0.7195121951219512,0.7283950617283951,293,0.8915094339622641,0.49524842128895297,95
electric-sweep-1491,qkw31tl7,20246,0.1,VJEPA2_SSV2,mean,0.9,4,0.3586884222860004,4,AdamW,reduce,6,flip_palm,256,768,129,-1,True,False,3.404046212906923e-05,no,77,129,1770423004.144831,0.7963525835866262,0.8771469667484558,0.70995670995671,0.5347334039609846,0.8464163822525598,0.8818425343582575,0.7169811320754716,0.8883720930232558,81,0.7307692307692307,0.7037037037037037,293,0.9009433962264152,0.5055642588303821,77
rich-sweep-3685,kymmaml9,38337,0.1,VJEPA2,mean,0.9,3,0.33926014496679946,4,AdamW,step,10,flip_palm,256,256,126,-1,True,False,0.0001223397122012503,no,77,126,1770598234.6631267,0.32047477744807124,0.8771227559437167,0.4853932584269663,0.6865864164397695,0.2754098360655738,0.8749191984486103,0.4318766066838046,0.0,84,0.2754098360655738,1.0,305,0.0,0.5209133279950995,77
kind-sweep-993,sys2uozr,67256,0.1,VJEPA2_SSV2,mean,0.9,4,0.3822598270279436,4,AdamW,reduce,7,flip_palm,256,512,169,-1,True,False,2.0592985097105e-05,no,92,169,1770382654.264511,0.6778115501519757,0.8771046619849395,0.6466666666666666,0.6636989366682104,0.658703071672355,0.8657698579082226,0.5867768595041323,0.9242424242424242,81,0.4409937888198758,0.8765432098765432,293,0.5754716981132075,0.6042906423606494,92
scarlet-sweep-3819,nadzc019,21136,0.1,VJEPA2_SSV2,mean,0.9,5,0.201575534900038,4,AdamW,step,3,flip_palm,256,1024,123,-1,True,False,4.533870691681652e-05,no,70,123,1770608998.8852818,0.8085106382978723,0.8771046619849394,0.7123287671232876,0.5639029320974843,0.8361774744027304,0.8835895644071744,0.7037037037037037,0.8867924528301887,81,0.7037037037037037,0.7037037037037037,293,0.8867924528301887,0.5080603249002211,70
volcanic-sweep-3499,65vaq6ob,70351,0.1,VJEPA2_SSV2,mean,0.9,5,0.36855508356962,4,AdamW,reduce,5,flip_palm,256,1024,44,-1,True,False,0.00033811908264091907,no,42,44,1770583393.2419152,0.3221884498480243,0.8770200524579068,0.48735632183908045,0.6948656227813303,0.2764505119453925,0.8600046587467971,0.43315508021390375,0.0,81,0.2764505119453925,1.0,293,0.0,0.6329088883824868,42
jolly-sweep-1613,lgdavbl6,94134,0.1,VJEPA2_SSV2,mean,0.9,3,0.34862273899239915,4,AdamW,step,4,flip_palm,256,1024,46,-1,True,False,0.00012973225337607953,no,38,46,1770432720.2963636,0.8024316109422492,0.876935442930874,0.7111111111111111,0.6043242641857692,0.8293515358361775,0.8766014442115071,0.6951219512195121,0.8857142857142857,81,0.6867469879518072,0.7037037037037037,293,0.8773584905660378,0.5630128436749524,38
ethereal-sweep-3521,hw64sj9l,73330,0.1,VJEPA2_SSV2,mean,0.9,3,0.1470484487560605,4,AdamW,reduce,5,flip_palm,256,1024,157,-1,True,False,1.5773115662091795e-05,no,84,157,1770585112.9303927,0.7689969604863222,0.8768085286403249,0.6910569105691057,0.601520690693319,0.7918088737201365,0.8664104355928256,0.6629834254143646,0.8911917098445595,81,0.6,0.7407407407407407,293,0.8113207547169812,0.565345317420393,84
icy-sweep-2068,kfrcowrj,55599,0.1,VJEPA2,mean,0.9,5,0.15517875020083416,4,AdamW,reduce,6,flip_palm,256,1024,139,-1,True,False,1.6942117668619926e-05,no,89,139,1770468669.7204907,0.32047477744807124,0.8767588549247938,0.4853932584269663,0.6865192680047598,0.2754098360655738,0.8779896574014222,0.4318766066838046,0.0,84,0.2754098360655738,1.0,305,0.0,0.5931322112608184,89
splendid-sweep-3952,zn0c18mo,61132,0.1,VJEPA2_SSV2,mean,0.9,5,0.4674994251107869,4,AdamW,reduce,5,flip_palm,256,1024,143,-1,True,False,5.4830242359254744e-05,no,59,143,1770619437.2689295,0.7993920972644377,0.8767239191132921,0.7226890756302521,0.5993761695627021,0.8088737201365188,0.8853365944560914,0.6853932584269663,0.8979591836734694,81,0.6288659793814433,0.7530864197530864,293,0.8301886792452831,0.5042421534509942,59
fearless-sweep-2898,vs7sn5xm,29168,0.1,VJEPA2,mean,0.9,4,0.22242951362570176,4,AdamW,reduce,7,flip_palm,256,256,193,-1,True,False,0.000216741632709963,no,106,193,1770535501.4154372,0.7744807121661721,0.8767184214782467,0.7007874015748031,0.5802060772474159,0.7737704918032787,0.8673238526179703,0.6634146341463415,0.9130434782608696,84,0.5619834710743802,0.8095238095238095,305,0.7601809954751131,0.3747755927902659,106
warm-sweep-120,61003oup,82936,0.1,VJEPA2,mean,0.9,3,0.33640454280174525,4,AdamW,reduce,5,flip_palm,256,768,76,-1,True,False,3.4332151361272355e-05,no,63,76,1770311142.9382918,0.32047477744807124,0.8765971211386059,0.4853932584269663,0.6939808878417538,0.2754098360655738,0.8800366300366301,0.4318766066838046,0.0,84,0.2754098360655738,1.0,305,0.0,0.5847677577055242,63
comic-sweep-3252,2mduve0h,39030,0.1,VJEPA2_SSV2,mean,0.9,4,0.36097310943836913,4,AdamW,reduce,3,flip_palm,256,768,142,-1,True,False,3.204388120304006e-05,no,77,142,1770563566.4934475,0.7993920972644377,0.876597004822743,0.7155172413793104,0.5433312205195789,0.8395904436860068,0.8799208013044492,0.718562874251497,0.8985507246376812,81,0.6976744186046512,0.7407407407407407,293,0.8773584905660378,0.4832548295507337,77
solar-sweep-560,rj8yohp6,48864,0.1,VJEPA2,mean,0.9,4,0.4582835645295926,4,AdamW,reduce,7,flip_palm,256,512,78,-1,True,False,0.0003546123730043572,no,69,78,1770347454.9889798,0.32047477744807124,0.8765566876920589,0.4853932584269663,0.7011408400818573,0.2754098360655738,0.8735186382245205,0.4318766066838046,0.0,84,0.2754098360655738,1.0,305,0.0,0.5462177675306512,69
swift-sweep-4260,fpj0cxs7,83815,0.1,VJEPA2,mean,0.9,4,0.4431536054470545,4,AdamW,step,4,flip_palm,256,768,66,-1,True,False,5.378547014966393e-05,no,55,66,1770644475.7285037,0.32047477744807124,0.8765566876920589,0.4853932584269663,0.6863341244816427,0.2754098360655738,0.8804675716440422,0.4318766066838046,0.0,84,0.2754098360655738,1.0,305,0.0,0.5986315605172701,55
different-sweep-1103,qmh97gid,68376,0.1,VJEPA2_SSV2,mean,0.9,4,0.2744409873456351,4,AdamW,reduce,6,flip_palm,256,1024,158,-1,True,False,3.8887232354654e-05,no,87,158,1770391258.6991773,0.8085106382978723,0.8765547000592266,0.72,0.5991937411230024,0.8464163822525598,0.8902282785930584,0.7204968944099379,0.892018779342723,81,0.725,0.7160493827160493,293,0.8962264150943396,0.5593084480502818,87
fresh-sweep-210,74u0ucep,62763,0.1,VJEPA2,mean,0.9,5,0.13587288221050298,4,AdamW,reduce,8,flip_palm,256,1024,196,-1,True,False,2.124232264352027e-05,no,116,196,1770317841.0877967,0.32047477744807124,0.8764353873524179,0.4853932584269663,0.6726526789566176,0.2754098360655738,0.8822452057746175,0.4318766066838046,0.0,84,0.2754098360655738,1.0,305,0.0,0.570214623469485,116
rural-sweep-492,eeab6np8,48147,0.1,VJEPA2_SSV2,mean,0.9,3,0.25490365403656134,4,AdamW,reduce,6,flip_palm,256,512,164,-1,True,False,2.830360428232856e-05,no,91,164,1770341734.8704257,0.7811550151975684,0.8763854810051612,0.7024793388429752,0.5810818164906604,0.8088737201365188,0.8735150244584207,0.6818181818181818,0.8939393939393939,81,0.631578947368421,0.7407407407407407,293,0.8349056603773585,0.5232669008840428,91
sleek-sweep-2241,3tcsgg34,31724,0.1,VJEPA2_SSV2,mean,0.9,5,0.31733265681503525,4,AdamW,reduce,4,flip_palm,256,768,157,-1,True,False,2.5944659401864276e-05,no,90,157,1770482551.12964,0.7781155015197568,0.8763431762416448,0.6970954356846473,0.5827320116631528,0.8122866894197952,0.8749126484975541,0.6857142857142857,0.8944723618090452,81,0.6382978723404256,0.7407407407407407,293,0.839622641509434,0.509987472897709,90
valiant-sweep-2156,ahy9ou3s,79133,0.1,VJEPA2_SSV2,mean,0.9,5,0.27211706692913584,4,AdamW,reduce,8,flip_palm,256,768,152,-1,True,False,2.65175457880652e-05,no,76,152,1770475854.8400486,0.790273556231003,0.8763431762416448,0.7012987012987013,0.5929101277991994,0.8430034129692833,0.8760773351968321,0.7195121951219512,0.8952380952380953,81,0.7108433734939759,0.7283950617283951,293,0.8867924528301887,0.5674913962288658,76
clear-sweep-3476,o77asv15,62861,0.1,VJEPA2_SSV2,mean,0.9,4,0.2476672442079896,4,AdamW,reduce,10,flip_palm,256,1024,162,-1,True,False,4.897277649271743e-05,no,74,162,1770581663.3550708,0.7993920972644377,0.8763431762416448,0.7130434782608696,0.5678944752571431,0.8361774744027304,0.8903447472629862,0.7142857142857143,0.8980582524271845,81,0.6896551724137931,0.7407407407407407,293,0.8726415094339622,0.4846676650023696,74
ethereal-sweep-691,r30t55t7,23964,0.1,VJEPA2,mean,0.9,3,0.14138520542620758,4,AdamW,reduce,9,flip_palm,256,768,190,-1,True,False,0.00012394838461959924,no,108,190,1770358521.222123,0.32047477744807124,0.8762736535662299,0.4853932584269663,0.709342122608547,0.2754098360655738,0.8685089420383537,0.4318766066838046,0.0,84,0.2754098360655738,1.0,305,0.0,0.4621450034054843,108
restful-sweep-3444,0rp92if2,58891,0.1,VJEPA2_SSV2,mean,0.9,4,0.4024875351704378,4,AdamW,reduce,9,flip_palm,256,512,154,-1,True,False,2.4839346925886385e-05,no,86,154,1770579190.848843,0.7750759878419453,0.8762585667146121,0.6967213114754098,0.5892355777210015,0.7849829351535836,0.870079198695551,0.6594594594594595,0.8941798941798942,81,0.5865384615384616,0.7530864197530864,293,0.7971698113207547,0.526443880383331,86
decent-sweep-366,6ftj05ml,56960,0.1,VJEPA2_SSV2,mean,0.9,5,0.1582680294269876,4,AdamW,step,7,flip_palm,256,1024,98,-1,True,False,7.023676959275742e-05,no,54,98,1770330953.6087737,0.8145896656534954,0.876258566714612,0.7312775330396476,0.5632617672888341,0.8361774744027304,0.8818425343582577,0.7073170731707317,0.8904761904761904,81,0.6987951807228916,0.7160493827160493,293,0.8820754716981132,0.47381802803218953,54
sweepy-sweep-2776,19az7l9a,23658,0.1,VJEPA2,mean,0.9,4,0.4333227284993404,4,AdamW,step,10,flip_palm,256,512,191,-1,True,False,3.354887780237828e-05,no,89,191,1770525717.266635,0.7062314540059347,0.8762332201196831,0.6621160409556314,0.6415877015017614,0.6918032786885245,0.8777203188967895,0.6083333333333333,0.9261744966442952,84,0.4679487179487179,0.8690476190476191,305,0.6244343891402715,0.5097786387758392,89
denim-sweep-2722,llx8htua,34921,0.1,VJEPA2,mean,0.9,3,0.2848736069474178,4,AdamW,reduce,8,flip_palm,256,768,171,-1,True,False,2.339625396205645e-05,no,101,171,1770521285.0806084,0.6528189910979229,0.8762332201196831,0.6377708978328174,0.6590449136159541,0.6459016393442623,0.8829185520361992,0.5909090909090909,0.952,84,0.43333333333333335,0.9285714285714286,305,0.5384615384615384,0.5521555340461184,101
sandy-sweep-3739,ei0taxmf,28672,0.1,VJEPA2_SSV2,mean,0.9,5,0.2079657601630554,4,AdamW,reduce,8,flip_palm,256,768,55,-1,True,False,8.59638462133604e-05,no,34,55,1770602500.0167882,0.790273556231003,0.8762162619510957,0.703862660944206,0.5792629169838044,0.825938566552901,0.875553226182157,0.7017543859649122,0.896551724137931,81,0.6666666666666666,0.7407407407407407,293,0.8584905660377359,0.5258962193337997,34
jumping-sweep-928,e2vbiles,97963,0.1,VJEPA2_SSV2,mean,0.9,5,0.29881815697358516,4,AdamW,reduce,5,flip_palm,256,768,108,-1,True,False,4.508453713700159e-05,no,62,108,1770377496.84314,0.7933130699088146,0.8761739571875793,0.7017543859649122,0.5904004139016102,0.8532423208191127,0.8798625669694852,0.7295597484276729,0.8930232558139535,81,0.7435897435897436,0.7160493827160493,293,0.9056603773584906,0.5678443336250758,62
atomic-sweep-3236,gs3fbd76,91456,0.1,VJEPA2_SSV2,mean,0.9,5,0.2630422234370747,4,AdamW,step,4,flip_palm,256,512,127,-1,True,False,5.373536162650389e-05,no,77,127,1770562429.395387,0.8054711246200608,0.8761739571875793,0.7217391304347827,0.5432669415300015,0.8395904436860068,0.8786396459352435,0.7116564417177914,0.8909952606635071,81,0.7073170731707317,0.7160493827160493,293,0.8867924528301887,0.48619345951788495,77
eager-sweep-2139,fnt3aagn,80457,0.1,VJEPA2,mean,0.9,3,0.20262034776757984,4,AdamW,reduce,4,flip_palm,256,512,176,-1,True,False,0.00023204671842289335,yes,99,176,1770474492.9566915,0.7893175074183977,0.876152353226589,0.7171314741035857,0.6283362534350386,0.780327868852459,0.8797672915319974,0.6666666666666666,0.9095744680851064,84,0.5726495726495726,0.7976190476190477,305,0.7737556561085973,0.5833657928631066,99
honest-sweep-1918,0apma21q,57933,0.1,VJEPA2,mean,0.9,4,0.20623212772581276,4,AdamW,step,10,flip_palm,256,512,72,-1,True,False,5.882678498844687e-05,no,49,72,1770456933.048054,0.7596439169139466,0.8761523532265889,0.6966292134831461,0.6010493554771831,0.7672131147540984,0.8817603964662788,0.6602870813397129,0.9166666666666666,84,0.552,0.8214285714285714,305,0.746606334841629,0.5044448153253948,49
gallant-sweep-3847,rhf8ndpl,35884,0.1,VJEPA2_SSV2,mean,0.9,5,0.2548878529054329,4,AdamW,reduce,6,flip_palm,256,768,121,-1,True,False,2.7081352366779693e-05,no,76,121,1770611184.3393145,0.7446808510638298,0.8760047381335138,0.6692913385826772,0.601211616695833,0.7781569965870307,0.8720009317493594,0.6596858638743456,0.9016393442622952,81,0.5727272727272728,0.7777777777777778,293,0.7783018867924528,0.525406031915457,76
gentle-sweep-3397,30ok3qdv,69378,0.1,VJEPA2,mean,0.9,5,0.3926832049656853,4,AdamW,reduce,5,flip_palm,256,1024,70,-1,True,False,5.235864922015006e-05,no,65,70,1770575103.566837,0.32047477744807124,0.8759906194404011,0.4853932584269663,0.6941527091077244,0.2754098360655738,0.8786360698125404,0.4318766066838046,0.0,84,0.2754098360655738,1.0,305,0.0,0.5897687043299515,65
vital-sweep-2176,bcjnowi0,84407,0.1,VJEPA2_SSV2,mean,0.9,4,0.32161124159247506,4,AdamW,step,6,flip_palm,256,768,178,-1,True,False,2.315003075738326e-05,no,92,178,1770477406.4014466,0.7872340425531915,0.8758778238429648,0.7008547008547008,0.5668336149407013,0.856655290102389,0.8806196133240157,0.7407407407407407,0.9009433962264152,81,0.7407407407407407,0.7407407407407407,293,0.9009433962264152,0.540100637638923,92
desert-sweep-3817,7ade0h48,45526,0.1,VJEPA2_SSV2,mean,0.9,5,0.3426511493816389,4,AdamW,step,5,flip_palm,256,1024,130,-1,True,False,3.860942125616879e-05,no,67,130,1770608867.7521713,0.7872340425531915,0.8758778238429646,0.7008547008547008,0.5626844312644657,0.8293515358361775,0.8854530631260191,0.7093023255813954,0.900990099009901,81,0.6703296703296703,0.7530864197530864,293,0.8584905660377359,0.4673224861669068,67
whole-sweep-4250,rz8lfg62,71581,0.1,VJEPA2_SSV2,mean,0.9,5,0.17556765094847135,4,AdamW,reduce,8,flip_palm,256,512,116,-1,True,False,6.109322869594629e-05,no,63,116,1770643654.1626856,0.8054711246200608,0.8757932143159319,0.7117117117117117,0.5553045345294801,0.8361774744027304,0.880561378989052,0.7,0.883177570093458,81,0.7088607594936709,0.691358024691358,293,0.8915094339622641,0.5013031074316194,63
splendid-sweep-3186,69da3zuh,58334,0.1,VJEPA2_SSV2,mean,0.9,4,0.35129101751685876,4,AdamW,reduce,10,flip_palm,256,768,104,-1,True,False,3.7419276507146656e-05,no,61,104,1770558467.125734,0.7872340425531915,0.8757509095524156,0.6956521739130435,0.5455478730535073,0.8498293515358362,0.8770090845562545,0.7215189873417721,0.8888888888888888,81,0.7402597402597403,0.7037037037037037,293,0.9056603773584906,0.5227978742948853,61
sandy-sweep-3861,cbyojwen,18657,0.1,VJEPA2_SSV2,mean,0.9,5,0.16102508282948091,4,AdamW,reduce,6,flip_palm,256,512,199,-1,True,False,1.666098624804336e-05,no,95,199,1770612308.0176668,0.7811550151975684,0.8757509095524156,0.7,0.5882372444886205,0.7986348122866894,0.868390402981598,0.6589595375722543,0.8805970149253731,81,0.6195652173913043,0.7037037037037037,293,0.8349056603773585,0.5606886797612256,95
smart-sweep-1600,mg2fgf0r,49643,0.1,VJEPA2_SSV2,mean,0.9,4,0.4516920341870291,4,AdamW,step,9,flip_palm,256,768,153,-1,True,False,3.689757575195002e-05,no,67,153,1770431694.6894834,0.7720364741641338,0.8757509095524156,0.701195219123506,0.6255363698788327,0.78839590443686,0.8771837875611461,0.6836734693877551,0.9213483146067416,81,0.5826086956521739,0.8271604938271605,293,0.7735849056603774,0.5467262521828755,67
floral-sweep-1459,ua5jr2k8,60159,0.1,VJEPA2_SSV2,mean,0.9,5,0.40438693009799886,4,AdamW,reduce,7,flip_palm,256,768,170,-1,True,False,6.033187701661477e-05,no,79,170,1770420482.3480492,0.7963525835866262,0.8757509095524156,0.7148936170212766,0.606657820269692,0.8088737201365188,0.8858607034707664,0.6781609195402298,0.89,81,0.6344086021505376,0.7283950617283951,293,0.839622641509434,0.5308118078968312,79
sweepy-sweep-3334,fumqml0o,53458,0.1,VJEPA2_SSV2,mean,0.9,5,0.16119981693088403,4,AdamW,reduce,8,flip_palm,256,768,79,-1,True,False,9.751230947751246e-05,no,51,79,1770570107.2135458,0.8115501519756839,0.8757086047888993,0.7256637168141593,0.569824354989188,0.8395904436860068,0.8834730957372467,0.7151515151515152,0.8947368421052632,81,0.7023809523809523,0.7283950617283951,293,0.8820754716981132,0.49023561253406034,51
peach-sweep-261,v2j9hdqs,41964,0.1,VJEPA2_SSV2,mean,0.9,4,0.22527157599663347,4,AdamW,reduce,7,flip_palm,256,1024,98,-1,True,False,3.317285159795493e-05,no,67,98,1770321996.2088134,0.7811550151975684,0.8757086047888992,0.7165354330708661,0.6162664473600301,0.7747440273037542,0.869438621010948,0.65625,0.9010989010989012,81,0.5675675675675675,0.7777777777777778,293,0.7735849056603774,0.546516755429825,67
valiant-sweep-2445,8e98c4qi,89267,0.1,VJEPA2,mean,0.9,3,0.27271097302857605,4,AdamW,step,8,flip_palm,256,512,37,-1,True,False,0.00030421460156497814,no,44,37,1770498658.1620317,0.32047477744807124,0.8757075853145723,0.4853932584269663,0.677786331679064,0.2754098360655738,0.8722796811032104,0.4318766066838046,0.0,84,0.2754098360655738,1.0,305,0.0,0.5794289616876812,44
avid-sweep-3031,z0vqkwim,96330,0.1,VJEPA2,mean,0.9,4,0.3730513158261812,4,AdamW,reduce,6,flip_palm,256,768,73,-1,True,False,0.00010992571291656948,no,53,73,1770546488.6123269,0.32047477744807124,0.8757075853145722,0.4853932584269663,0.7018324571830229,0.2754098360655738,0.8787438052143934,0.4318766066838046,0.0,84,0.2754098360655738,1.0,305,0.0,0.5758596487592852,53
still-sweep-2016,5yhwazeo,20853,0.1,VJEPA2,mean,0.9,4,0.30818429486684523,4,AdamW,reduce,4,flip_palm,256,1024,147,-1,True,False,2.935679594039853e-05,no,71,147,1770464651.9264123,0.7774480712166172,0.8756671518680254,0.701195219123506,0.628508640679832,0.7901639344262295,0.8813294548588666,0.6767676767676768,0.9109947643979056,84,0.5877192982456141,0.7976190476190477,305,0.7873303167420814,0.57188327574844,71
amber-sweep-2500,0fc0qeek,58644,0.1,VJEPA2,mean,0.9,4,0.2801441458898699,4,AdamW,reduce,5,flip_palm,256,512,38,-1,True,False,0.0003303139091184007,no,36,38,1770503153.3213332,0.8130563798219584,0.8756671518680252,0.7014218009478673,0.5547487969214555,0.8262295081967214,0.8859620771385477,0.6971428571428572,0.8925233644859814,84,0.6703296703296703,0.7261904761904762,305,0.8642533936651584,0.48193828440739206,36
misty-sweep-2369,yyef05qu,54194,0.1,VJEPA2,mean,0.9,3,0.4528480865448682,4,AdamW,reduce,6,flip_palm,256,512,48,-1,True,False,7.079389303052572e-05,no,48,48,1770492772.9748127,0.32047477744807124,0.8756671518680252,0.4853932584269663,0.6783442290317411,0.2754098360655738,0.8753501400560224,0.4318766066838046,0.0,84,0.2754098360655738,1.0,305,0.0,0.6243984000534533,48
fluent-sweep-1539,sx548ln8,39781,0.1,VJEPA2,mean,0.9,3,0.36954066232030514,4,AdamW,reduce,4,flip_palm,256,512,109,-1,True,False,2.6643535530924367e-05,no,48,109,1770426756.4139829,0.32047477744807124,0.8756671518680252,0.4853932584269663,0.7112737402364125,0.2754098360655738,0.8734109028226675,0.4318766066838046,0.0,84,0.2754098360655738,1.0,305,0.0,0.6396532238385324,48
kind-sweep-2451,4dm6k6kp,55442,0.1,VJEPA2,mean,0.9,4,0.3600804419822642,4,AdamW,reduce,6,flip_palm,256,768,186,-1,True,False,2.068810919741889e-05,no,86,186,1770499150.5067894,0.32047477744807124,0.8756671518680251,0.4853932584269663,0.7163243081520149,0.2754098360655738,0.8752962723550959,0.4318766066838046,0.0,84,0.2754098360655738,1.0,305,0.0,0.6110034565035807,86
neat-sweep-2230,0ykrwu66,41410,0.1,VJEPA2_SSV2,mean,0.9,5,0.4053804677360298,4,AdamW,reduce,8,flip_palm,256,768,182,-1,True,False,1.7739781285163552e-05,no,84,182,1770481615.4986312,0.7750759878419453,0.8756663000253828,0.6942148760330579,0.5990945912422018,0.8054607508532423,0.8747379454926625,0.6815642458100558,0.8974358974358975,81,0.6224489795918368,0.7530864197530864,293,0.8254716981132075,0.5550888050900827,84
colorful-sweep-1673,djp413tw,91234,0.1,VJEPA2_SSV2,mean,0.9,5,0.18967303668192723,4,AdamW,reduce,7,flip_palm,256,1024,79,-1,True,False,5.7970860922773686e-05,no,51,79,1770437441.5413866,0.8115501519756839,0.8755393857348338,0.7155963302752294,0.5584938712757771,0.8395904436860068,0.8809107849988352,0.6967741935483871,0.8767123287671232,81,0.7297297297297297,0.6666666666666666,293,0.9056603773584906,0.5289795150851259,51
electric-sweep-1525,gek9ij9n,932,0.1,VJEPA2_SSV2,mean,0.9,5,0.4978821075183246,4,AdamW,reduce,6,flip_palm,256,512,92,-1,True,False,4.643329293607348e-05,no,65,92,1770425722.319227,0.7811550151975684,0.8755393857348337,0.6949152542372882,0.5790804325628426,0.8225255972696246,0.8722921034241788,0.6904761904761905,0.8883495145631068,81,0.6666666666666666,0.7160493827160493,293,0.8632075471698113,0.5741679355649665,65
firm-sweep-797,bvuqd0xv,93028,0.1,VJEPA2_SSV2,mean,0.9,5,0.44674545746355754,4,AdamW,reduce,3,flip_palm,256,768,42,-1,True,False,8.321323189661583e-05,no,49,42,1770367048.1417377,0.7811550151975684,0.8755393857348337,0.6974789915966386,0.577935622999371,0.8122866894197952,0.873282087118565,0.6820809248554913,0.8905472636815921,81,0.6413043478260869,0.7283950617283951,293,0.8443396226415094,0.5395891802145703,49
trim-sweep-971,i5b5ur7j,35719,0.1,VJEPA2_SSV2,mean,0.9,5,0.15560366533440068,4,AdamW,reduce,7,flip_palm,256,1024,182,-1,True,False,1.2130080098838694e-05,no,63,182,1770381013.4870243,0.7720364741641338,0.8754970809713174,0.6963562753036437,0.6090280332101514,0.7849829351535836,0.8647798742138365,0.6440677966101694,0.8781725888324873,81,0.59375,0.7037037037037037,293,0.8160377358490566,0.5797212849749197,63
wild-sweep-1570,io9bzfim,16337,0.1,VJEPA2_SSV2,mean,0.9,5,0.2592577606676574,4,AdamW,reduce,7,flip_palm,256,1024,156,-1,True,False,2.404781775343795e-05,no,80,156,1770429278.6070075,0.729483282674772,0.8754970809713173,0.6810035842293907,0.6447710126728997,0.7133105802047781,0.873340321453529,0.6283185840707964,0.9324324324324323,81,0.4896551724137931,0.8765432098765432,293,0.6509433962264151,0.5297265454094009,80
stoic-sweep-3098,8x8eyveu,68607,0.1,VJEPA2,mean,0.9,5,0.3011297384640985,4,AdamW,reduce,3,flip_palm,256,768,142,-1,True,False,1.7617836302922968e-05,no,69,142,1770551619.5816286,0.32047477744807124,0.8754649846352902,0.4853932584269663,0.68351135674853,0.2754098360655738,0.8803059685412628,0.4318766066838046,0.0,84,0.2754098360655738,1.0,305,0.0,0.5883925867993296,69
drawn-sweep-1974,3i3jt2hm,5917,0.1,VJEPA2_SSV2,mean,0.9,3,0.3113477105770291,4,AdamW,reduce,7,flip_palm,256,768,95,-1,True,False,3.0761189112967926e-05,no,56,95,1770461347.1831048,0.3221884498480243,0.875454776207801,0.48735632183908045,0.6798293481844174,0.2764505119453925,0.8665851385977172,0.43315508021390375,0.0,81,0.2764505119453925,1.0,293,0.0,0.5810854901181589,56
clear-sweep-3663,dl1iq089,26717,0.1,VJEPA2_SSV2,mean,0.9,4,0.25765768707464265,4,AdamW,reduce,8,flip_palm,256,768,156,-1,True,False,1.6979363777032614e-05,no,63,156,1770596477.7253263,0.7689969604863222,0.8754124714442847,0.696,0.5931971375703087,0.7815699658703071,0.8680409969718146,0.6559139784946236,0.8936170212765957,81,0.580952380952381,0.7530864197530864,293,0.7924528301886793,0.5449282166981461,63
stilted-sweep-395,pxj8eslq,45361,0.1,VJEPA2_SSV2,mean,0.9,4,0.34937936819104803,4,AdamW,reduce,7,flip_palm,256,1024,148,-1,True,False,3.226877452112914e-05,no,86,148,1770333612.7947707,0.8085106382978723,0.8754124714442846,0.7123287671232876,0.5469105346949267,0.8395904436860068,0.8835895644071745,0.7006369426751592,0.880184331797235,81,0.7236842105263158,0.6790123456790124,293,0.9009433962264152,0.5254346586690091,86
magic-sweep-4239,zcooqm0n,55817,0.1,VJEPA2,mean,0.9,3,0.3741985397027434,4,AdamW,reduce,4,flip_palm,256,768,135,-1,True,False,2.0871125463357033e-05,no,74,135,1770642763.7697575,0.32047477744807124,0.8753841177421964,0.4853932584269663,0.6914254423418809,0.2754098360655738,0.8805753070458953,0.4318766066838046,0.0,84,0.2754098360655738,1.0,305,0.0,0.6167709046003351,74
honest-sweep-1511,7z8u18sz,48435,0.1,VJEPA2,mean,0.9,3,0.12628275342800196,4,AdamW,reduce,5,flip_palm,256,1024,123,-1,True,False,2.1049092240830975e-05,no,82,123,1770424614.1880405,0.6765578635014837,0.8753841177421964,0.6402640264026402,0.6489201244685345,0.6918032786885245,0.8785822021116139,0.6083333333333333,0.9261744966442952,84,0.4679487179487179,0.8690476190476191,305,0.6244343891402715,0.5695297743715168,82
snowy-sweep-3393,h5v60x2c,47061,0.1,VJEPA2,mean,0.9,4,0.2367486178805118,4,AdamW,step,4,flip_palm,256,1024,113,-1,True,False,1.833427267532961e-05,no,73,113,1770574793.6199338,0.7507418397626113,0.8753841177421963,0.6911764705882353,0.6166271811423033,0.7475409836065574,0.8791208791208791,0.641860465116279,0.913793103448276,84,0.5267175572519084,0.8214285714285714,305,0.7194570135746606,0.5600761779757778,73
royal-sweep-3560,86s8ih2w,32529,0.1,VJEPA2_SSV2,mean,0.9,3,0.2638394001731299,4,AdamW,reduce,3,flip_palm,256,1024,88,-1,True,False,2.591308528246128e-05,no,55,88,1770588189.653792,0.7598784194528876,0.8752855571537356,0.6852589641434262,0.5961845223664513,0.7781569965870307,0.8713021197297927,0.6524064171122995,0.893048128342246,81,0.5754716981132075,0.7530864197530864,293,0.7877358490566038,0.539664103843198,55
desert-sweep-2081,7gsl9zeu,61968,0.1,VJEPA2_SSV2,mean,0.9,4,0.17574525414431472,4,AdamW,reduce,9,flip_palm,256,1024,126,-1,True,False,6.132031904052073e-05,no,67,126,1770469755.6049514,0.7963525835866262,0.8752855571537356,0.7148936170212766,0.594446245479004,0.7986348122866894,0.8823666433729327,0.6628571428571428,0.8844221105527639,81,0.6170212765957447,0.7160493827160493,293,0.8301886792452831,0.4926551695507352,67
eager-sweep-2817,z45x9oad,32619,0.1,VJEPA2_SSV2,mean,0.9,4,0.3985443934898951,4,AdamW,step,5,flip_palm,256,1024,190,-1,True,False,2.6296055571888817e-05,no,87,190,1770529013.7921257,0.8115501519756839,0.8752855571537355,0.7256637168141593,0.5677480351598791,0.8395904436860068,0.8834730957372466,0.7080745341614907,0.8873239436619719,81,0.7125,0.7037037037037037,293,0.8915094339622641,0.5358208642147555,87
ancient-sweep-2883,fdzp4jmz,35610,0.1,VJEPA2_SSV2,mean,0.9,4,0.29368071225279213,4,AdamW,reduce,5,flip_palm,256,256,189,-1,True,False,2.9189724156276276e-05,no,83,189,1770534266.407962,0.3221884498480243,0.8752855571537355,0.48735632183908045,0.7328565158742539,0.2764505119453925,0.8640810621942697,0.43315508021390375,0.0,81,0.2764505119453925,1.0,293,0.0,0.6114839026243379,83
worldly-sweep-3161,epqie7ux,24395,0.1,VJEPA2_SSV2,mean,0.9,3,0.4514571196449147,4,AdamW,step,5,flip_palm,256,768,57,-1,True,False,6.645687118378661e-05,no,52,57,1770556512.3010662,0.7811550151975684,0.8752432523902192,0.6949152542372882,0.5995871165603127,0.8156996587030717,0.8688562776613091,0.6785714285714286,0.883495145631068,81,0.6551724137931034,0.7037037037037037,293,0.8584905660377359,0.5777389814357946,52
eager-sweep-1490,fcha11re,68853,0.1,VJEPA2_SSV2,mean,0.9,4,0.22760235848980992,4,AdamW,reduce,8,flip_palm,256,1024,150,-1,True,False,2.069438405962364e-05,no,67,150,1770422917.9511137,0.7355623100303952,0.8752009476267028,0.6614785992217899,0.6393959299409281,0.7781569965870307,0.8739808991381317,0.6632124352331606,0.9060773480662984,81,0.5714285714285714,0.7901234567901234,293,0.7735849056603774,0.5978827871898613,67
misunderstood-sweep-2103,r9i4egfe,79536,0.1,VJEPA2_SSV2,mean,0.9,5,0.14451471975025348,4,AdamW,step,5,flip_palm,256,768,124,-1,True,False,2.316081643225792e-05,no,78,124,1770471587.2628665,0.7598784194528876,0.8752009476267028,0.6996197718631179,0.6260416897234583,0.7474402730375427,0.870079198695551,0.6336633663366337,0.9011627906976744,81,0.5289256198347108,0.7901234567901234,293,0.7311320754716981,0.5733272026080897,78
whole-sweep-1215,1lrop77n,50387,0.1,VJEPA2,mean,0.9,3,0.29248213894519315,4,AdamW,reduce,4,flip_palm,256,768,99,-1,True,False,5.608733176813224e-05,no,44,99,1770400552.1880343,0.798219584569733,0.8751819505094615,0.6909090909090909,0.6042985217507586,0.8229508196721311,0.8837535014005602,0.686046511627907,0.8847926267281107,84,0.6704545454545454,0.7023809523809523,305,0.8687782805429864,0.5731707192493968,44
snowy-sweep-2940,6x0wo1xo,39233,0.1,VJEPA2_SSV2,mean,0.9,4,0.33222605110278947,4,AdamW,reduce,7,flip_palm,256,256,127,-1,True,False,4.325801261000009e-05,no,65,127,1770538861.9909496,0.78419452887538,0.8751586428631863,0.70042194092827,0.5565266029450668,0.8156996587030717,0.8724085720941067,0.686046511627907,0.8910891089108911,81,0.6483516483516484,0.7283950617283951,293,0.8490566037735849,0.5143880265774113,65
sweet-sweep-3634,9cfnbhkf,30239,0.1,VJEPA2,mean,0.9,5,0.24596675061549772,4,AdamW,step,8,flip_palm,256,768,84,-1,True,False,0.0008338158985080057,no,66,84,1770594090.3544054,0.8100890207715133,0.8751415170629144,0.6981132075471698,0.43780361792454026,0.8229508196721311,0.8817603964662788,0.686046511627907,0.8847926267281107,84,0.6704545454545454,0.7023809523809523,305,0.8687782805429864,0.21869484060689023,66
magic-sweep-3918,42b4rhvv,74066,0.1,VJEPA2_SSV2,mean,0.9,5,0.36796634908759274,4,AdamW,reduce,9,flip_palm,256,512,152,-1,True,False,3.7221671123868855e-05,no,71,152,1770616849.133194,0.7720364741641338,0.87511633809967,0.691358024691358,0.6158506857587936,0.8156996587030717,0.875553226182157,0.6966292134831461,0.903061224489796,81,0.6391752577319587,0.7654320987654321,293,0.8349056603773585,0.5713191616653216,71
swept-sweep-1501,4o4awikz,57848,0.1,VideoPrism,mean,0.9,3,0.24192913672902444,4,AdamW,reduce,8,head_pose,256,256,195,-1,True,False,0.002420558240518238,no,50,195,1770400661.097698,0.7794117647058824,0.8625089648577576,0.6938775510204082,0.605702701736899,0.7661290322580645,0.8042468728934162,0.6588235294117647,0.8535031847133758,79,0.6153846153846154,0.7088607594936709,248,0.7928994082840237,0.1853228190807792,50
polar-sweep-3872,vz3j2dfu,57451,0.1,VideoPrism,mean,0.9,4,0.4768205889492686,4,AdamW,reduce,10,head_pose,256,768,197,-1,True,False,0.0008345611753105631,no,49,197,1770548791.3986375,0.7830882352941176,0.8567116901745159,0.7121951219512195,0.5667386545854456,0.75,0.800913789229271,0.6309523809523809,0.8364779874213837,79,0.5955056179775281,0.6708860759493671,248,0.7869822485207101,0.25705890078854754,49
iconic-sweep-2102,w5u80vri,43391,0.1,VideoPrism,mean,0.9,4,0.40001587930864746,4,AdamW,reduce,3,head_pose,256,1024,118,-1,True,False,0.0010487506913943172,no,33,118,1770438540.7434528,0.7941176470588235,0.8561439158498685,0.7307692307692307,0.5551052373998305,0.7620967741935484,0.8062691933188525,0.6589595375722543,0.8571428571428571,79,0.6063829787234043,0.7215189873417721,248,0.7810650887573964,0.26910550977156417,33
graceful-sweep-2181,kn0e23j5,77365,0.1,VideoPrism,mean,0.9,4,0.269339731362786,4,AdamW,reduce,8,head_pose,256,1024,194,-1,True,False,0.0009877830819417933,no,47,194,1770443583.0106378,0.7720588235294118,0.8559048529763328,0.69,0.5792702927308924,0.75,0.8041345217586698,0.6172839506172839,0.8242424242424242,79,0.6024096385542169,0.6329113924050633,248,0.8047337278106509,0.2565645292037871,47
still-sweep-3873,n0w2sj9a,84209,0.1,VideoPrism,mean,0.9,5,0.32431890098225347,4,AdamW,step,5,head_pose,256,768,157,-1,True,False,0.002022013965079248,no,40,157,1770548843.8253214,0.7830882352941176,0.8533946928042075,0.700507614213198,0.5389227306141573,0.7661290322580645,0.811175192869448,0.6419753086419753,0.8363636363636363,79,0.6265060240963856,0.6582278481012658,248,0.8165680473372781,0.1748166033407537,40
good-sweep-2617,22goa923,93790,0.1,VideoPrism,mean,0.9,4,0.12810735304251028,4,AdamW,reduce,6,head_pose,256,512,172,-1,True,False,0.0007402438624736772,no,42,172,1770470625.81066,0.7536764705882353,0.8528568013387521,0.6995515695067265,0.7094400419908411,0.7338709677419355,0.8032731630589468,0.6451612903225806,0.8652482269503546,79,0.5607476635514018,0.759493670886076,248,0.7218934911242604,0.3942384230412118,42
sandy-sweep-2711,rrpbtrwj,44117,0.1,VideoPrism,mean,0.9,3,0.15177623996853973,4,AdamW,reduce,9,head_pose,256,768,159,-1,True,False,0.002278611742807897,no,36,159,1770476549.546685,0.7757352941176471,0.8526476213244083,0.7053140096618358,0.6270088272936204,0.7620967741935484,0.807654857314059,0.6666666666666666,0.8666666666666667,79,0.6020408163265306,0.7468354430379747,248,0.7692307692307693,0.28620872483020876,36
dashing-sweep-4628,jem9awnx,20559,0.1,VideoPrism,mean,0.9,5,0.479250109839919,4,AdamW,reduce,5,head_pose,256,1024,132,-1,True,False,0.0013189489993830716,no,37,132,1770596446.1278615,0.7867647058823529,0.8525878556060245,0.7070707070707071,0.5302814701024223,0.7258064516129032,0.7964197438394127,0.5802469135802469,0.806060606060606,79,0.5662650602409639,0.5949367088607594,248,0.7869822485207101,0.21596934894720712,37
deft-sweep-4980,bdatka08,12565,0.1,VideoPrism,mean,0.9,4,0.29778636396495745,4,AdamW,reduce,7,head_pose,256,1024,149,-1,True,False,0.0005461811743055705,no,43,149,1770618301.6263487,0.7463235294117647,0.8524384413100645,0.6986899563318777,0.6978291763978846,0.7016129032258065,0.7981050108606097,0.6145833333333334,0.8518518518518519,79,0.5221238938053098,0.7468354430379747,248,0.6804733727810651,0.4163840861339879,43
absurd-sweep-126,a3vznhdg,38851,0.1,VideoPrism,mean,0.9,3,0.3943533784155746,4,AdamW,reduce,10,head_pose,256,768,188,-1,True,False,0.0014950802261174726,no,50,188,1770310899.949755,0.7941176470588235,0.8514224240975377,0.7142857142857143,0.517683463938096,0.7338709677419355,0.7982548123736051,0.5925925925925926,0.8121212121212121,79,0.5783132530120482,0.6075949367088608,248,0.7928994082840237,0.23226832846800485,50
olive-sweep-4337,di17elbe,2,0.1,VideoPrism,mean,0.9,5,0.2518977457118884,4,AdamW,step,10,head_pose,256,512,148,-1,True,False,0.0057510741627498875,no,33,148,1770577845.6776097,0.8014705882352942,0.8511833612240018,0.7326732673267327,0.49823299225638895,0.7258064516129032,0.8128979102688938,0.5903614457831325,0.8136645962732919,79,0.5632183908045977,0.620253164556962,248,0.7751479289940828,0.2060640167172362,33
amber-sweep-880,9ic4wmi5,30364,0.1,VideoPrism,mean,0.9,5,0.328700471264676,4,AdamW,reduce,5,head_pose,256,1024,138,-1,True,False,0.001942665394336154,no,16,138,1770360673.6440885,0.7904411764705882,0.8496294525460195,0.7106598984771574,0.5380177778356215,0.75,0.808853269418021,0.6219512195121951,0.8282208588957055,79,0.6,0.6455696202531646,248,0.7988165680473372,0.1869754351493789,16
toasty-sweep-446,kln8wba6,65798,0.1,VideoPrism,mean,0.9,4,0.22573252648334827,4,AdamW,step,4,head_pose,256,768,129,-1,True,False,0.002167120932403137,no,35,129,1770332759.0622618,0.7977941176470589,0.8495995696868276,0.7263681592039801,0.5491100479574764,0.7540322580645161,0.8079919107182982,0.6303030303030303,0.8333333333333334,79,0.6046511627906976,0.6582278481012658,248,0.7988165680473372,0.1983023536641423,35
driven-sweep-4931,mqsnd4t4,57173,0.1,VideoPrism,mean,0.9,4,0.37976381798946546,4,AdamW,reduce,10,head_pose,256,1024,98,-1,True,False,0.000772908345757298,no,22,98,1770615250.747864,0.7683823529411765,0.8477767152761175,0.7014218009478673,0.62794529690462,0.7379032258064516,0.8075050558010636,0.6408839779005525,0.8561643835616438,79,0.5686274509803921,0.7341772151898734,248,0.7396449704142012,0.4178403918820668,22
apricot-sweep-3705,ew58xd3n,41034,0.1,VideoPrism,mean,0.9,4,0.10546923533778284,4,AdamW,reduce,8,head_pose,256,1024,77,-1,True,False,0.0011734143315300664,no,27,77,1770538479.33831,0.7830882352941176,0.8472388238106622,0.7255813953488373,0.6114284361110014,0.7459677419354839,0.811587147030185,0.6440677966101694,0.8533333333333334,79,0.5816326530612245,0.7215189873417721,248,0.757396449704142,0.376467214367254,27
jolly-sweep-1528,5zrhf5kf,45601,0.1,VideoPrism,mean,0.9,5,0.4177876353310891,4,AdamW,reduce,6,head_pose,256,512,131,-1,True,False,0.0024512952487767436,no,31,131,1770402301.236008,0.7794117647058824,0.8472089409514703,0.7,0.5564670808175031,0.7298387096774194,0.8105010860609693,0.5838509316770186,0.8072289156626506,79,0.573170731707317,0.5949367088607594,248,0.7928994082840237,0.24879492698161584,31
vague-sweep-3183,bat3cbva,19078,0.1,VideoPrism,mean,0.9,3,0.4358095828251165,4,AdamW,reduce,3,head_pose,256,1024,133,-1,True,False,0.00624946148112932,no,22,133,1770505689.986169,0.7794117647058824,0.8471491752330862,0.7115384615384616,0.4989871137282428,0.7338709677419355,0.8026365066287171,0.6162790697674418,0.832258064516129,79,0.5698924731182796,0.6708860759493671,248,0.7633136094674556,0.24547638992468515,22
eager-sweep-1065,v1as4vqz,60202,0.1,VideoPrism,mean,0.9,3,0.3897300405669136,4,AdamW,reduce,5,head_pose,256,1024,102,-1,True,False,0.0008520968370914518,no,32,102,1770372504.0208757,0.7794117647058824,0.8459538608654077,0.7142857142857143,0.6160359733244952,0.7419354838709677,0.8069433001273313,0.6404494382022472,0.8523489932885906,79,0.5757575757575758,0.7215189873417721,248,0.7514792899408284,0.392239915161598,32
dainty-sweep-3962,ilh14b59,83117,0.1,VideoPrism,mean,0.9,5,0.4249011421532213,4,AdamW,step,10,head_pose,256,1024,108,-1,True,False,0.00041789693809337654,no,20,108,1770554396.3391602,0.7536764705882353,0.8440413578771216,0.6940639269406392,0.6547895073890686,0.7379032258064516,0.8082166129877912,0.6524064171122995,0.8714285714285714,79,0.5648148148148148,0.7721518987341772,248,0.7218934911242604,0.46353192058036,20
cosmic-sweep-739,072on0h5,51559,0.1,VideoPrism,mean,0.9,4,0.4600357688465168,4,AdamW,reduce,4,head_pose,256,256,192,-1,True,False,0.0003788061955468097,no,50,192,1770351631.4466107,0.7720588235294118,0.8428161606502511,0.7047619047619048,0.6094616581411922,0.7459677419354839,0.8080293610965471,0.6358381502890174,0.8441558441558441,79,0.5851063829787234,0.6962025316455697,248,0.7692307692307693,0.3814238215365061,50
bumbling-sweep-4053,02gfd1rr,90077,0.1,VideoPrism,mean,0.9,4,0.2557425579237764,4,AdamW,reduce,3,head_pose,256,256,194,-1,True,False,0.002521282387661792,no,49,194,1770559993.8717136,0.7720588235294118,0.8424874491991394,0.6804123711340206,0.5684398202335134,0.7298387096774194,0.7989663695603327,0.593939393939394,0.8148148148148148,79,0.5697674418604651,0.620253164556962,248,0.7810650887573964,0.23427123909558703,49
snowy-sweep-1836,kanf5eo9,43944,0.1,VideoPrism,mean,0.9,3,0.38866462284716474,4,AdamW,reduce,3,head_pose,256,768,124,-1,True,False,0.00040330249317184177,no,37,124,1770421991.8200302,0.7683823529411765,0.841979440592876,0.7014218009478673,0.6202220706378713,0.7338709677419355,0.8073552542880683,0.6292134831460674,0.8456375838926175,79,0.5656565656565656,0.7088607594936709,248,0.7455621301775148,0.38821520747208016,37
sweepy-sweep-2320,oohs2gjd,99602,0.1,VideoPrism,mean,0.9,5,0.4290282805752412,4,AdamW,reduce,7,head_pose,256,256,131,-1,True,False,0.0024725097742132156,no,40,131,1770452207.7390914,0.7720588235294118,0.8415610805641884,0.693069306930693,0.5608513705870685,0.75,0.8007265373380272,0.6352941176470588,0.8407643312101911,79,0.5934065934065934,0.6835443037974683,248,0.7810650887573964,0.23755634255040953,40
faithful-sweep-1793,6bhmt3xb,92822,0.1,VideoPrism,mean,0.9,3,0.1445898216302719,4,AdamW,reduce,8,head_pose,256,256,162,-1,True,False,0.0030875126712855113,no,29,162,1770419176.8355503,0.7757352941176471,0.8414116662682286,0.6839378238341969,0.5276065083111033,0.7258064516129032,0.8012133922552619,0.575,0.8023952095808383,79,0.5679012345679012,0.5822784810126582,248,0.7928994082840237,0.20598451369177032,29
morning-sweep-5466,9xk8u24c,62166,0.1,VideoPrism,mean,0.9,5,0.261523002490322,4,AdamW,step,10,head_pose,256,1024,85,-1,True,False,0.0030638857765511265,no,21,85,1770648552.2851305,0.7794117647058824,0.841023189098733,0.6938775510204082,0.527709045830895,0.7338709677419355,0.795108980600704,0.5822784810126582,0.8047337278106509,79,0.5822784810126582,0.5822784810126582,248,0.8047337278106509,0.21568969800704865,21
prime-sweep-814,onfjpiq8,26670,0.1,VideoPrism,mean,0.9,4,0.39276630301021065,4,AdamW,reduce,4,head_pose,256,768,175,-1,True,False,0.00028103252271222703,no,31,175,1770356584.4992468,0.7647058823529411,0.8407243605068133,0.7009345794392523,0.6248743779519025,0.7379032258064516,0.8030110104112052,0.632768361581921,0.8466666666666667,79,0.5714285714285714,0.7088607594936709,248,0.7514792899408284,0.420340010063435,31
feasible-sweep-199,ck3loz21,42702,0.1,VideoPrism,mean,0.9,4,0.49939275992683174,4,AdamW,reduce,10,head_pose,256,768,187,-1,True,False,0.0009175368828320432,no,50,187,1770315807.530515,0.7867647058823529,0.8394393975615586,0.6979166666666666,0.5073128798428703,0.7459677419354839,0.7976930566998727,0.5882352941176471,0.8045977011494253,79,0.6081081081081081,0.569620253164557,248,0.8284023668639053,0.23499616919978847,50
genial-sweep-4319,4s9lvlud,84183,0.1,VideoPrism,mean,0.9,4,0.3693778916828371,4,AdamW,step,5,head_pose,256,512,162,-1,True,False,0.00029362592747256077,no,31,162,1770576647.0861936,0.7610294117647058,0.8389313889552953,0.6919431279620853,0.6151024558964897,0.7419354838709677,0.8050333308366415,0.627906976744186,0.8387096774193549,79,0.5806451612903226,0.6835443037974683,248,0.7692307692307693,0.43885407409047694,31
lyric-sweep-1912,bsf3doxh,19247,0.1,VideoPrism,mean,0.9,4,0.40146838904997706,4,AdamW,reduce,7,head_pose,256,512,163,-1,True,False,0.0007669693904735882,no,38,163,1770426467.525319,0.7610294117647058,0.8384532632082238,0.6766169154228856,0.5471973489312565,0.7419354838709677,0.7978054078346193,0.6097560975609756,0.8220858895705522,79,0.5882352941176471,0.6329113924050633,248,0.7928994082840237,0.26404863595962524,38
peachy-sweep-1862,as9nakkx,97785,0.1,VideoPrism,mean,0.9,4,0.2434538577442673,4,AdamW,step,10,head_pose,256,1024,156,-1,True,False,0.0009504407362057422,no,30,156,1770423404.341567,0.7757352941176471,0.838273966053072,0.6934673366834171,0.5374956130981445,0.7459677419354839,0.796382293461164,0.6086956521739131,0.8192771084337349,79,0.5975609756097561,0.620253164556962,248,0.8047337278106509,0.2764220765935696,30
wild-sweep-704,rd10nh3c,38570,0.1,VideoPrism,mean,0.9,4,0.34680913739568886,4,AdamW,reduce,8,head_pose,256,512,182,-1,True,False,0.0008776935327322755,no,51,182,1770349292.9814756,0.7757352941176471,0.8367499402342816,0.6903553299492385,0.5248516973327187,0.7298387096774194,0.7905400344543481,0.567741935483871,0.7965116279069767,79,0.5789473684210527,0.5569620253164557,248,0.8106508875739645,0.2573256221244006,51
glowing-sweep-3306,qv5bki6f,68047,0.1,VideoPrism,mean,0.9,4,0.15340469236039012,4,AdamW,step,8,head_pose,256,1024,157,-1,True,False,0.005553289689794773,no,50,157,1770513592.0655696,0.7757352941176471,0.8361821659096342,0.6702702702702703,0.5032480744754567,0.7298387096774194,0.7733503108381394,0.5732484076433121,0.8,79,0.5769230769230769,0.569620253164557,248,0.8047337278106509,0.16630759992735172,50
fresh-sweep-3430,3hmf9b1b,52949,0.1,VideoPrism,mean,0.9,3,0.38753119212054576,4,AdamW,reduce,8,head_pose,256,256,141,-1,True,False,0.009879215225528667,no,29,141,1770521377.6782598,0.7573529411764706,0.8353753287114511,0.6796116504854369,0.5643586656626534,0.7580645161290323,0.8152947344768182,0.6341463414634146,0.8343558282208589,79,0.611764705882353,0.6582278481012658,248,0.8047337278106509,0.33598301541514514,29
fearless-sweep-5000,n9a2gq99,92392,0.1,VideoPrism,mean,0.9,4,0.39402211250349506,4,AdamW,reduce,5,head_pose,256,512,191,-1,True,False,0.0009460320502945448,no,40,191,1770619631.8267972,0.7794117647058824,0.8353454458522591,0.696969696969697,0.5114339800441966,0.7338709677419355,0.7896786757546252,0.5769230769230769,0.8011695906432749,79,0.5844155844155844,0.569620253164557,248,0.8106508875739645,0.27549267469382865,40
peachy-sweep-1683,n3lhccq3,78273,0.1,VideoPrism,mean,0.9,5,0.41236275763305874,4,AdamW,reduce,5,head_pose,256,256,109,-1,True,False,0.0029541579787980433,no,29,109,1770412041.5064178,0.7867647058823529,0.8351960315562992,0.7070707070707071,0.521827196373659,0.7258064516129032,0.797206201782638,0.569620253164557,0.7988165680473372,79,0.569620253164557,0.569620253164557,248,0.7988165680473372,0.24350324406371857,29
driven-sweep-1477,bcnqkk7l,49487,0.1,VideoPrism,mean,0.9,4,0.4897284454516296,4,AdamW,reduce,4,head_pose,256,768,172,-1,True,False,0.00020233416393863324,no,28,172,1770399036.4664693,0.34558823529411764,0.8340903657661966,0.5136612021857924,0.717327100389144,0.3185483870967742,0.806606246723092,0.4831804281345566,0.0,79,0.3185483870967742,1.0,248,0.0,0.5245915069812681,28
spring-sweep-5475,3txqb43a,32086,0.1,VideoPrism,mean,0.9,3,0.3762890287186821,4,AdamW,reduce,8,head_pose,256,1024,160,-1,True,False,0.004363729234720373,no,45,160,1770649087.52025,0.7757352941176471,0.8339708343294285,0.6839378238341969,0.5184825097813326,0.7419354838709677,0.7802786308141713,0.5897435897435898,0.8070175438596491,79,0.5974025974025974,0.5822784810126582,248,0.8165680473372781,0.1952966825991142,45
peachy-sweep-2803,rxr4ddq0,48453,0.1,VideoPrism,mean,0.9,4,0.45464460776391913,4,AdamW,reduce,7,head_pose,256,768,122,-1,True,False,0.0012606974088272232,no,32,122,1770482346.1141324,0.7867647058823529,0.8333432942863974,0.6881720430107527,0.5036536209723529,0.7419354838709677,0.8021871020897311,0.5733333333333334,0.7966101694915254,79,0.6056338028169014,0.5443037974683544,248,0.834319526627219,0.2364216446876526,32
feasible-sweep-5357,hjx8k07q,27072,0.1,VideoPrism,mean,0.9,5,0.38084480645325114,4,AdamW,reduce,8,head_pose,256,256,114,-1,True,False,0.0017369676712031842,no,31,114,1770641865.3966477,0.7426470588235294,0.8332237628496293,0.6818181818181818,0.6802351930562187,0.75,0.793648415849,0.651685393258427,0.8590604026845637,79,0.5858585858585859,0.7341772151898734,248,0.757396449704142,0.3776060136837688,31
divine-sweep-2746,hzssp1r1,63696,0.1,VideoPrism,mean,0.9,4,0.2486788534565344,4,AdamW,reduce,9,head_pose,256,1024,182,-1,True,False,0.00019874021633963627,no,36,182,1770478729.849841,0.7426470588235294,0.8330743485536697,0.6788990825688074,0.6461391589220833,0.7298387096774194,0.7979552093476143,0.6378378378378379,0.8591549295774648,79,0.5566037735849056,0.7468354430379747,248,0.7218934911242604,0.4734105656786663,36
still-sweep-3944,assd5y48,2146,0.1,VideoPrism,mean,0.9,5,0.3410105583970957,4,AdamW,reduce,9,head_pose,256,512,149,-1,True,False,0.0005713703139222916,no,35,149,1770553190.3603055,0.7720588235294118,0.8325364570882141,0.69,0.5518798512570998,0.7338709677419355,0.7934611639577559,0.5875,0.8083832335329342,79,0.5802469135802469,0.5949367088607594,248,0.7988165680473372,0.33097491225576015,35
fresh-sweep-104,zwgu9ufn,88171,0.1,VideoPrism,mean,0.9,3,0.4197311675510863,4,AdamW,reduce,10,head_pose,256,1024,133,-1,True,False,0.0006065834294336908,no,38,133,1770309349.5307083,0.7720588235294118,0.8320583313411427,0.6868686868686869,0.5265173947109896,0.7419354838709677,0.7882181110029212,0.5897435897435898,0.8070175438596491,79,0.5974025974025974,0.5822784810126582,248,0.8165680473372781,0.30249094526942183,38
royal-sweep-2330,mimsupip,67324,0.1,VideoPrism,mean,0.9,5,0.30871503283126495,4,AdamW,reduce,9,head_pose,256,768,120,-1,True,False,0.0003451630965014194,no,30,120,1770452777.3996243,0.34558823529411764,0.831819268467607,0.5136612021857924,0.7498514161390417,0.3185483870967742,0.8006890869597783,0.4831804281345566,0.0,79,0.3185483870967742,1.0,248,0.0,0.5601474889894811,30
glamorous-sweep-620,8120a2am,93527,0.1,VideoPrism,mean,0.9,4,0.14143011376345394,4,AdamW,reduce,4,head_pose,256,512,97,-1,True,False,0.0018718950867722991,no,18,97,1770343692.6660068,0.7720588235294118,0.8312216112837676,0.6804123711340206,0.5061240301412695,0.7338709677419355,0.793049209797019,0.5769230769230769,0.8011695906432749,79,0.5844155844155844,0.569620253164557,248,0.8106508875739645,0.21839919250185896,18
prime-sweep-2305,04yr696k,50837,0.1,VideoPrism,mean,0.9,3,0.2903782696434669,4,AdamW,step,7,head_pose,256,1024,149,-1,True,False,0.001590321850326965,no,32,149,1770451367.8050425,0.7720588235294118,0.8311917284245757,0.6836734693877551,0.5603430481518016,0.75,0.8038349187326792,0.6172839506172839,0.8242424242424242,79,0.6024096385542169,0.6329113924050633,248,0.8047337278106509,0.28457101694936676,32
copper-sweep-3998,dih0hwue,92057,0.1,VideoPrism,mean,0.9,4,0.10908519074676724,4,AdamW,reduce,9,head_pose,256,768,133,-1,True,False,0.005083916162753146,no,35,133,1770556668.9187438,0.7830882352941176,0.8310721969878079,0.6878306878306878,0.5104183870203355,0.7459677419354839,0.789491423863381,0.5935483870967742,0.8081395348837209,79,0.6052631578947368,0.5822784810126582,248,0.8224852071005917,0.2428848217657911,35
blooming-sweep-3983,jyef23vc,44050,0.1,VideoPrism,mean,0.9,5,0.26829193928951234,4,AdamW,reduce,8,head_pose,256,256,155,-1,True,False,0.0006229898785710302,no,35,155,1770555785.2188623,0.7573529411764706,0.8310423141286157,0.6732673267326733,0.5315135962822858,0.7419354838709677,0.7884802636506629,0.6049382716049383,0.8181818181818182,79,0.5903614457831325,0.620253164556962,248,0.7988165680473372,0.3272072711611182,35
fresh-sweep-3615,7xde9dna,23618,0.1,VideoPrism,mean,0.9,5,0.144477870768406,4,AdamW,reduce,6,head_pose,256,1024,192,-1,True,False,0.001160825847185264,no,49,192,1770532911.0656197,0.7647058823529411,0.8310124312694238,0.6862745098039216,0.5829603531781364,0.7379032258064516,0.7886300651636582,0.6107784431137725,0.825,79,0.5795454545454546,0.6455696202531646,248,0.7810650887573964,0.2967681642470321,49
hearty-sweep-2913,aeuz3hmr,87788,0.1,VideoPrism,mean,0.9,3,0.2164475147034371,4,AdamW,reduce,6,head_pose,256,1024,191,-1,True,False,0.0001217237795708758,no,41,191,1770489044.2369542,0.7389705882352942,0.8309227826918479,0.6757990867579908,0.64276982756222,0.7298387096774194,0.8063815444535989,0.6298342541436464,0.8493150684931506,79,0.5588235294117647,0.7215189873417721,248,0.7337278106508875,0.46989719072977704,41
copper-sweep-5398,4syiitcj,81684,0.1,VideoPrism,mean,0.9,4,0.30304728308320317,4,AdamW,step,10,head_pose,256,1024,127,-1,True,False,0.002696631701887884,no,24,127,1770644445.6033833,0.7573529411764706,0.8305343055223524,0.6597938144329897,0.5283540276920095,0.7338709677419355,0.7939854692532395,0.5714285714285714,0.7976878612716763,79,0.5866666666666667,0.5569620253164557,248,0.8165680473372781,0.19865203473141524,24
faithful-sweep-2128,5uxzixmb,5684,0.1,VideoPrism,mean,0.9,4,0.1042247477684552,4,AdamW,reduce,9,head_pose,256,1024,149,-1,True,False,0.0003255624082473482,no,37,149,1770440246.6329331,0.7720588235294118,0.8302653597896247,0.693069306930693,0.5755219319287468,0.7338709677419355,0.7982173619953562,0.5975609756097561,0.8159509202453987,79,0.5764705882352941,0.620253164556962,248,0.7869822485207101,0.4226826824308411,37
rural-sweep-4779,kub7btms,90811,0.1,VideoPrism,mean,0.9,4,0.2366052452889779,4,AdamW,reduce,9,head_pose,256,768,142,-1,True,False,0.001882618750202208,no,37,142,1770605834.127125,0.7647058823529411,0.8301757112120487,0.6767676767676768,0.5229298086727366,0.7298387096774194,0.8002771327990412,0.5620915032679739,0.7931034482758621,79,0.581081081081081,0.5443037974683544,248,0.8165680473372781,0.2740237405145071,37
fresh-sweep-1905,uzrsox4f,38753,0.1,VideoPrism,mean,0.9,3,0.4298700864603221,4,AdamW,reduce,6,head_pose,256,512,137,-1,True,False,0.0016837890045265703,no,31,137,1770426070.2274013,0.7830882352941176,0.8297872340425533,0.694300518134715,0.5265731110292322,0.7258064516129032,0.7898284772676204,0.575,0.8023952095808383,79,0.5679012345679012,0.5822784810126582,248,0.7928994082840237,0.24416912377365235,31
youthful-sweep-3093,x1elo7zd,20075,0.1,VideoPrism,mean,0.9,4,0.4503335448686715,4,AdamW,reduce,7,head_pose,256,256,153,-1,True,False,0.0003462556955283387,no,43,153,1770500158.6914487,0.75,0.8293091082954817,0.6822429906542056,0.6419574337847093,0.7379032258064516,0.7959703393004269,0.6368715083798883,0.8513513513513513,79,0.57,0.7215189873417721,248,0.7455621301775148,0.47088832390017626,43
divine-sweep-4873,yhtetxzo,12677,0.1,VideoPrism,mean,0.9,5,0.24120310691333505,4,AdamW,reduce,6,head_pose,256,768,196,-1,True,False,0.00016454841342089218,no,56,196,1770611739.8576746,0.7647058823529411,0.8288907482667941,0.6981132075471698,0.6078434972202077,0.7338709677419355,0.8012882930117594,0.6162790697674418,0.832258064516129,79,0.5698924731182796,0.6708860759493671,248,0.7633136094674556,0.42087707262698226,56
charmed-sweep-4411,30nh0y32,36651,0.1,VideoPrism,mean,0.9,5,0.43298219946181216,4,AdamW,reduce,6,head_pose,256,1024,147,-1,True,False,0.00015720182996484106,no,40,147,1770582544.1273386,0.7169117647058824,0.8279942624910351,0.6666666666666666,0.668418989462011,0.7137096774193549,0.8020373005767358,0.6282722513089005,0.8602941176470589,79,0.5357142857142857,0.759493670886076,248,0.6923076923076923,0.5138939236237751,40
sweepy-sweep-2524,6jyufvbm,98785,0.1,VideoPrism,mean,0.9,5,0.2901294608909607,4,AdamW,reduce,3,head_pose,256,512,153,-1,True,False,0.00053665911629276,no,32,153,1770464952.579084,0.7610294117647058,0.8277551996174994,0.6733668341708543,0.5436784029006958,0.7258064516129032,0.7888922178114,0.5641025641025641,0.7953216374269005,79,0.5714285714285714,0.5569620253164557,248,0.8047337278106509,0.31961761378660436,32
smooth-sweep-4224,trtg4gxg,69001,0.1,VideoPrism,mean,0.9,3,0.4851526761490058,4,AdamW,reduce,3,head_pose,256,512,144,-1,True,False,0.004042103327748214,no,34,144,1770570417.1409912,0.7647058823529411,0.8275161367439636,0.6831683168316832,0.5207721170257119,0.7419354838709677,0.7967567972436521,0.6190476190476191,0.8301886792452831,79,0.5842696629213483,0.6582278481012658,248,0.7810650887573964,0.23023694014646173,34
devoted-sweep-2821,mt9qz4eu,19215,0.1,VideoPrism,mean,0.9,4,0.4454010198496816,4,AdamW,step,9,head_pose,256,256,115,-1,True,False,0.0021045714349169076,no,29,115,1770483491.671141,0.7610294117647058,0.8274563710255797,0.6596858638743456,0.5188370382084566,0.7338709677419355,0.8008763388510224,0.5769230769230769,0.8011695906432749,79,0.5844155844155844,0.569620253164557,248,0.8106508875739645,0.23926538713579257,29
feasible-sweep-1850,a2w6rpm8,26397,0.1,VideoPrism,mean,0.9,3,0.4492262576400694,4,AdamW,reduce,5,head_pose,256,768,148,-1,True,False,0.0003982770759205724,no,27,148,1770422753.5377512,0.7389705882352942,0.8270977767152761,0.6728110599078341,0.6280959984835457,0.7258064516129032,0.7970564002696426,0.6263736263736264,0.8482758620689655,79,0.5533980582524272,0.7215189873417721,248,0.727810650887574,0.4085425933202107,27
stellar-sweep-4084,2uz4016s,64873,0.1,VideoPrism,mean,0.9,5,0.24328651871001164,4,AdamW,reduce,7,head_pose,256,768,139,-1,True,False,0.00019030551126618123,no,36,139,1770561852.396275,0.7352941176470589,0.8266794166865886,0.6697247706422018,0.6398003276656655,0.7338709677419355,0.8039098194891767,0.6292134831460674,0.8456375838926175,79,0.5656565656565656,0.7088607594936709,248,0.7455621301775148,0.475445515983473,36
whole-sweep-2082,iwdta5jh,13718,0.1,VideoPrism,mean,0.9,3,0.3312529781423752,4,AdamW,reduce,7,head_pose,256,256,178,-1,True,False,0.0010238616938559168,no,39,178,1770437285.0462644,0.7683823529411765,0.8266196509682047,0.6865671641791045,0.5436382819624508,0.7258064516129032,0.7878061568421841,0.575,0.8023952095808383,79,0.5679012345679012,0.5822784810126582,248,0.7928994082840237,0.2314196345282764,39
tough-sweep-836,nf4c34t6,79966,0.1,VideoPrism,mean,0.9,4,0.496342702985897,4,AdamW,reduce,4,head_pose,256,512,180,-1,True,False,0.0021561592963863993,no,48,180,1770357900.493895,0.7683823529411765,0.8265897681090127,0.6802030456852792,0.529156530604643,0.7258064516129032,0.7912141412628269,0.5802469135802469,0.806060606060606,79,0.5662650602409639,0.5949367088607594,248,0.7869822485207101,0.26042625283807275,48
laced-sweep-4305,zxp06ly8,60007,0.1,VideoPrism,mean,0.9,5,0.3664430376418225,4,AdamW,reduce,5,head_pose,256,512,166,-1,True,False,0.0004329023427117218,no,32,166,1770575660.2635098,0.7720588235294118,0.8265598852498206,0.69,0.5398271259139565,0.7217741935483871,0.7907272863455921,0.5766871165644172,0.8048780487804879,79,0.5595238095238095,0.5949367088607594,248,0.7810650887573964,0.319080353510089,32
wobbly-sweep-3445,pl566tvr,50409,0.1,VideoPrism,mean,0.9,3,0.4809177268645291,4,AdamW,reduce,7,head_pose,256,512,145,-1,True,False,0.0011316477303857872,no,42,145,1770522381.0133305,0.7794117647058824,0.8265300023906288,0.6875,0.5064349945853738,0.7419354838709677,0.7946595760617182,0.5949367088607594,0.8106508875739645,79,0.5949367088607594,0.5949367088607594,248,0.8106508875739645,0.2484750157691599,42
apricot-sweep-2440,pelx94hb,61827,0.1,VideoPrism,mean,0.9,5,0.3624659064547794,4,AdamW,reduce,6,head_pose,256,256,108,-1,True,False,0.0009854754203499677,no,26,108,1770459641.0544343,0.7683823529411765,0.826380588094669,0.6834170854271356,0.5165005711948171,0.7459677419354839,0.7905774848325968,0.5987261146496815,0.8117647058823529,79,0.6025641025641025,0.5949367088607594,248,0.8165680473372781,0.30505552863687035,26
scarlet-sweep-1311,712o945p,83438,0.1,VideoPrism,mean,0.9,4,0.18057494343441416,4,AdamW,reduce,4,head_pose,256,256,175,-1,True,False,0.0004953142565788203,no,43,175,1770388509.1212044,0.7610294117647058,0.8263805880946689,0.6666666666666666,0.5280285337392021,0.7338709677419355,0.796794247621901,0.5875,0.8083832335329342,79,0.5802469135802469,0.5949367088607594,248,0.7988165680473372,0.29752505770543725,43
legendary-sweep-3534,8ogfpwm9,47249,0.1,VideoPrism,mean,0.9,5,0.3029546129530051,4,AdamW,reduce,4,head_pose,256,512,152,-1,True,False,0.00974554887768953,no,41,152,1770527874.240729,0.7683823529411765,0.8263507052354769,0.676923076923077,0.5330452498267678,0.7338709677419355,0.796981499513145,0.5822784810126582,0.8047337278106509,79,0.5822784810126582,0.5822784810126582,248,0.8047337278106509,0.19097493649498232,41
curious-sweep-3328,1pqxy4e6,2447,0.1,VideoPrism,mean,0.9,5,0.3927686407945667,4,AdamW,reduce,9,head_pose,256,256,92,-1,True,False,0.0013338938962941802,no,30,92,1770514906.0441236,0.7683823529411765,0.8261415252211332,0.6802030456852792,0.5209104594062356,0.7338709677419355,0.7970938506478916,0.5875,0.8083832335329342,79,0.5802469135802469,0.5949367088607594,248,0.7988165680473372,0.26854224151712125,30
worldly-sweep-2741,cp7fedi5,43458,0.1,VideoPrism,mean,0.9,4,0.23099601654100868,4,AdamW,reduce,3,head_pose,256,512,190,-1,True,False,0.001426867260976089,no,45,190,1770478466.9819615,0.7573529411764706,0.8259921109251733,0.6632653061224489,0.5352502009447884,0.75,0.7981424612388586,0.6125,0.8203592814371258,79,0.6049382716049383,0.620253164556962,248,0.8106508875739645,0.1925866849781052,45
treasured-sweep-1837,azxxjmmx,87528,0.1,VideoPrism,mean,0.9,5,0.40383695046015855,4,AdamW,reduce,10,head_pose,256,256,124,-1,True,False,0.001458930902792408,no,25,124,1770422026.6362813,0.7647058823529411,0.8251852737269901,0.6701030927835051,0.521699796704685,0.7379032258064516,0.8032731630589469,0.5859872611464968,0.8058823529411765,79,0.5897435897435898,0.5822784810126582,248,0.8106508875739645,0.2212510896407492,25
generous-sweep-3617,zsqi0sqe,64103,0.1,VideoPrism,mean,0.9,4,0.31193751028289746,4,AdamW,reduce,7,head_pose,256,1024,79,-1,True,False,0.0003159428609567534,no,24,79,1770532993.7011266,0.7242647058823529,0.8246473822615348,0.6696035242290749,0.6605934816248277,0.7258064516129032,0.8010635907422664,0.6421052631578947,0.8686131386861314,79,0.5495495495495496,0.7721518987341772,248,0.7041420118343196,0.5233557505336234,24
jumping-sweep-3034,q53qmn1q,51074,0.1,VideoPrism,mean,0.9,3,0.28550961800227453,4,AdamW,step,5,head_pose,256,512,163,-1,True,False,0.004003232857465299,no,30,163,1770496457.507413,0.7683823529411765,0.824497967965575,0.6594594594594595,0.5118540981236626,0.7419354838709677,0.7939105684967418,0.5789473684210527,0.8,79,0.6027397260273972,0.5569620253164557,248,0.8284023668639053,0.2622693531154617,30
different-sweep-2491,zfthvhmc,79666,0.1,VideoPrism,max,0.9,5,0.33698949297362046,4,AdamW,reduce,10,head_pose,256,768,190,-1,True,False,0.00031024989342199515,no,45,190,1770462854.5802915,0.7720588235294118,0.8244083193879991,0.6666666666666666,0.5477983495768379,0.7580645161290323,0.8212867949966295,0.5945945945945946,0.8044692737430168,79,0.6376811594202898,0.5569620253164557,248,0.8520710059171598,0.42107300860125846,45
skilled-sweep-3077,bcl8xz1f,33708,0.1,VideoPrism,mean,0.9,4,0.41707674582664345,4,AdamW,reduce,9,head_pose,256,768,151,-1,True,False,0.00017431289470779305,no,38,151,1770499107.8188696,0.34558823529411764,0.8237508964857758,0.5136612021857924,0.7524192122852101,0.3185483870967742,0.8019623998202382,0.4831804281345566,0.0,79,0.3185483870967742,1.0,248,0.0,0.5880547354861003,38
upbeat-sweep-2207,vmn73b3q,70052,0.1,VideoPrism,mean,0.9,5,0.22297494676582277,4,AdamW,step,9,head_pose,256,512,186,-1,True,False,0.00014128976553879466,no,40,186,1770445246.8907657,0.7205882352941176,0.8236911307673919,0.6666666666666666,0.6601644438855788,0.7096774193548387,0.8003145831772901,0.6170212765957447,0.8489208633093526,79,0.5321100917431193,0.7341772151898734,248,0.6982248520710059,0.5100697690878457,40
faithful-sweep-2851,84unfzku,54851,0.1,VideoPrism,mean,0.9,4,0.2650239769874981,4,AdamW,reduce,5,head_pose,256,256,89,-1,True,False,0.0007722952405060134,no,24,89,1770485200.37616,0.7536764705882353,0.823571599330624,0.6699507389162561,0.5654494376743541,0.7338709677419355,0.7940978203879859,0.5975609756097561,0.8159509202453987,79,0.5764705882352941,0.620253164556962,248,0.7869822485207101,0.3549181251991086,24
lunar-sweep-1639,j0u07l6q,29268,0.1,VideoPrism,mean,0.9,5,0.3948740223866168,4,AdamW,reduce,7,head_pose,256,256,114,-1,True,False,0.0006463182668564506,no,29,114,1770409426.047921,0.7610294117647058,0.823571599330624,0.6889952153110048,0.5903176489998313,0.7258064516129032,0.7914388435323196,0.5952380952380952,0.8176100628930818,79,0.5617977528089888,0.6329113924050633,248,0.7692307692307693,0.3568769136095435,29
stellar-sweep-2483,xsp6s61q,75339,0.1,VideoPrism,max,0.9,4,0.32818841089015527,4,AdamW,reduce,8,head_pose,256,768,186,-1,True,False,0.00030475849765641984,no,49,186,1770462396.3686848,0.7647058823529411,0.8230337078651686,0.6559139784946236,0.5704539488343632,0.7459677419354839,0.8198636806231743,0.5655172413793104,0.7912087912087912,79,0.6212121212121212,0.5189873417721519,248,0.8520710059171598,0.4690697810998777,49
logical-sweep-5463,gm6y32jj,19115,0.1,VideoPrism,mean,0.9,3,0.33887106157200103,4,AdamW,reduce,6,head_pose,256,512,177,-1,True,False,0.0004919945965054087,no,30,177,1770648364.029709,0.7573529411764706,0.8225256992589051,0.6732673267326733,0.5590730835409725,0.7298387096774194,0.792599805258033,0.5838509316770186,0.8072289156626506,79,0.573170731707317,0.5949367088607594,248,0.7928994082840237,0.31267038423840593,30
crimson-sweep-1092,m240w6wh,53250,0.1,VideoPrism,mean,0.9,5,0.1731746286610656,4,AdamW,step,4,head_pose,256,768,154,-1,True,False,0.0010404958034403804,no,40,154,1770374257.0362885,0.7610294117647058,0.8217487449199139,0.6666666666666666,0.5103718673481661,0.7419354838709677,0.7984046138866002,0.5897435897435898,0.8070175438596491,79,0.5974025974025974,0.5822784810126582,248,0.8165680473372781,0.24851139071511055,40
lunar-sweep-2850,a67jrmsv,10697,0.1,VideoPrism,mean,0.9,5,0.48085168724471183,4,AdamW,reduce,9,head_pose,256,512,150,-1,True,False,0.0004278240958522367,no,35,150,1770485165.6186504,0.7426470588235294,0.8215993306239541,0.6666666666666666,0.6079002022743225,0.75,0.7960452400569246,0.6352941176470588,0.8407643312101911,79,0.5934065934065934,0.6835443037974683,248,0.7810650887573964,0.41413134409160146,35
cosmic-sweep-4668,zmvf6epk,52964,0.1,VideoPrism,mean,0.9,5,0.4948896348725079,4,AdamW,reduce,10,head_pose,256,512,87,-1,True,False,0.003071325707555368,yes,17,87,1770598867.1174502,0.7536764705882353,0.8212407363136505,0.6824644549763034,0.6142686956069049,0.7620967741935484,0.8175792075499962,0.6549707602339181,0.8525641025641025,79,0.6086956521739131,0.7088607594936709,248,0.7869822485207101,0.4025727701865561,17
bumbling-sweep-604,x32py0ye,53063,0.1,VideoPrism,mean,0.9,4,0.4697491077099292,4,AdamW,step,6,head_pose,256,768,192,-1,True,False,0.002127587747622247,no,46,192,1770342635.281049,0.7904411764705882,0.8210016734401148,0.6918918918918919,0.5317456371643964,0.7298387096774194,0.781963897835368,0.5503355704697986,0.7865168539325843,79,0.5857142857142857,0.5189873417721519,248,0.8284023668639053,0.1917020987446715,46
scarlet-sweep-5151,mkgccysz,44897,0.1,VideoPrism,mean,0.9,4,0.14210400803433842,4,AdamW,reduce,6,head_pose,256,1024,173,-1,True,False,0.00015550193773736413,no,43,173,1770628921.465942,0.7352941176470589,0.8210016734401147,0.6697247706422018,0.6290382252019995,0.7298387096774194,0.7966818964871545,0.6171428571428571,0.8355263157894737,79,0.5625,0.6835443037974683,248,0.7514792899408284,0.4811542051109841,43
cosmic-sweep-1961,ao4zd6eh,78602,0.1,VideoPrism,mean,0.9,4,0.4427499137616068,4,AdamW,reduce,3,head_pose,256,256,89,-1,True,False,0.0027414152158447415,no,30,89,1770429663.5450883,0.7683823529411765,0.820762610566579,0.6701570680628273,0.5243838534635656,0.7459677419354839,0.8042468728934162,0.5987261146496815,0.8117647058823529,79,0.6025641025641025,0.5949367088607594,248,0.8165680473372781,0.22266236044527069,30
classic-sweep-976,en7izahf,33053,0.1,VideoPrism,mean,0.9,5,0.4552824243856683,4,AdamW,reduce,7,head_pose,256,1024,200,-1,True,False,0.00021174150560250584,no,51,200,1770366720.650756,0.7536764705882353,0.8201649533827396,0.6598984771573604,0.5521941640797783,0.75,0.7974683544303798,0.6075949367088608,0.8165680473372781,79,0.6075949367088608,0.6075949367088608,248,0.8165680473372781,0.3860722465243766,51
light-sweep-3641,5hv2q36y,95701,0.1,VideoPrism,mean,0.9,4,0.1423475248589272,4,AdamW,reduce,3,head_pose,256,1024,102,-1,True,False,0.0007714330893372561,no,33,102,1770534464.9599907,0.7647058823529411,0.8200753048051637,0.6701030927835051,0.5338405826512505,0.7338709677419355,0.8002771327990412,0.5769230769230769,0.8011695906432749,79,0.5844155844155844,0.569620253164557,248,0.8106508875739645,0.3367719664806273,33
silver-sweep-84,lne58g9d,69701,0.1,VideoPrism,mean,0.9,3,0.30267726031947195,4,AdamW,reduce,10,head_pose,256,768,178,-1,True,False,0.001325148884356289,no,41,178,1770307987.4018028,0.7867647058823529,0.8197465933540522,0.6947368421052632,0.504560484605677,0.7580645161290323,0.7930117594187701,0.6341463414634146,0.8343558282208589,79,0.611764705882353,0.6582278481012658,248,0.8047337278106509,0.23134021024878432,41
gallant-sweep-5468,tlk6kzw5,57871,0.1,VideoPrism,mean,0.9,5,0.2072405548876175,4,AdamW,reduce,10,head_pose,256,1024,124,-1,True,False,0.0012807746521333904,no,29,124,1770648643.715152,0.7720588235294118,0.8196270619172844,0.6804123711340206,0.5271462833180147,0.75,0.788854767433151,0.6025641025641025,0.8128654970760234,79,0.6103896103896104,0.5949367088607594,248,0.8224852071005917,0.27040651634456664,29
helpful-sweep-819,33ao06uh,20729,0.1,VideoPrism,mean,0.9,5,0.4860206277481513,4,AdamW,reduce,10,head_pose,256,512,179,-1,True,False,0.0008291229184827051,no,40,179,1770356886.3794796,0.7536764705882353,0.8192385847477887,0.6633165829145728,0.5437962097280166,0.7419354838709677,0.7857838364167478,0.6049382716049383,0.8181818181818182,79,0.5903614457831325,0.620253164556962,248,0.7988165680473372,0.28167241496768425,40
jolly-sweep-1883,4u4kvv5d,91173,0.1,VideoPrism,mean,0.9,4,0.36835769914533734,4,AdamW,reduce,3,head_pose,256,512,134,-1,True,False,0.0022823079166540924,no,38,134,1770424746.900978,0.7757352941176471,0.8189995218742531,0.6737967914438503,0.5241043813088361,0.75,0.7872444011684517,0.6172839506172839,0.8242424242424242,79,0.6024096385542169,0.6329113924050633,248,0.8047337278106509,0.19975430694052845,38
snowy-sweep-2248,zdi7dssk,50730,0.1,VideoPrism,mean,0.9,5,0.40612660602563866,4,AdamW,reduce,6,head_pose,256,768,162,-1,True,False,0.002862455971433083,no,44,162,1770447810.745052,0.7463235294117647,0.8189696390150609,0.6461538461538462,0.5295524597167969,0.7379032258064516,0.7972436521608868,0.5806451612903226,0.8023255813953488,79,0.5921052631578947,0.569620253164557,248,0.8165680473372781,0.2784718495558917,44
scarlet-sweep-1369,nco1l3gg,42205,0.1,VideoPrism,mean,0.9,3,0.4583199354074622,4,AdamW,reduce,6,head_pose,256,512,84,-1,True,False,0.0043164542373417955,no,21,84,1770392090.9292803,0.7757352941176471,0.8189098732966771,0.680628272251309,0.5296584157382741,0.7419354838709677,0.7873567523031982,0.5789473684210527,0.8,79,0.6027397260273972,0.5569620253164557,248,0.8284023668639053,0.23651720329028805,21
ethereal-sweep-5298,qxhtdz2t,8693,0.1,VideoPrism,mean,0.9,3,0.2815313787985843,4,AdamW,reduce,5,head_pose,256,1024,133,-1,True,False,0.0009625756741621376,no,25,133,1770638065.0800402,0.7757352941176471,0.8188501075782932,0.680628272251309,0.5178626565372243,0.7620967741935484,0.7992285222080743,0.6424242424242425,0.8395061728395061,79,0.6162790697674418,0.6708860759493671,248,0.8047337278106509,0.23910196573753667,25
hardy-sweep-3180,rc19ruk2,39440,0.1,VideoPrism,mean,0.9,5,0.2864096175567552,4,AdamW,reduce,4,head_pose,256,512,199,-1,True,False,0.0003050290463547221,no,38,199,1770505532.302854,0.7573529411764706,0.8187305761415252,0.6666666666666666,0.5443431489607867,0.7419354838709677,0.7937982173619954,0.6049382716049383,0.8181818181818182,79,0.5903614457831325,0.620253164556962,248,0.7988165680473372,0.3561922435353442,38
sandy-sweep-246,6g29f2kr,35872,0.1,VideoPrism,mean,0.9,4,0.41014373723466335,4,AdamW,reduce,9,head_pose,256,512,189,-1,True,False,0.002083602836939442,no,55,189,1770319076.2861435,0.7610294117647058,0.8185811618455654,0.6632124352331606,0.5318052523276385,0.7459677419354839,0.7881057598681745,0.5987261146496815,0.8117647058823529,79,0.6025641025641025,0.5949367088607594,248,0.8165680473372781,0.22673732284607925,55
fine-sweep-4357,zhdrffdd,55323,0.1,VideoPrism,mean,0.9,4,0.4307573668602075,4,AdamW,reduce,4,head_pose,256,1024,149,-1,True,False,0.00012574306351239542,no,38,149,1770579092.499893,0.7095588235294118,0.8182524503944537,0.6550218340611353,0.6526551457012401,0.717741935483871,0.7978428582128679,0.6195652173913043,0.8461538461538461,79,0.5428571428571428,0.7215189873417721,248,0.7159763313609467,0.5136317712504689,38
winter-sweep-3692,t7ei9att,69799,0.1,VideoPrism,mean,0.9,3,0.23983684201058617,4,AdamW,reduce,4,head_pose,256,256,184,-1,True,False,0.0004668773777215709,no,42,184,1770537759.716377,0.7536764705882353,0.8180432703801099,0.6699507389162561,0.5401179685312159,0.7701612903225806,0.8006890869597784,0.6545454545454545,0.845679012345679,79,0.627906976744186,0.6835443037974683,248,0.8106508875739645,0.2998040148882362,42
treasured-sweep-1629,i4ex8jzo,59129,0.1,VideoPrism,mean,0.9,4,0.13727969882516994,4,AdamW,reduce,4,head_pose,256,512,145,-1,True,False,0.00027602003662568564,no,27,145,1770408817.3698578,0.7426470588235294,0.8178340903657662,0.6568627450980392,0.5852686096640194,0.7338709677419355,0.7979926597258632,0.6024096385542169,0.8198757763975155,79,0.5747126436781609,0.6329113924050633,248,0.7810650887573964,0.42210982049383766,27
helpful-sweep-1944,pqlh1ehf,9912,0.1,VJEPA2_SSV2,mean,0.9,5,0.2835059372559781,4,AdamW,reduce,8,nose_touch,256,256,130,-1,True,False,0.0004372068803111238,no,40,130,1770437570.036174,0.7948717948717948,0.8916021441334127,0.68,0.49602746963500977,0.8,0.831360217042792,0.58,0.8633540372670807,51,0.5918367346938775,0.5686274509803921,210,0.8742138364779874,0.3708824480360302,40
vibrant-sweep-568,6n2zgsey,7996,0.1,VJEPA2_SSV2,mean,0.9,5,0.14245370421506878,4,AdamW,reduce,3,nose_touch,256,1024,169,-1,True,False,0.0012285469526302326,yes,60,169,1770343310.5824094,0.8247863247863247,0.8908363822002893,0.7172413793103448,0.4371240437030792,0.8142857142857143,0.8283388827229005,0.5979381443298969,0.8658536585365854,51,0.6304347826086957,0.5686274509803921,210,0.8930817610062893,0.23756441396595931,60
soft-sweep-2654,fu9wl3mv,32608,0.1,VJEPA2_SSV2,mean,0.9,4,0.30499463594608517,4,AdamW,reduce,5,nose_touch,256,512,127,-1,True,False,0.0002839142109715361,no,53,127,1770486562.2830124,0.8247863247863247,0.8906662128818174,0.7007299270072993,0.5095417499542236,0.8095238095238095,0.8327783943766186,0.5833333333333334,0.8606060606060606,51,0.6222222222222222,0.5490196078431373,210,0.8930817610062893,0.4239515944743533,53
rare-sweep-3104,fnrbp8qx,52051,0.1,VJEPA2_SSV2,mean,0.9,4,0.28954507684888187,4,AdamW,reduce,7,nose_touch,256,1024,74,-1,True,False,0.00018133931991820017,no,39,74,1770517051.511287,0.8034188034188035,0.8902407895856377,0.6973684210526315,0.5779561400413513,0.7904761904761904,0.8274756443457886,0.5686274509803921,0.8616352201257862,51,0.5686274509803921,0.5686274509803921,210,0.8616352201257862,0.5082294487522633,39
rich-sweep-2973,xf6ahsnm,27532,0.1,VJEPA2_SSV2,mean,0.9,5,0.3908452979350029,4,AdamW,reduce,8,nose_touch,256,256,149,-1,True,False,0.00025303393723443215,yes,68,149,1770508366.3706095,0.8247863247863247,0.8900706202671658,0.6962962962962963,0.4840223789215088,0.8142857142857143,0.8280922431865828,0.5806451612903226,0.8571428571428571,51,0.6428571428571429,0.5294117647058824,210,0.9056603773584906,0.4345327674938917,68
swept-sweep-1269,xaktduab,32753,0.1,VJEPA2_SSV2,mean,0.9,4,0.461148755095144,4,AdamW,step,9,nose_touch,256,512,117,-1,True,False,0.003642560869093454,no,54,117,1770390888.5899937,0.8162393162393162,0.889857908619076,0.7034482758620689,0.42045602202415466,0.8,0.8342582315945246,0.58,0.8633540372670807,51,0.5918367346938775,0.5686274509803921,210,0.8742138364779874,0.15664847995707468,54
rose-sweep-1579,se7ed3su,27799,0.1,VJEPA2_SSV2,mean,0.9,5,0.4434345382046555,4,AdamW,reduce,7,nose_touch,256,512,115,-1,True,False,0.00016743623283922037,yes,48,115,1770412294.0943673,0.8076923076923077,0.8895601123117503,0.6938775510204082,0.5598152875900269,0.7857142857142857,0.8305586385497595,0.5360824742268041,0.8475609756097561,51,0.5652173913043478,0.5098039215686274,210,0.8742138364779874,0.49253240160425416,48
worldly-sweep-1615,w3avm322,45202,0.1,VJEPA2_SSV2,mean,0.9,4,0.264276436329409,4,AdamW,step,5,nose_touch,256,256,86,-1,True,False,0.00039314382830998905,no,47,86,1770414672.3050842,0.811965811965812,0.8895601123117501,0.6857142857142857,0.47803840041160583,0.8047619047619048,0.8324084350721421,0.5591397849462365,0.8511904761904762,51,0.6190476190476191,0.5098039215686274,210,0.89937106918239,0.39245530545846063,47
eager-sweep-2798,q9cq5hyy,58443,0.1,VJEPA2_SSV2,mean,0.9,4,0.33656376468726756,4,AdamW,reduce,7,nose_touch,256,256,139,-1,True,False,0.0014808661383513288,no,51,139,1770496390.9720075,0.8205128205128205,0.8893474006636604,0.7123287671232876,0.4244587421417236,0.819047619047619,0.8229744728079911,0.6122448979591837,0.8711656441717791,51,0.6382978723404256,0.5882352941176471,210,0.8930817610062893,0.18784380480478904,51
lemon-sweep-1623,cnnl96kg,4683,0.1,VJEPA2_SSV2,mean,0.9,5,0.18720142058725073,4,AdamW,step,4,nose_touch,256,1024,199,-1,True,False,4.779340006744074e-05,no,65,199,1770415208.5188086,0.8076923076923077,0.8892623160044244,0.6853146853146853,0.5960275530815125,0.8047619047619048,0.8282155629547416,0.5684210526315789,0.8554216867469879,51,0.6136363636363636,0.5294117647058824,210,0.8930817610062893,0.5550936153726169,65
fresh-sweep-399,uig2g577,1766,0.1,VJEPA2_SSV2,mean,0.9,4,0.26638085946131207,4,AdamW,reduce,10,nose_touch,256,768,179,-1,True,False,0.00012264798063488764,no,72,179,1770330840.080848,0.8247863247863247,0.8891346890155705,0.6870229007633588,0.4698655307292938,0.819047619047619,0.8378345048711309,0.5777777777777777,0.8538011695906432,51,0.6666666666666666,0.5098039215686274,210,0.9182389937106918,0.40776682014389987,72
twilight-sweep-786,3e25trjd,6897,0.1,VJEPA2_SSV2,mean,0.9,4,0.2834206670116578,4,AdamW,step,7,nose_touch,256,256,132,-1,True,False,0.0001728882440529635,no,44,132,1770358425.729461,0.8162393162393162,0.8887943503786268,0.6993006993006993,0.4866075813770294,0.8047619047619048,0.8327783943766186,0.5684210526315789,0.8554216867469879,51,0.6136363636363636,0.5294117647058824,210,0.8930817610062893,0.4111937407580778,44
autumn-sweep-1865,cm8z7wiw,62760,0.1,VJEPA2_SSV2,mean,0.9,5,0.4073610875065245,4,AdamW,reduce,8,nose_touch,256,512,169,-1,True,False,0.0002375784795225287,no,53,169,1770432129.1070757,0.8418803418803419,0.8887943503786266,0.725925925925926,0.4581861793994904,0.8095238095238095,0.8352447897397952,0.5555555555555556,0.847953216374269,51,0.6410256410256411,0.4901960784313726,210,0.9119496855345912,0.3752850979633848,53
classic-sweep-2761,h7sw449z,51448,0.1,VJEPA2_SSV2,mean,0.9,5,0.48797810064027847,4,AdamW,reduce,6,nose_touch,256,256,169,-1,True,False,0.0014978775878672994,no,57,169,1770493791.9905927,0.8205128205128205,0.8886241810601547,0.704225352112676,0.413578599691391,0.8095238095238095,0.8337032926378098,0.5918367346938775,0.8650306748466258,51,0.6170212765957447,0.5686274509803921,210,0.8867924528301887,0.20980416847136435,57
fast-sweep-4923,5svmgfrj,98624,0.1,VJEPA2_SSV2,mean,0.9,3,0.4665213370993701,4,AdamW,reduce,9,nose_touch,256,768,119,-1,True,False,0.00014190046599890825,no,51,119,1770640651.200908,0.8076923076923077,0.8885390964009189,0.6666666666666666,0.5077307820320129,0.8095238095238095,0.8287088420273769,0.5652173913043478,0.8520710059171598,51,0.6341463414634146,0.5098039215686274,210,0.9056603773584906,0.4648202430986658,51
gallant-sweep-3661,8utl06oe,17308,0.1,VJEPA2_SSV2,mean,0.9,4,0.2901970680734528,4,AdamW,reduce,9,nose_touch,256,768,192,-1,True,False,6.396524590254038e-05,no,66,192,1770555044.8385005,0.8076923076923077,0.8885390964009189,0.6666666666666666,0.5175365209579468,0.8047619047619048,0.8283388827229005,0.5591397849462365,0.8511904761904762,51,0.6190476190476191,0.5098039215686274,210,0.89937106918239,0.46134795393147265,66
classic-sweep-4112,sgsju6dh,63730,0.1,VJEPA2_SSV2,mean,0.9,4,0.3667962572545893,4,AdamW,reduce,8,nose_touch,256,256,131,-1,True,False,0.0006405704792373903,no,56,131,1770585329.9414845,0.8247863247863247,0.888454011741683,0.7007299270072993,0.4337409138679504,0.819047619047619,0.8337032926378098,0.5869565217391305,0.8579881656804734,51,0.6585365853658537,0.5294117647058824,210,0.9119496855345912,0.32072402499868424,56
deft-sweep-4380,yd7m8oey,38941,0.1,VJEPA2_SSV2,mean,0.9,3,0.4722938672545761,4,AdamW,reduce,5,nose_touch,256,768,197,-1,True,False,8.326766120452215e-05,no,67,197,1770603755.00871,0.8247863247863247,0.888454011741683,0.672,0.5320425033569336,0.8095238095238095,0.8335183129855717,0.5238095238095238,0.8361581920903954,51,0.6666666666666666,0.43137254901960786,210,0.9308176100628932,0.5101679178715829,67
balmy-sweep-2999,1k3s8jbc,82810,0.1,VJEPA2_SSV2,mean,0.9,5,0.47514421492806536,4,AdamW,step,4,nose_touch,256,512,151,-1,True,False,0.0008573763786919509,no,57,151,1770510088.662333,0.8247863247863247,0.8881562154343572,0.7132867132867133,0.4355262815952301,0.8095238095238095,0.830188679245283,0.5833333333333334,0.8606060606060606,51,0.6222222222222222,0.5490196078431373,210,0.8930817610062893,0.26250844992041317,57
divine-sweep-3998,dlne54bd,3779,0.1,VJEPA2_SSV2,mean,0.9,3,0.2755581599223764,4,AdamW,reduce,7,nose_touch,256,256,194,-1,True,False,9.884965956866996e-05,no,64,194,1770577709.3766265,0.8034188034188035,0.8880285884455034,0.684931506849315,0.47859102487564087,0.8095238095238095,0.8353681095079541,0.5833333333333334,0.8606060606060606,51,0.6222222222222222,0.5490196078431373,210,0.8930817610062893,0.3663289777715911,64
copper-sweep-3107,sjxs5w9a,51205,0.1,VJEPA2_SSV2,mean,0.9,5,0.3021174773977817,4,AdamW,reduce,8,nose_touch,256,768,184,-1,True,False,0.00013541683295205444,no,59,184,1770517276.4864137,0.8376068376068376,0.8880285884455033,0.7121212121212122,0.5097501873970032,0.8095238095238095,0.8331483536810951,0.5454545454545454,0.8439306358381503,51,0.6486486486486487,0.4705882352941176,210,0.9182389937106918,0.4707040162441693,59
trim-sweep-2382,m2garn5k,77752,0.1,VJEPA2_SSV2,mean,0.9,4,0.25057875781840344,4,AdamW,reduce,6,nose_touch,256,512,160,-1,True,False,9.114813361850062e-05,no,57,160,1770467989.9834068,0.8162393162393162,0.8880285884455031,0.6950354609929078,0.47676533460617065,0.8047619047619048,0.8336416327537304,0.5684210526315789,0.8554216867469879,51,0.6136363636363636,0.5294117647058824,210,0.8930817610062893,0.37527260809934976,57
fluent-sweep-3446,siz75y0z,76947,0.1,VJEPA2_SSV2,mean,0.9,5,0.12849439893785042,4,AdamW,step,6,nose_touch,256,512,174,-1,True,False,9.671409110536047e-05,no,64,174,1770540601.025332,0.782051282051282,0.8879435037862673,0.6709677419354839,0.5896531343460083,0.780952380952381,0.8303119990134419,0.5660377358490566,0.864516129032258,51,0.5454545454545454,0.5882352941176471,210,0.8427672955974843,0.5066847852336633,64
super-sweep-1336,rs0q8bix,7457,0.1,VJEPA2_SSV2,mean,0.9,5,0.4337304783870662,4,AdamW,reduce,8,nose_touch,256,256,138,-1,True,False,0.0003544547546661026,no,55,138,1770395429.7745965,0.811965811965812,0.8879435037862673,0.6901408450704225,0.4521268904209137,0.8095238095238095,0.8319151559995067,0.5833333333333334,0.8606060606060606,51,0.6222222222222222,0.5490196078431373,210,0.8930817610062893,0.35307565762011783,55
wise-sweep-667,s8zrnkmz,18960,0.1,VJEPA2_SSV2,mean,0.9,5,0.2948247323740887,4,AdamW,reduce,6,nose_touch,256,512,92,-1,True,False,0.00023842063387825556,no,46,92,1770350246.1659582,0.8162393162393162,0.8878584191270313,0.6717557251908397,0.5508361458778381,0.8142857142857143,0.8287088420273769,0.5617977528089888,0.8488372093023255,51,0.6578947368421053,0.4901960784313726,210,0.9182389937106918,0.5266539194783023,46
logical-sweep-3212,gudu1y27,86038,0.1,VJEPA2_SSV2,mean,0.9,3,0.4446617370853062,4,AdamW,reduce,4,nose_touch,256,768,187,-1,True,False,6.85765287991692e-05,no,69,187,1770524480.4443743,0.8247863247863247,0.8877733344677955,0.6962962962962963,0.4892575144767761,0.8095238095238095,0.8305586385497596,0.5555555555555556,0.847953216374269,51,0.6410256410256411,0.4901960784313726,210,0.9119496855345912,0.4445682448538916,69
valiant-sweep-3817,1184d0ah,98178,0.1,VJEPA2_SSV2,mean,0.9,5,0.22406033702603745,4,AdamW,step,8,nose_touch,256,1024,156,-1,True,False,0.00010198199290520184,no,58,156,1770565593.1331897,0.811965811965812,0.8877733344677955,0.6507936507936508,0.5221103429794312,0.8,0.8290788013318535,0.475,0.8232044198895028,51,0.6551724137931034,0.37254901960784315,210,0.9371069182389936,0.49729851971361494,58
frosty-sweep-3142,f7u5lcme,32761,0.1,VJEPA2_SSV2,mean,0.9,4,0.17326987438424063,4,AdamW,reduce,10,nose_touch,256,256,128,-1,True,False,0.0004192533816118408,yes,55,128,1770519726.712838,0.8034188034188035,0.8876882498085595,0.6891891891891891,0.5083065629005432,0.8047619047619048,0.8343815513626833,0.5773195876288659,0.8597560975609756,51,0.6086956521739131,0.5490196078431373,210,0.8867924528301887,0.40358631524759814,55
fiery-sweep-855,kl5xpw41,2459,0.1,VJEPA2_SSV2,mean,0.9,3,0.3524605501199054,4,AdamW,reduce,8,nose_touch,256,256,196,-1,True,False,0.0001996364960355645,no,60,196,1770363171.4895186,0.8290598290598291,0.8876882498085595,0.7058823529411765,0.488737016916275,0.8142857142857143,0.8274139844617092,0.5979381443298969,0.8658536585365854,51,0.6304347826086957,0.5686274509803921,210,0.8930817610062893,0.39536940957299743,60
logical-sweep-4553,2sx89z48,43495,0.1,VJEPA2_SSV2,mean,0.9,4,0.251025951457884,4,AdamW,step,9,nose_touch,256,256,180,-1,True,False,0.0014619746355216095,no,65,180,1770615671.9245613,0.8034188034188035,0.8876882498085595,0.6933333333333334,0.43154844641685486,0.8,0.8266124059686768,0.5882352941176471,0.8679245283018868,51,0.5882352941176471,0.5882352941176471,210,0.8679245283018868,0.1841013701990011,65
wandering-sweep-3671,gyescakk,89903,0.1,VJEPA2_SSV2,mean,0.9,3,0.34001509916012296,4,AdamW,reduce,3,nose_touch,256,512,200,-1,True,False,0.00012973449854629474,no,64,200,1770555817.9346545,0.8247863247863247,0.8875180804900877,0.6962962962962963,0.4692091941833496,0.8142857142857143,0.8342582315945246,0.5806451612903226,0.8571428571428571,51,0.6428571428571429,0.5294117647058824,210,0.9056603773584906,0.3828991958976599,64
fluent-sweep-3350,qsh2kb1l,78134,0.1,VJEPA2_SSV2,mean,0.9,4,0.4778492938272912,4,AdamW,reduce,9,nose_touch,256,768,168,-1,True,False,0.00013548062407711962,no,51,168,1770534062.5099933,0.8205128205128205,0.8875180804900876,0.671875,0.4526577889919281,0.8047619047619048,0.8353681095079541,0.5287356321839081,0.8390804597701149,51,0.6388888888888888,0.4509803921568627,210,0.9182389937106918,0.3990651012543362,51
quiet-sweep-4840,0i1yngm6,57642,0.1,VJEPA2_SSV2,mean,0.9,5,0.3535237437421127,4,AdamW,reduce,8,nose_touch,256,256,134,-1,True,False,0.0004258910013111443,yes,52,134,1770635024.065426,0.811965811965812,0.8874329958308518,0.65625,0.4686891734600067,0.8238095238095238,0.8337649525218893,0.5747126436781609,0.8505747126436781,51,0.6944444444444444,0.4901960784313726,210,0.9308176100628932,0.42286605692340345,52
morning-sweep-2537,akmsxvtm,65278,0.1,VJEPA2_SSV2,mean,0.9,4,0.11220400263773454,4,AdamW,reduce,9,nose_touch,256,1024,180,-1,True,False,5.012238636084539e-05,no,69,180,1770478614.6182952,0.7991452991452992,0.8874329958308518,0.6618705035971223,0.5460792183876038,0.8047619047619048,0.8252558885189296,0.5591397849462365,0.8511904761904762,51,0.6190476190476191,0.5098039215686274,210,0.89937106918239,0.5005223442953811,69
cerulean-sweep-4610,kh0qrx5v,46618,0.1,VJEPA2_SSV2,mean,0.9,4,0.13673804358047745,4,AdamW,reduce,10,nose_touch,256,768,181,-1,True,False,0.0010550941543501478,no,64,181,1770619610.690864,0.8290598290598291,0.8874329958308518,0.726027397260274,0.4354369640350342,0.8142857142857143,0.8144654088050315,0.5894736842105263,0.8614457831325302,51,0.6363636363636364,0.5490196078431373,210,0.89937106918239,0.22191427459700652,64
driven-sweep-1831,a3yhwe3b,74450,0.1,VJEPA2_SSV2,mean,0.9,5,0.398817877051187,4,AdamW,reduce,9,nose_touch,256,768,142,-1,True,False,0.00016755658170499295,no,55,142,1770429764.2535918,0.8376068376068376,0.8874329958308517,0.7076923076923077,0.49674496054649353,0.819047619047619,0.8291404612159329,0.5681818181818182,0.8497109826589595,51,0.6756756756756757,0.4901960784313726,210,0.9245283018867924,0.457943150811486,55
dulcet-sweep-2291,ipappxaw,55879,0.1,VJEPA2_SSV2,mean,0.9,4,0.3665255057934792,4,AdamW,step,7,nose_touch,256,768,165,-1,True,False,6.569747375582318e-05,no,56,165,1770461767.5319357,0.8076923076923077,0.8874329958308517,0.6808510638297872,0.5121119022369385,0.8,0.8275989641139474,0.5531914893617021,0.8502994011976048,51,0.6046511627906976,0.5098039215686274,210,0.8930817610062893,0.4516929431774277,56
dandy-sweep-3864,gnjohiol,24771,0.1,VJEPA2_SSV2,mean,0.9,4,0.3188696046303924,4,AdamW,step,8,nose_touch,256,768,166,-1,True,False,0.00019038127324107787,no,61,166,1770568683.1049397,0.8333333333333334,0.8874329958308516,0.7111111111111111,0.4501696527004242,0.8142857142857143,0.8390677025527191,0.5714285714285714,0.8529411764705882,51,0.65,0.5098039215686274,210,0.9119496855345912,0.36210405725657807,61
playful-sweep-4606,w6aqe4o9,77510,0.1,VJEPA2_SSV2,mean,0.9,3,0.24617383510008573,4,AdamW,step,10,nose_touch,256,768,188,-1,True,False,0.00011659425215889027,no,53,188,1770619307.3381586,0.8333333333333334,0.8873479111716158,0.706766917293233,0.48536181449890137,0.8238095238095238,0.8398076211616722,0.5842696629213483,0.8546511627906976,51,0.6842105263157895,0.5098039215686274,210,0.9245283018867924,0.4239243624845423,53
olive-sweep-845,auhrl9fj,54272,0.1,VJEPA2_SSV2,mean,0.9,3,0.17517276537311144,4,AdamW,reduce,10,nose_touch,256,1024,77,-1,True,False,0.00022040094222884705,no,42,77,1770362409.3069832,0.7991452991452992,0.8873479111716157,0.6713286713286714,0.5495652556419373,0.7952380952380952,0.8289554815636946,0.5473684210526316,0.8493975903614458,51,0.5909090909090909,0.5098039215686274,210,0.8867924528301887,0.48729827179327506,42
rural-sweep-4910,5poup7c8,80234,0.1,VJEPA2_SSV2,mean,0.9,3,0.139397884457939,4,AdamW,step,6,nose_touch,256,1024,181,-1,True,False,9.677189457254412e-05,no,61,181,1770639690.2396698,0.8076923076923077,0.8873479111716157,0.6086956521739131,0.5028408765792847,0.7857142857142857,0.8355530891601923,0.3835616438356164,0.8031914893617021,51,0.6363636363636364,0.27450980392156865,210,0.949685534591195,0.48544091255347294,61
fanciful-sweep-3331,axx9gbsm,44560,0.1,VJEPA2_SSV2,mean,0.9,3,0.4618396465423954,4,AdamW,step,3,nose_touch,256,256,186,-1,True,False,0.00028259842759438693,no,65,186,1770532770.2472386,0.8205128205128205,0.8873053688419977,0.7162162162162162,0.5491198301315308,0.8142857142857143,0.8240226908373413,0.6060606060606061,0.8703703703703703,51,0.625,0.5882352941176471,210,0.8867924528301887,0.4540411202955999,65
effortless-sweep-4939,eoya8ay4,15179,0.1,VJEPA2_SSV2,mean,0.9,4,0.4043994573392155,4,AdamW,reduce,6,nose_touch,256,1024,169,-1,True,False,7.206222220255303e-05,no,59,169,1770641821.279944,0.811965811965812,0.8871777418531438,0.6615384615384615,0.4629919230937958,0.8047619047619048,0.839191022320878,0.5176470588235295,0.8352272727272727,51,0.6470588235294118,0.43137254901960786,210,0.9245283018867924,0.4131273920595242,59
restful-sweep-2894,1lqwm60y,96556,0.1,VJEPA2_SSV2,mean,0.9,5,0.24995051895074713,4,AdamW,reduce,6,nose_touch,256,256,197,-1,True,False,0.00012687849683067217,no,43,197,1770502863.4397268,0.8333333333333334,0.887092657193908,0.7194244604316546,0.46531233191490173,0.8047619047619048,0.836971266494019,0.5684210526315789,0.8554216867469879,51,0.6136363636363636,0.5294117647058824,210,0.8930817610062893,0.36878454214294126,43
drawn-sweep-922,2oaajs8b,47451,0.1,VJEPA2_SSV2,mean,0.9,5,0.17482724931772675,4,AdamW,reduce,8,nose_touch,256,768,151,-1,True,False,0.0001349587006816019,no,54,151,1770367696.6123571,0.8290598290598291,0.8870926571939078,0.7058823529411765,0.4470657408237457,0.8142857142857143,0.835491429276113,0.5714285714285714,0.8529411764705882,51,0.65,0.5098039215686274,210,0.9119496855345912,0.35038975459727423,54
stellar-sweep-3499,fzljal9u,23376,0.1,VJEPA2_SSV2,mean,0.9,4,0.1128108509417458,4,AdamW,reduce,8,nose_touch,256,768,107,-1,True,False,0.0002706663292677617,no,39,107,1770544064.5341,0.8290598290598291,0.8870926571939078,0.6875,0.5316478610038757,0.8,0.8280305833025033,0.5227272727272727,0.838150289017341,51,0.6216216216216216,0.4509803921568627,210,0.9119496855345912,0.4968532230326607,39
icy-sweep-5040,ek4s4xfl,17618,0.1,VJEPA2_SSV2,mean,0.9,5,0.17694892980277552,4,AdamW,reduce,5,nose_touch,256,256,184,-1,True,False,0.00044243303715485065,no,63,184,1770648725.574851,0.8290598290598291,0.887007572534672,0.7014925373134329,0.4377402365207672,0.8142857142857143,0.836971266494019,0.5806451612903226,0.8571428571428571,51,0.6428571428571429,0.5294117647058824,210,0.9056603773584906,0.30884465877950595,63
clear-sweep-949,eir9jpf7,37547,0.1,VJEPA2_SSV2,mean,0.9,5,0.2697039755555072,4,AdamW,step,9,nose_touch,256,512,145,-1,True,False,0.00047916288338694,no,59,145,1770369658.565076,0.8205128205128205,0.8867948608865821,0.6818181818181818,0.4512160122394562,0.8142857142857143,0.8370329263780983,0.5617977528089888,0.8488372093023255,51,0.6578947368421053,0.4901960784313726,210,0.9182389937106918,0.3626232926920897,59
logical-sweep-3164,27cyz4fm,74636,0.1,VJEPA2_SSV2,mean,0.9,3,0.4756593419321057,4,AdamW,reduce,10,nose_touch,256,1024,199,-1,True,False,0.0007617838012071328,no,68,199,1770521199.896705,0.8247863247863247,0.886794860886582,0.7092198581560284,0.42826396226882935,0.8238095238095238,0.832408435072142,0.6185567010309279,0.8719512195121951,51,0.6521739130434783,0.5882352941176471,210,0.89937106918239,0.21726475881400012,68
pretty-sweep-3044,p9ymk2ml,89125,0.1,VJEPA2_SSV2,mean,0.9,4,0.17212070910482463,4,AdamW,reduce,3,nose_touch,256,256,192,-1,True,False,0.00030448665242141753,yes,61,192,1770513024.046481,0.8247863247863247,0.886794860886582,0.6870229007633588,0.4931609630584717,0.8095238095238095,0.8270440251572325,0.5555555555555556,0.847953216374269,51,0.6410256410256411,0.4901960784313726,210,0.9119496855345912,0.4404080294863096,61
proud-sweep-3710,lr8v5vio,80853,0.1,VJEPA2_SSV2,mean,0.9,4,0.4231661863143784,4,AdamW,reduce,5,nose_touch,256,512,99,-1,True,False,0.0011102999508532012,no,47,99,1770558516.5872047,0.811965811965812,0.8867523185569641,0.7105263157894737,0.45276233553886414,0.8142857142857143,0.8336416327537305,0.6138613861386139,0.875,51,0.62,0.6078431372549019,210,0.8805031446540881,0.2710530736376416,47
twilight-sweep-4254,zcromb0s,17103,0.1,VJEPA2_SSV2,mean,0.9,5,0.443419336377496,4,AdamW,step,3,nose_touch,256,256,173,-1,True,False,0.0002464706199300008,no,51,173,1770595277.74112,0.811965811965812,0.8865821492384923,0.6764705882352942,0.45594438910484314,0.8047619047619048,0.8367246269577013,0.5591397849462365,0.8511904761904762,51,0.6190476190476191,0.5098039215686274,210,0.89937106918239,0.36695520139171095,51
breezy-sweep-1690,1f7gqn36,67115,0.1,VJEPA2_SSV2,mean,0.9,5,0.3550208454330729,4,AdamW,reduce,5,nose_touch,256,256,183,-1,True,False,0.00015853257187910976,no,66,183,1770419844.5841706,0.7948717948717948,0.8865821492384923,0.6842105263157895,0.5568966865539551,0.8047619047619048,0.8262424466642003,0.5858585858585859,0.8641975308641975,51,0.6041666666666666,0.5686274509803921,210,0.8805031446540881,0.4849470804022882,66
expert-sweep-2965,d2vb8aji,72385,0.1,VJEPA2_SSV2,mean,0.9,3,0.2758776175103853,4,AdamW,step,7,nose_touch,256,512,183,-1,True,False,6.768159621299556e-05,no,68,183,1770507849.520076,0.811965811965812,0.8865821492384922,0.6986301369863014,0.5768490433692932,0.8,0.8287088420273769,0.58,0.8633540372670807,51,0.5918367346938775,0.5686274509803921,210,0.8742138364779874,0.5290466299444504,68
happy-sweep-1311,eggygozf,31830,0.1,VJEPA2_SSV2,mean,0.9,4,0.4107483164088923,4,AdamW,reduce,10,nose_touch,256,768,128,-1,True,False,0.0016671312651020968,no,55,128,1770393756.976672,0.811965811965812,0.8864970645792565,0.7066666666666667,0.4281537830829621,0.8047619047619048,0.8037365889752127,0.5858585858585859,0.8641975308641975,51,0.6041666666666666,0.5686274509803921,210,0.8805031446540881,0.23361645891219715,55
driven-sweep-3310,zcdex0bc,63268,0.1,VJEPA2_SSV2,mean,0.9,5,0.39989025140643586,4,AdamW,step,10,nose_touch,256,256,154,-1,True,False,0.0002467758058227064,no,61,154,1770531408.193438,0.811965811965812,0.8864970645792564,0.6857142857142857,0.4880106449127197,0.8142857142857143,0.826057467011962,0.5806451612903226,0.8571428571428571,51,0.6428571428571429,0.5294117647058824,210,0.9056603773584906,0.4093930481787998,61
gallant-sweep-4019,zta0xgqo,16332,0.1,VJEPA2_SSV2,mean,0.9,5,0.247187674508787,4,AdamW,reduce,9,nose_touch,256,512,139,-1,True,False,0.00014702517421915227,no,60,139,1770579189.010182,0.811965811965812,0.8864119799200204,0.6901408450704225,0.502812922000885,0.8047619047619048,0.838451103711925,0.5591397849462365,0.8511904761904762,51,0.6190476190476191,0.5098039215686274,210,0.89937106918239,0.42555199082495127,60
lucky-sweep-1177,3djkctk9,35832,0.1,VJEPA2_SSV2,mean,0.9,5,0.3666238060070607,4,AdamW,step,9,nose_touch,256,256,136,-1,True,False,0.00030639565135987234,no,61,136,1770384908.299212,0.811965811965812,0.8864119799200204,0.6986301369863014,0.5017496347427368,0.819047619047619,0.8296954001726478,0.6041666666666666,0.8666666666666667,51,0.6444444444444445,0.5686274509803921,210,0.89937106918239,0.3901769411886788,61
legendary-sweep-4907,7i54r6xl,24334,0.1,VJEPA2_SSV2,mean,0.9,5,0.4445275243573613,4,AdamW,reduce,7,nose_touch,256,256,196,-1,True,False,0.002049271173188072,yes,61,196,1770639475.3169365,0.811965811965812,0.8863694375904024,0.6944444444444444,0.4392414391040802,0.8095238095238095,0.8293254408681712,0.5833333333333334,0.8606060606060606,51,0.6222222222222222,0.5490196078431373,210,0.8930817610062893,0.26186772528405117,61
sweet-sweep-3186,4oc0zap2,23926,0.1,VJEPA2_SSV2,mean,0.9,5,0.2666164997243785,4,AdamW,step,6,nose_touch,256,256,118,-1,True,False,0.0008709239567434279,no,54,118,1770522803.536549,0.7991452991452992,0.8863694375904024,0.6802721088435374,0.45455560088157654,0.7904761904761904,0.8274139844617092,0.56,0.8571428571428571,51,0.5714285714285714,0.5490196078431373,210,0.8679245283018868,0.2764530662220165,54
dauntless-sweep-4378,qritsinz,99465,0.1,VJEPA2_SSV2,mean,0.9,5,0.23824914651444604,4,AdamW,reduce,3,nose_touch,256,768,51,-1,True,False,0.0004021552406568628,no,34,51,1770603603.691498,0.8034188034188035,0.8863268952607845,0.684931506849315,0.5226743221282959,0.7952380952380952,0.8273523245776297,0.5567010309278351,0.8536585365853658,51,0.5869565217391305,0.5294117647058824,210,0.8805031446540881,0.4187885219437274,34
toasty-sweep-3511,pnmkr9q7,55289,0.1,VJEPA2_SSV2,mean,0.9,4,0.4485599581494818,4,AdamW,reduce,5,nose_touch,256,512,107,-1,True,False,0.00037649106272388496,no,48,107,1770544914.1228034,0.8290598290598291,0.8862418106015486,0.6923076923076923,0.46792227029800415,0.8095238095238095,0.8301886792452831,0.5555555555555556,0.847953216374269,51,0.6410256410256411,0.4901960784313726,210,0.9119496855345912,0.39617489295134967,48
sweet-sweep-1999,hk7ir1jm,56352,0.1,VJEPA2_SSV2,mean,0.9,4,0.3492455231311763,4,AdamW,step,6,nose_touch,256,512,174,-1,True,False,7.675287079639606e-05,no,61,174,1770441463.6572368,0.8034188034188035,0.8862418106015485,0.684931506849315,0.5768328309059143,0.7857142857142857,0.8243926501418177,0.5544554455445545,0.85625,51,0.56,0.5490196078431373,210,0.8616352201257862,0.5302866098574,61
apricot-sweep-1315,njlzq3xp,48536,0.1,VJEPA2_SSV2,mean,0.9,4,0.3669351160619355,4,AdamW,reduce,5,nose_touch,256,256,155,-1,True,False,0.00012967257889435086,no,60,155,1770394054.12585,0.7905982905982906,0.8862418106015485,0.6620689655172414,0.497105211019516,0.8047619047619048,0.8319151559995068,0.5773195876288659,0.8597560975609756,51,0.6086956521739131,0.5490196078431373,210,0.8867924528301887,0.4188198478173456,60
atomic-sweep-3962,grq1z0l1,43523,0.1,VJEPA2_SSV2,mean,0.9,4,0.2973748905142191,4,AdamW,reduce,10,nose_touch,256,768,140,-1,True,False,7.938903216334795e-05,no,63,140,1770575208.7217538,0.8034188034188035,0.8862418106015485,0.684931506849315,0.5186673402786255,0.7952380952380952,0.8257491675915648,0.5567010309278351,0.8536585365853658,51,0.5869565217391305,0.5294117647058824,210,0.8805031446540881,0.42759184179402904,63
serene-sweep-477,7dtuaaep,3966,0.1,VJEPA2_SSV2,mean,0.9,5,0.28860576528271586,4,AdamW,reduce,9,nose_touch,256,512,158,-1,True,False,9.191734459338796e-05,no,50,158,1770336758.5332875,0.811965811965812,0.8861567259423127,0.6901408450704225,0.4747256636619568,0.8047619047619048,0.8347515106671599,0.5684210526315789,0.8554216867469879,51,0.6136363636363636,0.5294117647058824,210,0.8930817610062893,0.37940431165910465,50
restful-sweep-3117,lzq2inhj,87329,0.1,VJEPA2_SSV2,mean,0.9,3,0.14075678107446282,4,AdamW,reduce,10,nose_touch,256,768,174,-1,True,False,8.531382142597443e-05,no,62,174,1770517952.6432445,0.7991452991452992,0.8861567259423127,0.6713286713286714,0.5764932036399841,0.8095238095238095,0.8303119990134419,0.5918367346938775,0.8650306748466258,51,0.6170212765957447,0.5686274509803921,210,0.8867924528301887,0.5010908137729421,62
gallant-sweep-3583,dl40nw5w,34575,0.1,VJEPA2_SSV2,mean,0.9,4,0.2779824964753097,4,AdamW,reduce,7,nose_touch,256,768,118,-1,True,False,0.00012358168765373343,no,42,118,1770549892.9590006,0.8034188034188035,0.8861567259423125,0.6714285714285714,0.5293262004852295,0.8,0.8356147490442717,0.5531914893617021,0.8502994011976048,51,0.6046511627906976,0.5098039215686274,210,0.8930817610062893,0.47650858685878816,42
wandering-sweep-816,ena7c7ld,53394,0.1,VJEPA2_SSV2,mean,0.9,3,0.3652155059345637,4,AdamW,reduce,7,nose_touch,256,512,63,-1,True,False,0.0003573387548596197,no,39,63,1770360546.5377352,0.782051282051282,0.8861567259423125,0.6751592356687898,0.5524818897247314,0.7904761904761904,0.825009248982612,0.56,0.8571428571428571,51,0.5714285714285714,0.5490196078431373,210,0.8679245283018868,0.4287930627439684,39
still-sweep-4442,xk5yh2z8,49912,0.1,VJEPA2_SSV2,mean,0.9,4,0.31185652847055767,4,AdamW,step,3,nose_touch,256,512,173,-1,True,False,0.00010298913403564882,no,65,173,1770607977.0921504,0.811965811965812,0.8861567259423125,0.6944444444444444,0.49522989988327026,0.8047619047619048,0.833888272290048,0.5773195876288659,0.8597560975609756,51,0.6086956521739131,0.5490196078431373,210,0.8867924528301887,0.3768042405356672,65
apricot-sweep-3921,pj6nf8yb,91696,0.1,VJEPA2_SSV2,mean,0.9,5,0.3581016798301223,4,AdamW,reduce,4,nose_touch,256,512,188,-1,True,False,0.001382479261270667,yes,61,188,1770572530.8423848,0.8290598290598291,0.8860716412830767,0.7058823529411765,0.4451635479927063,0.8095238095238095,0.8159452460229375,0.5652173913043478,0.8520710059171598,51,0.6341463414634146,0.5098039215686274,210,0.9056603773584906,0.2890098374126727,61
earthy-sweep-3918,if4oci2t,71759,0.1,VJEPA2_SSV2,mean,0.9,4,0.29148229806576575,4,AdamW,reduce,8,nose_touch,256,768,164,-1,True,False,0.00012140707055444849,no,49,164,1770572346.3594875,0.688034188034188,0.8859440142942228,0.0,0.5057674050331116,0.7571428571428571,0.8361696880009866,0.0,0.7571428571428571,51,0.0,0.0,210,1.0,0.4988189060451214,49
olive-sweep-1512,myxihimo,38269,0.1,VJEPA2_SSV2,mean,0.9,5,0.3667033708865137,4,AdamW,reduce,5,nose_touch,256,512,105,-1,True,False,0.000573492683061836,yes,53,105,1770407547.2901342,0.8290598290598291,0.8859440142942226,0.696969696969697,0.47004109621047974,0.8095238095238095,0.8317301763472684,0.574468085106383,0.8562874251497006,51,0.627906976744186,0.5294117647058824,210,0.89937106918239,0.3779567438377483,53
mild-sweep-3573,g2r5f8nw,62604,0.1,VJEPA2_SSV2,mean,0.9,5,0.29525033021675373,4,AdamW,reduce,7,nose_touch,256,256,114,-1,True,False,0.0007425636303940382,no,53,114,1770549167.7723296,0.8333333333333334,0.8859014719646049,0.706766917293233,0.4275192618370056,0.8095238095238095,0.8386360833641633,0.5652173913043478,0.8520710059171598,51,0.6341463414634146,0.5098039215686274,210,0.9056603773584906,0.290701306902259,53
stilted-sweep-3348,ib72uuqy,30738,0.1,VJEPA2_SSV2,mean,0.9,4,0.24077456381692436,4,AdamW,reduce,6,nose_touch,256,256,192,-1,True,False,0.00012182091739627388,no,65,192,1770533938.7083304,0.8162393162393162,0.8859014719646048,0.656,0.4960820972919464,0.8142857142857143,0.8303119990134419,0.5301204819277109,0.8370786516853933,51,0.6875,0.43137254901960786,210,0.9371069182389936,0.4760328272933615,65
young-sweep-2550,7xbq7n2z,53954,0.1,VJEPA2_SSV2,mean,0.9,4,0.48587035826014147,4,AdamW,reduce,7,nose_touch,256,768,127,-1,True,False,0.00019171299199958984,no,48,127,1770479533.4499948,0.8205128205128205,0.8859014719646048,0.6818181818181818,0.47133031487464905,0.8142857142857143,0.8375878653348132,0.5714285714285714,0.8529411764705882,51,0.65,0.5098039215686274,210,0.9119496855345912,0.4001592258432918,48
zany-sweep-299,7h0v5ib8,1298,0.1,VJEPA2_SSV2,mean,0.9,5,0.3340930038280364,4,AdamW,reduce,7,nose_touch,256,512,133,-1,True,False,0.0008700706869067606,yes,57,133,1770323100.5748403,0.811965811965812,0.8859014719646047,0.6901408450704225,0.4646530151367187,0.819047619047619,0.8233444321124677,0.6041666666666666,0.8666666666666667,51,0.6444444444444445,0.5686274509803921,210,0.89937106918239,0.2995306890516733,57
polished-sweep-4524,qidexry1,7620,0.1,VJEPA2_SSV2,mean,0.9,5,0.4563899307576044,4,AdamW,reduce,4,nose_touch,256,512,187,-1,True,False,7.113368973108428e-05,no,68,187,1770613671.3334324,0.7905982905982906,0.8858163873053688,0.6666666666666666,0.5449792146682739,0.8142857142857143,0.8357380688124307,0.5979381443298969,0.8658536585365854,51,0.6304347826086957,0.5686274509803921,210,0.8930817610062893,0.46818368543889666,68
olive-sweep-1052,fs78uz7d,54644,0.1,VJEPA2_SSV2,mean,0.9,4,0.2842755451293385,4,AdamW,reduce,8,nose_touch,256,1024,180,-1,True,False,0.00013747740254690645,no,64,180,1770376460.3654134,0.688034188034188,0.8858163873053687,0.0,0.4916885495185852,0.7571428571428571,0.8299420397089654,0.0,0.7571428571428571,51,0.0,0.0,210,1.0,0.4796260122386381,64
faithful-sweep-3307,0odeaq1q,62397,0.1,VJEPA2_SSV2,mean,0.9,4,0.4131639448389798,4,AdamW,reduce,3,nose_touch,256,256,130,-1,True,False,0.0001938570316127057,no,48,130,1770531205.1530232,0.7991452991452992,0.8858163873053687,0.6802721088435374,0.5259134769439697,0.8,0.8321617955358244,0.5714285714285714,0.8588957055214724,51,0.5957446808510638,0.5490196078431373,210,0.8805031446540881,0.44999466604357646,48
avid-sweep-3838,6a1y0soi,99082,0.1,VJEPA2_SSV2,mean,0.9,4,0.2720470707849928,4,AdamW,reduce,10,nose_touch,256,512,182,-1,True,False,9.64197244617158e-05,no,68,182,1770566967.4730277,0.811965811965812,0.8857313026461329,0.6944444444444444,0.5199500918388367,0.8095238095238095,0.8300653594771241,0.5918367346938775,0.8650306748466258,51,0.6170212765957447,0.5686274509803921,210,0.8867924528301887,0.4167982247021074,68
toasty-sweep-3256,axhxk5z2,16669,0.1,VJEPA2_SSV2,mean,0.9,5,0.22026738806828175,4,AdamW,step,10,nose_touch,256,1024,120,-1,True,False,0.0013794872861602752,no,42,120,1770527621.903965,0.7991452991452992,0.8857313026461329,0.6887417218543046,0.45578649640083313,0.8238095238095238,0.7939326674065852,0.6262626262626263,0.8765432098765432,51,0.6458333333333334,0.6078431372549019,210,0.8930817610062893,0.24496517480092447,42
flowing-sweep-4280,79v7ygq8,16821,0.1,VJEPA2_SSV2,mean,0.9,5,0.1559120015516685,4,AdamW,reduce,8,nose_touch,256,256,151,-1,True,False,0.00013255176426831694,no,50,151,1770597128.751099,0.8076923076923077,0.8857313026461329,0.6853146853146853,0.5001422166824341,0.8095238095238095,0.8332716734492539,0.5833333333333334,0.8606060606060606,51,0.6222222222222222,0.5490196078431373,210,0.8930817610062893,0.40713639062898693,50
dauntless-sweep-1120,hm5uw4a9,20536,0.1,VJEPA2_SSV2,mean,0.9,4,0.23512563491326663,4,AdamW,reduce,3,nose_touch,256,256,125,-1,True,False,0.0003163919202242486,no,52,125,1770381061.6882188,0.811965811965812,0.8856887603165149,0.7027027027027027,0.4836460053920746,0.7952380952380952,0.8280922431865828,0.5656565656565656,0.8580246913580247,51,0.5833333333333334,0.5490196078431373,210,0.8742138364779874,0.3498531262438669,52
decent-sweep-4318,v1ojde8u,92249,0.1,VJEPA2_SSV2,mean,0.9,5,0.4309320207023475,4,AdamW,reduce,10,nose_touch,256,256,129,-1,True,False,0.0003321705511317565,yes,46,129,1770599608.3189738,0.8076923076923077,0.8855611333276611,0.6564885496183206,0.4799683392047882,0.8285714285714286,0.8333949932174127,0.5909090909090909,0.8554913294797688,51,0.7027027027027027,0.5098039215686274,210,0.9308176100628932,0.43375248551099616,46
grateful-sweep-793,mfeizt11,63250,0.1,VJEPA2_SSV2,mean,0.9,5,0.3669617513265365,4,AdamW,reduce,6,nose_touch,256,512,128,-1,True,False,0.00030521983680107046,no,54,128,1770358857.3732507,0.8290598290598291,0.8855611333276611,0.7183098591549296,0.4717948734760285,0.8238095238095238,0.8386977432482428,0.6185567010309279,0.8719512195121951,51,0.6521739130434783,0.5882352941176471,210,0.89937106918239,0.34529194531806706,54
easy-sweep-1829,qj2v5rwv,10840,0.1,VJEPA2_SSV2,mean,0.9,4,0.1521212875201366,4,AdamW,reduce,8,nose_touch,256,768,151,-1,True,False,8.717462215020138e-05,no,44,151,1770429616.6386037,0.811965811965812,0.8855611333276611,0.6901408450704225,0.5045243501663208,0.7952380952380952,0.8275989641139474,0.5473684210526316,0.8493975903614458,51,0.5909090909090909,0.5098039215686274,210,0.8867924528301887,0.4036268856939828,44
soft-sweep-366,rs9mjn1t,20109,0.1,VJEPA2_SSV2,mean,0.9,5,0.10457846893078308,4,AdamW,reduce,10,nose_touch,256,1024,177,-1,True,False,7.800436744814455e-05,no,74,177,1770328356.7010045,0.8076923076923077,0.8855611333276611,0.6153846153846154,0.5473810434341431,0.7904761904761904,0.833888272290048,0.42105263157894735,0.8108108108108109,51,0.64,0.3137254901960784,210,0.9433962264150944,0.538064666714679,74
comic-sweep-4926,1nc8nt58,51916,0.1,VJEPA2_SSV2,mean,0.9,4,0.3683591497956547,4,AdamW,reduce,9,nose_touch,256,512,126,-1,True,False,0.0001345107273516456,no,45,126,1770640825.1363623,0.811965811965812,0.885561133327661,0.6666666666666666,0.5252583622932434,0.8047619047619048,0.8273523245776297,0.5287356321839081,0.8390804597701149,51,0.6388888888888888,0.4509803921568627,210,0.9182389937106918,0.5048219156588173,45
lilac-sweep-2809,xdwlx1d9,98829,0.1,VJEPA2_SSV2,mean,0.9,4,0.372486341360447,4,AdamW,reduce,10,nose_touch,256,768,187,-1,True,False,0.00010975059784215155,no,67,187,1770497182.983694,0.688034188034188,0.885561133327661,0.0,0.5171898603439331,0.7571428571428571,0.8333949932174127,0.0,0.7571428571428571,51,0.0,0.0,210,1.0,0.5094285625501895,67
rural-sweep-2428,vibw089b,89382,0.1,VJEPA2_SSV2,mean,0.9,3,0.4252755091424021,4,AdamW,reduce,7,nose_touch,256,256,94,-1,True,False,0.00037375507989674447,no,41,94,1770471006.02079,0.7948717948717948,0.885518590998043,0.6883116883116883,0.5592426657676697,0.7952380952380952,0.8137254901960784,0.5904761904761905,0.8717948717948718,51,0.5740740740740741,0.6078431372549019,210,0.8553459119496856,0.4761742454350129,41
divine-sweep-2619,kdclajex,94516,0.1,VJEPA2_SSV2,mean,0.9,4,0.3331466615109221,4,AdamW,step,4,nose_touch,256,1024,127,-1,True,False,0.0001397280422492711,no,56,127,1770484248.9504294,0.8205128205128205,0.8854760486684251,0.6818181818181818,0.46853235363960266,0.8142857142857143,0.8390677025527192,0.5714285714285714,0.8529411764705882,51,0.65,0.5098039215686274,210,0.9119496855345912,0.38191701132072553,56
dark-sweep-3868,toh91xjp,46273,0.1,VJEPA2_SSV2,mean,0.9,4,0.3884753861939283,4,AdamW,reduce,5,nose_touch,256,768,137,-1,True,False,0.00016642498201979936,no,48,137,1770568971.7868938,0.8290598290598291,0.8854760486684251,0.6923076923076923,0.4822181165218353,0.8142857142857143,0.836971266494019,0.5617977528089888,0.8488372093023255,51,0.6578947368421053,0.4901960784313726,210,0.9182389937106918,0.430734997880109,48
unique-sweep-3140,52zd4geo,38004,0.1,VJEPA2_SSV2,mean,0.9,5,0.4929221722916806,4,AdamW,reduce,8,nose_touch,256,512,142,-1,True,False,0.00014631956847337287,no,58,142,1770519591.804257,0.8076923076923077,0.8854760486684251,0.6896551724137931,0.5140321254730225,0.8095238095238095,0.8317918362313479,0.5833333333333334,0.8606060606060606,51,0.6222222222222222,0.5490196078431373,210,0.8930817610062893,0.4146562601454371,58
rare-sweep-4699,29q9gfy1,2225,0.1,VJEPA2_SSV2,mean,0.9,5,0.30027272644571823,4,AdamW,reduce,6,nose_touch,256,512,122,-1,True,False,0.00022601013630158237,no,49,122,1770625380.3154273,0.7863247863247863,0.885476048668425,0.6987951807228916,0.6106308102607727,0.8095238095238095,0.809532618078678,0.6153846153846154,0.8789808917197452,51,0.6037735849056604,0.6274509803921569,210,0.8679245283018868,0.49922430636382265,49
vague-sweep-797,oqcdznlf,61062,0.1,VJEPA2_SSV2,mean,0.9,3,0.45417369352652914,4,AdamW,reduce,10,nose_touch,256,512,150,-1,True,False,0.00018595392763540232,no,59,150,1770359143.7994418,0.8247863247863247,0.8853909640091893,0.7007299270072993,0.5108681917190552,0.8238095238095238,0.8285855222592182,0.6021505376344086,0.8630952380952381,51,0.6666666666666666,0.5490196078431373,210,0.9119496855345912,0.4412503866121408,59
restful-sweep-297,ip6bnyu8,18485,0.1,VJEPA2_SSV2,mean,0.9,4,0.24562156085809225,4,AdamW,reduce,6,nose_touch,256,1024,158,-1,True,False,0.00012994775572425807,no,76,158,1770322961.1917727,0.8290598290598291,0.8853909640091892,0.696969696969697,0.4686548709869385,0.8142857142857143,0.8343815513626834,0.5714285714285714,0.8529411764705882,51,0.65,0.5098039215686274,210,0.9119496855345912,0.40163376819737606,76
wild-sweep-3159,8k1n6u3c,36671,0.1,VJEPA2_SSV2,mean,0.9,4,0.2978371483694573,4,AdamW,step,3,nose_touch,256,1024,196,-1,True,False,6.410743688871793e-05,no,67,196,1770520895.992903,0.688034188034188,0.885390964009189,0.0,0.5107228755950928,0.7571428571428571,0.8342582315945246,0.0,0.7571428571428571,51,0.0,0.0,210,1.0,0.5127044951135364,67
desert-sweep-2545,gmzjom3r,67113,0.1,VJEPA2_SSV2,mean,0.9,4,0.4752225232395283,4,AdamW,step,5,nose_touch,256,512,136,-1,True,False,0.00012460752498607647,no,53,136,1770479169.2644851,0.8076923076923077,0.885390964009189,0.6762589928057554,0.4901788532733917,0.8095238095238095,0.8364779874213837,0.5652173913043478,0.8520710059171598,51,0.6341463414634146,0.5098039215686274,210,0.9056603773584906,0.42881898733347856,53
ethereal-sweep-119,7wtgps97,26764,0.1,VJEPA2_SSV2,mean,0.9,5,0.16888837178928467,4,AdamW,step,9,nose_touch,256,768,175,-1,True,False,6.193669799164827e-05,no,71,175,1770310089.7953472,0.7948717948717948,0.885390964009189,0.6756756756756757,0.5604240298271179,0.8047619047619048,0.8267357257368356,0.5858585858585859,0.8641975308641975,51,0.6041666666666666,0.5686274509803921,210,0.8805031446540881,0.5006346998580692,71
glamorous-sweep-1529,x7fin0uj,95999,0.1,VJEPA2_SSV2,mean,0.9,4,0.347605200998381,4,AdamW,reduce,7,open_fist,256,512,144,-1,True,False,3.459598491966475e-05,no,71,144,1770432114.5379918,0.33663366336633666,0.8651351087698761,0.5037037037037037,0.7349952305897628,0.27340823970037453,0.8387939556559808,0.4294117647058823,0.0,73,0.27340823970037453,1.0,267,0.0,0.6204826307546406,71
different-sweep-3804,0l9454tp,59689,0.1,VJEPA2_SSV2,mean,0.9,4,0.22166907910704856,4,AdamW,reduce,10,open_fist,256,1024,189,-1,True,False,3.400842272565876e-05,no,62,189,1770633302.9301035,0.33663366336633666,0.8643059213735246,0.5037037037037037,0.7697230732873721,0.27340823970037453,0.8368168337805395,0.4294117647058823,0.0,73,0.27340823970037453,1.0,267,0.0,0.6349669816606331,62
gentle-sweep-1064,0u9lp3bc,14424,0.1,VideoPrism,mean,0.9,5,0.2759755848286817,4,AdamW,step,10,open_fist,256,768,187,-1,True,False,0.0041849557820261936,no,77,187,1770391450.253919,0.8192419825072886,0.8638314475224346,0.7232142857142857,0.4418046454472722,0.7868852459016393,0.8379411764705883,0.6107784431137725,0.8475336322869955,85,0.6219512195121951,0.6,305,0.8590909090909091,0.28082542298203805,77
devout-sweep-1635,nv9o1rl1,80455,0.1,VJEPA2_SSV2,mean,0.9,5,0.17900894195740885,4,AdamW,reduce,8,open_fist,256,1024,126,-1,True,False,9.116206393545808e-05,no,64,126,1770441730.5436387,0.33663366336633666,0.8630377524143986,0.5037037037037037,0.7638514673355783,0.27340823970037453,0.8334274819940687,0.4294117647058823,0.0,73,0.27340823970037453,1.0,267,0.0,0.6185686410409618,64
efficient-sweep-304,1snxyak0,71410,0.1,VideoPrism,mean,0.9,5,0.36496519491865664,4,AdamW,reduce,6,open_fist,256,768,145,-1,True,False,0.0016582344221412384,no,79,145,1770326224.288776,0.8017492711370262,0.8628950448692938,0.7142857142857143,0.4515192449614188,0.7770491803278688,0.822433155080214,0.6179775280898876,0.8584905660377359,85,0.5913978494623656,0.6470588235294118,305,0.8272727272727273,0.29003110376455016,79
fluent-sweep-2935,0ocwctvm,74772,0.1,VJEPA2_SSV2,mean,0.9,5,0.493646977659153,4,AdamW,reduce,7,open_fist,256,768,161,-1,True,False,5.148614885385603e-05,no,64,161,1770556500.0113685,0.33663366336633666,0.8626963223100186,0.5037037037037037,0.7296380742941753,0.27340823970037453,0.8344160429317893,0.4294117647058823,0.0,73,0.27340823970037453,1.0,267,0.0,0.5922380011743276,64
fallen-sweep-1229,620pa2s9,25215,0.1,VJEPA2_SSV2,mean,0.9,4,0.4812159256873899,4,AdamW,step,10,open_fist,256,1024,122,-1,True,False,0.00015169322041924264,no,64,122,1770405924.0596876,0.33663366336633666,0.8622085650180471,0.5037037037037037,0.696588667902616,0.27340823970037453,0.8446194040389776,0.4294117647058823,0.0,73,0.27340823970037453,1.0,267,0.0,0.5791443293007257,64
electric-sweep-559,0k28ahsw,83830,0.1,VJEPA2_SSV2,mean,0.9,4,0.13499119709761348,4,AdamW,reduce,7,open_fist,256,1024,196,-1,True,False,1.5479541666097916e-05,no,105,196,1770348117.6352286,0.33663366336633666,0.8621110135596527,0.5037037037037037,0.7271997362080187,0.27340823970037453,0.8369580567716425,0.4294117647058823,0.0,73,0.27340823970037453,1.0,267,0.0,0.6132846109530065,105
earthy-sweep-385,y60vioxe,94323,0.1,VideoPrism,mean,0.9,3,0.13661468046354194,4,AdamW,reduce,5,open_fist,256,1024,112,-1,True,False,0.0010803194465669923,no,43,112,1770333103.5145576,0.8192419825072886,0.8618806086617246,0.7256637168141593,0.4509624750204059,0.7737704918032787,0.8302139037433156,0.5868263473053892,0.8385650224215246,85,0.5975609756097561,0.5764705882352941,305,0.85,0.35348443207094227,43
distinctive-sweep-1705,9euhgm6a,41360,0.1,VideoPrism,mean,0.9,4,0.32271523512304584,4,AdamW,reduce,9,open_fist,256,512,167,-1,True,False,0.005374490567422649,no,61,167,1770447854.9749944,0.8163265306122449,0.8617635583300819,0.7174887892376681,0.45338615879373023,0.760655737704918,0.817994652406417,0.5780346820809249,0.8387096774193549,85,0.5681818181818182,0.5882352941176471,305,0.8272727272727273,0.1830574617547504,61
rosy-sweep-2381,vut2cvn3,61672,0.1,VideoPrism,mean,0.9,5,0.20403916283783685,4,AdamW,step,3,open_fist,256,256,109,-1,True,False,0.002044073866888765,no,55,109,1770507872.4470727,0.8134110787172012,0.8617245415528678,0.7217391304347827,0.46906133434862857,0.7737704918032787,0.8229411764705882,0.5964912280701754,0.8447488584474886,85,0.5930232558139535,0.6,305,0.8409090909090909,0.3783222255060229,55
northern-sweep-2571,hs1apafv,25942,0.1,VJEPA2_SSV2,mean,0.9,5,0.2740920664950369,4,AdamW,reduce,3,open_fist,256,768,174,-1,True,False,3.5058892816762736e-05,no,76,174,1770524828.320177,0.33663366336633666,0.8617208077260754,0.5037037037037037,0.7072181904276605,0.27340823970037453,0.8407004660358707,0.4294117647058823,0.0,73,0.27340823970037453,1.0,267,0.0,0.5862202853432501,76
sweepy-sweep-1767,lv4c0grd,15198,0.1,VJEPA2_SSV2,mean,0.9,5,0.22760628733044347,4,AdamW,step,8,open_fist,256,1024,191,-1,True,False,1.6739035923106266e-05,no,87,191,1770453461.507121,0.33663366336633666,0.8613306018924983,0.5037037037037037,0.7486869771488429,0.27340823970037453,0.8390764016381868,0.4294117647058823,0.0,73,0.27340823970037453,1.0,267,0.0,0.6421356653667869,87
young-sweep-3354,o1clbqlw,42973,0.1,VJEPA2_SSV2,mean,0.9,5,0.11395935815335334,4,AdamW,reduce,4,open_fist,256,512,147,-1,True,False,4.18852434054308e-05,no,71,147,1770593730.8036191,0.33663366336633666,0.8608428446005267,0.5037037037037037,0.697056246079234,0.27340823970037453,0.8333568704985171,0.4294117647058823,0.0,73,0.27340823970037453,1.0,267,0.0,0.5863136536787942,71
cerulean-sweep-530,63x6xvzl,33817,0.1,VJEPA2_SSV2,mean,0.9,5,0.3878027858941592,4,AdamW,step,3,open_fist,256,512,109,-1,True,False,0.00010414822591972292,no,53,109,1770345362.17158,0.33663366336633666,0.8606965174129354,0.5037037037037037,0.7201612062580122,0.27340823970037453,0.8381231464482418,0.4294117647058823,0.0,73,0.27340823970037453,1.0,267,0.0,0.5932878923665791,53
spring-sweep-959,yl1xd2nz,30056,0.1,VJEPA2_SSV2,mean,0.9,4,0.261411756795537,4,AdamW,reduce,7,open_fist,256,1024,135,-1,True,False,1.9699759169642832e-05,no,72,135,1770382523.081221,0.33663366336633666,0.860598965954541,0.5037037037037037,0.6895077582633141,0.27340823970037453,0.8403474085581133,0.4294117647058823,0.0,73,0.27340823970037453,1.0,267,0.0,0.590626466648741,72
worthy-sweep-2766,krx1gp9c,47381,0.1,VideoPrism,mean,0.9,4,0.4545800409912143,4,AdamW,reduce,10,open_fist,256,768,81,-1,True,False,0.0011906995674420711,no,48,81,1770541782.2493386,0.793002915451895,0.8603199375731565,0.6926406926406926,0.44843229660139833,0.7737704918032787,0.8274331550802139,0.6145251396648045,0.8578199052132701,85,0.5851063829787234,0.6470588235294118,305,0.8227272727272728,0.28462757549043427,48
sandy-sweep-243,ekwd4qfr,56053,0.1,VJEPA2_SSV2,mean,0.9,4,0.24326035421753592,4,AdamW,reduce,4,open_fist,256,768,183,-1,True,False,5.56397807754547e-05,no,75,183,1770321278.270061,0.33663366336633666,0.8603063115793581,0.5037037037037037,0.7341964384510179,0.27340823970037453,0.8374523372405027,0.4294117647058823,0.0,73,0.27340823970037453,1.0,267,0.0,0.5848148939497184,75
breezy-sweep-1127,e8p5ti45,71757,0.1,VideoPrism,mean,0.9,5,0.3508088422896857,4,AdamW,reduce,7,open_fist,256,768,75,-1,True,False,0.002159340562943126,no,39,75,1770396841.437097,0.8017492711370262,0.8602809207959423,0.711864406779661,0.46760098666560895,0.7704918032786885,0.8266310160427807,0.5930232558139535,0.8440366972477065,85,0.5862068965517241,0.6,305,0.8363636363636363,0.2578895455699856,39
azure-sweep-1254,q815f3dp,41151,0.1,VideoPrism,mean,0.9,5,0.19729110475598968,4,AdamW,reduce,9,open_fist,256,768,64,-1,True,False,0.0029780568610808635,no,34,64,1770408073.972827,0.7755102040816326,0.8601638704642997,0.6751054852320675,0.4610044254158398,0.760655737704918,0.8193048128342246,0.5966850828729282,0.8516746411483254,85,0.5625,0.6352941176470588,305,0.8090909090909091,0.2169728728674226,34
glowing-sweep-3118,ldezt9sg,86372,0.1,VJEPA2_SSV2,mean,0.9,4,0.35602948347850716,4,AdamW,reduce,10,open_fist,256,1024,159,-1,True,False,2.4482793045251468e-05,no,79,159,1770572595.716009,0.33663366336633666,0.8601599843917667,0.5037037037037037,0.7196209853631829,0.27340823970037453,0.8351927693828555,0.4294117647058823,0.0,73,0.27340823970037453,1.0,267,0.0,0.6135583807036514,79
celestial-sweep-2491,xc1eaej2,32737,0.1,VideoPrism,mean,0.9,5,0.4072052461883673,4,AdamW,step,6,open_fist,256,1024,199,-1,True,False,0.00017070271842864023,no,87,199,1770517732.3332186,0.793002915451895,0.8599687865782286,0.7078189300411523,0.5073967221526988,0.7704918032786885,0.825614973262032,0.6022727272727273,0.8504672897196262,85,0.5824175824175825,0.6235294117647059,305,0.8272727272727273,0.43551573611922184,87
laced-sweep-194,bqzg7t9v,4354,0.1,VJEPA2_SSV2,mean,0.9,4,0.3628804467364378,4,AdamW,reduce,10,open_fist,256,768,140,-1,True,False,2.6540639739326695e-05,no,76,140,1770317101.180052,0.6897689768976898,0.8598673300165838,0.6713286713286714,0.6548414800820177,0.6404494382022472,0.8410535235136279,0.5675675675675675,0.9152542372881356,73,0.4228187919463087,0.863013698630137,267,0.5567010309278351,0.5609921142068833,76
robust-sweep-1973,btb5c5mx,28427,0.1,VJEPA2_SSV2,mean,0.9,5,0.4048999299870525,4,AdamW,reduce,6,open_fist,256,768,159,-1,True,False,2.7874330978341523e-05,no,75,159,1770471870.1236815,0.33663366336633666,0.8597697785581895,0.5037037037037037,0.707273797430221,0.27340823970037453,0.8390057901426351,0.4294117647058823,0.0,73,0.27340823970037453,1.0,267,0.0,0.5984349952942414,75
divine-sweep-2617,rmx1mrxa,39164,0.1,VideoPrism,mean,0.9,4,0.2185630847621749,4,AdamW,reduce,3,open_fist,256,768,170,-1,True,False,0.0014693138086412877,no,79,170,1770528790.0072062,0.8046647230320699,0.8595005852516582,0.7148936170212766,0.4856819608642478,0.7737704918032787,0.8167914438502674,0.6270270270270271,0.8682926829268293,85,0.58,0.6823529411764706,305,0.8090909090909091,0.15902179189152638,79
fiery-sweep-1016,ssfqwk48,12601,0.1,VideoPrism,mean,0.9,5,0.18873345268620972,4,AdamW,reduce,4,open_fist,256,512,181,-1,True,False,0.00023562582106752608,yes,72,181,1770387238.4407954,0.7813411078717201,0.8593835349200155,0.691358024691358,0.5351320618095621,0.7770491803278688,0.8235828877005348,0.6304347826086957,0.8689320388349514,85,0.5858585858585859,0.6823529411764706,305,0.8136363636363636,0.4775000775264482,72
usual-sweep-3957,0o13u7c0,57826,0.1,VideoPrism,mean,0.9,4,0.2221141503140691,4,AdamW,reduce,9,open_fist,256,768,89,-1,True,False,0.00022515682906039497,no,31,89,1770646435.6330297,0.7842565597667639,0.8592274678111588,0.7016129032258065,0.5187243728874028,0.760655737704918,0.8305882352941176,0.6010928961748634,0.855072463768116,85,0.5612244897959183,0.6470588235294118,305,0.8045454545454546,0.4667141558760304,31
good-sweep-1082,d4mhzqbz,27454,0.1,VJEPA2_SSV2,mean,0.9,4,0.35210327637742733,4,AdamW,reduce,7,open_fist,256,768,101,-1,True,False,9.397394917932676e-05,no,58,101,1770393045.0552452,0.33663366336633666,0.8591356940786266,0.5037037037037037,0.6983753462435782,0.27340823970037453,0.8404886315492163,0.4294117647058823,0.0,73,0.27340823970037453,1.0,267,0.0,0.5728726664762847,58
clean-sweep-1856,tro9b54c,1501,0.1,VideoPrism,mean,0.9,5,0.3956923441495389,4,AdamW,reduce,8,open_fist,256,768,193,-1,True,False,0.0014576970946888867,no,87,193,1770461515.078938,0.7959183673469388,0.8591104174795161,0.7083333333333334,0.45669610681061146,0.780327868852459,0.8289839572192512,0.6214689265536724,0.8591549295774648,85,0.5978260869565217,0.6470588235294118,305,0.8318181818181818,0.28906214338237957,87
peach-sweep-2304,nu6xq42k,50091,0.1,VideoPrism,mean,0.9,5,0.2611740103507483,4,AdamW,reduce,6,open_fist,256,512,85,-1,True,False,0.0005718250872013335,no,29,85,1770501397.4050844,0.7900874635568513,0.8589933671478736,0.6974789915966386,0.5072446017154104,0.7704918032786885,0.8292245989304813,0.6067415730337079,0.8537735849056604,85,0.5806451612903226,0.6352941176470588,305,0.8227272727272728,0.4246099687228769,29
restful-sweep-1226,4f8jj0qf,73123,0.1,VJEPA2_SSV2,mean,0.9,4,0.3388837612738858,4,AdamW,reduce,5,open_fist,256,1024,186,-1,True,False,9.157445207248128e-05,no,90,186,1770405688.952842,0.33663366336633666,0.8589893668910351,0.5037037037037037,0.7434723571975632,0.27340823970037453,0.8378407004660359,0.4294117647058823,0.0,73,0.27340823970037453,1.0,267,0.0,0.6469407109689962,90
firm-sweep-3825,xeh2xky3,45894,0.1,VJEPA2_SSV2,mean,0.9,5,0.15473681262699765,4,AdamW,reduce,7,open_fist,256,1024,102,-1,True,False,4.7525490913465365e-05,no,53,102,1770634811.2437384,0.5676567656765676,0.8588918154326407,0.5969230769230769,0.6634846551976975,0.550561797752809,0.8407710775314221,0.53125,0.9404761904761904,73,0.37158469945355194,0.9315068493150684,267,0.4072164948453608,0.543022654131445,53
usual-sweep-2068,oo5f91oc,41423,0.1,VJEPA2_SSV2,mean,0.9,5,0.2513450955011965,4,AdamW,reduce,5,open_fist,256,1024,146,-1,True,False,3.929061998355638e-05,no,62,146,1770480487.5838475,0.33663366336633666,0.8588430397034436,0.5037037037037037,0.7733906952067964,0.27340823970037453,0.8331450360118627,0.4294117647058823,0.0,73,0.27340823970037453,1.0,267,0.0,0.6465278823338254,62
colorful-sweep-1538,tpbilzdg,49789,0.1,VideoPrism,mean,0.9,5,0.15311711680435405,4,AdamW,reduce,5,open_fist,256,1024,164,-1,True,False,0.00015121433921385516,no,68,164,1770432933.0153766,0.7842565597667639,0.8588373000390168,0.7016129032258065,0.5095585025086695,0.780327868852459,0.8316042780748663,0.6378378378378379,0.8731707317073171,85,0.59,0.6941176470588235,305,0.8136363636363636,0.4306957307508436,68
silvery-sweep-2904,065q4g6y,43567,0.1,VideoPrism,mean,0.9,5,0.2220545176238601,4,AdamW,reduce,5,open_fist,256,256,163,-1,True,False,0.007792289952828162,no,75,163,1770553776.187301,0.8134110787172012,0.8588373000390167,0.6952380952380952,0.44922709134855354,0.760655737704918,0.8232620320855615,0.5521472392638037,0.8237885462555066,85,0.5769230769230769,0.5294117647058824,305,0.85,0.36524712029149975,75
clear-sweep-1758,7atcnz86,89161,0.1,VideoPrism,mean,0.9,5,0.4894665627733577,4,AdamW,reduce,8,open_fist,256,1024,180,-1,True,False,0.0010546085783439455,no,79,180,1770452661.7143223,0.7988338192419825,0.8587982832618025,0.7012987012987013,0.453945669853305,0.7704918032786885,0.8198930481283422,0.6067415730337079,0.8537735849056604,85,0.5806451612903226,0.6352941176470588,305,0.8227272727272728,0.21171646401033564,79
splendid-sweep-2033,jv43062o,22353,0.1,VideoPrism,mean,0.9,4,0.4762972990170581,4,AdamW,reduce,9,open_fist,256,768,192,-1,True,False,0.00447778031816456,no,87,192,1770477435.5811086,0.7959183673469388,0.8584471322668747,0.6788990825688074,0.4442877406281563,0.7737704918032787,0.8319786096256684,0.5548387096774193,0.8212765957446808,85,0.6142857142857143,0.5058823529411764,305,0.8772727272727273,0.3499092782958079,87
colorful-sweep-2776,dc6xzwhu,2236,0.1,VideoPrism,mean,0.9,4,0.13223179168165433,4,AdamW,reduce,4,open_fist,256,512,136,-1,True,False,0.005465155518107267,no,61,136,1770542625.5511236,0.8075801749271136,0.8582520483808038,0.6732673267326733,0.4424082585569721,0.7770491803278688,0.8453475935828877,0.5584415584415584,0.8220338983050848,85,0.6231884057971014,0.5058823529411764,305,0.8818181818181818,0.4157727375879126,61
usual-sweep-2750,9tzd3ske,55476,0.1,VideoPrism,mean,0.9,5,0.3585283669634738,4,AdamW,reduce,6,open_fist,256,1024,87,-1,True,False,0.000194715231389424,no,31,87,1770540481.9494848,0.7755102040816326,0.8582130316035895,0.6831275720164609,0.52001484489997,0.7770491803278688,0.8293048128342246,0.6179775280898876,0.8584905660377359,85,0.5913978494623656,0.6470588235294118,305,0.8272727272727273,0.4699904842902038,31
lively-sweep-2186,p4gt7aay,28244,0.1,VideoPrism,mean,0.9,5,0.1704064048680825,4,AdamW,reduce,5,open_fist,256,512,186,-1,True,False,0.00014085606938687935,no,87,186,1770490965.2787433,0.7900874635568513,0.858095981271947,0.7142857142857143,0.5216216617005907,0.7672131147540984,0.8312299465240642,0.6203208556149733,0.8669950738916257,85,0.5686274509803921,0.6823529411764706,305,0.8,0.45497211662389464,87
usual-sweep-3482,z6woz3dg,5958,0.1,VideoPrism,mean,0.9,5,0.4051729261419029,4,AdamW,reduce,7,open_fist,256,256,174,-1,True,False,0.001944684890398604,no,63,174,1770604950.003127,0.8017492711370262,0.858095981271947,0.7043478260869566,0.4526279803267721,0.7639344262295082,0.8195454545454546,0.5862068965517241,0.8425925925925926,85,0.5730337078651685,0.6,305,0.8272727272727273,0.26291476872007724,63
iconic-sweep-1278,ynpgn33i,10289,0.1,VideoPrism,mean,0.9,5,0.3933216643296006,4,AdamW,reduce,6,open_fist,256,256,51,-1,True,False,0.001390668274443362,no,30,51,1770410168.1594975,0.7988338192419825,0.8580179477175186,0.7088607594936709,0.47275633506107606,0.7770491803278688,0.8257754010695187,0.6222222222222222,0.861904761904762,85,0.5894736842105263,0.6588235294117647,305,0.8227272727272728,0.3676341469005003,30
unique-sweep-2135,d9hf5znm,95056,0.1,VideoPrism,mean,0.9,4,0.4655564188470991,4,AdamW,reduce,9,open_fist,256,768,151,-1,True,False,0.0002240856477730285,no,60,151,1770486483.2370408,0.8017492711370262,0.8579399141630902,0.7068965517241379,0.5158480040881098,0.7672131147540984,0.8268983957219253,0.6077348066298343,0.8564593301435407,85,0.5729166666666666,0.6470588235294118,305,0.8136363636363636,0.433104540331889,60
earnest-sweep-3781,e3vant18,12343,0.1,VideoPrism,mean,0.9,4,0.3820141347349174,4,AdamW,reduce,7,open_fist,256,1024,155,-1,True,False,0.00011707342534423592,no,70,155,1770631215.366372,0.7755102040816326,0.8578228638314476,0.6932270916334662,0.5478258940985877,0.7672131147540984,0.8272192513368984,0.6243386243386243,0.8706467661691543,85,0.5673076923076923,0.6941176470588235,305,0.7954545454545454,0.4717352602441432,70
lyric-sweep-3018,659twclf,92994,0.1,VJEPA2_SSV2,mean,0.9,4,0.3789503833708984,4,AdamW,step,10,open_fist,256,1024,161,-1,True,False,1.1300304648836067e-05,no,79,161,1770563545.934634,0.33663366336633666,0.8577699736611063,0.5037037037037037,0.6875386161379294,0.27340823970037453,0.8360401073294732,0.4294117647058823,0.0,73,0.27340823970037453,1.0,267,0.0,0.6152374429228418,79
smart-sweep-1419,p4d8jd4e,28676,0.1,VideoPrism,mean,0.9,5,0.3074710051881076,4,AdamW,reduce,9,open_fist,256,768,91,-1,True,False,0.00032224894866255397,no,51,91,1770422518.6840231,0.7959183673469388,0.8575887631681623,0.7058823529411765,0.49936764233313913,0.7737704918032787,0.8275401069518716,0.6187845303867403,0.861244019138756,85,0.5833333333333334,0.6588235294117647,305,0.8181818181818182,0.4398705444093478,51
deep-sweep-575,szsbiqb3,56992,0.1,VideoPrism,mean,0.9,4,0.2966829603994956,4,AdamW,step,4,open_fist,256,768,161,-1,True,False,0.0007853863458145075,no,79,161,1770349558.9110298,0.7813411078717201,0.8575107296137339,0.6887966804979253,0.4615422882595841,0.780327868852459,0.8342245989304813,0.6256983240223464,0.8625592417061612,85,0.5957446808510638,0.6588235294117647,305,0.8272727272727273,0.31104738631490936,79
bumbling-sweep-454,k6vgk1a3,72168,0.1,VideoPrism,mean,0.9,4,0.27123710524429845,4,AdamW,reduce,7,open_fist,256,768,137,-1,True,False,0.0002272425003527977,no,60,137,1770338794.767395,0.7813411078717201,0.8575107296137339,0.6987951807228916,0.5223238351741268,0.7672131147540984,0.827379679144385,0.6162162162162163,0.8634146341463415,85,0.57,0.6705882352941176,305,0.8045454545454546,0.4392259711936369,60
quiet-sweep-2625,3c2vj5al,8947,0.1,VideoPrism,mean,0.9,4,0.29920912530369825,4,AdamW,reduce,7,open_fist,256,768,109,-1,True,False,0.0003520979964024623,no,46,109,1770529412.0565088,0.7871720116618076,0.8574326960593055,0.7044534412955465,0.5174434927045083,0.7639344262295082,0.8226737967914438,0.6043956043956044,0.8557692307692307,85,0.5670103092783505,0.6470588235294118,305,0.8090909090909091,0.4194084350335396,46
misunderstood-sweep-2296,eec3a7su,89275,0.1,VJEPA2_SSV2,mean,0.9,4,0.4981130375415267,4,AdamW,reduce,6,open_fist,256,1024,152,-1,True,False,1.3457294126904342e-05,no,69,152,1770500827.0961063,0.6336633663366337,0.8573797678275291,0.6312292358803987,0.6583213123551296,0.6104868913857678,0.8390057901426351,0.559322033898305,0.9326923076923076,73,0.4049079754601227,0.9041095890410958,267,0.5,0.5802362520657285,69
clean-sweep-3458,l4kt1gpk,99404,0.1,VJEPA2_SSV2,mean,0.9,5,0.3208792088252604,4,AdamW,reduce,6,open_fist,256,768,149,-1,True,False,2.6096007811352004e-05,no,76,149,1770602844.7509491,0.33663366336633666,0.8573797678275291,0.5037037037037037,0.7167957285449843,0.27340823970037453,0.8400649625759073,0.4294117647058823,0.0,73,0.27340823970037453,1.0,267,0.0,0.6178844308977975,76
firm-sweep-1956,imadan68,38039,0.1,VideoPrism,mean,0.9,5,0.30218077604106175,4,AdamW,reduce,9,open_fist,256,1024,117,-1,True,False,0.00019812886955022043,no,40,117,1770470408.217543,0.7959183673469388,0.8573156457276628,0.7131147540983607,0.512613996993696,0.7836065573770492,0.8355614973262032,0.6413043478260869,0.8737864077669902,85,0.5959595959595959,0.6941176470588235,305,0.8181818181818182,0.4587488139079789,40
wobbly-sweep-2002,0b3gpx08,11355,0.1,TimeSformer,mean,0.9,5,0.4473662669826902,4,AdamW,reduce,8,open_fist,256,768,199,-1,True,False,3.975960182258513e-05,no,121,199,1770474562.54519,0.7784256559766763,0.8572376121732345,0.696,0.5638113829901893,0.756578947368421,0.8087662337662338,0.5795454545454546,0.8443396226415094,84,0.5543478260869565,0.6071428571428571,304,0.8136363636363636,0.508882552004875,121
devoted-sweep-2178,5hytq290,55648,0.1,VideoPrism,mean,0.9,4,0.1499135397427388,4,AdamW,reduce,10,open_fist,256,1024,183,-1,True,False,0.0005801235952763794,no,78,183,1770490211.7604127,0.7900874635568513,0.8571595786188061,0.7024793388429752,0.45722342771274355,0.780327868852459,0.8322459893048129,0.6298342541436464,0.8660287081339713,85,0.59375,0.6705882352941176,305,0.8227272727272728,0.3008834270097442,78
swept-sweep-3055,26sodmar,48082,0.1,VideoPrism,mean,0.9,3,0.4267587786769471,4,AdamW,reduce,7,open_fist,256,768,163,-1,True,False,0.001896270984754086,no,72,163,1770566801.802648,0.8046647230320699,0.8570035115099492,0.7148936170212766,0.4515292755716396,0.7639344262295082,0.8157754010695186,0.6043956043956044,0.8557692307692307,85,0.5670103092783505,0.6470588235294118,305,0.8090909090909091,0.2410135049436052,72
pious-sweep-1601,nhb7w7ga,48585,0.1,VideoPrism,mean,0.9,4,0.3730909059583457,4,AdamW,reduce,10,open_fist,256,512,125,-1,True,False,0.0002578777610585979,no,55,125,1770438655.2917707,0.7842565597667639,0.8569254779555209,0.7086614173228346,0.5058980502470589,0.7704918032786885,0.8285561497326203,0.6236559139784946,0.8676470588235294,85,0.5742574257425742,0.6823529411764706,305,0.8045454545454546,0.4270096562676511,55
stilted-sweep-2902,dqhtzlkn,7725,0.1,VideoPrism,mean,0.9,5,0.3483502768288276,4,AdamW,reduce,6,open_fist,256,1024,132,-1,True,False,0.00022244640732873737,yes,67,132,1770553588.80416,0.7784256559766763,0.8569254779555209,0.6984126984126984,0.5595494183785019,0.7639344262295082,0.8219251336898395,0.6129032258064516,0.8627450980392157,85,0.5643564356435643,0.6705882352941176,305,0.8,0.5011606034585985,67
warm-sweep-1985,2htg7d8e,40387,0.1,TimeSformer,mean,0.9,5,0.2766168015259576,4,AdamW,reduce,7,open_fist,256,1024,150,-1,True,False,5.123118356954528e-05,no,85,150,1770473023.6539185,0.7755102040816326,0.8568864611783066,0.7003891050583657,0.578481994634467,0.7697368421052632,0.8098484848484848,0.6067415730337079,0.8571428571428571,84,0.574468085106383,0.6428571428571429,304,0.8181818181818182,0.511499212143269,85
scarlet-sweep-1308,tlm7pec5,56965,0.1,VideoPrism,mean,0.9,5,0.1652831948226571,4,AdamW,reduce,4,open_fist,256,512,200,-1,True,False,0.00010080006546438288,no,76,200,1770412805.224209,0.7784256559766763,0.8568474444010924,0.6935483870967742,0.532672087061857,0.7639344262295082,0.8228877005347592,0.6086956521739131,0.8592233009708737,85,0.5656565656565656,0.6588235294117647,305,0.8045454545454546,0.4649773336062997,76
sweet-sweep-3164,vhqg30wx,37948,0.1,VideoPrism,mean,0.9,4,0.44269257637946535,4,AdamW,step,10,open_fist,256,512,95,-1,True,False,0.0006806903508663436,no,46,95,1770576618.2658277,0.7813411078717201,0.8566133437378073,0.6835443037974683,0.5172812247067777,0.7672131147540984,0.8153475935828878,0.6203208556149733,0.8669950738916257,85,0.5686274509803921,0.6823529411764706,305,0.8,0.3939953966666076,46
cosmic-sweep-1036,npqhe66g,6096,0.1,VJEPA2_SSV2,mean,0.9,4,0.145868059610591,4,AdamW,reduce,5,open_fist,256,1024,129,-1,True,False,1.8784374018385045e-05,no,66,129,1770389035.042003,0.33663366336633666,0.8565018047019802,0.5037037037037037,0.7443806552650905,0.27340823970037453,0.8361107188250247,0.4294117647058823,0.0,73,0.27340823970037453,1.0,267,0.0,0.6374917682552836,66
azure-sweep-3135,rjskn1uw,43289,0.1,VJEPA2_SSV2,mean,0.9,5,0.4279578680175566,4,AdamW,reduce,4,open_fist,256,512,162,-1,True,False,2.023516631762167e-05,no,87,162,1770574132.3592436,0.7293729372937293,0.8562579260559946,0.6893939393939394,0.6359331613720054,0.7303370786516854,0.8419008614602458,0.6129032258064516,0.8961038961038961,73,0.504424778761062,0.7808219178082192,267,0.711340206185567,0.5616740019533647,87
effortless-sweep-2867,ywj6j36a,32470,0.1,VideoPrism,mean,0.9,5,0.4518922191529264,4,AdamW,reduce,7,open_fist,256,1024,164,-1,True,False,0.00022829272824626145,no,70,164,1770550408.442591,0.7900874635568513,0.856145142411237,0.7073170731707317,0.4904844486331106,0.7540983606557377,0.8216042780748664,0.5810055865921788,0.8436018957345972,85,0.5531914893617021,0.611764705882353,305,0.8090909090909091,0.41206094875174054,70
magic-sweep-2261,k1vyy001,34091,0.1,VideoPrism,mean,0.9,5,0.3656508847107288,4,AdamW,reduce,7,open_fist,256,256,122,-1,True,False,0.0010713297385444756,no,61,122,1770497660.088762,0.793002915451895,0.85598907530238,0.6952789699570815,0.4497406622584985,0.7573770491803279,0.8305882352941176,0.5888888888888889,0.8476190476190476,85,0.5578947368421052,0.6235294117647059,305,0.8090909090909091,0.30420692946951267,61
volcanic-sweep-1274,h2jstdox,17612,0.1,VideoPrism,mean,0.9,4,0.34044977063359627,4,AdamW,reduce,10,open_fist,256,256,83,-1,True,False,0.0005785878177054465,no,37,83,1770409928.391929,0.7988338192419825,0.8559500585251658,0.703862660944206,0.487109559704889,0.7639344262295082,0.8254010695187166,0.5955056179775281,0.8490566037735849,85,0.5698924731182796,0.6235294117647059,305,0.8181818181818182,0.4047304967702446,37
hopeful-sweep-1504,asri4fz3,51582,0.1,VideoPrism,mean,0.9,5,0.4449209903302072,4,AdamW,reduce,10,open_fist,256,1024,181,-1,True,False,0.00012227228443121297,no,67,181,1770430039.6500945,0.7871720116618076,0.855793991416309,0.7068273092369478,0.5280874739930511,0.7573770491803279,0.8250267379679144,0.5978260869565217,0.8543689320388349,85,0.5555555555555556,0.6470588235294118,305,0.8,0.4530377064721059,67
kind-sweep-944,p49abzdl,82539,0.1,VideoPrism,mean,0.9,5,0.481830906240598,4,AdamW,reduce,10,open_fist,256,512,127,-1,True,False,0.0002738329531634524,no,54,127,1770381261.140627,0.7842565597667639,0.8557159578618806,0.704,0.5095516411973158,0.7704918032786885,0.8291978609625669,0.6195652173913043,0.8640776699029126,85,0.5757575757575758,0.6705882352941176,305,0.8090909090909091,0.4393330479072312,54
spring-sweep-3421,m58gxgub,26077,0.1,VideoPrism,mean,0.9,3,0.48682034751475334,4,AdamW,reduce,10,open_fist,256,1024,189,-1,True,False,0.00015061941706717797,no,80,189,1770599690.0971346,0.793002915451895,0.8557159578618806,0.7078189300411523,0.48771450053846177,0.780327868852459,0.8351336898395721,0.6338797814207651,0.8695652173913043,85,0.5918367346938775,0.6823529411764706,305,0.8181818181818182,0.4067471684035608,80
devout-sweep-2067,tijk6mpv,83214,0.1,VideoPrism,mean,0.9,5,0.37712945931929653,4,AdamW,step,9,open_fist,256,1024,82,-1,True,False,0.00392221318034458,no,36,82,1770480414.337011,0.7696793002915452,0.8557159578618805,0.680161943319838,0.4489897838834423,0.7836065573770492,0.838716577540107,0.6413043478260869,0.8737864077669902,85,0.5959595959595959,0.6941176470588235,305,0.8181818181818182,0.31609592397334213,36
volcanic-sweep-3076,nba110j0,48092,0.1,TimeSformer,mean,0.9,4,0.1004870752325578,4,AdamW,reduce,6,open_fist,256,768,145,-1,True,False,5.629501062858683e-05,no,87,145,1770568593.580944,0.7551020408163265,0.855598907530238,0.6911764705882353,0.594327238488823,0.7598684210526315,0.8153138528138528,0.6096256684491979,0.8656716417910447,84,0.5533980582524272,0.6785714285714286,304,0.7909090909090909,0.48637845985432887,87
olive-sweep-352,9mnckvpy,65962,0.1,VJEPA2_SSV2,mean,0.9,4,0.36598069802413113,4,AdamW,reduce,8,open_fist,256,1024,91,-1,True,False,8.349007223014556e-05,no,61,91,1770330399.4272673,0.33663366336633666,0.8555750658472344,0.5037037037037037,0.7256631268919891,0.27340823970037453,0.8338511509673775,0.4294117647058823,0.0,73,0.27340823970037453,1.0,267,0.0,0.598889010738952,61
young-sweep-1245,uyx1lf86,45291,0.1,VideoPrism,mean,0.9,4,0.17540052079912727,4,AdamW,reduce,5,open_fist,256,1024,108,-1,True,False,0.00015935478899733457,no,45,108,1770407310.176327,0.7784256559766763,0.8555598907530237,0.696,0.545030743144344,0.7737704918032787,0.8259358288770053,0.6229508196721312,0.8647342995169082,85,0.5816326530612245,0.6705882352941176,305,0.8136363636363636,0.5043461231862084,45
eager-sweep-1555,y83gvxba,11490,0.1,TimeSformer,mean,0.9,4,0.21739092706438315,4,AdamW,reduce,9,open_fist,256,1024,144,-1,True,False,4.255553803300373e-05,no,82,144,1770434541.8208454,0.7755102040816326,0.8554818571985954,0.7003891050583657,0.5686030179349049,0.7532894736842105,0.813474025974026,0.585635359116022,0.8502415458937198,84,0.5463917525773195,0.6309523809523809,304,0.8,0.5132250981127963,82
fearless-sweep-1257,up23mkrf,27457,0.1,VideoPrism,mean,0.9,5,0.4000142731712336,4,AdamW,step,5,open_fist,256,1024,109,-1,True,False,0.00020838601038790705,no,57,109,1770408357.6432126,0.7813411078717201,0.8554818571985954,0.6963562753036437,0.5623218787307295,0.7639344262295082,0.8233689839572192,0.6170212765957447,0.8663366336633663,85,0.5631067961165048,0.6823529411764706,305,0.7954545454545454,0.48261185318736705,57
resilient-sweep-289,yuvpc5as,35129,0.1,VJEPA2_SSV2,mean,0.9,5,0.44767201310736027,4,AdamW,reduce,8,open_fist,256,768,175,-1,True,False,6.090379804902391e-05,no,91,175,1770325078.1753511,0.768976897689769,0.855428738659643,0.7131147540983607,0.6306015931733764,0.7715355805243446,0.8353339923739586,0.6390532544378699,0.8888888888888888,73,0.5625,0.7397260273972602,267,0.7835051546391752,0.5001978243832813,91
eager-sweep-637,s5ejkfnl,2711,0.1,VJEPA2_SSV2,mean,0.9,5,0.28212532594390416,4,AdamW,reduce,8,open_fist,256,256,133,-1,True,False,3.948699648267094e-05,no,49,133,1770355027.9567833,0.33663366336633666,0.8552824114720515,0.5037037037037037,0.6735286024143987,0.27340823970037453,0.8423245304335546,0.4294117647058823,0.0,73,0.27340823970037453,1.0,267,0.0,0.600456599477698,49
sage-sweep-1336,c0wk5lrr,4175,0.1,VideoPrism,mean,0.9,4,0.35524097735176996,4,AdamW,reduce,10,open_fist,256,512,130,-1,True,False,0.000386165521094142,no,70,130,1770415139.4126463,0.7871720116618076,0.8552477565353103,0.694560669456067,0.4958737867914205,0.7737704918032787,0.8282887700534759,0.6187845303867403,0.861244019138756,85,0.5833333333333334,0.6588235294117647,305,0.8181818181818182,0.3956731588153516,70
fine-sweep-3413,ofz83d50,47624,0.1,TimeSformer,mean,0.9,5,0.2327797876416449,4,AdamW,step,6,open_fist,256,1024,83,-1,True,False,0.0007921662599924498,no,72,83,1770599022.3092294,0.760932944606414,0.8551697229808818,0.6666666666666666,0.508743016087279,0.7664473684210527,0.7829545454545453,0.5988700564971752,0.8530805687203792,84,0.5698924731182796,0.6309523809523809,304,0.8181818181818182,0.2699607530806927,72
copper-sweep-1235,uhnvjy8q,68296,0.1,VideoPrism,mean,0.9,5,0.1910965056080403,4,AdamW,reduce,5,open_fist,256,512,146,-1,True,False,0.007053017369027789,no,66,146,1770406481.4301848,0.7842565597667639,0.8551307062036676,0.672566371681416,0.4514147926871353,0.7639344262295082,0.8219251336898397,0.5764705882352941,0.8363636363636363,85,0.5764705882352941,0.5764705882352941,305,0.8363636363636363,0.3524261899923874,66
charmed-sweep-2428,afbp60wi,42331,0.1,VideoPrism,mean,0.9,5,0.1754870084881046,4,AdamW,step,3,open_fist,256,768,153,-1,True,False,0.00022639683680689393,no,78,153,1770511999.3181524,0.793002915451895,0.8550916894264533,0.7053941908713693,0.49045573813574656,0.7737704918032787,0.8259893048128343,0.6229508196721312,0.8647342995169082,85,0.5816326530612245,0.6705882352941176,305,0.8136363636363636,0.3869021145974175,78
fine-sweep-3455,51r243a2,7792,0.1,VJEPA2_SSV2,mean,0.9,4,0.24847401555061036,4,AdamW,reduce,9,open_fist,256,256,175,-1,True,False,2.6056066690447285e-05,no,81,175,1770602569.102949,0.6732673267326733,0.8550873085552629,0.657439446366782,0.6578237182236347,0.6292134831460674,0.8358988843383703,0.5560538116591929,0.905982905982906,73,0.4133333333333334,0.8493150684931506,267,0.5463917525773195,0.5836663826597923,81
cool-sweep-1344,ocn3q1lc,30460,0.1,VJEPA2_SSV2,mean,0.9,3,0.31267734261972296,4,AdamW,step,8,open_fist,256,1024,162,-1,True,False,1.8020706413181037e-05,no,56,162,1770415780.583676,0.7392739273927392,0.8550385328260658,0.694980694980695,0.6343189651029731,0.7565543071161048,0.8454314362378195,0.6368715083798883,0.9006211180124224,73,0.5377358490566038,0.7808219178082192,267,0.7474226804123711,0.5566613717853087,56
wobbly-sweep-1928,mom1bita,34242,0.1,VideoPrism,mean,0.9,5,0.386966541711094,4,AdamW,step,4,open_fist,256,768,114,-1,True,False,0.0019661431501602575,no,39,114,1770467889.157219,0.7842565597667639,0.8549356223175966,0.6864406779661016,0.4548505228392932,0.7704918032786885,0.8199197860962567,0.6022727272727273,0.8504672897196262,85,0.5824175824175825,0.6235294117647059,305,0.8272727272727273,0.2793394872697733,39
elated-sweep-3700,ampyppeo,9906,0.1,VideoPrism,mean,0.9,4,0.4187001828912109,4,AdamW,reduce,5,open_fist,256,512,170,-1,True,False,0.00024356660367650832,no,70,170,1770624245.456186,0.7871720116618076,0.8548966055403824,0.7020408163265306,0.4899663916482175,0.7639344262295082,0.8280748663101605,0.6,0.8523809523809524,85,0.5684210526315789,0.6352941176470588,305,0.8136363636363636,0.407834427336515,70
devoted-sweep-521,seeybvc3,64826,0.1,VJEPA2_SSV2,mean,0.9,5,0.3182818351875103,4,AdamW,reduce,5,open_fist,256,768,194,-1,True,False,7.927181622660785e-05,no,95,194,1770344595.67841,0.33663366336633666,0.85479465418008,0.5037037037037037,0.6849508997630758,0.27340823970037453,0.8329332015252082,0.4294117647058823,0.0,73,0.27340823970037453,1.0,267,0.0,0.5474337548485602,95
fearless-sweep-625,o80gdx8p,43237,0.1,VJEPA2_SSV2,mean,0.9,4,0.12791704783727634,4,AdamW,reduce,7,open_fist,256,256,147,-1,True,False,6.431065020313723e-05,no,76,147,1770354079.6923609,0.7260726072607261,0.8546483269924886,0.6914498141263941,0.655470879164466,0.6741573033707865,0.8337805394718261,0.5756097560975609,0.8962962962962963,73,0.44696969696969696,0.8082191780821918,267,0.6237113402061856,0.5430589096708448,76
wobbly-sweep-1022,crkrjko5,21998,0.1,VideoPrism,mean,0.9,5,0.47117924264871014,4,AdamW,reduce,6,open_fist,256,1024,124,-1,True,False,0.00021036803895932123,no,54,124,1770387742.8478787,0.7696793002915452,0.8545844713226687,0.6827309236947792,0.5492169672824203,0.780327868852459,0.8257219251336899,0.6455026455026455,0.8805970149253731,85,0.5865384615384616,0.7176470588235294,305,0.8045454545454546,0.4428347839137255,54
young-sweep-208,beeunj2k,78041,0.1,VideoPrism,mean,0.9,5,0.45471122944224773,4,AdamW,reduce,10,open_fist,256,512,48,-1,True,False,0.003614443852159086,no,25,48,1770318229.1408174,0.7900874635568513,0.8545454545454546,0.7096774193548387,0.4690132990870462,0.7901639344262295,0.8290374331550802,0.6444444444444445,0.8714285714285714,85,0.6105263157894737,0.6823529411764706,305,0.8318181818181818,0.23720565918138473,25
zesty-sweep-2567,izprlr38,88259,0.1,VideoPrism,mean,0.9,5,0.46245747668036896,4,AdamW,reduce,10,open_fist,256,768,197,-1,True,False,0.0002208618113309788,no,88,197,1770524456.6894803,0.7784256559766763,0.854467420991026,0.6885245901639344,0.5488338611216309,0.7639344262295082,0.8268449197860962,0.625,0.8737373737373737,85,0.5607476635514018,0.7058823529411765,305,0.7863636363636364,0.405425138897815,88
silvery-sweep-2959,igdo65x7,56015,0.1,VideoPrism,mean,0.9,5,0.10615598042770338,4,AdamW,reduce,10,open_fist,256,1024,195,-1,True,False,0.0002883329179693165,no,74,195,1770558423.4591794,0.7842565597667639,0.8543503706593835,0.6810344827586207,0.48244920772644245,0.7770491803278688,0.8246524064171123,0.6222222222222222,0.861904761904762,85,0.5894736842105263,0.6588235294117647,305,0.8227272727272728,0.3176652561810057,74
sleek-sweep-3431,u31d49jm,40437,0.1,VideoPrism,mean,0.9,5,0.3398273560517394,4,AdamW,reduce,7,open_fist,256,1024,65,-1,True,False,0.0007913710052969036,no,30,65,1770600616.872876,0.7871720116618076,0.8543113538821694,0.6995884773662552,0.4765681188238605,0.7770491803278688,0.8332085561497327,0.6222222222222222,0.861904761904762,85,0.5894736842105263,0.6588235294117647,305,0.8227272727272728,0.34928756346136836,30
vocal-sweep-506,g56oj31l,786,0.1,VJEPA2_SSV2,mean,0.9,4,0.3285479894618646,4,AdamW,reduce,4,open_fist,256,1024,134,-1,True,False,3.3905471772458645e-05,no,68,134,1770343300.697648,0.33663366336633666,0.8542093454297142,0.5037037037037037,0.6985379723039004,0.27340823970037453,0.837946617709363,0.4294117647058823,0.0,73,0.27340823970037453,1.0,267,0.0,0.5977055449136265,68
fine-sweep-2222,vyc1ypj4,14724,0.1,VideoPrism,mean,0.9,4,0.3320007865776192,4,AdamW,reduce,3,open_fist,256,1024,191,-1,True,False,0.0002615026501444721,yes,82,191,1770494169.2831469,0.7813411078717201,0.8541552867733125,0.6938775510204082,0.5358848889784632,0.760655737704918,0.8235828877005348,0.5966850828729282,0.8516746411483254,85,0.5625,0.6352941176470588,305,0.8090909090909091,0.48724028316594786,82
dry-sweep-1119,dldpyhmz,61565,0.1,VideoPrism,mean,0.9,4,0.2546448203638332,4,AdamW,reduce,5,open_fist,256,512,191,-1,True,False,0.00013133463075669092,no,83,191,1770396163.810286,0.7842565597667639,0.8541162699960984,0.7063492063492064,0.5374197252637791,0.780327868852459,0.8287165775401069,0.6417112299465241,0.8768472906403941,85,0.5882352941176471,0.7058823529411765,305,0.8090909090909091,0.4884682722010855,83
feasible-sweep-3320,zkiyddgp,26843,0.1,VideoPrism,mean,0.9,4,0.3997807467223006,4,AdamW,reduce,8,open_fist,256,1024,188,-1,True,False,0.00014282939300442032,no,81,188,1770590626.9756253,0.7784256559766763,0.8541162699960984,0.6779661016949152,0.5273952883812151,0.7704918032786885,0.8257219251336899,0.6111111111111112,0.8571428571428571,85,0.5789473684210527,0.6470588235294118,305,0.8181818181818182,0.4338803503472926,81
lyric-sweep-3617,nqukeub4,62484,0.1,VideoPrism,mean,0.9,5,0.2739160631540301,4,AdamW,reduce,8,open_fist,256,1024,136,-1,True,False,0.00019967401360572595,no,45,136,1770616965.0815067,0.7842565597667639,0.8540967616074913,0.7063492063492064,0.5160236023257843,0.7770491803278688,0.8317647058823529,0.6344086021505376,0.8725490196078431,85,0.5841584158415841,0.6941176470588235,305,0.8090909090909091,0.45193866652957465,45
fancy-sweep-2956,y08jjd5d,47555,0.1,VideoPrism,mean,0.9,4,0.3075347012683629,4,AdamW,reduce,6,open_fist,256,768,106,-1,True,False,0.0002854218977660942,no,43,106,1770558183.0887754,0.7959183673469388,0.8540772532188842,0.7083333333333334,0.4616523531018471,0.780327868852459,0.8331016042780749,0.6298342541436464,0.8660287081339713,85,0.59375,0.6705882352941176,305,0.8227272727272728,0.3939601329423614,43
vital-sweep-1855,u3mgkukl,12996,0.1,TimeSformer,mean,0.9,5,0.4586551112261744,4,AdamW,reduce,8,open_fist,256,512,130,-1,True,False,0.00011382928265368552,no,85,130,1770461415.0895529,0.760932944606414,0.8540772532188841,0.6893939393939394,0.5812117017740411,0.7796052631578947,0.8119047619047619,0.6338797814207651,0.8731707317073171,84,0.5858585858585859,0.6904761904761905,304,0.8136363636363636,0.4849299207646796,85
genial-sweep-3866,b4lobxcp,30635,0.1,TimeSformer,mean,0.9,5,0.13553467828016222,4,AdamW,reduce,10,open_fist,256,512,110,-1,True,False,0.00010599523218238156,no,73,110,1770638355.646494,0.7725947521865889,0.85403823644167,0.6904761904761905,0.5524719406147393,0.75,0.8058982683982685,0.5730337078651685,0.8428571428571429,84,0.5425531914893617,0.6071428571428571,304,0.8045454545454546,0.4779351144394976,73
young-sweep-318,swbt1ptf,31546,0.1,VideoPrism,mean,0.9,5,0.1329233461849523,4,AdamW,step,3,open_fist,256,256,189,-1,True,False,0.006228095192830713,no,91,189,1770327581.098567,0.793002915451895,0.8539992196644557,0.6697674418604651,0.4597840542000862,0.7737704918032787,0.817860962566845,0.591715976331361,0.8416289592760181,85,0.5952380952380952,0.5882352941176471,305,0.8454545454545455,0.29060256582195476,91
logical-sweep-526,ozfejhbn,3838,0.1,VJEPA2,mean,0.9,5,0.3376510058452354,4,AdamW,reduce,10,pangram_utterance,256,256,80,-1,True,False,0.001672297491164394,no,56,80,1770345349.7440166,0.7637362637362637,0.8209020679418413,0.6532258064516129,0.5082184574106238,0.750733137829912,0.8004143079826073,0.5728643216080402,0.8155737704918032,102,0.5876288659793815,0.5588235294117647,341,0.8326359832635983,0.20668707987282173,56
visionary-sweep-463,cvt07l9l,40019,0.1,VJEPA2,mean,0.9,5,0.4893073810145271,4,AdamW,reduce,9,pangram_utterance,256,512,110,-1,True,False,0.0011378557948488516,no,66,110,1770339854.861138,0.7582417582417582,0.8198562898492056,0.639344262295082,0.5103189434323993,0.7595307917888563,0.8116539502830421,0.5773195876288659,0.8152610441767069,102,0.6086956521739131,0.5490196078431373,341,0.8493723849372385,0.24814355088157888,66
super-sweep-3344,3g2grbqz,66189,0.1,VJEPA2,mean,0.9,5,0.16387445897606137,4,AdamW,reduce,9,pangram_utterance,256,256,161,-1,True,False,0.0014733971349849872,no,61,161,1770582712.9418244,0.7445054945054945,0.8195526768545695,0.6141078838174274,0.5265312856370277,0.7565982404692082,0.813438346049717,0.5829145728643216,0.819672131147541,102,0.5979381443298969,0.5686274509803921,341,0.8368200836820083,0.22683876884495555,61
gentle-sweep-978,omzs0y20,42175,0.1,VJEPA2,mean,0.9,3,0.10937850280074342,4,AdamW,step,5,pangram_utterance,256,1024,146,-1,True,False,8.96106133987209e-05,no,85,146,1770384410.8801892,0.7472527472527473,0.8180346118813885,0.6349206349206349,0.5894037806070768,0.7360703812316716,0.80207564197227,0.5754716981132075,0.8225108225108225,102,0.5545454545454546,0.5980392156862745,341,0.7949790794979079,0.440830332625863,85
bright-sweep-845,m7d6n0j2,86134,0.1,VJEPA2,mean,0.9,5,0.40830680213739623,4,AdamW,reduce,8,pangram_utterance,256,768,82,-1,True,False,0.00037868615330708777,no,63,82,1770372772.0380125,0.75,0.8177647336639342,0.6431372549019608,0.5506526133516333,0.7478005865102639,0.8044138157354992,0.5784313725490197,0.8200836820083682,102,0.5784313725490197,0.5784313725490197,341,0.8200836820083682,0.3673949056973487,63
crimson-sweep-2556,yjeqop7t,9453,0.1,VJEPA2,mean,0.9,3,0.48076227267117455,4,AdamW,reduce,9,pangram_utterance,256,768,48,-1,True,False,0.0006841888496053151,no,47,48,1770517504.0907648,0.7472527472527473,0.8177647336639341,0.5964912280701754,0.5379779961082961,0.7624633431085044,0.8107309869554516,0.5668449197860963,0.80859375,102,0.6235294117647059,0.5196078431372549,341,0.8661087866108786,0.3900165555301619,47
sweepy-sweep-3336,1qqpfap3,24730,0.1,VJEPA2,mean,0.9,5,0.4844397299065328,4,AdamW,reduce,10,pangram_utterance,256,1024,176,-1,True,False,0.0009269023203620286,no,95,176,1770582025.962003,0.7472527472527473,0.8176635293323888,0.632,0.5319753014124357,0.7390029325513197,0.8158995815899582,0.5658536585365853,0.8151260504201681,102,0.5631067961165048,0.5686274509803921,341,0.8117154811715481,0.2503371022047441,95
easy-sweep-2836,5aui2erc,64095,0.1,VJEPA2,mean,0.9,4,0.1923654917368816,4,AdamW,reduce,7,pangram_utterance,256,768,158,-1,True,False,0.0004427381093910095,no,83,158,1770540523.2223277,0.7445054945054945,0.8175285902236615,0.6141078838174274,0.5355606950246371,0.7390029325513197,0.8064443350561982,0.5435897435897435,0.8024193548387096,102,0.5698924731182796,0.5196078431372549,341,0.8326359832635983,0.31383399458750627,83
crisp-sweep-1052,itp192lg,60353,0.1,VJEPA2,mean,0.9,5,0.3949895071894267,4,AdamW,reduce,4,pangram_utterance,256,512,132,-1,True,False,0.000226616960321184,no,62,132,1770390711.0007558,0.7472527472527473,0.8172249772290253,0.6461538461538462,0.5923887157178187,0.7331378299120235,0.798588891623595,0.5919282511210763,0.8363636363636363,102,0.5454545454545454,0.6470588235294118,341,0.7698744769874477,0.4148878825222787,62
exalted-sweep-230,nh8fqc8i,21097,0.1,VJEPA2,mean,0.9,3,0.4936876176218067,4,AdamW,reduce,10,pangram_utterance,256,768,117,-1,True,False,0.00017716129105788497,no,84,117,1770319560.6366782,0.7417582417582418,0.8168876294572074,0.6518518518518519,0.5895311675228916,0.7302052785923754,0.7986299122159324,0.5929203539823009,0.8387096774193549,102,0.5403225806451613,0.6568627450980392,341,0.7615062761506276,0.3680998454430352,84
icy-sweep-3073,5uubq3j2,32169,0.1,VJEPA2,mean,0.9,5,0.23790497217586,4,AdamW,reduce,9,pangram_utterance,256,512,141,-1,True,False,0.00017164707625081846,no,87,141,1770560279.8512208,0.7554945054945055,0.8168538946800257,0.6509803921568628,0.5785959323683938,0.7302052785923754,0.8019115596029206,0.5779816513761468,0.8266666666666667,102,0.5431034482758621,0.6176470588235294,341,0.7782426778242678,0.4194394756314213,87
copper-sweep-1295,onniulmw,68485,0.1,VJEPA2,mean,0.9,4,0.30545597387346746,4,AdamW,reduce,6,pangram_utterance,256,1024,162,-1,True,False,0.000418904992549621,no,97,162,1770411153.7643318,0.75,0.8167526903484803,0.631578947368421,0.5261389233253815,0.7331378299120235,0.8116334399868734,0.5472636815920398,0.8057851239669421,102,0.5555555555555556,0.5392156862745098,341,0.8158995815899581,0.28126968573207506,97
hopeful-sweep-3976,18gjbas0,66662,0.1,VJEPA2,mean,0.9,4,0.21966180131470064,4,AdamW,step,5,pangram_utterance,256,1024,175,-1,True,False,0.00019496318457477195,no,98,175,1770636201.301436,0.7362637362637363,0.8164153425766624,0.625,0.5590925210124844,0.7302052785923754,0.8121256870949217,0.5533980582524272,0.810126582278481,102,0.5480769230769231,0.5588235294117647,341,0.803347280334728,0.3787745461142136,98
rich-sweep-1045,xo8ohawy,83462,0.1,VJEPA2,mean,0.9,4,0.2180813344076198,4,AdamW,reduce,9,pangram_utterance,256,768,164,-1,True,False,0.00022085144719433957,no,87,164,1770390111.1761022,0.75,0.8164153425766623,0.6224066390041494,0.5366366505622864,0.7448680351906158,0.8128230371646566,0.5538461538461539,0.8064516129032258,102,0.5806451612903226,0.5294117647058824,341,0.8368200836820083,0.3496705132759422,87
playful-sweep-2642,36px2yea,37509,0.1,VJEPA2,mean,0.9,4,0.2572633985185625,4,AdamW,reduce,10,pangram_utterance,256,1024,113,-1,True,False,0.000154434050395816,no,71,113,1770524596.613472,0.7362637362637363,0.8163478730222986,0.6546762589928058,0.6337765474895855,0.7155425219941349,0.8021987037492821,0.5836909871244635,0.8380952380952381,102,0.5190839694656488,0.6666666666666666,341,0.7364016736401674,0.49729984457507453,71
likely-sweep-4017,yq3ti2ve,89140,0.1,VJEPA2,mean,0.9,5,0.38651579896514376,4,AdamW,reduce,8,pangram_utterance,256,512,88,-1,True,False,0.00036417828961558086,no,62,88,1770639423.7543683,0.760989010989011,0.816314138245117,0.5990783410138248,0.5165646796698099,0.7390029325513197,0.8016859463450653,0.5136612021857924,0.7884615384615384,102,0.5802469135802469,0.46078431372549017,341,0.8577405857740585,0.3917596441105099,62
copper-sweep-2174,61knjghe,49773,0.1,VJEPA2,mean,0.9,5,0.3936474761029559,4,AdamW,reduce,7,pangram_utterance,256,768,152,-1,True,False,0.0003496180682923194,no,87,152,1770485487.0644686,0.739010989010989,0.8159767904732989,0.6122448979591837,0.5177429495276985,0.7419354838709677,0.808105669045861,0.56,0.8106995884773662,102,0.5714285714285714,0.5490196078431373,341,0.8242677824267782,0.2788119310981657,87
feasible-sweep-3982,nie9e251,82435,0.1,VJEPA2,mean,0.9,5,0.1335375475848614,4,AdamW,reduce,6,pangram_utterance,256,512,171,-1,True,False,0.0001539293958348619,no,101,171,1770636645.4274297,0.7472527472527473,0.815943055696117,0.6461538461538462,0.581780825997447,0.7390029325513197,0.8080646484535235,0.5972850678733032,0.8378378378378378,102,0.5546218487394958,0.6470588235294118,341,0.7782426778242678,0.4142461983338456,101
rich-sweep-3862,o1dl9xxh,10122,0.1,VJEPA2,mean,0.9,4,0.27123429322421244,4,AdamW,reduce,5,pangram_utterance,256,768,77,-1,True,False,0.0009538453966447482,no,64,77,1770626664.6198351,0.7472527472527473,0.8159093209189353,0.6260162601626016,0.5148685862729837,0.7478005865102639,0.8101566986627287,0.5784313725490197,0.8200836820083682,102,0.5784313725490197,0.5784313725490197,341,0.8200836820083682,0.2394428971354947,64
woven-sweep-1229,8aheh0m2,6273,0.1,VJEPA2,mean,0.9,4,0.48545367953931673,4,AdamW,reduce,6,pangram_utterance,256,768,166,-1,True,False,0.00011082037340992764,no,97,166,1770405541.1165557,0.75,0.8159093209189353,0.6539923954372624,0.5963469855077974,0.7360703812316716,0.8051521863975716,0.5871559633027523,0.8311111111111111,102,0.5517241379310345,0.6274509803921569,341,0.7824267782426778,0.4151583477397638,97
drawn-sweep-2677,ptste6t6,69243,0.1,VJEPA2,mean,0.9,5,0.11659491898482297,4,AdamW,reduce,7,pangram_utterance,256,1024,161,-1,True,False,0.00014262628304388615,no,88,161,1770527483.9828184,0.7252747252747253,0.8157069122558445,0.6575342465753424,0.6520251684136443,0.7360703812316716,0.8073672983837886,0.625,0.8669950738916257,102,0.5434782608695652,0.7352941176470589,341,0.7364016736401674,0.3808675320601902,88
exalted-sweep-3638,be28dns0,39957,0.1,VJEPA2,mean,0.9,4,0.2607987076609482,4,AdamW,reduce,5,pangram_utterance,256,1024,187,-1,True,False,0.00010023289100676818,no,96,187,1770607720.9027574,0.7527472527472527,0.8156394427014809,0.6538461538461539,0.6140530810251341,0.7272727272727273,0.8090901632619575,0.579185520361991,0.8288288288288288,102,0.5378151260504201,0.6274509803921569,341,0.7698744769874477,0.498578510108901,96
misty-sweep-2899,4k995v3q,58027,0.1,VJEPA2,mean,0.9,5,0.3173229390835778,4,AdamW,reduce,6,pangram_utterance,256,768,76,-1,True,False,0.000918743832524013,no,64,76,1770545824.4350605,0.7362637362637363,0.815470768815572,0.616,0.539200518157456,0.7360703812316716,0.7881901714660761,0.55,0.8065843621399177,102,0.5612244897959183,0.5392156862745098,341,0.8200836820083682,0.33272127216578995,64
whole-sweep-2982,l8u5f5b4,39427,0.1,VJEPA2,mean,0.9,5,0.1407206921040939,4,AdamW,reduce,9,pangram_utterance,256,512,172,-1,True,False,0.00011611089973626432,no,74,172,1770552570.3548772,0.7637362637362637,0.8154370340383902,0.6742424242424242,0.6004858416515392,0.7243401759530792,0.8017064566412339,0.5803571428571429,0.8310502283105022,102,0.5327868852459017,0.6372549019607843,341,0.7615062761506276,0.4274682550342536,74
frosty-sweep-3968,pyl73imn,40615,0.1,VJEPA2,mean,0.9,4,0.2873186800750719,4,AdamW,reduce,3,pangram_utterance,256,1024,72,-1,True,False,0.000490283302313063,no,59,72,1770635536.7397685,0.7445054945054945,0.8154370340383902,0.6075949367088608,0.5236483740282583,0.7419354838709677,0.8129460989416687,0.5319148936170213,0.796078431372549,102,0.5813953488372093,0.4901960784313726,341,0.8493723849372385,0.3276985414554736,59
sandy-sweep-204,np2kfgnv,18451,0.1,VJEPA2,mean,0.9,5,0.29092217738256243,4,AdamW,reduce,6,pangram_utterance,256,512,101,-1,True,False,0.0006756783023988078,no,75,101,1770317117.2487218,0.75,0.8154032992612084,0.631578947368421,0.5296360719334948,0.7360703812316716,0.8039625892197884,0.5588235294117647,0.8117154811715481,102,0.5588235294117647,0.5588235294117647,341,0.8117154811715481,0.26630038136353523,75
valiant-sweep-1670,hxl1s8at,13365,0.1,VJEPA2,mean,0.9,4,0.33198477435852747,4,AdamW,reduce,6,pangram_utterance,256,256,177,-1,True,False,0.00047347005563653903,no,87,177,1770442804.1151905,0.75,0.8153695644840266,0.6431372549019608,0.5295420354539222,0.7419354838709677,0.7944458117975224,0.580952380952381,0.8240343347639485,102,0.5648148148148148,0.5980392156862745,341,0.803347280334728,0.2190187846041896,87
stellar-sweep-1040,xutwpu20,45995,0.1,VJEPA2,mean,0.9,4,0.24574165453998595,4,AdamW,reduce,8,pangram_utterance,256,512,178,-1,True,False,0.00017796048801503196,no,96,178,1770389663.4747567,0.7445054945054945,0.8153695644840266,0.6736842105263158,0.6420293967802446,0.7360703812316716,0.8087209779309213,0.625,0.8669950738916257,102,0.5434782608695652,0.7352941176470589,341,0.7364016736401674,0.3985275612286995,96
robust-sweep-3825,d229gi45,20963,0.1,VJEPA2,mean,0.9,3,0.35183855051170265,4,AdamW,reduce,8,pangram_utterance,256,768,153,-1,True,False,0.00024410408437371844,no,80,153,1770623440.6174753,0.7527472527472527,0.8153358297068448,0.6484375,0.5450100669494042,0.7390029325513197,0.8151612109278857,0.5572139303482587,0.8099173553719008,102,0.5656565656565656,0.5490196078431373,341,0.8200836820083682,0.3775014809304219,80
pious-sweep-3366,o51oa8j2,5364,0.1,VJEPA2,mean,0.9,5,0.28920933662529125,4,AdamW,reduce,7,pangram_utterance,256,768,125,-1,True,False,0.0006352827422382856,no,78,125,1770584711.9334314,0.75,0.8152008905981176,0.631578947368421,0.5355964027918302,0.7419354838709677,0.7972352120764623,0.56,0.8106995884773662,102,0.5714285714285714,0.5490196078431373,341,0.8242677824267782,0.2586336623854432,78
flowing-sweep-672,0nxgei68,28339,0.1,VJEPA2,mean,0.9,5,0.34767234614896336,4,AdamW,reduce,9,pangram_utterance,256,512,135,-1,True,False,0.00029881639958771934,no,88,135,1770358153.4171696,0.75,0.8151671558209358,0.6345381526104418,0.522727098438766,0.7302052785923754,0.8157354992206087,0.5445544554455446,0.8049792531120332,102,0.55,0.5392156862745098,341,0.8117154811715481,0.3048947351476166,88
lilac-sweep-2277,n6czx064,61881,0.1,VJEPA2,mean,0.9,5,0.3765350804749691,4,AdamW,reduce,9,pangram_utterance,256,768,198,-1,True,False,0.00010215701315985505,no,97,198,1770494183.6626832,0.7472527472527473,0.8150996862665721,0.6567164179104478,0.6128417692341648,0.7331378299120235,0.8063007629830174,0.5991189427312775,0.8425925925925926,102,0.544,0.6666666666666666,341,0.7615062761506276,0.4443289673035862,97
whole-sweep-3265,5ybt5bgp,55388,0.1,VJEPA2,mean,0.9,5,0.37113794193215366,4,AdamW,reduce,7,pangram_utterance,256,1024,196,-1,True,False,9.900903078637168e-05,no,102,196,1770576165.7021227,0.739010989010989,0.814964747157845,0.6415094339622641,0.6131065723660228,0.7243401759530792,0.804741980474198,0.5688073394495413,0.8222222222222222,102,0.5344827586206896,0.6078431372549019,341,0.7740585774058577,0.46484877631708155,102
cosmic-sweep-3117,raj9m58l,53528,0.1,VJEPA2,mean,0.9,4,0.2949947292100859,4,AdamW,reduce,7,pangram_utterance,256,768,149,-1,True,False,0.00010338768341037573,no,69,149,1770564077.438342,0.7527472527472527,0.8149310123806633,0.6311475409836066,0.5280916468127743,0.7448680351906158,0.8093362868159816,0.5538461538461539,0.8064516129032258,102,0.5806451612903226,0.5294117647058824,341,0.8368200836820083,0.33737138743780876,69
olive-sweep-4061,rjd0znkm,66198,0.1,VJEPA2,mean,0.9,4,0.492630216404793,4,AdamW,reduce,8,pangram_utterance,256,1024,172,-1,True,False,0.0003281590703186075,no,99,172,1770643164.2827291,0.7417582417582418,0.8148972776034813,0.6147540983606558,0.5563810022322686,0.7419354838709677,0.8105258839937649,0.5555555555555556,0.8081632653061225,102,0.5729166666666666,0.5392156862745098,341,0.8284518828451883,0.39048214287845634,99
sunny-sweep-1117,tg96mpe9,69952,0.1,VJEPA2,mean,0.9,4,0.20797319156859304,4,AdamW,reduce,10,pangram_utterance,256,768,172,-1,True,False,0.0001159189697085952,no,93,172,1770396081.268545,0.7472527472527473,0.8146948689403907,0.6434108527131783,0.5689806112876306,0.7360703812316716,0.8067930100910657,0.5754716981132075,0.8225108225108225,102,0.5545454545454546,0.5980392156862745,341,0.7949790794979079,0.3659109377422215,93
royal-sweep-3340,j8vkgmop,34,0.1,VJEPA2,mean,0.9,4,0.4745146383076532,4,AdamW,reduce,8,pangram_utterance,256,1024,173,-1,True,False,9.736881152440424e-05,no,96,173,1770582364.6231308,0.7335164835164835,0.8144924602772999,0.616600790513834,0.5620595576998951,0.7272727272727273,0.8023217655262942,0.5507246376811594,0.809322033898305,102,0.5428571428571428,0.5588235294117647,341,0.799163179916318,0.39278675763884935,96
expert-sweep-1004,auppt56c,51477,0.1,VJEPA2,mean,0.9,3,0.48448695062213487,4,AdamW,reduce,6,pangram_utterance,256,512,119,-1,True,False,0.00035565483515543966,no,60,119,1770386647.8006134,0.7307692307692307,0.814458725500118,0.6141732283464567,0.596210906793783,0.7448680351906158,0.7939945852818115,0.5915492957746479,0.8304347826086956,102,0.5675675675675675,0.6176470588235294,341,0.799163179916318,0.3128217345000776,60
silvery-sweep-581,mphwyfcx,49548,0.1,VJEPA2,mean,0.9,5,0.1798545541016012,4,AdamW,step,8,pangram_utterance,256,768,140,-1,True,False,0.000823950769664263,no,78,140,1770350161.4255865,0.739010989010989,0.8144249907229363,0.6274509803921569,0.5467794216596163,0.7390029325513197,0.8069570924604151,0.5821596244131455,0.8260869565217391,102,0.5585585585585585,0.6078431372549019,341,0.7949790794979079,0.23351603537980764,78
glowing-sweep-3870,su30vknw,78502,0.1,VJEPA2,mean,0.9,4,0.3620442370852893,4,AdamW,step,7,pangram_utterance,256,768,102,-1,True,False,0.0009232230599349718,no,73,102,1770627297.922511,0.7472527472527473,0.8144081233343454,0.6134453781512605,0.526640908403711,0.7565982404692082,0.8068750512757404,0.5654450261780105,0.8095238095238095,102,0.6067415730337079,0.5294117647058824,341,0.8535564853556485,0.299487835095704,73
fanciful-sweep-3227,slwrg11j,36826,0.1,VJEPA2,mean,0.9,5,0.42930069459317,4,AdamW,reduce,7,pangram_utterance,256,1024,171,-1,True,False,0.0007008538188616074,no,87,171,1770573002.4771314,0.739010989010989,0.8143743885571636,0.6274509803921569,0.5442311822713076,0.7478005865102639,0.8090081220772828,0.5981308411214953,0.834061135371179,102,0.5714285714285714,0.6274509803921569,341,0.799163179916318,0.2023512923827201,87
unique-sweep-1714,o4qdmae0,9450,0.1,VJEPA2,mean,0.9,5,0.42245111426442705,4,AdamW,reduce,4,pangram_utterance,256,1024,160,-1,True,False,0.00010406871857986338,no,89,160,1770446544.510273,0.739010989010989,0.8143743885571636,0.6441947565543071,0.6257571584575778,0.7272727272727273,0.8055623923209452,0.5938864628820961,0.8411214953271028,102,0.5354330708661418,0.6666666666666666,341,0.7531380753138075,0.483141372028304,89
dazzling-sweep-3038,oj3w8yez,67387,0.1,VJEPA2,mean,0.9,5,0.21954628843666857,4,AdamW,reduce,8,pangram_utterance,256,1024,163,-1,True,False,0.0003688383061251275,no,97,163,1770557415.3963218,0.7472527472527473,0.8143237863913909,0.6461538461538462,0.559163151206551,0.7448680351906158,0.805131676101403,0.5915492957746479,0.8304347826086956,102,0.5675675675675675,0.6176470588235294,341,0.799163179916318,0.30567702329231916,97
grateful-sweep-3935,ni889axz,33137,0.1,VJEPA2,mean,0.9,5,0.3901935263900568,4,AdamW,reduce,10,pangram_utterance,256,1024,104,-1,True,False,0.00014834976379886092,no,75,104,1770632865.289085,0.7527472527472527,0.8142900516142092,0.6538461538461539,0.5688986129813142,0.7478005865102639,0.808679957338584,0.5943396226415094,0.8311688311688312,102,0.5727272727272728,0.6176470588235294,341,0.803347280334728,0.3754782729719314,75
dainty-sweep-655,3znh5uua,86390,0.1,VJEPA2,mean,0.9,4,0.14717518956856193,4,AdamW,reduce,9,pangram_utterance,256,1024,140,-1,True,False,0.0005310731740200625,no,81,140,1770356734.8158362,0.75,0.8142563168370274,0.6192468619246861,0.5314454049854488,0.750733137829912,0.8146279432275002,0.5641025641025641,0.8104838709677419,102,0.5913978494623656,0.5392156862745098,341,0.8410041841004184,0.3204761793277015,81
azure-sweep-754,6ngkulm2,70786,0.1,VJEPA2,mean,0.9,5,0.3150074198994182,4,AdamW,reduce,4,pangram_utterance,256,512,106,-1,True,False,0.0008839236703865555,no,67,106,1770365156.397012,0.7417582417582418,0.8142394494484364,0.6209677419354839,0.5262570184665721,0.7331378299120235,0.8060956600213307,0.5517241379310345,0.8083333333333333,102,0.5544554455445545,0.5490196078431373,341,0.8117154811715481,0.24270174353400625,67
expert-sweep-1848,1a0vj2pt,13768,0.1,VJEPA2,mean,0.9,5,0.15953922288962674,4,AdamW,step,9,pangram_utterance,256,1024,101,-1,True,False,0.00018190362486651587,no,61,101,1770457606.9551134,0.75,0.8141888472826637,0.6539923954372624,0.5783320423010941,0.7360703812316716,0.8014193124948724,0.5794392523364486,0.8253275109170306,102,0.5535714285714286,0.6078431372549019,341,0.7907949790794979,0.4350702999193975,61
deep-sweep-2065,p4x9c3g4,51516,0.1,VJEPA2,mean,0.9,5,0.1991895403077346,4,AdamW,step,7,pangram_utterance,256,768,120,-1,True,False,0.00014582840598786412,no,69,120,1770476014.4145987,0.7417582417582418,0.8141213777283001,0.6115702479338843,0.576555685027615,0.7419354838709677,0.8039625892197884,0.5510204081632653,0.805668016194332,102,0.574468085106383,0.5294117647058824,341,0.8326359832635983,0.4378974608117086,69
avid-sweep-2188,nml609xz,38538,0.1,VJEPA2,mean,0.9,3,0.3603724743889219,4,AdamW,step,7,pangram_utterance,256,1024,126,-1,True,False,0.00017397876994705344,no,74,126,1770486690.9772713,0.739010989010989,0.8141213777283001,0.6215139442231076,0.5606404130275433,0.7302052785923754,0.806834030683403,0.5533980582524272,0.810126582278481,102,0.5480769230769231,0.5588235294117647,341,0.803347280334728,0.3678097217360888,74
golden-sweep-1079,f6jpvmzb,70549,0.1,VJEPA2,mean,0.9,4,0.42561853023920426,4,AdamW,reduce,9,pangram_utterance,256,1024,96,-1,True,False,0.001276505624484082,no,59,96,1770392856.2098596,0.739010989010989,0.8141045103397092,0.6184738955823293,0.5301694313248435,0.7536656891495601,0.7915948806300762,0.6074766355140186,0.8384279475982532,102,0.5803571428571429,0.6372549019607843,341,0.803347280334728,0.25014264993141033,59
sage-sweep-1596,g3vw3546,40487,0.1,VJEPA2,mean,0.9,5,0.4532989000826648,4,AdamW,reduce,7,pangram_utterance,256,768,140,-1,True,False,0.00013878858379876523,no,86,140,1770436382.5361545,0.760989010989011,0.8140876429511184,0.6359832635983264,0.5206595665805942,0.750733137829912,0.8127820165723194,0.5595854922279793,0.808,102,0.5934065934065934,0.5294117647058824,341,0.8451882845188284,0.3200475385583983,86
fine-sweep-1666,a7l090kc,14176,0.1,VJEPA2,mean,0.9,3,0.21134840996799584,4,AdamW,reduce,9,pangram_utterance,256,1024,173,-1,True,False,6.828689706039327e-05,no,91,173,1770442455.9768577,0.7445054945054945,0.8140539081739365,0.640926640926641,0.5758295936898871,0.7448680351906158,0.8101566986627288,0.5953488372093023,0.8333333333333334,102,0.5663716814159292,0.6274509803921569,341,0.7949790794979079,0.38532983923982256,91
expert-sweep-1311,fz1vfqb9,66178,0.1,VJEPA2,mean,0.9,5,0.3006900569521479,4,AdamW,reduce,4,pangram_utterance,256,512,185,-1,True,False,0.0007045680423873341,no,99,185,1770412431.2667406,0.7554945054945055,0.8140201733967547,0.6396761133603239,0.5257549488937462,0.750733137829912,0.8153252932972352,0.5812807881773399,0.8208333333333333,102,0.5841584158415841,0.5784313725490197,341,0.8242677824267782,0.20914863355320656,99
different-sweep-612,wvyywn3b,61360,0.1,VJEPA2,mean,0.9,4,0.18183615741099227,4,AdamW,reduce,4,pangram_utterance,256,512,171,-1,True,False,0.0005779596741010683,no,99,171,1770352967.744203,0.7472527472527473,0.8140201733967547,0.6377952755905512,0.5308120165552411,0.7272727272727273,0.7963532693412093,0.5507246376811594,0.809322033898305,102,0.5428571428571428,0.5588235294117647,341,0.799163179916318,0.2319565438785436,99
snowy-sweep-3607,bgznh7av,84446,0.1,VJEPA2,mean,0.9,5,0.40990970283850936,4,AdamW,reduce,10,pangram_utterance,256,512,169,-1,True,False,0.00022331687401066933,no,72,169,1770605164.4131105,0.7527472527472527,0.8139189690652093,0.6428571428571429,0.558018785911602,0.7272727272727273,0.80207564197227,0.5592417061611374,0.8146551724137931,102,0.5412844036697247,0.5784313725490197,341,0.7907949790794979,0.3212691535978961,72
vivid-sweep-3199,canu5amd,19539,0.1,VJEPA2,mean,0.9,4,0.33122955414751265,4,AdamW,reduce,3,pangram_utterance,256,256,198,-1,True,False,0.0002472839442773977,no,89,198,1770570820.564575,0.7362637362637363,0.8138514995108457,0.6307692307692307,0.5702122561224214,0.7390029325513197,0.8023627861186315,0.593607305936073,0.8348214285714286,102,0.5555555555555556,0.6372549019607843,341,0.7824267782426778,0.2611220817258753,89
lemon-sweep-3814,vdl2p0py,559,0.1,VJEPA2,mean,0.9,5,0.4145320724756082,4,AdamW,reduce,6,pangram_utterance,256,1024,105,-1,True,False,0.00034119122437454647,no,60,105,1770622454.9238276,0.7527472527472527,0.813817764733664,0.6218487394957983,0.5279514036335788,0.7478005865102639,0.8077159734186562,0.5473684210526316,0.8023715415019763,102,0.5909090909090909,0.5098039215686274,341,0.8493723849372385,0.349706940087804,60
deft-sweep-1843,u6y6emzt,84201,0.1,VJEPA2,mean,0.9,4,0.42845496033411345,4,AdamW,step,5,pangram_utterance,256,1024,159,-1,True,False,0.00013936991927169362,no,96,159,1770457190.5359466,0.728021978021978,0.8137165604021185,0.6526315789473685,0.6336884085948651,0.7360703812316716,0.8079005660841743,0.6218487394957983,0.8634146341463415,102,0.5441176470588235,0.7254901960784313,341,0.7405857740585774,0.39313628468776773,96
charmed-sweep-3009,cyebiz6p,3303,0.1,VJEPA2,mean,0.9,5,0.47614548382029687,4,AdamW,reduce,9,pangram_utterance,256,768,112,-1,True,False,0.00030485389252496854,no,80,112,1770554963.4057536,0.7362637362637363,0.8136828256249367,0.6571428571428571,0.625548086978577,0.7331378299120235,0.8065058659447042,0.6060606060606061,0.8490566037735849,102,0.5426356589147286,0.6862745098039216,341,0.7531380753138075,0.3466440364627019,80
happy-sweep-2712,e2pcf6ou,63761,0.1,VJEPA2,mean,0.9,3,0.4435498239111987,4,AdamW,step,6,pangram_utterance,256,1024,96,-1,True,False,0.000213135785817159,no,65,96,1770530356.9961245,0.7362637362637363,0.813649090847755,0.6220472440944882,0.5976124517210237,0.7302052785923754,0.808556895561572,0.5576923076923077,0.8127659574468085,102,0.5471698113207547,0.5686274509803921,341,0.799163179916318,0.4499251046795055,65
elated-sweep-1566,3z3i3jx2,14452,0.1,VJEPA2,mean,0.9,4,0.11880535170171798,4,AdamW,reduce,8,pangram_utterance,256,768,199,-1,True,False,0.00018642445194564156,no,110,199,1770433975.4223268,0.7554945054945055,0.8136490908477549,0.6396761133603239,0.5364686938432547,0.7390029325513197,0.8124538518336204,0.5572139303482587,0.8099173553719008,102,0.5656565656565656,0.5490196078431373,341,0.8200836820083682,0.3346411598972016,110
lucky-sweep-3147,mgdtjttk,43750,0.1,VJEPA2,mean,0.9,5,0.12518400999847665,4,AdamW,step,8,pangram_utterance,256,1024,106,-1,True,False,0.00014186893335771037,no,60,106,1770566419.2582066,0.739010989010989,0.8136490908477548,0.6090534979423868,0.5587548606998318,0.7536656891495601,0.8125769136106326,0.5670103092783505,0.8112449799196787,102,0.5978260869565217,0.5392156862745098,341,0.8451882845188284,0.4000909669633292,60
legendary-sweep-353,pqwnonc7,8045,0.1,VJEPA2,mean,0.9,3,0.39494937228112115,4,AdamW,reduce,7,pangram_utterance,256,1024,113,-1,True,False,0.00019320161736498769,no,71,113,1770330759.2897398,0.7472527472527473,0.8135816212933913,0.632,0.5489458061836578,0.7214076246334311,0.8097875133316925,0.5320197044334976,0.8,102,0.5346534653465347,0.5294117647058824,341,0.803347280334728,0.3766719757779245,71
hopeful-sweep-4086,dmlg2z6a,74669,0.1,VJEPA2,mean,0.9,5,0.2118071299802689,4,AdamW,reduce,4,pangram_utterance,256,256,180,-1,True,False,0.0004887440451397217,no,98,180,1770645396.7096272,0.760989010989011,0.8135478865162096,0.6477732793522267,0.5301013667504866,0.7478005865102639,0.8069160718680779,0.57,0.8148148148148148,102,0.5816326530612245,0.5588235294117647,341,0.8284518828451883,0.24239759821833276,98
sage-sweep-1860,gydgcrof,76389,0.1,VJEPA2,mean,0.9,4,0.46324162293893534,4,AdamW,reduce,4,pangram_utterance,256,1024,117,-1,True,False,0.000434158827030231,no,77,117,1770458495.9359577,0.75,0.8134129474074824,0.6591760299625468,0.5539791472665556,0.750733137829912,0.8080236278611863,0.6118721461187214,0.84375,102,0.5726495726495726,0.6568627450980392,341,0.7907949790794979,0.28312945223293423,77
fragrant-sweep-440,y4jey0mr,89554,0.1,VJEPA2,mean,0.9,4,0.3827594586314368,4,AdamW,reduce,6,pangram_utterance,256,1024,118,-1,True,False,0.00025647075870640414,no,68,118,1770338064.6117148,0.739010989010989,0.8133792126303007,0.6274509803921569,0.5540004732844593,0.7448680351906158,0.808105669045861,0.583732057416268,0.8247863247863247,102,0.5700934579439252,0.5980392156862745,341,0.8075313807531381,0.3038235298329336,68
cosmic-sweep-3339,iy9tdjxr,13931,0.1,VJEPA2,mean,0.9,5,0.4914241860784293,4,AdamW,reduce,7,pangram_utterance,256,768,107,-1,True,False,0.00020076215557057744,no,78,107,1770582258.541469,0.739010989010989,0.8133792126303006,0.6184738955823293,0.5489215484032264,0.7360703812316716,0.8063828041676921,0.5454545454545454,0.8040816326530612,102,0.5625,0.5294117647058824,341,0.8242677824267782,0.3803318071219087,78
vivid-sweep-3744,fsr7jd3c,21246,0.1,VJEPA2,mean,0.9,5,0.21468110584828445,4,AdamW,reduce,9,pangram_utterance,256,1024,157,-1,True,False,0.0003177858352076777,no,99,157,1770616719.7465568,0.7472527472527473,0.8133286104645279,0.648854961832061,0.5585790800524282,0.7331378299120235,0.8099105751087046,0.5727699530516432,0.8217391304347826,102,0.5495495495495496,0.5980392156862745,341,0.7907949790794979,0.2883904161994443,99
fresh-sweep-827,nvjqym02,33737,0.1,VJEPA2,mean,0.9,5,0.19220884195271937,4,AdamW,step,7,pangram_utterance,256,768,198,-1,True,False,0.0001568454827732964,no,99,198,1770371226.8007383,0.7445054945054945,0.813311743075937,0.6204081632653061,0.5350400969222352,0.7536656891495601,0.813561407826729,0.5757575757575758,0.8163265306122449,102,0.59375,0.5588235294117647,341,0.8368200836820083,0.3243413034757954,99
peachy-sweep-3739,3g7qa37a,37695,0.1,VJEPA2,mean,0.9,4,0.32140358212449394,4,AdamW,reduce,7,pangram_utterance,256,1024,187,-1,True,False,0.0005779831990473665,no,107,187,1770616353.442032,0.7417582417582418,0.813311743075937,0.6178861788617886,0.5153864936514215,0.7419354838709677,0.8024858478956435,0.5510204081632653,0.805668016194332,102,0.574468085106383,0.5294117647058824,341,0.8326359832635983,0.25427871013711567,107
splendid-sweep-3181,98mc62p2,69172,0.1,VJEPA2,mean,0.9,5,0.3160168388996075,4,AdamW,reduce,3,pangram_utterance,256,256,197,-1,True,False,0.00015534727236180576,no,96,197,1770569228.4451888,0.7472527472527473,0.8133117430759369,0.6666666666666666,0.6238840615356361,0.7243401759530792,0.807982607268849,0.6050420168067226,0.8536585365853658,102,0.5294117647058824,0.7058823529411765,341,0.7322175732217573,0.40885068657208073,96
legendary-sweep-3245,4q1yu5dx,42079,0.1,VJEPA2,mean,0.9,4,0.2401653816829683,4,AdamW,step,9,pangram_utterance,256,512,70,-1,True,False,0.0003814359258628586,no,52,70,1770574345.024368,0.7417582417582418,0.8133117430759369,0.6328125,0.5540231420443609,0.7390029325513197,0.8025268684879809,0.5781990521327014,0.8232758620689655,102,0.5596330275229358,0.5980392156862745,341,0.799163179916318,0.3740487376970747,52
pious-sweep-686,tt6f2btg,13134,0.1,VJEPA2,mean,0.9,3,0.3239264362612824,4,AdamW,reduce,9,pangram_utterance,256,1024,138,-1,True,False,0.00012119473897806545,no,73,138,1770359360.615899,0.7307692307692307,0.8132442735215735,0.6259541984732825,0.591512163916787,0.7214076246334311,0.804741980474198,0.5581395348837209,0.8157894736842105,102,0.5309734513274337,0.5882352941176471,341,0.7782426778242678,0.4086309867036855,73
effortless-sweep-2049,3crjuoff,18102,0.1,VJEPA2,mean,0.9,4,0.30517873027893533,4,AdamW,reduce,8,pangram_utterance,256,768,138,-1,True,False,0.00018349906067940012,no,56,138,1770474592.0334964,0.7472527472527473,0.8132105387443916,0.632,0.5477344210331256,0.7390029325513197,0.806526376240873,0.5615763546798029,0.8125,102,0.5643564356435643,0.5588235294117647,341,0.8158995815899581,0.3515571517812694,56
vague-sweep-1077,a6ekg0an,32007,0.1,VJEPA2,mean,0.9,4,0.14359961289537868,4,AdamW,step,8,pangram_utterance,256,1024,177,-1,True,False,7.198485921170457e-05,no,97,177,1770392745.48303,0.717032967032967,0.8131768039672098,0.6531986531986532,0.6597219594232329,0.7096774193548387,0.7989580769546312,0.6086956521739131,0.868421052631579,102,0.5099337748344371,0.7549019607843137,341,0.6903765690376569,0.4752339923308671,97
young-sweep-2003,wiv8ovn6,29167,0.1,VJEPA2,mean,0.9,3,0.4964856278176248,4,AdamW,reduce,9,pangram_utterance,256,512,191,-1,True,False,0.0004462488774936244,no,94,191,1770470591.3737185,0.7554945054945055,0.8130755996356644,0.6307053941908713,0.5009799003601074,0.7536656891495601,0.8137460004922471,0.5757575757575758,0.8163265306122449,102,0.59375,0.5588235294117647,341,0.8368200836820083,0.2542555194690915,94
major-sweep-3387,jv96vvmb,78375,0.1,VJEPA2,mean,0.9,3,0.3663825359771832,4,AdamW,reduce,6,pangram_utterance,256,1024,56,-1,True,False,0.0004824618289421312,no,52,56,1770586557.8028288,0.7445054945054945,0.8130249974698915,0.6265060240963856,0.5343076239575396,0.7272727272727273,0.8002297153170891,0.5373134328358209,0.8016528925619835,102,0.5454545454545454,0.5294117647058824,341,0.8117154811715481,0.2948855167517633,52
expert-sweep-3525,ifs2z68v,67598,0.1,VJEPA2,mean,0.9,4,0.38374794338786866,4,AdamW,step,5,pangram_utterance,256,512,177,-1,True,False,9.638141879740276e-05,no,100,177,1770598219.973081,0.75,0.8130081300813008,0.6403162055335968,0.555835757281754,0.7331378299120235,0.804167692181475,0.5806451612903226,0.827433628318584,102,0.5478260869565217,0.6176470588235294,341,0.7824267782426778,0.3921933198267697,100
decent-sweep-2242,j61qecdy,14826,0.1,VJEPA2,mean,0.9,5,0.43962433106559073,4,AdamW,reduce,4,pangram_utterance,256,1024,190,-1,True,False,6.631813926331014e-05,no,97,190,1770491174.6402483,0.6868131868131868,0.8130081300813008,0.6586826347305389,0.6841141050988502,0.6656891495601173,0.8007629830174748,0.5985915492957746,0.8930817610062893,102,0.46703296703296704,0.8333333333333334,341,0.5941422594142259,0.4918465778871548,97
hearty-sweep-1081,ryzbn8ci,21880,0.1,VJEPA2,mean,0.9,5,0.10183057566398382,4,AdamW,reduce,7,pangram_utterance,256,1024,95,-1,True,False,0.00016139280704204653,no,63,95,1770393013.498101,0.75,0.812974395304119,0.6026200873362445,0.5506364893127274,0.7595307917888563,0.811346295840512,0.5494505494505495,0.8007662835249042,102,0.625,0.4901960784313726,341,0.8744769874476988,0.4381086232472051,63
icy-sweep-4085,c4lfo6oz,85722,0.1,VJEPA2,mean,0.9,4,0.22540033577328453,4,AdamW,reduce,6,pangram_utterance,256,768,86,-1,True,False,0.0004091123166181257,no,63,86,1770645290.8705952,0.739010989010989,0.8128731909725737,0.6058091286307054,0.5310619742005735,0.7478005865102639,0.8040856509968004,0.5473684210526316,0.8023715415019763,102,0.5909090909090909,0.5098039215686274,341,0.8493723849372385,0.3546575834780383,63
resilient-sweep-3671,q7prj8sl,74994,0.1,VJEPA2,mean,0.9,5,0.2715726193248365,4,AdamW,step,6,pangram_utterance,256,768,150,-1,True,False,0.0004027909737767605,no,87,150,1770610475.4667566,0.7445054945054945,0.8128394561953919,0.6204081632653061,0.5292894427592938,0.7331378299120235,0.812166707687259,0.542713567839196,0.8032786885245902,102,0.5567010309278351,0.5294117647058824,341,0.8200836820083682,0.2867677676531435,87
lemon-sweep-2332,8etbd8fm,52184,0.1,VJEPA2,mean,0.9,3,0.23387607767129315,4,AdamW,reduce,9,pangram_utterance,256,768,125,-1,True,False,0.00014812232582897745,no,78,125,1770498650.1859016,0.7417582417582418,0.8128394561953919,0.626984126984127,0.5493432781198523,0.7360703812316716,0.8067519894987284,0.55,0.8065843621399177,102,0.5612244897959183,0.5392156862745098,341,0.8200836820083682,0.3348739542844105,78
bright-sweep-495,y87p7qin,3862,0.1,VJEPA2,mean,0.9,5,0.25954541409509796,4,AdamW,reduce,10,pangram_utterance,256,256,109,-1,True,False,0.0007575886905524645,no,81,109,1770342737.8523986,0.75,0.8128225888068009,0.6345381526104418,0.527929112806425,0.7272727272727273,0.793010091065715,0.5463414634146342,0.8067226890756303,102,0.5436893203883495,0.5490196078431373,341,0.803347280334728,0.2355940113404046,81
morning-sweep-3414,qx8zqym2,29011,0.1,VJEPA2,mean,0.9,4,0.4228209706170697,4,AdamW,step,5,pangram_utterance,256,1024,155,-1,True,False,0.0001290611759095873,no,82,155,1770588807.3576767,0.7362637362637363,0.8128057214182101,0.6571428571428571,0.6092151370677319,0.7419354838709677,0.8117565017638856,0.6206896551724138,0.8578199052132701,102,0.5538461538461539,0.7058823529411765,341,0.7573221757322176,0.37804274942977295,82
decent-sweep-1886,mg50hikf,27804,0.1,VJEPA2,mean,0.9,4,0.26752767545550055,4,AdamW,step,6,pangram_utterance,256,256,187,-1,True,False,0.0005073290593602176,no,103,187,1770460527.5218782,0.760989010989011,0.8127719866410282,0.6359832635983264,0.5223184476841937,0.7448680351906158,0.803798506850439,0.5492227979274611,0.804,102,0.5824175824175825,0.5196078431372549,341,0.8410041841004184,0.27673830832440427,103
cosmic-sweep-2804,8f1zozrl,36402,0.1,VJEPA2,mean,0.9,5,0.4175984020795008,4,AdamW,step,4,pangram_utterance,256,768,166,-1,True,False,8.677827802996106e-05,no,94,166,1770537961.0075665,0.7472527472527473,0.8126707823094829,0.6377952755905512,0.5722891812796121,0.7448680351906158,0.8099105751087046,0.583732057416268,0.8247863247863247,102,0.5700934579439252,0.5980392156862745,341,0.8075313807531381,0.3974576129138104,94
effortless-sweep-2943,ga2p4ydr,30072,0.1,VJEPA2,mean,0.9,5,0.42499662273210104,4,AdamW,step,8,pangram_utterance,256,512,147,-1,True,False,0.00018329719589933277,no,83,147,1770549392.765933,0.7472527472527473,0.8126707823094829,0.6434108527131783,0.5957759481209975,0.7331378299120235,0.8022397243416194,0.5919282511210763,0.8363636363636363,102,0.5454545454545454,0.6470588235294118,341,0.7698744769874477,0.4324480849541038,83
eager-sweep-2432,h22gq5x2,58074,0.1,VJEPA2,mean,0.9,5,0.3966978534041838,4,AdamW,reduce,3,pangram_utterance,256,512,109,-1,True,False,0.0005686906485767978,no,68,109,1770506935.73216,0.7445054945054945,0.812637047532301,0.640926640926641,0.5640903737518813,0.7331378299120235,0.8013782919025351,0.5767441860465117,0.8245614035087719,102,0.5486725663716814,0.6078431372549019,341,0.7866108786610879,0.2576205264571254,68
brisk-sweep-2235,7zobc8zv,13717,0.1,VJEPA2,mean,0.9,5,0.2020047737391374,4,AdamW,step,7,pangram_utterance,256,768,199,-1,True,False,0.00039319864165042505,no,109,199,1770490619.4023716,0.7554945054945055,0.8125864453665284,0.6482213438735178,0.5297758251756102,0.7331378299120235,0.8092132250389695,0.5645933014354066,0.8162393162393162,102,0.5514018691588785,0.5784313725490197,341,0.799163179916318,0.22944554609755063,109
lyric-sweep-3639,e2q717zp,80193,0.1,VJEPA2,mean,0.9,3,0.28327249426004497,4,AdamW,reduce,5,pangram_utterance,256,1024,76,-1,True,False,0.0001698577285198503,no,53,76,1770607786.0130064,0.7472527472527473,0.812468373646392,0.640625,0.557861063506577,0.7390029325513197,0.7962507178603659,0.5741626794258373,0.8205128205128205,102,0.5607476635514018,0.5882352941176471,341,0.803347280334728,0.4016465536655824,53
dauntless-sweep-625,8tfexpbr,89848,0.1,VJEPA2,mean,0.9,3,0.4770210824144421,4,AdamW,reduce,5,pangram_utterance,256,1024,182,-1,True,False,5.794416941380114e-05,no,106,182,1770354192.2295,0.7142857142857143,0.8124346388692103,0.6623376623376623,0.667580246925354,0.6950146627565983,0.7978505209615228,0.6060606060606061,0.8770949720670391,102,0.49382716049382713,0.7843137254901961,341,0.6569037656903766,0.5000585520925698,106
faithful-sweep-200,psghr7os,5321,0.1,VJEPA2,mean,0.9,4,0.4652337623522821,4,AdamW,reduce,9,pangram_utterance,256,1024,171,-1,True,False,0.0002201283880189872,no,81,171,1770316790.063465,0.7445054945054945,0.8124009040920284,0.6324110671936759,0.5456689864724547,0.7360703812316716,0.8091722044466322,0.5544554455445545,0.8091286307053942,102,0.56,0.5490196078431373,341,0.8158995815899581,0.328869072315883,81
dauntless-sweep-1629,s1vasqm5,84116,0.1,VJEPA2,mean,0.9,5,0.10467221525630466,4,AdamW,reduce,8,pangram_utterance,256,768,112,-1,True,False,0.0006429110965833844,no,79,112,1770439319.721279,0.7417582417582418,0.8123334345376648,0.6492537313432836,0.5799620996464739,0.7390029325513197,0.8122077282795964,0.6044444444444445,0.8440366972477065,102,0.5528455284552846,0.6666666666666666,341,0.7698744769874477,0.32954523976595124,79
glamorous-sweep-1329,d393bkpb,16127,0.1,VJEPA2,mean,0.9,4,0.2191907710298108,4,AdamW,reduce,10,pangram_utterance,256,768,157,-1,True,False,0.00018032951298528008,no,88,157,1770413987.5935714,0.7362637362637363,0.8122996997604831,0.6190476190476191,0.5508999916223379,0.7419354838709677,0.8083517925998851,0.5686274509803921,0.8158995815899581,102,0.5686274509803921,0.5686274509803921,341,0.8158995815899581,0.3670691685076872,88
polar-sweep-4144,sos0kgpm,61728,0.1,VJEPA2,mean,0.9,4,0.17323413097352003,4,AdamW,reduce,3,pangram_utterance,256,1024,128,-1,True,False,0.0001829429877436912,no,74,128,1770650299.34682,0.7582417582417582,0.8121984954289376,0.6206896551724138,0.5363593933346508,0.750733137829912,0.818319796537862,0.5502645502645502,0.8031496062992126,102,0.5977011494252874,0.5098039215686274,341,0.8535564853556485,0.353346308206488,74
vital-sweep-1517,nm05r50l,69143,0.1,VJEPA2,mean,0.9,4,0.4451772870271652,4,AdamW,reduce,10,pangram_utterance,256,1024,189,-1,True,False,0.00032542908152590865,no,112,189,1770429895.666844,0.7582417582417582,0.8121984954289376,0.6422764227642277,0.5160249170366225,0.7419354838709677,0.8086389367462467,0.5686274509803921,0.8158995815899581,102,0.5686274509803921,0.5686274509803921,341,0.8158995815899581,0.3022514729046383,112
classic-sweep-1050,eyqkl24m,66454,0.1,VJEPA2,mean,0.9,5,0.4577830055762804,4,AdamW,reduce,7,pangram_utterance,256,768,195,-1,True,False,0.0001528739935156553,no,95,195,1770390564.5513024,0.75,0.8121647606517559,0.6403162055335968,0.5767420608918745,0.7302052785923754,0.8084748543768973,0.5533980582524272,0.810126582278481,102,0.5480769230769231,0.5588235294117647,341,0.803347280334728,0.4201552101805166,95
flowing-sweep-1699,nfykyerw,78299,0.1,VJEPA2,mean,0.9,3,0.3292406812664561,4,AdamW,reduce,8,pangram_utterance,256,768,105,-1,True,False,0.0007458920612410515,no,72,105,1770445259.451182,0.739010989010989,0.8121141584859832,0.6090534979423868,0.5268782685091208,0.7419354838709677,0.8095003691853311,0.5728155339805825,0.8185654008438819,102,0.5673076923076923,0.5784313725490197,341,0.8117154811715481,0.2656306673412674,72
avid-sweep-2537,y0bac85w,65747,0.1,VJEPA2,mean,0.9,5,0.21658522085498053,4,AdamW,reduce,4,pangram_utterance,256,1024,106,-1,True,False,0.00026560031447917166,no,70,106,1770515850.7561667,0.7445054945054945,0.8120972910973924,0.6108786610878661,0.54280255653046,0.7448680351906158,0.8124538518336205,0.5628140703517588,0.8114754098360656,102,0.5773195876288659,0.5490196078431373,341,0.8284518828451883,0.3715707177764799,70
wandering-sweep-2682,3h9y28xl,7386,0.1,VJEPA2,mean,0.9,4,0.3197572931401409,4,SGD,reduce,4,resting_face,256,256,195,-1,True,False,0.00993122873015693,no,102,195,1770536825.6613522,0.810126582278481,0.8850806451612904,0.8484848484848485,0.4314043521881103,0.6705882352941176,0.7439446366782008,0.7454545454545455,0.6153846153846154,51,0.6949152542372882,0.803921568627451,85,0.4705882352941176,0.29928099736118663,102
lilac-sweep-1281,8ajmo70t,21831,0.1,VJEPA2,mean,0.9,5,0.1018879691483564,4,AdamW,reduce,7,resting_face,256,1024,175,-1,True,False,0.0004614428607221631,no,97,175,1770414269.487291,0.8227848101265823,0.8729838709677419,0.8541666666666666,0.5478298664093018,0.6588235294117647,0.7079008073817763,0.7339449541284404,0.5925925925925926,51,0.6896551724137931,0.7843137254901961,85,0.4705882352941176,0.49229636947700206,97
likely-sweep-2685,q8vsftmk,28774,0.1,VideoPrism,mean,0.9,5,0.33240419552065137,4,AdamW,reduce,8,resting_face,256,256,176,-1,True,False,0.004360198259889361,no,47,176,1770537047.174452,0.7848101265822784,0.8723118279569892,0.8316831683168316,0.4535525441169739,0.5882352941176471,0.6730103806228374,0.6788990825688074,0.48148148148148145,51,0.6379310344827587,0.7254901960784313,85,0.38235294117647056,0.2112980865670056,47
mild-sweep-2141,v99jbokk,77574,0.1,VJEPA2,mean,0.9,4,0.1399863552575031,4,AdamW,reduce,7,resting_face,256,1024,162,-1,True,False,0.0003922048185350787,no,88,162,1770489853.1319656,0.7974683544303798,0.8682795698924731,0.8490566037735849,0.5247354507446289,0.6352941176470588,0.7358708189158016,0.7304347826086957,0.5714285714285714,51,0.65625,0.8235294117647058,85,0.35294117647058826,0.43040844939314143,88
dry-sweep-2035,jfrotn8q,83202,0.1,VJEPA2,mean,0.9,5,0.32535569405361686,4,AdamW,reduce,6,resting_face,256,512,148,-1,True,False,0.0010043930261355882,no,89,148,1770480381.4875636,0.8227848101265823,0.8679435483870968,0.8571428571428571,0.5272166728973389,0.6470588235294118,0.6978085351787774,0.7222222222222222,0.5714285714285714,51,0.6842105263157895,0.7647058823529411,85,0.4705882352941176,0.4361852132969899,89
curious-sweep-3626,3qhmv86z,46648,0.1,VJEPA2,mean,0.9,3,0.4057670179831401,4,AdamW,reduce,9,resting_face,256,512,141,-1,True,False,0.0015948954089490858,no,74,141,1770617779.9411569,0.810126582278481,0.8676075268817204,0.845360824742268,0.4653611183166504,0.6352941176470588,0.7191464821222607,0.7102803738317757,0.5517241379310345,51,0.6785714285714286,0.7450980392156863,85,0.4705882352941176,0.25592794438613575,74
earthy-sweep-3246,f6aio5ew,4692,0.1,VideoPrism,mean,0.9,4,0.24474484798114107,4,AdamW,step,4,resting_face,256,256,196,-1,True,False,0.00015341141066238756,no,81,196,1770585469.3105912,0.7721518987341772,0.8676075268817204,0.8125,0.5191129446029663,0.5764705882352941,0.6476355247981546,0.6727272727272727,0.4615384615384616,51,0.6271186440677966,0.7254901960784313,85,0.35294117647058826,0.5078531849873225,81
woven-sweep-499,10vvnsr7,27919,0.1,VJEPA2,mean,0.9,5,0.25029723518265834,4,AdamW,step,4,resting_face,256,512,133,-1,True,False,0.002756104566089421,no,79,133,1770346062.094151,0.759493670886076,0.867271505376344,0.8080808080808081,0.4472722113132477,0.6588235294117647,0.7301038062283737,0.7238095238095238,0.5806451612903226,51,0.7037037037037037,0.7450980392156863,85,0.5294117647058824,0.1168727373312774,79
comfy-sweep-2564,j7bip3w4,35798,0.1,VJEPA2,mean,0.9,5,0.3876547438344803,4,AdamW,reduce,8,resting_face,256,512,116,-1,True,False,0.001015907663595478,no,73,116,1770526487.161519,0.7974683544303798,0.8635752688172045,0.8297872340425532,0.5495441555976868,0.6941176470588235,0.7275086505190314,0.7547169811320755,0.6333333333333333,51,0.7272727272727273,0.7843137254901961,85,0.5588235294117647,0.46357138489315314,73
bright-sweep-1081,uvmgoam7,28924,0.1,VideoPrism,mean,0.9,4,0.21730065990942507,4,AdamW,reduce,6,resting_face,256,512,164,-1,True,False,0.0005228914765754973,no,53,164,1770396831.2149353,0.7848101265822784,0.8629032258064515,0.8210526315789474,0.4840693473815918,0.6,0.6421568627450979,0.6851851851851852,0.5,51,0.6491228070175439,0.7254901960784313,85,0.4117647058823529,0.42257141840472295,53
curious-sweep-1005,bsd0294f,43268,0.1,VideoPrism,mean,0.9,3,0.4573101844433265,4,AdamW,reduce,3,resting_face,256,512,166,-1,True,False,0.00040055319526878367,no,64,166,1770390205.561866,0.7721518987341772,0.862231182795699,0.8163265306122449,0.5003620982170105,0.5882352941176471,0.6649365628604383,0.6846846846846847,0.48,51,0.6333333333333333,0.7450980392156863,85,0.35294117647058826,0.42892645470195856,64
glowing-sweep-301,x4gmwhui,42503,0.1,VideoPrism,mean,0.9,3,0.17259100773073527,4,AdamW,reduce,10,resting_face,256,512,195,-1,True,False,0.00036943424248660466,no,89,195,1770328029.6265466,0.7848101265822784,0.8615591397849462,0.8247422680412371,0.49612799286842346,0.611764705882353,0.6476355247981546,0.7027027027027027,0.52,51,0.65,0.7647058823529411,85,0.38235294117647056,0.4559650201489755,89
feasible-sweep-3657,yynh16sw,21710,0.1,VideoPrism,mean,0.9,4,0.31300838750180693,4,AdamW,reduce,4,resting_face,256,1024,127,-1,True,False,9.923417360605712e-05,no,47,127,1770620468.4441166,0.7721518987341772,0.8608870967741935,0.8125,0.5269929766654968,0.6235294117647059,0.6476355247981546,0.7090909090909091,0.5384615384615384,51,0.6610169491525424,0.7647058823529411,85,0.4117647058823529,0.5096327205187449,47
easy-sweep-321,6hei0zco,41678,0.1,VideoPrism,mean,0.9,4,0.49988698831691536,4,AdamW,reduce,4,resting_face,256,512,106,-1,True,False,0.00026177931940376853,no,35,106,1770329897.165661,0.7848101265822784,0.8602150537634409,0.8210526315789474,0.5163370370864868,0.6,0.6562860438292965,0.6964285714285714,0.5,51,0.639344262295082,0.7647058823529411,85,0.35294117647058826,0.4792166389300251,35
firm-sweep-949,97y52afy,42468,0.1,VideoPrism,mean,0.9,5,0.4930667885720864,4,AdamW,reduce,6,resting_face,256,512,142,-1,True,False,0.0021501719209487437,no,49,142,1770385439.9902596,0.7848101265822784,0.8602150537634409,0.8172043010752689,0.4731084108352661,0.5764705882352941,0.6407151095732412,0.6727272727272727,0.4615384615384616,51,0.6271186440677966,0.7254901960784313,85,0.35294117647058826,0.3344894261498215,49
distinctive-sweep-1230,l6hrjnal,41778,0.1,VideoPrism,mean,0.9,4,0.2702300910439053,4,AdamW,reduce,7,resting_face,256,768,118,-1,True,False,0.0002445201397867899,no,51,118,1770409778.0580745,0.810126582278481,0.8602150537634408,0.8421052631578947,0.5071083903312683,0.5882352941176471,0.6482122260668973,0.6846846846846847,0.48,51,0.6333333333333333,0.7450980392156863,85,0.35294117647058826,0.45880303085209806,51
dashing-sweep-2587,5ntwipuh,77746,0.1,VideoPrism,mean,0.9,5,0.4896435205774837,4,AdamW,reduce,9,resting_face,256,512,136,-1,True,False,0.00035822986373713444,no,45,136,1770528508.8660414,0.7468354430379747,0.8588709677419355,0.7959183673469388,0.5017158389091492,0.5882352941176471,0.6666666666666669,0.6846846846846847,0.48,51,0.6333333333333333,0.7450980392156863,85,0.35294117647058826,0.43488050398694306,45
light-sweep-2156,894pon14,52490,0.1,VideoPrism,mean,0.9,5,0.11203366851753256,4,AdamW,reduce,5,resting_face,256,512,170,-1,True,False,7.464422903950526e-05,no,67,170,1770491055.8492205,0.7341772151898734,0.8588709677419355,0.8037383177570093,0.556596577167511,0.6352941176470588,0.635524798154556,0.7350427350427351,0.5789473684210527,51,0.6515151515151515,0.8431372549019608,85,0.3235294117647059,0.5792450336121535,67
iconic-sweep-110,lhs5u8nk,14199,0.1,VideoPrism,mean,0.9,5,0.3536960964633161,4,AdamW,reduce,5,resting_face,256,256,120,-1,True,False,0.00032610251343670904,no,41,120,1770310717.4197476,0.7974683544303798,0.8588709677419354,0.8367346938775511,0.5081213116645813,0.611764705882353,0.6441753171856979,0.7027027027027027,0.52,51,0.65,0.7647058823529411,85,0.38235294117647056,0.4866202884905301,41
confused-sweep-3152,aszafmbb,32401,0.1,VideoPrism,mean,0.9,3,0.2260344079677976,4,AdamW,reduce,9,resting_face,256,768,155,-1,True,False,0.0022132261712051538,no,54,155,1770577397.672587,0.7721518987341772,0.8581989247311829,0.8125,0.48614391684532166,0.6470588235294118,0.660322952710496,0.7222222222222222,0.5714285714285714,51,0.6842105263157895,0.7647058823529411,85,0.4705882352941176,0.23906720971601,54
earthy-sweep-3498,c1wfsvsc,33563,0.1,VideoPrism,mean,0.9,5,0.29319999725893303,4,AdamW,reduce,5,resting_face,256,768,148,-1,True,False,0.0001307227919345139,no,59,148,1770606792.9847944,0.7341772151898734,0.8575268817204301,0.7878787878787878,0.5413068532943726,0.6,0.6557093425605537,0.6964285714285714,0.5,51,0.639344262295082,0.7647058823529411,85,0.35294117647058826,0.5205116811578036,59
morning-sweep-757,l2jna4da,32417,0.1,VJEPA2,mean,0.9,5,0.4301673962437247,4,AdamW,reduce,5,resting_face,256,256,196,-1,True,False,0.0001129907094913916,no,96,196,1770368734.1830237,0.7468354430379747,0.8568548387096775,0.782608695652174,0.5803466439247131,0.7176470588235294,0.7525951557093425,0.7692307692307693,0.65625,51,0.7547169811320755,0.7843137254901961,85,0.6176470588235294,0.4345455050540869,96
skilled-sweep-1885,tc7zm2vn,63414,0.1,VideoPrism,mean,0.9,4,0.1832043248462791,4,AdamW,reduce,6,resting_face,256,1024,136,-1,True,False,0.0001460651797806871,no,48,136,1770467192.2082484,0.7215189873417721,0.8568548387096774,0.78,0.5471090078353882,0.6,0.6508073817762398,0.6964285714285714,0.5,51,0.639344262295082,0.7647058823529411,85,0.35294117647058826,0.5193847232330837,48
stoic-sweep-3638,j0qbvt8j,18353,0.1,VideoPrism,mean,0.9,4,0.17812463774415457,4,AdamW,reduce,6,resting_face,256,512,197,-1,True,False,8.91747336429131e-05,no,78,197,1770618928.5922966,0.7974683544303798,0.8561827956989249,0.8333333333333334,0.5167570114135742,0.611764705882353,0.6372549019607842,0.7027027027027027,0.52,51,0.65,0.7647058823529411,85,0.38235294117647056,0.5174906084850988,78
azure-sweep-2604,vb7vqmmt,21484,0.1,VideoPrism,mean,0.9,4,0.2296452199614942,4,AdamW,reduce,9,resting_face,256,512,120,-1,True,False,0.00017020913332342952,no,54,120,1770530066.331102,0.7848101265822784,0.8561827956989247,0.8210526315789474,0.5352193117141724,0.5882352941176471,0.6510957324106114,0.6728971962616822,0.4827586206896552,51,0.6428571428571429,0.7058823529411765,85,0.4117647058823529,0.4983973135706599,54
devout-sweep-713,jpktpp14,57670,0.1,VideoPrism,mean,0.9,3,0.3754007148638333,4,AdamW,reduce,10,resting_face,256,1024,138,-1,True,False,0.005739150280804689,no,65,138,1770365086.4998114,0.7721518987341772,0.8561827956989247,0.82,0.46001166105270386,0.6235294117647059,0.6695501730103806,0.6923076923076923,0.53125,51,0.6792452830188679,0.7058823529411765,85,0.5,0.14814310237783287,65
bright-sweep-3740,yv8lporg,72886,0.1,VideoPrism,mean,0.9,5,0.28982854431539595,4,AdamW,reduce,9,resting_face,256,512,127,-1,True,False,0.0003721230507124189,no,42,127,1770627621.4140477,0.7974683544303798,0.8561827956989246,0.8297872340425532,0.49203309416770935,0.5647058823529412,0.6496539792387542,0.6605504587155964,0.4444444444444444,51,0.6206896551724138,0.7058823529411765,85,0.35294117647058826,0.4211542210547283,42
distinctive-sweep-2746,wnyujhem,85575,0.1,VideoPrism,mean,0.9,4,0.4752676429178206,4,AdamW,step,3,resting_face,256,768,199,-1,True,False,5.9919256572551216e-05,no,65,199,1770542310.6318738,0.7974683544303798,0.855510752688172,0.8333333333333334,0.561586320400238,0.6235294117647059,0.6401384083044982,0.7090909090909091,0.5384615384615384,51,0.6610169491525424,0.7647058823529411,85,0.4117647058823529,0.5613422618125115,65
rare-sweep-1030,xx89h7or,94318,0.1,VideoPrism,mean,0.9,5,0.13635934275637798,4,AdamW,reduce,6,resting_face,256,1024,159,-1,True,False,4.566780673440081e-05,no,59,159,1770392355.4763424,0.7848101265822784,0.855510752688172,0.8247422680412371,0.5492100715637207,0.6235294117647059,0.6366782006920414,0.7090909090909091,0.5384615384615384,51,0.6610169491525424,0.7647058823529411,85,0.4117647058823529,0.5635360529684474,59
lucky-sweep-1473,id1y9bgo,23566,0.1,VJEPA2,mean,0.9,4,0.16631131391501666,4,AdamW,reduce,3,resting_face,256,1024,138,-1,True,False,0.0008502675551534485,no,78,138,1770431323.5032425,0.7721518987341772,0.8538306451612904,0.8163265306122449,0.5770127177238464,0.611764705882353,0.6761822376009228,0.6972477064220184,0.5185185185185185,51,0.6551724137931034,0.7450980392156863,85,0.4117647058823529,0.5041833375812591,78
expert-sweep-3901,npcbj645,90412,0.1,VideoPrism,mean,0.9,4,0.36187262757602234,4,AdamW,step,10,resting_face,256,1024,165,-1,True,False,0.0009095952205351812,no,69,165,1770641949.740764,0.7848101265822784,0.853494623655914,0.8316831683168316,0.4945359230041504,0.5764705882352941,0.6859861591695503,0.6727272727272727,0.4615384615384616,51,0.6271186440677966,0.7254901960784313,85,0.35294117647058826,0.3521235829311343,69
autumn-sweep-1236,7h89zfrr,10781,0.1,VideoPrism,mean,0.9,5,0.47643585543312694,4,AdamW,step,4,resting_face,256,256,161,-1,True,False,0.0007354037861173775,no,64,161,1770410241.920538,0.759493670886076,0.853494623655914,0.8,0.49624139070510864,0.5764705882352941,0.6470588235294118,0.6666666666666666,0.4642857142857143,51,0.631578947368421,0.7058823529411765,85,0.38235294117647056,0.4482875234830509,64
whole-sweep-1051,1voxezed,99379,0.1,VideoPrism,mean,0.9,4,0.31073189262085077,4,AdamW,reduce,6,resting_face,256,512,147,-1,True,False,8.46171137791162e-05,no,60,147,1770394178.8129723,0.7974683544303798,0.8534946236559139,0.8333333333333334,0.5380876064300537,0.6235294117647059,0.6349480968858131,0.7090909090909091,0.5384615384615384,51,0.6610169491525424,0.7647058823529411,85,0.4117647058823529,0.5379388774548566,60
peachy-sweep-1599,kpsx0eyu,20910,0.1,VideoPrism,mean,0.9,5,0.22042651482508427,4,AdamW,reduce,6,resting_face,256,256,153,-1,True,False,0.008498929649380331,no,70,153,1770442161.8704848,0.7848101265822784,0.8531586021505376,0.8282828282828283,0.4714262783527374,0.6823529411764706,0.7047289504036909,0.7428571428571429,0.6129032258064516,51,0.7222222222222222,0.7647058823529411,85,0.5588235294117647,0.10317808094875948,70
sparkling-sweep-560,19zg7sxt,61262,0.1,VJEPA2,mean,0.9,5,0.471580759899923,4,AdamW,reduce,7,resting_face,256,1024,183,-1,True,False,0.0006579596204843721,no,94,183,1770351520.9765265,0.759493670886076,0.8531586021505376,0.8,0.5262410044670105,0.7058823529411765,0.7644175317185699,0.7572815533980582,0.6363636363636364,51,0.75,0.7647058823529411,85,0.6176470588235294,0.34170963512880687,94
whole-sweep-920,j0gba5my,1037,0.1,VideoPrism,mean,0.9,5,0.3884801558581664,4,AdamW,reduce,4,resting_face,256,256,171,-1,True,False,0.0030040321451644497,no,62,171,1770382797.143564,0.759493670886076,0.8528225806451613,0.8,0.49058258533477783,0.6,0.6611880046136103,0.6851851851851852,0.5,51,0.6491228070175439,0.7254901960784313,85,0.4117647058823529,0.29876371107285504,62
confused-sweep-1977,ps9tk5tb,16093,0.1,VJEPA2,mean,0.9,4,0.4490859653179111,4,AdamW,reduce,4,resting_face,256,768,171,-1,True,False,0.0007484050840939023,no,74,171,1770475236.465197,0.7974683544303798,0.8528225806451613,0.8461538461538461,0.5124425888061523,0.6588235294117647,0.7367358708189159,0.7478260869565218,0.6190476190476191,51,0.671875,0.8431372549019608,85,0.38235294117647056,0.3409581504137519,74
drawn-sweep-1774,j2lp4g5x,9101,0.1,VideoPrism,mean,0.9,5,0.2357200760589859,4,AdamW,reduce,10,resting_face,256,1024,199,-1,True,False,0.00028758294042620245,no,70,199,1770457448.8459787,0.7974683544303798,0.8521505376344086,0.8297872340425532,0.5091067552566528,0.5647058823529412,0.6551326412918107,0.6542056074766355,0.4482758620689655,51,0.625,0.6862745098039216,85,0.38235294117647056,0.4422389154195498,70
magic-sweep-3934,2c7yu9sv,78578,0.1,VideoPrism,mean,0.9,5,0.30646871364095435,4,AdamW,reduce,3,resting_face,256,1024,162,-1,True,False,7.776232561870562e-05,no,61,162,1770644781.4234138,0.810126582278481,0.8508064516129032,0.8421052631578947,0.5676438808441162,0.6,0.646482122260669,0.6851851851851852,0.5,51,0.6491228070175439,0.7254901960784313,85,0.4117647058823529,0.5365341402796986,61
stoic-sweep-1590,2ckk3t49,55881,0.1,VideoPrism,mean,0.9,4,0.3561661716894896,4,AdamW,reduce,4,resting_face,256,768,186,-1,True,False,0.0027882230768059694,no,73,186,1770441407.6718278,0.7974683544303798,0.8501344086021506,0.8333333333333334,0.4752257168292999,0.5882352941176471,0.6384083044982698,0.6788990825688074,0.48148148148148145,51,0.6379310344827587,0.7254901960784313,85,0.38235294117647056,0.2721833981600544,73
glorious-sweep-2322,g7r4loix,71351,0.1,VideoPrism,mean,0.9,3,0.47316709754170905,4,AdamW,step,6,resting_face,256,768,61,-1,True,False,0.0005410886526341742,no,30,61,1770505234.166958,0.7215189873417721,0.8501344086021505,0.78,0.5093656182289124,0.5882352941176471,0.6718569780853518,0.6846846846846847,0.48,51,0.6333333333333333,0.7450980392156863,85,0.35294117647058826,0.4235128294788885,30
prime-sweep-3478,33pq5kpd,53070,0.1,VideoPrism,mean,0.9,4,0.4716894340486971,4,AdamW,reduce,3,resting_face,256,768,128,-1,True,False,0.00012806092296469915,no,63,128,1770605099.14526,0.7341772151898734,0.8501344086021505,0.7878787878787878,0.5709652304649353,0.6,0.6470588235294116,0.6964285714285714,0.5,51,0.639344262295082,0.7647058823529411,85,0.35294117647058826,0.5420896387934253,63
mild-sweep-2762,u2ylzkya,21883,0.1,VJEPA2,mean,0.9,5,0.4188911553027051,4,AdamW,reduce,8,resting_face,256,768,93,-1,True,False,0.0007459352390046896,no,66,93,1770543764.0095413,0.7341772151898734,0.8494623655913979,0.7920792079207921,0.5393508076667786,0.6705882352941176,0.7335640138408304,0.7407407407407407,0.6071428571428571,51,0.7017543859649122,0.7843137254901961,85,0.5,0.40953073093841896,66
autumn-sweep-998,7v0qhrc8,17879,0.1,VideoPrism,mean,0.9,5,0.4226980027908025,4,AdamW,reduce,9,resting_face,256,512,118,-1,True,False,0.0004083799037221864,no,47,118,1770389665.7497168,0.759493670886076,0.8494623655913978,0.8,0.500331461429596,0.5882352941176471,0.6551326412918108,0.6728971962616822,0.4827586206896552,51,0.6428571428571429,0.7058823529411765,85,0.4117647058823529,0.4311786955817905,47
vocal-sweep-708,ig09tbvt,99080,0.1,VJEPA2,mean,0.9,5,0.28851318962568173,4,AdamW,step,3,resting_face,256,1024,153,-1,True,False,5.385334449120235e-05,no,83,153,1770364755.136619,0.7721518987341772,0.8487903225806452,0.8363636363636363,0.5735577940940857,0.6588235294117647,0.7462514417531718,0.7603305785123967,0.6666666666666666,51,0.6571428571428571,0.9019607843137256,85,0.29411764705882354,0.501852699610906,83
avid-sweep-2465,dlc9ag06,43227,0.1,VideoPrism,mean,0.9,4,0.23800326487536935,4,AdamW,reduce,3,resting_face,256,512,71,-1,True,False,0.001155795468993585,no,27,71,1770517653.4783573,0.7848101265822784,0.8487903225806452,0.8210526315789474,0.4996331334114074,0.5764705882352941,0.6753171856978085,0.6727272727272727,0.4615384615384616,51,0.6271186440677966,0.7254901960784313,85,0.35294117647058826,0.3827490549179556,27
amber-sweep-264,6dpdpsyz,43220,0.1,VideoPrism,mean,0.9,4,0.1960029628145934,4,AdamW,reduce,4,resting_face,256,512,114,-1,True,False,0.0013891618690341511,no,54,114,1770324703.5983388,0.7721518987341772,0.8487903225806452,0.8163265306122449,0.49636533856391907,0.6235294117647059,0.6672433679354093,0.7037037037037037,0.5357142857142857,51,0.6666666666666666,0.7450980392156863,85,0.4411764705882353,0.31143759322252723,54
vivid-sweep-1193,71hr6ck9,54065,0.1,VideoPrism,mean,0.9,5,0.3985239493548778,4,AdamW,reduce,8,resting_face,256,768,191,-1,True,False,5.442292691216542e-05,no,78,191,1770406567.730663,0.810126582278481,0.8487903225806451,0.8421052631578947,0.5538758635520935,0.611764705882353,0.6401384083044982,0.6972477064220184,0.5185185185185185,51,0.6551724137931034,0.7450980392156863,85,0.4117647058823529,0.5490075738064774,78
sweepy-sweep-2601,m8togqdf,49040,0.1,VJEPA2,mean,0.9,5,0.22700045610364009,4,AdamW,reduce,8,resting_face,256,512,158,-1,True,False,0.0014295112743160263,no,64,158,1770529815.6715472,0.7848101265822784,0.8484543010752689,0.8282828282828283,0.5266087055206299,0.6470588235294118,0.7191464821222606,0.7222222222222222,0.5714285714285714,51,0.6842105263157895,0.7647058823529411,85,0.4705882352941176,0.3844203682455663,64
dandy-sweep-3807,sswyaihx,19883,0.1,VJEPA2_SSV2,mean,0.9,4,0.4914050969976319,4,AdamW,reduce,4,resting_face,256,768,185,-1,True,False,0.0018232206874517973,no,90,185,1770633664.231917,0.7307692307692307,0.848318462594372,0.7835051546391752,0.5227829813957214,0.6309523809523809,0.7355882352941175,0.7047619047619048,0.5517241379310345,50,0.6727272727272727,0.74,84,0.4705882352941176,0.12618135750293732,90
smart-sweep-1167,ru58qalm,75514,0.1,VJEPA2,mean,0.9,5,0.3839393519893841,4,AdamW,reduce,8,resting_face,256,1024,200,-1,True,False,0.00018281837132630573,no,110,200,1770404242.4300802,0.6075949367088608,0.8481182795698925,0.7559055118110236,0.5635248422622681,0.6,0.7352941176470588,0.75,0.0,51,0.6,1.0,85,0.0,0.46796051475286193,110
celestial-sweep-2781,tglydmqd,80649,0.1,VideoPrism,mean,0.9,3,0.1740029891851705,4,AdamW,reduce,8,resting_face,256,768,141,-1,True,False,7.012302725429171e-05,no,50,141,1770545434.7723489,0.7848101265822784,0.8481182795698925,0.8210526315789474,0.5485711693763733,0.5882352941176471,0.6418685121107267,0.6728971962616822,0.4827586206896552,51,0.6428571428571429,0.7058823529411765,85,0.4117647058823529,0.5327426547451962,50
northern-sweep-2137,0yfh00zx,96656,0.1,VJEPA2,mean,0.9,3,0.16466987611059408,4,AdamW,reduce,8,resting_face,256,1024,138,-1,True,False,8.33687326485815e-05,no,81,138,1770489442.6513443,0.759493670886076,0.8481182795698925,0.831858407079646,0.5794876217842102,0.6470588235294118,0.7531718569780853,0.7580645161290323,0.6666666666666666,51,0.6438356164383562,0.9215686274509804,85,0.2352941176470588,0.5111990933864403,81
snowy-sweep-980,b3lpb6jn,35262,0.1,VJEPA2,mean,0.9,4,0.32032457866957376,4,AdamW,reduce,8,resting_face,256,256,162,-1,True,False,0.0004883745897258078,no,91,162,1770388264.3510077,0.7721518987341772,0.8474462365591398,0.8235294117647058,0.5014866590499878,0.6823529411764706,0.7479815455594002,0.7522935779816514,0.6296296296296297,51,0.7068965517241379,0.803921568627451,85,0.5,0.28813875659413063,91
prime-sweep-2142,30zxxe0d,23374,0.1,VideoPrism,mean,0.9,3,0.2398752071254416,4,AdamW,reduce,7,resting_face,256,1024,196,-1,True,False,6.806645022923384e-05,no,41,196,1770489903.5910444,0.759493670886076,0.8474462365591398,0.8,0.5272114276885986,0.5882352941176471,0.6510957324106114,0.6728971962616822,0.4827586206896552,51,0.6428571428571429,0.7058823529411765,85,0.4117647058823529,0.4929013627213938,41
worthy-sweep-3273,2j02otno,39634,0.1,VideoPrism,mean,0.9,5,0.41628178417517814,4,AdamW,reduce,5,resting_face,256,768,196,-1,True,False,0.00011773759144733038,no,60,196,1770587818.209255,0.7215189873417721,0.8474462365591398,0.78,0.5315291881561279,0.6,0.6528258362168397,0.6964285714285714,0.5,51,0.639344262295082,0.7647058823529411,85,0.35294117647058826,0.4859184347030193,60
good-sweep-3648,pqlbwc4r,46731,0.1,VideoPrism,mean,0.9,3,0.1722288171032897,4,AdamW,reduce,4,resting_face,256,256,167,-1,True,False,0.00011114656804135512,no,64,167,1770619783.838134,0.6075949367088608,0.8474462365591396,0.7559055118110236,0.5861259698867798,0.6,0.6337946943483276,0.75,0.0,51,0.6,1.0,85,0.0,0.6228438438207307,64
gallant-sweep-960,3n4vsnr0,5894,0.1,VJEPA2,mean,0.9,5,0.34052874190927396,4,AdamW,reduce,10,resting_face,256,256,158,-1,True,False,0.00018150680179367985,no,82,158,1770386467.411034,0.6075949367088608,0.8467741935483871,0.7559055118110236,0.5916368365287781,0.6,0.7321222606689736,0.75,0.0,51,0.6,1.0,85,0.0,0.5913836812625389,82
usual-sweep-1971,zf44qbol,23790,0.1,VideoPrism,mean,0.9,3,0.2640911198094371,4,AdamW,reduce,7,resting_face,256,512,172,-1,True,False,0.0013252381581527306,no,70,172,1770474670.269907,0.7848101265822784,0.8467741935483871,0.8282828282828283,0.49269288778305054,0.5647058823529412,0.6542675893886967,0.6666666666666666,0.44,51,0.6166666666666667,0.7254901960784313,85,0.3235294117647059,0.36464102884397287,70
drawn-sweep-2134,wtaut3xn,45272,0.1,VideoPrism,mean,0.9,5,0.34381042570069564,4,AdamW,reduce,5,resting_face,256,768,181,-1,True,False,5.83911290203444e-05,no,72,181,1770489168.8832457,0.7848101265822784,0.8461021505376345,0.8172043010752689,0.5561544895172119,0.5882352941176471,0.646482122260669,0.6728971962616822,0.4827586206896552,51,0.6428571428571429,0.7058823529411765,85,0.4117647058823529,0.5361057349511021,72
tough-sweep-2764,p0vww9f5,36223,0.1,VJEPA2,mean,0.9,3,0.16260149639527616,4,AdamW,reduce,7,resting_face,256,1024,172,-1,True,False,7.177326956158177e-05,no,84,172,1770543941.2042892,0.7341772151898734,0.8461021505376345,0.7789473684210526,0.5915971994400024,0.7058823529411765,0.7572087658592849,0.7663551401869159,0.6551724137931034,51,0.7321428571428571,0.803921568627451,85,0.5588235294117647,0.4520452409656775,84
prime-sweep-995,q41dmrmt,95091,0.1,VideoPrism,mean,0.9,5,0.30991691897033175,4,AdamW,reduce,3,resting_face,256,512,117,-1,True,False,0.0006331074331459122,no,36,117,1770389449.51271,0.7721518987341772,0.8461021505376345,0.8125,0.5006490349769592,0.6,0.6793540945790081,0.6909090909090909,0.5,51,0.6440677966101694,0.7450980392156863,85,0.38235294117647056,0.4078435719157013,36
young-sweep-3517,qnknjzf2,92828,0.1,VideoPrism,mean,0.9,3,0.2144958170176769,4,AdamW,reduce,5,resting_face,256,256,123,-1,True,False,0.0006569350515754688,no,48,123,1770608444.907602,0.7721518987341772,0.8461021505376344,0.8125,0.498835414648056,0.5882352941176471,0.6701268742791234,0.6728971962616822,0.4827586206896552,51,0.6428571428571429,0.7058823529411765,85,0.4117647058823529,0.4243151439472907,48
leafy-sweep-1121,cjpp0c4b,52451,0.1,VideoPrism,mean,0.9,4,0.4798430396488179,4,AdamW,reduce,7,resting_face,256,512,153,-1,True,False,0.0008350098887243365,no,52,153,1770400099.2060502,0.7848101265822784,0.8461021505376344,0.8210526315789474,0.48761701583862305,0.5647058823529412,0.6701268742791234,0.6605504587155964,0.4444444444444444,51,0.6206896551724138,0.7058823529411765,85,0.35294117647058826,0.3186641849208942,52
summer-sweep-490,dtci0lf5,10704,0.1,VideoPrism,mean,0.9,4,0.4290013605369524,4,AdamW,reduce,5,resting_face,256,768,194,-1,True,False,9.70661444587604e-05,no,82,194,1770345279.6119504,0.7721518987341772,0.8461021505376344,0.8085106382978723,0.5030507445335388,0.5882352941176471,0.651672433679354,0.6728971962616822,0.4827586206896552,51,0.6428571428571429,0.7058823529411765,85,0.4117647058823529,0.4544181762975433,82
blooming-sweep-1802,21s26m8r,40179,0.1,VJEPA2,mean,0.9,5,0.3539849966703915,4,AdamW,reduce,8,resting_face,256,768,109,-1,True,False,0.0001111787274237633,no,68,109,1770459934.5940497,0.7721518987341772,0.8461021505376344,0.8333333333333334,0.5609832406044006,0.6470588235294118,0.7301038062283738,0.75,0.625,51,0.6521739130434783,0.8823529411764706,85,0.29411764705882354,0.46978976547645623,68
colorful-sweep-3157,dg0y9fbu,99440,0.1,VideoPrism,mean,0.9,4,0.4023459243212447,4,AdamW,reduce,4,resting_face,256,768,177,-1,True,False,0.00010939396706548172,no,61,177,1770577782.2119496,0.7341772151898734,0.8461021505376344,0.7878787878787878,0.5238662362098694,0.5882352941176471,0.6597462514417533,0.6846846846846847,0.48,51,0.6333333333333333,0.7450980392156863,85,0.35294117647058826,0.4707567465319708,61
eager-sweep-3992,v941k4k2,95894,0.1,VideoPrism,mean,0.9,5,0.3041784610303153,4,AdamW,step,9,resting_face,256,1024,162,-1,True,False,0.004580016514361849,no,70,162,1770649846.2716873,0.759493670886076,0.8447580645161291,0.8080808080808081,0.4663567841053009,0.6352941176470588,0.6721453287197232,0.7102803738317757,0.5517241379310345,51,0.6785714285714286,0.7450980392156863,85,0.4705882352941176,0.17618901434436493,70
fresh-sweep-3331,e89klfrh,1665,0.1,VJEPA2,mean,0.9,5,0.113121807973459,4,AdamW,reduce,8,resting_face,256,256,111,-1,True,False,0.00015272408187129734,no,70,111,1770592594.272298,0.7215189873417721,0.8447580645161291,0.7843137254901961,0.5367806553840637,0.6705882352941176,0.7462514417531718,0.75,0.625,51,0.6885245901639344,0.8235294117647058,85,0.4411764705882353,0.4077427215231435,70
happy-sweep-131,nmhrrkrx,70350,0.1,VJEPA2,mean,0.9,3,0.1778443535786084,4,AdamW,reduce,3,resting_face,256,256,164,-1,True,False,0.0007472517867865158,no,99,164,1770312653.463159,0.7468354430379747,0.8447580645161291,0.803921568627451,0.5026965737342834,0.611764705882353,0.7145328719723184,0.7079646017699115,0.5217391304347826,51,0.6451612903225806,0.7843137254901961,85,0.35294117647058826,0.2753210696386103,99
treasured-sweep-3656,axx86kxk,88063,0.1,VJEPA2,mean,0.9,4,0.36503737489443566,4,AdamW,reduce,8,resting_face,256,768,151,-1,True,False,0.0013412043583174334,no,76,151,1770620411.0921023,0.7341772151898734,0.844758064516129,0.7835051546391752,0.5054872632026672,0.6705882352941176,0.7139561707035756,0.72,0.5833333333333334,51,0.7346938775510204,0.7058823529411765,85,0.6176470588235294,0.23402751931515528,76
lucky-sweep-3483,h88079y3,91965,0.1,VideoPrism,mean,0.9,5,0.37026917680681415,4,AdamW,reduce,3,resting_face,256,256,191,-1,True,False,7.07706862146057e-05,no,79,191,1770605510.4387665,0.6075949367088608,0.844758064516129,0.7559055118110236,0.5723817944526672,0.6,0.6337946943483277,0.75,0.0,51,0.6,1.0,85,0.0,0.6052740561372553,79
bright-sweep-887,20vzcqle,23016,0.1,VJEPA2,mean,0.9,4,0.2778196198169608,4,AdamW,reduce,9,resting_face,256,512,179,-1,True,False,0.0005698337952210957,no,93,179,1770379981.0993676,0.7468354430379747,0.8440860215053764,0.8,0.5047217607498169,0.6470588235294118,0.7482698961937717,0.7222222222222222,0.5714285714285714,51,0.6842105263157895,0.7647058823529411,85,0.4705882352941176,0.295396244757665,93
pretty-sweep-575,d4t6h9df,50481,0.1,VideoPrism,mean,0.9,3,0.25129646034905484,4,AdamW,reduce,9,resting_face,256,512,145,-1,True,False,0.00017265929634588756,no,61,145,1770352887.7452338,0.7341772151898734,0.8440860215053763,0.7835051546391752,0.5285754799842834,0.5882352941176471,0.6568627450980392,0.6788990825688074,0.48148148148148145,51,0.6379310344827587,0.7254901960784313,85,0.38235294117647056,0.4704069831331043,61
copper-sweep-3594,ok5zyg1t,94313,0.1,VJEPA2,mean,0.9,5,0.3679874320832316,4,AdamW,reduce,7,resting_face,256,1024,193,-1,True,False,3.69106744379784e-05,no,96,193,1770615028.85219,0.7468354430379747,0.8434139784946237,0.782608695652174,0.6160916686058044,0.7058823529411765,0.7554786620530566,0.7572815533980582,0.6363636363636364,51,0.75,0.7647058823529411,85,0.6176470588235294,0.5133986150074121,96
blooming-sweep-2589,v4xamsfj,87258,0.1,VJEPA2,mean,0.9,5,0.4071212178492325,4,AdamW,reduce,5,resting_face,256,768,165,-1,True,False,4.1530406868196216e-05,no,92,165,1770528704.483728,0.7341772151898734,0.8434139784946236,0.8037383177570093,0.5530403852462769,0.6823529411764706,0.7502883506343714,0.7692307692307693,0.6842105263157895,51,0.6818181818181818,0.8823529411764706,85,0.38235294117647056,0.46160754713513874,92
cool-sweep-2565,84taeqbo,76335,0.1,VJEPA2,mean,0.9,5,0.26976302311582323,4,AdamW,reduce,9,resting_face,256,512,185,-1,True,False,0.0003437660220006708,no,95,185,1770526591.4269824,0.7848101265822784,0.8434139784946236,0.8282828282828283,0.5264436602592468,0.6705882352941176,0.7277970011534025,0.7586206896551724,0.65,51,0.676923076923077,0.8627450980392157,85,0.38235294117647056,0.4321882110609608,95
pretty-sweep-3789,6uhac9n9,37611,0.1,VJEPA2,mean,0.9,4,0.3998042313893211,4,AdamW,reduce,7,resting_face,256,768,63,-1,True,False,0.00011100285273022997,no,42,63,1770632009.5400956,0.7088607594936709,0.8434139784946236,0.7964601769911505,0.5701737999916077,0.6823529411764706,0.7416378316032295,0.773109243697479,0.7058823529411765,51,0.6764705882352942,0.9019607843137256,85,0.35294117647058826,0.5130051355605282,42
lucky-sweep-1352,j1x67uaz,47173,0.1,VideoPrism,mean,0.9,5,0.10238631415100762,4,AdamW,reduce,4,resting_face,256,256,172,-1,True,False,0.0014940752517681852,no,70,172,1770420552.0854733,0.810126582278481,0.8430779569892473,0.845360824742268,0.48702648282051086,0.6,0.6461937716262975,0.6909090909090909,0.5,51,0.6440677966101694,0.7450980392156863,85,0.38235294117647056,0.3506168438744056,70
hardy-sweep-3535,qs9imskl,68986,0.1,VJEPA2,mean,0.9,3,0.4745704581255598,4,AdamW,reduce,7,resting_face,256,1024,176,-1,True,False,3.368275352583213e-05,no,74,176,1770609930.1989105,0.759493670886076,0.842741935483871,0.8,0.6087488532066345,0.6823529411764706,0.7462514417531719,0.7522935779816514,0.6296296296296297,51,0.7068965517241379,0.803921568627451,85,0.5,0.5359088432310853,74
sleek-sweep-2819,yd91jpol,66541,0.1,VJEPA2,mean,0.9,4,0.28546460393476103,4,AdamW,reduce,9,resting_face,256,512,124,-1,True,False,0.0010686505933398356,no,74,124,1770548762.0227268,0.7974683544303798,0.842741935483871,0.8367346938775511,0.5072913765907288,0.6705882352941176,0.7214532871972318,0.7454545454545455,0.6153846153846154,51,0.6949152542372882,0.803921568627451,85,0.4705882352941176,0.27021649316912866,74
sleek-sweep-2917,y468oqbp,27658,0.1,VideoPrism,mean,0.9,5,0.421887374486423,4,AdamW,reduce,6,resting_face,256,768,24,-1,True,False,0.0010735933724406131,no,16,24,1770556935.43155,0.7341772151898734,0.842741935483871,0.8,0.5530663132667542,0.5882352941176471,0.6286043829296425,0.6902654867256637,0.4782608695652174,51,0.6290322580645161,0.7647058823529411,85,0.3235294117647059,0.5577849483317432,16
dazzling-sweep-245,k8prbepq,22153,0.1,VJEPA2,mean,0.9,3,0.389988617129855,4,AdamW,reduce,3,resting_face,256,512,134,-1,True,False,0.0009426278175666588,no,95,134,1770322960.342373,0.7341772151898734,0.842741935483871,0.7835051546391752,0.5096065402030945,0.6823529411764706,0.7243367935409458,0.7378640776699029,0.6060606060606061,51,0.7307692307692307,0.7450980392156863,85,0.5882352941176471,0.26588651396669133,95
decent-sweep-1615,dbg41r9w,79782,0.1,VideoPrism,mean,0.9,5,0.29918783550325967,4,AdamW,reduce,5,resting_face,256,256,196,-1,True,False,0.0003840953233871581,no,75,196,1770443531.007359,0.7721518987341772,0.8420698924731183,0.8085106382978723,0.503135621547699,0.5764705882352941,0.6672433679354095,0.6666666666666666,0.4642857142857143,51,0.631578947368421,0.7058823529411765,85,0.38235294117647056,0.4151762052022361,75
feasible-sweep-2691,tmj97m49,66113,0.1,VideoPrism,mean,0.9,4,0.4114368191188752,4,AdamW,reduce,7,resting_face,256,512,163,-1,True,False,0.00010130591965423544,no,67,163,1770537511.500037,0.7215189873417721,0.8420698924731183,0.7924528301886793,0.5843368768692017,0.5882352941176471,0.637831603229527,0.6902654867256637,0.4782608695652174,51,0.6290322580645161,0.7647058823529411,85,0.3235294117647059,0.5834555605064686,67
lilac-sweep-1260,8oavb930,23955,0.1,VJEPA2,mean,0.9,5,0.249089393500692,4,AdamW,reduce,5,resting_face,256,512,147,-1,True,False,7.134608426520976e-05,no,84,147,1770412342.7789223,0.7341772151898734,0.8420698924731183,0.7961165048543689,0.569369375705719,0.6941176470588235,0.7474048442906575,0.7678571428571429,0.6666666666666666,51,0.7049180327868853,0.8431372549019608,85,0.4705882352941176,0.45870305270065226,84
worthy-sweep-3894,qaiv3351,78193,0.1,VJEPA2,mean,0.9,5,0.24805196417694028,4,AdamW,reduce,6,resting_face,256,256,158,-1,True,False,0.00016288804591155134,no,79,158,1770641354.3070571,0.7721518987341772,0.8420698924731183,0.8085106382978723,0.5755970478057861,0.6235294117647059,0.7243367935409457,0.6862745098039216,0.5294117647058824,51,0.6862745098039216,0.6862745098039216,85,0.5294117647058824,0.43651244377452575,79
dulcet-sweep-979,94vdfyrl,44822,0.1,VJEPA2,mean,0.9,4,0.182355840792344,4,AdamW,reduce,10,resting_face,256,768,179,-1,True,False,0.0002371249036098382,no,87,179,1770388161.4915464,0.6075949367088608,0.8420698924731183,0.7559055118110236,0.5746355652809143,0.6,0.7301038062283737,0.75,0.0,51,0.6,1.0,85,0.0,0.5068848027348664,87
olive-sweep-1871,eacp7n0v,33075,0.1,VideoPrism,mean,0.9,5,0.3256192902306513,4,AdamW,reduce,5,resting_face,256,1024,180,-1,True,False,0.00047487208508661857,no,69,180,1770466148.5217776,0.7468354430379747,0.8420698924731183,0.7959183673469388,0.5251113772392273,0.611764705882353,0.6839677047289505,0.7027027027027027,0.52,51,0.65,0.7647058823529411,85,0.38235294117647056,0.40128917612845416,69
legendary-sweep-3373,95emq2ni,87383,0.1,VJEPA2,mean,0.9,5,0.31643288906814226,4,AdamW,reduce,4,resting_face,256,1024,147,-1,True,False,0.0014416016069028672,no,83,147,1770596142.5467424,0.7468354430379747,0.841733870967742,0.7959183673469388,0.4843977987766266,0.6352941176470588,0.7231833910034602,0.7047619047619048,0.5483870967741935,51,0.6851851851851852,0.7254901960784313,85,0.5,0.14529125150723127,83
honest-sweep-1038,6mp5izaz,94807,0.1,VJEPA2,mean,0.9,5,0.1493607474966454,4,AdamW,reduce,6,resting_face,256,512,177,-1,True,False,0.0015170568370503096,yes,89,177,1770393025.0263364,0.7468354430379747,0.8413978494623656,0.803921568627451,0.49787455797195435,0.6470588235294118,0.7168396770472896,0.7321428571428571,0.5833333333333334,51,0.6721311475409836,0.803921568627451,85,0.4117647058823529,0.28510744310236497,89
absurd-sweep-2367,3ghup49b,54014,0.1,VJEPA2,mean,0.9,5,0.42380031325378686,4,AdamW,reduce,8,resting_face,256,256,148,-1,True,False,0.00020542243526191592,no,86,148,1770509111.7541492,0.7721518987341772,0.8413978494623656,0.82,0.5249699950218201,0.6941176470588235,0.7456747404844289,0.7592592592592593,0.6428571428571429,51,0.7192982456140351,0.803921568627451,85,0.5294117647058824,0.34103391827384005,86
amber-sweep-1761,a6yjo68x,79101,0.1,VideoPrism,mean,0.9,4,0.4059966797451301,4,AdamW,reduce,6,resting_face,256,768,79,-1,True,False,9.992825925553585e-05,no,35,79,1770456315.405532,0.7974683544303798,0.8413978494623656,0.8333333333333334,0.5555218458175659,0.611764705882353,0.6378316032295271,0.6972477064220184,0.5185185185185185,51,0.6551724137931034,0.7450980392156863,85,0.4117647058823529,0.5637360273425628,35
celestial-sweep-1043,h9a9olsw,11358,0.1,VJEPA2,mean,0.9,4,0.35077840910949154,4,AdamW,step,10,resting_face,256,768,117,-1,True,False,0.0001162808045284778,no,73,117,1770393464.7594488,0.7215189873417721,0.8413978494623655,0.8070175438596491,0.547791063785553,0.6470588235294118,0.7433679354094579,0.75,0.625,51,0.6521739130434783,0.8823529411764706,85,0.29411764705882354,0.48444500398954526,73
astral-sweep-218,dudybhqs,48522,0.1,VJEPA2,mean,0.9,4,0.28546834162132595,4,AdamW,reduce,3,resting_face,256,256,138,-1,True,False,0.00015792499481999498,no,92,138,1770320610.2000604,0.7088607594936709,0.8407258064516129,0.7628865979381443,0.5402035713195801,0.6588235294117647,0.7468281430219146,0.7339449541284404,0.5925925925925926,51,0.6896551724137931,0.7843137254901961,85,0.4705882352941176,0.35127627241220394,92
lucky-sweep-1237,yvnbulgx,87292,0.1,VideoPrism,mean,0.9,4,0.4092554907077474,4,AdamW,reduce,5,resting_face,256,256,189,-1,True,False,7.57651190264307e-05,no,74,189,1770410328.2054532,0.6329113924050633,0.8407258064516129,0.768,0.5612804889678955,0.6235294117647059,0.6268742791234141,0.746031746031746,0.6,51,0.6266666666666667,0.9215686274509804,85,0.17647058823529413,0.594958302051512,74
chocolate-sweep-3361,ere0o82i,78646,0.1,VideoPrism,mean,0.9,5,0.4835644918167634,4,AdamW,reduce,6,resting_face,256,1024,157,-1,True,False,4.656246191743962e-05,no,62,157,1770595102.0916414,0.7721518987341772,0.8400537634408602,0.8125,0.5776628851890564,0.6,0.6407151095732412,0.6851851851851852,0.5,51,0.6491228070175439,0.7254901960784313,85,0.4117647058823529,0.5777724416178299,62
comfy-sweep-3460,erb4b2kv,79504,0.1,VJEPA2,mean,0.9,4,0.29073704731987526,4,AdamW,reduce,5,resting_face,256,256,163,-1,True,False,5.044041654978346e-05,no,91,163,1770603567.2585042,0.7468354430379747,0.8400537634408602,0.8113207547169812,0.5857693552970886,0.6588235294117647,0.7445213379469435,0.7521367521367521,0.631578947368421,51,0.6666666666666666,0.8627450980392157,85,0.35294117647058826,0.5612237654074139,91
balmy-sweep-2136,9rvx28vy,58242,0.1,VJEPA2,mean,0.9,5,0.19488754909921369,4,AdamW,reduce,4,resting_face,256,1024,151,-1,True,False,0.0013148071124363262,no,80,151,1770489350.5496442,0.7468354430379747,0.8400537634408602,0.803921568627451,0.4939684569835663,0.6,0.6663783160322952,0.6851851851851852,0.5,51,0.6491228070175439,0.7254901960784313,85,0.4117647058823529,0.17164124072249864,80
balmy-sweep-3082,az8qczrn,58474,0.1,VideoPrism,mean,0.9,3,0.2793111360344849,4,AdamW,reduce,8,resting_face,256,512,137,-1,True,False,0.0008356226335649027,no,43,137,1770571393.721871,0.810126582278481,0.8400537634408602,0.845360824742268,0.496137410402298,0.6,0.6666666666666665,0.6909090909090909,0.5,51,0.6440677966101694,0.7450980392156863,85,0.38235294117647056,0.35541973319646103,43
dry-sweep-2882,slhrrhnx,44731,0.1,VideoPrism,mean,0.9,5,0.27129686118981217,4,AdamW,reduce,7,reverse_count,256,1024,108,-1,True,False,0.0017723127680026286,no,26,108,1770493119.77731,0.7638376383763837,0.8385623272027889,0.6666666666666666,0.508422889832641,0.7258064516129032,0.7815144932963822,0.5526315789473685,0.7885714285714286,79,0.5753424657534246,0.5316455696202531,248,0.8165680473372781,0.24357152179795868,26
winter-sweep-3354,e1d1psou,5267,0.1,VideoPrism,mean,0.9,3,0.4971787315202709,4,AdamW,reduce,10,reverse_count,256,256,136,-1,True,False,0.0013462370293364822,no,35,136,1770523890.4161882,0.7822878228782287,0.8376006731578314,0.694300518134715,0.5625083499289086,0.717741935483871,0.7763463410980451,0.5454545454545454,0.7861271676300579,79,0.56,0.5316455696202531,248,0.8047337278106509,0.22330636826096747,35
exalted-sweep-4977,1v3f5gg6,65467,0.1,VideoPrism,mean,0.9,5,0.20669039349087007,4,AdamW,reduce,5,reverse_count,256,1024,164,-1,True,False,0.001927807758815754,no,40,164,1770629612.4262946,0.7675276752767528,0.8365188123572544,0.6701570680628273,0.5485172973347766,0.7298387096774194,0.7933862632012584,0.5620915032679739,0.7931034482758621,79,0.581081081081081,0.5443037974683544,248,0.8165680473372781,0.22637598551049523,40
clean-sweep-1631,esxf9r49,91893,0.1,VideoPrism,mean,0.9,5,0.3084067774486024,4,AdamW,reduce,10,reverse_count,256,768,192,-1,True,False,0.000889955909881039,no,45,192,1770410672.383814,0.7712177121771218,0.8361882437793003,0.6770833333333334,0.5159162832802072,0.7419354838709677,0.7879559583551794,0.5789473684210527,0.8,79,0.6027397260273972,0.5569620253164557,248,0.8284023668639053,0.23674293203013283,45
faithful-sweep-1185,zhjb4d1o,58216,0.1,VideoPrism,mean,0.9,5,0.4534718140873911,4,AdamW,step,5,reverse_count,256,1024,200,-1,True,False,0.0004196424680814533,no,52,200,1770381723.9974349,0.7749077490774908,0.8354369515566774,0.6871794871794872,0.5718366118814673,0.717741935483871,0.7795670736274436,0.5569620253164557,0.7928994082840237,79,0.5569620253164557,0.5569620253164557,248,0.7928994082840237,0.2911924247839013,52
rural-sweep-4379,0f10e7s1,6810,0.1,VideoPrism,mean,0.9,3,0.22186925977595745,4,AdamW,step,8,reverse_count,256,1024,179,-1,True,False,0.0002273803302560654,no,50,179,1770590720.0283113,0.34686346863468637,0.8346556076451497,0.5150684931506849,0.701149515340249,0.3185483870967742,0.7860834394427384,0.4831804281345566,0.0,79,0.3185483870967742,1.0,248,0.0,0.4773466487320102,50
worldly-sweep-2710,pls1yt0x,7238,0.1,VideoPrism,mean,0.9,5,0.21764213114907488,4,AdamW,reduce,6,reverse_count,256,1024,158,-1,True,False,0.0007073401256558068,no,30,158,1770481797.9540792,0.7564575645756457,0.8332732299555234,0.6597938144329897,0.5317318307517639,0.7056451612903226,0.7791925698449554,0.5408805031446541,0.7857142857142857,79,0.5375,0.5443037974683544,248,0.7810650887573964,0.2751752695258783,30
vocal-sweep-2431,kncnpx81,45001,0.1,VideoPrism,mean,0.9,5,0.40110797073151905,4,AdamW,reduce,4,reverse_count,256,1024,134,-1,True,False,0.0005720279201909756,no,29,134,1770463686.5038393,0.7638376383763837,0.8329126096886645,0.7037037037037037,0.6755544301328624,0.7096774193548387,0.7756347839113175,0.5813953488372093,0.8129032258064516,79,0.5376344086021505,0.6329113924050633,248,0.7455621301775148,0.435171889285652,29
olive-sweep-4878,ezc2v24e,67999,0.1,VideoPrism,mean,0.9,4,0.4176414214379375,4,AdamW,step,9,reverse_count,256,1024,156,-1,True,False,0.0006375803441610692,no,52,156,1770623170.738301,0.7601476014760148,0.8326721961774253,0.6889952153110048,0.616813212303218,0.7016129032258065,0.7796794247621902,0.5595238095238095,0.7987421383647799,79,0.5280898876404494,0.5949367088607594,248,0.7514792899408284,0.3547055502327121,52
misty-sweep-3622,r7nccqh5,7354,0.1,VideoPrism,mean,0.9,5,0.19821582662617196,4,AdamW,reduce,8,reverse_count,256,1024,118,-1,True,False,0.0011402457497985006,no,36,118,1770541406.1214876,0.7601476014760148,0.8324918860439956,0.6596858638743456,0.5817429902808693,0.717741935483871,0.7793798217361995,0.5333333333333333,0.7796610169491526,79,0.5633802816901409,0.5063291139240507,248,0.8165680473372781,0.33756004535422035,36
bumbling-sweep-3035,lkn0wgyw,76424,0.1,VideoPrism,mean,0.9,4,0.3404941945990303,4,AdamW,reduce,9,reverse_count,256,1024,178,-1,True,False,0.00058719130254039,no,47,178,1770503230.4262974,0.7490774907749077,0.8320110590215171,0.66,0.5714074606385178,0.7056451612903226,0.7764212418545426,0.5521472392638037,0.7926829268292683,79,0.5357142857142857,0.569620253164557,248,0.7692307692307693,0.29498157878311315,47
genial-sweep-2766,deallr3c,11508,0.1,VideoPrism,mean,0.9,5,0.21497401379345504,4,AdamW,reduce,7,reverse_count,256,1024,184,-1,True,False,0.0005527958752937433,no,44,184,1770485431.7103658,0.7859778597785978,0.8320110590215171,0.6847826086956522,0.5241798542962303,0.7298387096774194,0.7830125084263351,0.5503355704697986,0.7865168539325843,79,0.5857142857142857,0.5189873417721519,248,0.8284023668639053,0.24375063053199225,44
clear-sweep-133,6kllvoze,61351,0.1,VideoPrism,mean,0.9,5,0.3694361613123672,4,AdamW,step,5,reverse_count,256,512,182,-1,True,False,0.0010633035287613828,no,46,182,1770311005.0735383,0.7638376383763837,0.8318608005769924,0.6666666666666666,0.5196563128615658,0.7298387096774194,0.7800913789229271,0.5620915032679739,0.7931034482758621,79,0.581081081081081,0.5443037974683544,248,0.8165680473372781,0.23055494008015617,46
sleek-sweep-1127,tu06az6m,48896,0.1,VideoPrism,mean,0.9,3,0.17058359896992542,4,AdamW,reduce,7,reverse_count,256,256,160,-1,True,False,0.0020004804896733863,no,37,160,1770378065.3843892,0.7638376383763837,0.8315302319990384,0.6831683168316832,0.5913592708946595,0.7137096774193549,0.7735750131076323,0.5590062111801242,0.7951807228915663,79,0.5487804878048781,0.569620253164557,248,0.7810650887573964,0.27614915115492683,37
frosty-sweep-2976,0i8suvld,89775,0.1,VideoPrism,mean,0.9,5,0.49062046132202575,4,AdamW,reduce,7,reverse_count,256,1024,168,-1,True,False,0.0005452314951403497,no,45,168,1770499286.1145158,0.7601476014760148,0.8308991465320351,0.6700507614213198,0.5274196830182938,0.7338709677419355,0.7865328439817242,0.5769230769230769,0.8011695906432749,79,0.5844155844155844,0.569620253164557,248,0.8106508875739645,0.2604161039907105,45
kind-sweep-687,15eac9kb,36382,0.1,VJEPA2_SSV2,mean,0.9,5,0.3401742283687733,4,AdamW,reduce,10,reverse_count,256,1024,124,-1,True,False,0.00012692563141562856,no,53,124,1770349642.0951478,0.7396226415094339,0.830770192548137,0.6532663316582915,0.6052541035526203,0.7479674796747967,0.8003534926611849,0.6309523809523809,0.8451612903225807,77,0.5824175824175825,0.6883116883116883,246,0.7751479289940828,0.40941556692123415,53
kind-sweep-5052,s2i1ffnz,95240,0.1,VJEPA2_SSV2,mean,0.9,5,0.14155421278464644,4,AdamW,reduce,4,reverse_count,256,768,172,-1,True,False,0.0003444199553158851,no,54,172,1770634456.5330908,0.7660377358490567,0.8306451612903225,0.6593406593406593,0.5355774934561748,0.7479674796747967,0.801583032352263,0.6025641025641025,0.8203592814371258,77,0.5949367088607594,0.6103896103896104,246,0.8106508875739645,0.28206995328267415,54
curious-sweep-1608,fy39s4tq,2880,0.1,VideoPrism,mean,0.9,5,0.232440355897168,4,AdamW,reduce,5,reverse_count,256,768,137,-1,True,False,0.002290664896274374,no,38,137,1770409034.2430692,0.7601476014760148,0.8304784228873662,0.6596858638743456,0.5450836356275636,0.7258064516129032,0.7957830874091828,0.5466666666666666,0.7853107344632768,79,0.5774647887323944,0.5189873417721519,248,0.8224852071005917,0.2542420710836138,38
polar-sweep-3733,jjnw35ch,12690,0.1,VideoPrism,mean,0.9,4,0.2454252494859297,4,AdamW,reduce,6,reverse_count,256,1024,179,-1,True,False,0.0009242019981171378,no,35,179,1770548505.8565905,0.7638376383763837,0.8304183195095565,0.6923076923076923,0.6718374536926016,0.7217741935483871,0.7794172721144483,0.5766871165644172,0.8048780487804879,79,0.5595238095238095,0.5949367088607594,248,0.7810650887573964,0.3425969178579292,35
sparkling-sweep-709,0ba4g5rv,55056,0.1,VideoPrism,mean,0.9,5,0.38648117825592854,4,AdamW,reduce,7,reverse_count,256,256,173,-1,True,False,0.0015169981681178158,no,37,173,1770351138.3334668,0.7675276752767528,0.8300877509316026,0.6834170854271356,0.5654861575123129,0.7137096774193549,0.7822260504831099,0.5696969696969697,0.8024691358024691,79,0.5465116279069767,0.5949367088607594,248,0.7692307692307693,0.2628842073435686,37
wise-sweep-2336,g5o7a10c,26724,0.1,VJEPA2_SSV2,mean,0.9,5,0.42048952605227,4,AdamW,reduce,6,reverse_count,256,768,193,-1,True,False,0.0003716575010321047,no,62,193,1770457311.8974392,0.7547169811320755,0.830051262815704,0.6596858638743456,0.5634161210285042,0.7642276422764228,0.8118804272650428,0.6282051282051282,0.8323353293413174,77,0.620253164556962,0.6363636363636364,246,0.8224852071005917,0.32594548861185707,62
ethereal-sweep-3988,54dtki5s,41525,0.1,VJEPA2_SSV2,mean,0.9,4,0.1743273663768116,4,AdamW,reduce,9,reverse_count,256,512,169,-1,True,False,0.00020492364094519089,no,56,169,1770564943.5313108,0.7622641509433963,0.8298637159289822,0.6594594594594595,0.5369712614788199,0.7723577235772358,0.8005840313532622,0.631578947368421,0.8304093567251462,77,0.64,0.6233766233766234,246,0.8402366863905325,0.3077759106953939,56
sage-sweep-2800,zabtn01f,88725,0.1,VideoPrism,mean,0.9,4,0.3838022115948234,4,AdamW,reduce,10,reverse_count,256,768,133,-1,True,False,0.0011795253816389492,no,29,133,1770487586.230353,0.7712177121771218,0.8297872340425532,0.6804123711340206,0.5099652433747295,0.75,0.7918133473148078,0.6025641025641025,0.8128654970760234,79,0.6103896103896104,0.5949367088607594,248,0.8224852071005917,0.18646548214007397,29
electric-sweep-2748,8lzh4sf6,64567,0.1,VideoPrism,mean,0.9,4,0.49252789022049515,4,AdamW,reduce,9,reverse_count,256,512,183,-1,True,False,0.0013871168913312173,no,44,183,1770484221.333531,0.7785977859778598,0.8296670272869335,0.6907216494845361,0.5264975496763673,0.7419354838709677,0.7879559583551794,0.5789473684210527,0.8,79,0.6027397260273972,0.5569620253164557,248,0.8284023668639053,0.2088057255866576,44
graceful-sweep-261,5a40u5qd,53753,0.1,VJEPA2_SSV2,mean,0.9,5,0.4303414722434043,4,AdamW,reduce,10,reverse_count,256,768,199,-1,True,False,0.00015102631632104462,no,71,199,1770320201.658716,0.7660377358490567,0.8295823955988998,0.6702127659574468,0.5535900130586804,0.7601626016260162,0.7985091831245676,0.6242038216560509,0.8313253012048193,77,0.6125,0.6363636363636364,246,0.8165680473372781,0.3454456885655721,71
lilac-sweep-4967,wfdfo259,49113,0.1,VideoPrism,mean,0.9,5,0.4894670495953978,4,AdamW,reduce,4,reverse_count,256,512,181,-1,True,False,0.0035153026511636188,no,36,181,1770628975.9365604,0.7564575645756457,0.8295468205313139,0.648936170212766,0.5485432640652815,0.7217741935483871,0.7944723241704741,0.543046357615894,0.7840909090909091,79,0.5694444444444444,0.5189873417721519,248,0.8165680473372781,0.2743372883115496,36
genial-sweep-1850,02ilmh3w,59951,0.1,VideoPrism,mean,0.9,4,0.46480573584006546,4,AdamW,reduce,8,reverse_count,256,512,142,-1,True,False,0.0004852663997506567,no,28,142,1770425068.2117114,0.7749077490774908,0.829486717153504,0.7136150234741784,0.6463896770758822,0.7096774193548387,0.778855516440716,0.5662650602409639,0.8012422360248447,79,0.5402298850574713,0.5949367088607594,248,0.7633136094674556,0.42650785263703794,28
hardy-sweep-2440,ellzk86r,67326,0.1,VideoPrism,mean,0.9,5,0.26414003463417,4,AdamW,reduce,4,reverse_count,256,1024,162,-1,True,False,0.00044933968361318384,no,38,162,1770464278.8125968,0.7601476014760148,0.8293665103978843,0.6632124352331606,0.5418896771884932,0.7217741935483871,0.777619653958505,0.5490196078431373,0.7873563218390804,79,0.5675675675675675,0.5316455696202531,248,0.8106508875739645,0.30119647432346736,38
driven-sweep-2801,zjrwyw23,20868,0.1,VJEPA2_SSV2,mean,0.9,5,0.4622298569096809,4,AdamW,reduce,4,reverse_count,256,768,197,-1,True,False,0.0002140886771481632,no,69,197,1770487667.9536672,0.7433962264150943,0.8293635908977245,0.66,0.6327267635543391,0.7154471544715447,0.7995081841235687,0.6067415730337079,0.8413793103448276,77,0.5346534653465347,0.7012987012987013,246,0.7218934911242604,0.4152417759100596,69
rural-sweep-3345,qjjfokd0,61045,0.1,VideoPrism,mean,0.9,5,0.4780201348130172,4,AdamW,reduce,5,reverse_count,256,256,131,-1,True,False,0.0008752588590690301,no,39,131,1770523290.5087142,0.7638376383763837,0.8293064070200745,0.6631578947368421,0.5403826005784348,0.7096774193548387,0.7801662796794248,0.5263157894736842,0.7771428571428571,79,0.547945205479452,0.5063291139240507,248,0.8047337278106509,0.3033222983078081,39
eager-sweep-1717,7kp4xw6o,21668,0.1,VideoPrism,mean,0.9,4,0.4828287558207811,4,AdamW,reduce,4,reverse_count,256,1024,138,-1,True,False,0.0009081254810731108,no,40,138,1770416397.4676597,0.7675276752767528,0.8292162519533597,0.6631016042780749,0.5218789957986106,0.7217741935483871,0.7881432102464235,0.543046357615894,0.7840909090909091,79,0.5694444444444444,0.5189873417721519,248,0.8165680473372781,0.24713277220726013,40
playful-sweep-3011,qkgoooag,88468,0.1,VideoPrism,mean,0.9,5,0.29457196609328373,4,AdamW,reduce,4,reverse_count,256,768,187,-1,True,False,0.0007137111200982892,no,46,187,1770501689.639737,0.7601476014760148,0.8288255799975959,0.6700507614213198,0.5413774119971863,0.7258064516129032,0.7816268444311287,0.5641025641025641,0.7953216374269005,79,0.5714285714285714,0.5569620253164557,248,0.8047337278106509,0.26070068490748505,46
comfy-sweep-4511,ozyzssiv,32292,0.1,VJEPA2_SSV2,mean,0.9,4,0.478556340250031,4,AdamW,reduce,6,reverse_count,256,512,184,-1,True,False,0.0002454518487396846,no,64,184,1770599357.6981778,0.7660377358490567,0.8288009502375594,0.6702127659574468,0.5511724638489057,0.7723577235772358,0.8071159609621148,0.6363636363636364,0.834319526627219,77,0.6363636363636364,0.6363636363636364,246,0.834319526627219,0.2971516410509745,64
generous-sweep-4951,5u8npwbk,48817,0.1,VJEPA2_SSV2,mean,0.9,4,0.11209233247918492,4,AdamW,reduce,8,reverse_count,256,1024,141,-1,True,False,7.72184501392591e-05,no,58,141,1770627928.0065985,0.7471698113207547,0.8287071767941987,0.6564102564102564,0.5798595431840645,0.7601626016260162,0.8002766464304926,0.6380368098159509,0.84375,77,0.6046511627906976,0.6753246753246753,246,0.7988165680473372,0.4089231848716736,58
eager-sweep-1191,zlvawfqq,67795,0.1,VideoPrism,mean,0.9,4,0.29665998386713976,4,AdamW,reduce,6,reverse_count,256,512,167,-1,True,False,0.0002469464814066046,no,35,167,1770382127.1129794,0.7601476014760148,0.8286452698641664,0.7031963470319634,0.6386095061073443,0.717741935483871,0.7857089356602501,0.5833333333333334,0.8113207547169812,79,0.550561797752809,0.620253164556962,248,0.7633136094674556,0.4277572856873882,35
icy-sweep-1097,j964iueb,53924,0.1,VJEPA2_SSV2,mean,0.9,4,0.3454195412333182,4,AdamW,reduce,7,reverse_count,256,1024,181,-1,True,False,0.0006015289368383506,no,58,181,1770376253.0605862,0.7622641509433963,0.8284883720930232,0.6519337016574586,0.5410678433922101,0.7560975609756098,0.7998924152770307,0.5945945945945946,0.8114285714285714,77,0.6197183098591549,0.5714285714285714,246,0.8402366863905325,0.2743375102678935,58
summer-sweep-1803,3ejoeykw,80029,0.1,VJEPA2_SSV2,mean,0.9,4,0.3571968107602692,4,AdamW,reduce,6,reverse_count,256,1024,199,-1,True,False,0.00021735605955176503,no,63,199,1770421960.5974138,0.7547169811320755,0.8277694423605901,0.6632124352331606,0.6009606349018385,0.7520325203252033,0.7966648735879506,0.6257668711656442,0.8375,77,0.5930232558139535,0.6623376623376623,246,0.7928994082840237,0.38620302081108093,63
peachy-sweep-386,2yiqfx2p,74276,0.1,VJEPA2_SSV2,mean,0.9,5,0.4705950557592023,4,AdamW,step,9,reverse_count,256,1024,150,-1,True,False,0.00011721974635940312,no,57,150,1770329180.0107489,0.7509433962264151,0.8276444111027758,0.65625,0.5574315698641651,0.7642276422764228,0.8041958041958042,0.6282051282051282,0.8323353293413174,77,0.620253164556962,0.6363636363636364,246,0.8224852071005917,0.3752116362253825,57
skilled-sweep-2007,ew0gtr3u,8262,0.1,VJEPA2_SSV2,mean,0.9,4,0.33297126634730456,4,AdamW,step,7,reverse_count,256,1024,200,-1,True,False,4.84712659362327e-05,no,73,200,1770435627.2807405,0.35094339622641507,0.8276444111027756,0.5195530726256983,0.6948131428574617,0.3130081300813008,0.7868285560593252,0.47678018575851394,0.0,77,0.3130081300813008,1.0,246,0.0,0.4986222465833029,73
swept-sweep-3617,1dreg420,60693,0.1,VJEPA2_SSV2,mean,0.9,5,0.48887511948356865,4,AdamW,reduce,6,reverse_count,256,1024,154,-1,True,False,0.00018910609140234284,no,54,154,1770541091.271669,0.7584905660377359,0.827613153288322,0.6559139784946236,0.5610274320503451,0.7560975609756098,0.8003919157765311,0.6153846153846154,0.8263473053892215,77,0.6075949367088608,0.6233766233766234,246,0.8165680473372781,0.3916212519009908,54
legendary-sweep-1575,1v2m8yt2,5704,0.1,VJEPA2_SSV2,mean,0.9,5,0.29549667557496107,4,AdamW,reduce,8,reverse_count,256,1024,193,-1,True,False,0.000316876037025109,no,59,193,1770406911.7084298,0.7584905660377359,0.8274881220305077,0.6483516483516484,0.5312576850630203,0.7682926829268293,0.8074617690002306,0.632258064516129,0.8333333333333334,77,0.6282051282051282,0.6363636363636364,246,0.8284023668639053,0.27706172068913776,59
neat-sweep-4407,f5cz4knk,84491,0.1,VideoPrism,mean,0.9,3,0.1394076358358084,4,AdamW,reduce,8,reverse_count,256,512,150,-1,True,False,0.006835011667789513,no,34,150,1770592581.1416123,0.7785977859778598,0.8273530472412549,0.6938775510204082,0.5067651724903346,0.7258064516129032,0.7948842783312112,0.5584415584415584,0.791907514450867,79,0.5733333333333334,0.5443037974683544,248,0.8106508875739645,0.2381912786741646,34
electric-sweep-1799,ja68bw7j,22567,0.1,VJEPA2_SSV2,mean,0.9,5,0.42831812880753417,4,AdamW,reduce,5,reverse_count,256,512,199,-1,True,False,0.00010411205267608404,no,67,199,1770421693.5659597,0.7396226415094339,0.8272068017004253,0.649746192893401,0.6035421468176931,0.7520325203252033,0.7982017982017982,0.6257668711656442,0.8375,77,0.5930232558139535,0.6623376623376623,246,0.7928994082840237,0.4216575801372528,67
iconic-sweep-4519,8g1825vb,78830,0.1,VJEPA2_SSV2,mean,0.9,4,0.22179767103954853,4,AdamW,step,8,reverse_count,256,1024,183,-1,True,False,0.00015548281362365234,no,65,183,1770599826.5991976,0.7547169811320755,0.827206801700425,0.6524064171122995,0.5444692698289764,0.7520325203252033,0.8058479981556904,0.6013071895424836,0.8176470588235294,77,0.6052631578947368,0.5974025974025974,246,0.8224852071005917,0.3729243536790212,65
comfy-sweep-3929,3au9dgi1,18130,0.1,VJEPA2_SSV2,mean,0.9,5,0.15495551440997957,4,AdamW,step,5,reverse_count,256,1024,173,-1,True,False,9.847400412716288e-05,no,55,173,1770561084.3645215,0.7509433962264151,0.827206801700425,0.6526315789473685,0.5665177370017429,0.7601626016260162,0.8060401137324215,0.6143790849673203,0.8235294117647058,77,0.618421052631579,0.6103896103896104,246,0.8284023668639053,0.4198843916257223,55
effortless-sweep-3986,zx4z6emk,52440,0.1,VJEPA2_SSV2,mean,0.9,5,0.14857813977380438,4,AdamW,reduce,7,reverse_count,256,1024,188,-1,True,False,8.296270688067148e-05,no,49,188,1770564797.9294133,0.7433962264150943,0.8271130282570642,0.66,0.624948997879928,0.7479674796747967,0.8002766464304927,0.6395348837209303,0.8543046357615894,77,0.5789473684210527,0.7142857142857143,246,0.7633136094674556,0.46553968588511146,49
atomic-sweep-2827,wvnh2mwu,3953,0.1,VideoPrism,mean,0.9,5,0.4419507843428645,4,AdamW,reduce,5,reverse_count,256,768,95,-1,True,False,0.0006815746949759057,no,25,95,1770489439.1514845,0.7564575645756457,0.8270525303522057,0.6526315789473685,0.5515186637090141,0.7137096774193549,0.7747734252115945,0.5234899328859061,0.7752808988764045,79,0.5571428571428572,0.4936708860759494,248,0.8165680473372781,0.34693292780798307,25
spring-sweep-4660,eesm0uq0,89596,0.1,VJEPA2_SSV2,mean,0.9,4,0.2822562690332271,4,AdamW,reduce,10,reverse_count,256,768,151,-1,True,False,0.0001553326906787994,no,59,151,1770608830.4728208,0.7547169811320755,0.827050512628157,0.6632124352331606,0.5853098200177247,0.7479674796747967,0.7985860293552601,0.6219512195121951,0.8364779874213837,77,0.5862068965517241,0.6623376623376623,246,0.7869822485207101,0.385393629471461,59
dandy-sweep-3040,o1p5ah8b,68680,0.1,VJEPA2_SSV2,mean,0.9,4,0.2526925278551343,4,AdamW,reduce,3,reverse_count,256,768,199,-1,True,False,0.00021812404135255388,no,77,199,1770503552.652621,0.7584905660377359,0.8269567391847962,0.6767676767676768,0.61178457455815,0.7439024390243902,0.7955121801275647,0.631578947368421,0.8486842105263158,77,0.574468085106383,0.7012987012987013,246,0.7633136094674556,0.4179101566473643,77
sleek-sweep-4489,sit2ldo9,59504,0.1,VideoPrism,mean,0.9,4,0.2406699997272037,4,AdamW,reduce,10,reverse_count,256,768,60,-1,True,False,0.0009539515189454582,no,15,60,1770597949.3207955,0.7490774907749077,0.8269323235965861,0.6792452830188679,0.5899645046114481,0.7217741935483871,0.7791176690884577,0.5714285714285714,0.8012048192771084,79,0.5609756097560976,0.5822784810126582,248,0.7869822485207101,0.45311573123445315,15
elated-sweep-1926,odgstn5k,47043,0.1,VideoPrism,mean,0.9,4,0.268311578026427,4,AdamW,reduce,7,reverse_count,256,768,175,-1,True,False,0.0003284123153715668,no,43,175,1770430218.9031086,0.7712177121771218,0.8269022719076812,0.69,0.5429945761867115,0.7258064516129032,0.7785184630364768,0.5641025641025641,0.7953216374269005,79,0.5714285714285714,0.5569620253164557,248,0.8047337278106509,0.3437864804754452,43
stoic-sweep-4761,jxj7gjh1,12363,0.1,VideoPrism,mean,0.9,4,0.4177617851683417,4,AdamW,reduce,10,reverse_count,256,1024,196,-1,True,False,0.0001676977493121976,no,27,196,1770615518.5488956,0.7749077490774908,0.8269022719076812,0.7024390243902439,0.5636800800302372,0.7217741935483871,0.7827878061568422,0.5660377358490566,0.7976190476190477,79,0.5625,0.569620253164557,248,0.7928994082840237,0.376015390182028,27
fanciful-sweep-1778,mzuync15,32787,0.1,VJEPA2_SSV2,mean,0.9,4,0.25993094880684764,4,AdamW,reduce,7,reverse_count,256,512,200,-1,True,False,0.0003390300621495753,no,67,200,1770420359.4242697,0.7547169811320755,0.8268317079269819,0.6486486486486487,0.5338769945333589,0.7439024390243902,0.7980096826250672,0.5882352941176471,0.8117647058823529,77,0.5921052631578947,0.5844155844155844,246,0.8165680473372781,0.292270823319753,67
lyric-sweep-837,tfsf3tlm,29815,0.1,VideoPrism,mean,0.9,4,0.295863793467827,4,AdamW,reduce,6,reverse_count,256,768,151,-1,True,False,0.0002415451091403705,no,46,151,1770359420.7558177,0.7601476014760148,0.8267820651520615,0.6766169154228856,0.5543168747996932,0.717741935483871,0.7848850273387762,0.5454545454545454,0.7861271676300579,79,0.56,0.5316455696202531,248,0.8047337278106509,0.3607427830598792,46
fiery-sweep-865,94rvvvzt,75838,0.1,VideoPrism,mean,0.9,5,0.10630423022923062,4,AdamW,reduce,8,reverse_count,256,512,168,-1,True,False,0.0004823851851212097,no,43,168,1770361259.051402,0.7564575645756457,0.8266919100853469,0.6886792452830188,0.6129771226886453,0.7096774193548387,0.7785184630364766,0.5714285714285714,0.8050314465408805,79,0.5393258426966292,0.6075949367088608,248,0.757396449704142,0.39132053766931807,43
pious-sweep-2715,r4h1l9dt,13319,0.1,VJEPA2_SSV2,mean,0.9,3,0.42732247232353393,4,AdamW,reduce,8,reverse_count,256,768,156,-1,True,False,0.00017218642538012076,no,50,156,1770482110.50036,0.7584905660377359,0.8266129032258064,0.6666666666666666,0.5862884099753398,0.7560975609756098,0.7974333358948743,0.6296296296296297,0.8385093167701864,77,0.6,0.6623376623376623,246,0.7988165680473372,0.40799457430839536,50
golden-sweep-2140,oj6zr65c,47127,0.1,VJEPA2_SSV2,mean,0.9,5,0.44375263607549176,4,AdamW,reduce,8,reverse_count,256,1024,156,-1,True,False,9.54910666222937e-05,no,60,156,1770444530.1215825,0.7433962264150943,0.8266129032258064,0.6761904761904762,0.6364487171173095,0.7398373983739838,0.7985091831245678,0.632183908045977,0.8523489932885906,77,0.5670103092783505,0.7142857142857143,246,0.7514792899408284,0.4928352197011312,60
colorful-sweep-4355,c0s6rlwy,63677,0.1,VJEPA2_SSV2,mean,0.9,4,0.324382230188209,4,AdamW,reduce,7,reverse_count,256,1024,189,-1,True,False,0.00019432209459142996,no,61,189,1770589204.5593443,0.7396226415094339,0.8266129032258064,0.6567164179104478,0.635522945309585,0.7276422764227642,0.8039268423883807,0.6338797814207651,0.8642857142857143,77,0.5471698113207547,0.7532467532467533,246,0.7159763313609467,0.4058786829312642,61
confused-sweep-4153,qlx0ekea,28981,0.1,VideoPrism,mean,0.9,4,0.24781258477750975,4,AdamW,reduce,7,reverse_count,256,512,181,-1,True,False,0.00040706887486128185,no,46,181,1770575886.462397,0.7601476014760148,0.8263012381295829,0.6666666666666666,0.5396514398585386,0.717741935483871,0.7775073028237586,0.5454545454545454,0.7861271676300579,79,0.56,0.5316455696202531,248,0.8047337278106509,0.28641312219658677,46
radiant-sweep-2932,ed4vz9cb,41663,0.1,VJEPA2_SSV2,mean,0.9,5,0.33230678269452607,4,AdamW,step,6,reverse_count,256,512,164,-1,True,False,0.0001372291831930644,no,50,164,1770496317.0807023,0.35094339622641507,0.8263003250812703,0.5195530726256983,0.6995949115393296,0.3130081300813008,0.788365480673173,0.47678018575851394,0.0,77,0.3130081300813008,1.0,246,0.0,0.4914296567440033,50
lyric-sweep-4792,ibc5h1n6,77982,0.1,VJEPA2_SSV2,mean,0.9,4,0.26516713916543067,4,AdamW,reduce,8,reverse_count,256,1024,171,-1,True,False,8.037319399191659e-05,no,61,171,1770617576.0224895,0.7584905660377359,0.8262065516379095,0.6595744680851063,0.5523040552184267,0.7520325203252033,0.8056558825789595,0.6064516129032258,0.8214285714285714,77,0.6025641025641025,0.6103896103896104,246,0.8165680473372781,0.3763039787610372,61
stellar-sweep-1276,7isn51wq,47261,0.1,VJEPA2_SSV2,mean,0.9,5,0.32019540753678477,4,AdamW,step,6,reverse_count,256,1024,151,-1,True,False,0.00026002501377734617,no,57,151,1770387761.2775824,0.7433962264150943,0.8262065516379095,0.6730769230769231,0.6549287835382066,0.7317073170731707,0.7941289479751019,0.648936170212766,0.8814814814814815,77,0.5495495495495496,0.7922077922077922,246,0.7041420118343196,0.4312945465246836,57
swift-sweep-3610,9dr41wpi,30977,0.1,VJEPA2_SSV2,mean,0.9,4,0.12435679711523188,4,AdamW,reduce,10,reverse_count,256,768,196,-1,True,False,0.00010249871214122276,no,67,196,1770540733.6039732,0.7471698113207547,0.8261440360090022,0.6699507389162561,0.6340894795813651,0.7357723577235772,0.7968185660493352,0.632768361581921,0.8561643835616438,77,0.56,0.7272727272727273,246,0.7396449704142012,0.47618350982666013,67
sunny-sweep-4859,h7e4pz6u,31477,0.1,VJEPA2_SSV2,mean,0.9,5,0.2728217139626402,4,AdamW,reduce,7,reverse_count,256,1024,180,-1,True,False,0.0012599678450330748,no,61,180,1770621943.1466055,0.769811320754717,0.8261127781945486,0.6432748538011696,0.5135566392034855,0.7642276422764228,0.797971259509721,0.5915492957746479,0.8066298342541437,77,0.6461538461538462,0.5454545454545454,246,0.863905325443787,0.23323132197062177,61
woven-sweep-5060,mbqywgiz,58960,0.1,VideoPrism,mean,0.9,5,0.16181042284906855,4,AdamW,reduce,7,reverse_count,256,1024,167,-1,True,False,0.0003450612530798401,no,28,167,1770634989.1715314,0.7564575645756457,0.8260608246183434,0.6944444444444444,0.669002066459163,0.7056451612903226,0.7716275934386938,0.562874251497006,0.8,79,0.5340909090909091,0.5949367088607594,248,0.757396449704142,0.4826491302373458,28
woven-sweep-4551,00iwalki,59150,0.1,VJEPA2_SSV2,mean,0.9,5,0.3861446084479965,4,AdamW,reduce,5,reverse_count,256,1024,195,-1,True,False,0.0003454684612825481,no,58,195,1770601872.1750095,0.7584905660377359,0.8260502625656415,0.6444444444444445,0.5243290842704054,0.7642276422764228,0.7991623760854529,0.618421052631579,0.8245614035087719,77,0.6266666666666667,0.6103896103896104,246,0.834319526627219,0.29560761054356893,58
icy-sweep-184,vnpay729,8087,0.1,VideoPrism,mean,0.9,4,0.48866399103021496,4,AdamW,step,9,reverse_count,256,256,164,-1,True,False,0.0007769179587832237,no,43,164,1770314603.689011,0.7564575645756457,0.8260007212405338,0.6632653061224489,0.5446600698456993,0.717741935483871,0.7788180660624672,0.5454545454545454,0.7861271676300579,79,0.56,0.5316455696202531,248,0.8047337278106509,0.2994349023517297,43
amber-sweep-1618,qkeskuou,62206,0.1,VJEPA2_SSV2,mean,0.9,5,0.18387854894497815,4,AdamW,reduce,7,reverse_count,256,768,185,-1,True,False,0.0001251389056808167,no,65,185,1770409723.7633572,0.7396226415094339,0.8258939734933733,0.676056338028169,0.6525953796674621,0.7195121951219512,0.7960885268577576,0.6387434554973822,0.8787878787878788,77,0.5350877192982456,0.7922077922077922,246,0.6863905325443787,0.46865023771921793,65
cerulean-sweep-3051,yu6vd51q,77363,0.1,VJEPA2_SSV2,mean,0.9,4,0.3028995962113472,4,AdamW,reduce,4,reverse_count,256,768,175,-1,True,False,7.445100314569269e-05,no,54,175,1770504267.9152226,0.7509433962264151,0.825768942235559,0.65625,0.5728392058948301,0.7723577235772358,0.8021978021978022,0.6363636363636364,0.834319526627219,77,0.6363636363636364,0.6363636363636364,246,0.834319526627219,0.40697741905848184,54
summer-sweep-180,m1v73lcw,81512,0.1,VJEPA2_SSV2,mean,0.9,5,0.2813152052924116,4,AdamW,reduce,9,reverse_count,256,1024,181,-1,True,False,0.0007832545773298866,no,64,181,1770314330.585173,0.7622641509433963,0.8257064266066516,0.6557377049180327,0.5297313771157894,0.7601626016260162,0.7972027972027971,0.609271523178808,0.8197674418604651,77,0.6216216216216216,0.5974025974025974,246,0.834319526627219,0.22990324099858603,64
cosmic-sweep-5288,zfatbi2o,26679,0.1,VideoPrism,mean,0.9,5,0.29030141870149695,4,AdamW,step,7,reverse_count,256,1024,124,-1,True,False,0.000679456381840239,no,30,124,1770650414.281603,0.7638376383763837,0.82554994590696,0.6631578947368421,0.5315422202388299,0.7096774193548387,0.7684068609092953,0.5135135135135135,0.770949720670391,79,0.5507246376811594,0.4810126582278481,248,0.8165680473372781,0.37347644239055866,30
hopeful-sweep-1730,ggweji4g,27791,0.1,VideoPrism,mean,0.9,4,0.4668704698592615,4,AdamW,reduce,9,reverse_count,256,256,194,-1,True,False,0.001385481031335096,no,44,194,1770417200.4666705,0.7638376383763837,0.825519894218055,0.6631578947368421,0.5184289276379941,0.717741935483871,0.7858587371732454,0.527027027027027,0.776536312849162,79,0.5652173913043478,0.4936708860759494,248,0.8224852071005917,0.2501742695059095,44
sage-sweep-1203,ylrwnkr5,95296,0.1,VJEPA2_SSV2,mean,0.9,5,0.3471412045158554,4,AdamW,reduce,7,reverse_count,256,1024,200,-1,True,False,0.00011596290881514782,no,58,200,1770382891.629625,0.7358490566037735,0.8253938484621155,0.6759259259259259,0.6533997423243972,0.7317073170731707,0.7956274494736033,0.648936170212766,0.8814814814814815,77,0.5495495495495496,0.7922077922077922,246,0.7041420118343196,0.4764050324757894,58
misty-sweep-766,cwv6spji,18899,0.1,VJEPA2_SSV2,mean,0.9,5,0.36490893572500704,4,AdamW,step,10,reverse_count,256,768,158,-1,True,False,0.0002523167913384823,no,50,158,1770354937.8112588,0.7471698113207547,0.8253000750187547,0.6564102564102564,0.5996984985639464,0.7560975609756098,0.800161377084454,0.6296296296296297,0.8385093167701864,77,0.6,0.6623376623376623,246,0.7988165680473372,0.370516715447108,50
fiery-sweep-4842,vq38yj8f,14223,0.1,VJEPA2_SSV2,mean,0.9,5,0.3804861403748053,4,AdamW,reduce,4,reverse_count,256,512,152,-1,True,False,0.0004312662259346841,no,41,152,1770620776.9090905,0.7584905660377359,0.8252375593898476,0.6631578947368421,0.5603051814268221,0.7682926829268293,0.7994313378928763,0.6415094339622641,0.8414634146341463,77,0.6219512195121951,0.6623376623376623,246,0.8165680473372781,0.30461782217025757,41
earnest-sweep-2720,ybzqm4l7,30116,0.1,VJEPA2_SSV2,mean,0.9,5,0.27933241139646237,4,AdamW,reduce,9,reverse_count,256,1024,185,-1,True,False,0.00031638082822606813,no,70,185,1770482427.6133714,0.7509433962264151,0.8252375593898474,0.6413043478260869,0.5267136408472961,0.7642276422764228,0.8072696534234997,0.6081081081081081,0.8171428571428572,77,0.6338028169014085,0.5844155844155844,246,0.8461538461538461,0.3065387944380442,70
silver-sweep-4337,vek6u01k,50153,0.1,VJEPA2_SSV2,mean,0.9,4,0.4296595837114031,4,AdamW,reduce,8,reverse_count,256,768,181,-1,True,False,0.00012752209626207042,no,58,181,1770587996.8619194,0.7509433962264151,0.8252063015753939,0.6451612903225806,0.5482865144621651,0.7642276422764228,0.8088834242680397,0.6081081081081081,0.8171428571428572,77,0.6338028169014085,0.5844155844155844,246,0.8461538461538461,0.3898252209027608,58
rare-sweep-2884,chp97uyw,18922,0.1,VideoPrism,mean,0.9,5,0.4874442539239394,4,AdamW,reduce,9,reverse_count,256,512,196,-1,True,False,0.0002532330914365612,no,29,196,1770493246.454898,0.7601476014760148,0.825159273951196,0.6859903381642513,0.5777914123781492,0.7298387096774194,0.7735750131076324,0.5786163522012578,0.8035714285714286,79,0.575,0.5822784810126582,248,0.7988165680473372,0.42119024797361726,29
summer-sweep-4892,unb4ffc6,32810,0.1,VJEPA2_SSV2,mean,0.9,3,0.3588096155685683,4,AdamW,reduce,4,reverse_count,256,1024,175,-1,True,False,0.00024621823576672654,no,56,175,1770624073.6861906,0.7509433962264151,0.8251437859464866,0.648936170212766,0.5530448447983219,0.7520325203252033,0.8032352263121494,0.6064516129032258,0.8214285714285714,77,0.6025641025641025,0.6103896103896104,246,0.8165680473372781,0.33157253861427305,56
skilled-sweep-3817,x35xpp5d,72363,0.1,VideoPrism,mean,0.9,5,0.15709837582847916,4,AdamW,reduce,9,reverse_count,256,1024,83,-1,True,False,0.0021163010276271828,no,17,83,1770553913.8742366,0.7638376383763837,0.825129222262291,0.6701030927835051,0.5369593107392427,0.7137096774193549,0.7903153321848551,0.5419354838709678,0.7848837209302325,79,0.5526315789473685,0.5316455696202531,248,0.7988165680473372,0.20983304381370543,17
swept-sweep-2958,u0j6rmcf,14929,0.1,VJEPA2_SSV2,mean,0.9,5,0.15249583258186583,4,AdamW,reduce,7,reverse_count,256,768,159,-1,True,False,0.000281624846268827,no,59,159,1770498064.1625657,0.7622641509433963,0.8250812703175795,0.6631016042780749,0.5370185919527738,0.7560975609756098,0.8091139629601168,0.6153846153846154,0.8263473053892215,77,0.6075949367088608,0.6233766233766234,246,0.8165680473372781,0.3039466102917989,59
ethereal-sweep-1620,g79x4d6w,32934,0.1,VJEPA2_SSV2,mean,0.9,4,0.4335452627532411,4,AdamW,reduce,5,reverse_count,256,512,189,-1,True,False,0.0013233814730161308,no,70,189,1770409877.366032,0.7584905660377359,0.8250812703175792,0.6559139784946236,0.5310021816559558,0.7804878048780488,0.8045800353492661,0.64,0.8323699421965318,77,0.6575342465753424,0.6233766233766234,246,0.8520710059171598,0.20564228693644207,70
jumping-sweep-4311,6zl3r50v,19735,0.1,VideoPrism,mean,0.9,4,0.297811813913171,4,AdamW,reduce,7,reverse_count,256,512,129,-1,True,False,0.002358093942116886,no,25,129,1770586178.8965552,0.7675276752767528,0.8250090155066715,0.6666666666666666,0.5547517958162456,0.7298387096774194,0.7890045689461462,0.5503355704697986,0.7865168539325843,79,0.5857142857142857,0.5189873417721519,248,0.8284023668639053,0.1990019203448782,25
ethereal-sweep-797,cdyblssv,88964,0.1,VJEPA2_SSV2,mean,0.9,5,0.1883511052627863,4,AdamW,step,9,reverse_count,256,512,199,-1,True,False,0.00011980716027108753,no,73,199,1770356945.6401758,0.7169811320754716,0.8249562390597649,0.6636771300448431,0.6624384071467058,0.7154471544715447,0.7939752555137171,0.65,0.902439024390244,77,0.5284552845528455,0.8441558441558441,246,0.6568047337278107,0.5032236536343893,73
ruby-sweep-2566,ropd2a4h,58823,0.1,VJEPA2_SSV2,mean,0.9,5,0.30306624557572803,4,AdamW,reduce,4,reverse_count,256,768,139,-1,True,False,0.0001907965645371795,no,55,139,1770472505.8997667,0.7358490566037735,0.8249249812453112,0.6788990825688074,0.6595653521564772,0.7276422764227642,0.7962806424344886,0.6455026455026455,0.8805970149253731,77,0.5446428571428571,0.7922077922077922,246,0.6982248520710059,0.4743034919102987,55
copper-sweep-986,rz4en0tl,86813,0.1,VJEPA2_SSV2,mean,0.9,5,0.4641662065554384,4,AdamW,reduce,9,reverse_count,256,768,111,-1,True,False,0.00011787922404682143,no,46,111,1770368957.3171363,0.35094339622641507,0.8249249812453112,0.5195530726256983,0.6876943376829039,0.3130081300813008,0.7891339429800968,0.47678018575851394,0.0,77,0.3130081300813008,1.0,246,0.0,0.5046177347501118,46
hearty-sweep-2404,syyg5w4a,24109,0.1,VideoPrism,mean,0.9,5,0.1928101787842076,4,AdamW,reduce,4,reverse_count,256,1024,142,-1,True,False,0.0008354944048399938,no,39,142,1770461959.408134,0.7564575645756457,0.8248888087510517,0.6597938144329897,0.552223567153255,0.717741935483871,0.7766459441240356,0.5454545454545454,0.7861271676300579,79,0.56,0.5316455696202531,248,0.8047337278106509,0.3054136660634255,39
rare-sweep-2436,q1a3tzgk,62630,0.1,VideoPrism,mean,0.9,5,0.12176692960459988,4,AdamW,reduce,8,reverse_count,256,1024,162,-1,True,False,0.00021834301509324563,no,42,162,1770464011.425251,0.7638376383763837,0.824798653684337,0.6923076923076923,0.5769646081977224,0.7096774193548387,0.7779941577409931,0.55,0.7904191616766467,79,0.5432098765432098,0.5569620253164557,248,0.7810650887573964,0.4291200698638449,42
jolly-sweep-5218,yz6djn62,46845,0.1,VJEPA2,mean,0.9,4,0.3044062362572273,4,AdamW,reduce,5,reverse_count,256,768,180,-1,True,False,0.002798174721779439,no,71,180,1770645576.8484292,0.7601476014760148,0.8247686019954321,0.656084656084656,0.5125703147416625,0.7368421052631579,0.7998027613412227,0.5859872611464968,0.8095238095238095,78,0.5822784810126582,0.5897435897435898,247,0.8047337278106509,0.18128282553944852,71
atomic-sweep-2553,drri05pt,75600,0.1,VideoPrism,mean,0.9,5,0.2908764778051219,4,AdamW,reduce,7,reverse_count,256,1024,166,-1,True,False,0.0002620963348720245,no,51,166,1770471677.2064412,0.7380073800738007,0.8247385503065272,0.6467661691542289,0.589292161139175,0.7096774193548387,0.7789678675754624,0.5443037974683544,0.7869822485207101,79,0.5443037974683544,0.5443037974683544,248,0.7869822485207101,0.3879088153644484,51
dulcet-sweep-3697,gyqy7mih,30127,0.1,VJEPA2_SSV2,mean,0.9,5,0.23351028859264475,4,AdamW,step,7,reverse_count,256,512,167,-1,True,False,0.00021679160366502604,no,67,167,1770546240.4232173,0.7660377358490567,0.8247374343585897,0.6593406593406593,0.5423138652207716,0.7682926829268293,0.8008145700453393,0.6274509803921569,0.8294117647058824,77,0.631578947368421,0.6233766233766234,246,0.834319526627219,0.34177881280581157,67
still-sweep-347,5q1y7pdm,12600,0.1,VJEPA2_SSV2,mean,0.9,4,0.33699683337835695,4,AdamW,step,4,reverse_count,256,256,191,-1,True,False,0.00014138422941808464,no,67,191,1770326279.50394,0.7471698113207547,0.8245186296574144,0.6564102564102564,0.579218094528846,0.7601626016260162,0.799738722815646,0.6380368098159509,0.84375,77,0.6046511627906976,0.6753246753246753,246,0.7988165680473372,0.3732731521129608,67
visionary-sweep-1183,8gbakn8t,10015,0.1,VideoPrism,mean,0.9,5,0.3627775377159621,4,AdamW,reduce,10,reverse_count,256,768,170,-1,True,False,0.00020742238862326656,no,38,170,1770381601.0378458,0.7675276752767528,0.8244981367952878,0.6985645933014354,0.6086216419385369,0.7056451612903226,0.7805407834619129,0.5575757575757576,0.7962962962962963,79,0.5348837209302325,0.5822784810126582,248,0.7633136094674556,0.4090787307340272,38
silvery-sweep-3627,43sel4jz,61544,0.1,VJEPA2_SSV2,mean,0.9,5,0.1164183657748613,4,AdamW,reduce,7,reverse_count,256,768,153,-1,True,False,0.00019714720400517956,no,48,153,1770541721.0394511,0.7735849056603774,0.8244873718429608,0.6774193548387096,0.5458497249855185,0.7682926829268293,0.8091139629601167,0.6174496644295302,0.8218390804597702,77,0.6388888888888888,0.5974025974025974,246,0.8461538461538461,0.4127654870351155,48
robust-sweep-846,i9g3s4f3,81839,0.1,VJEPA2_SSV2,mean,0.9,5,0.33424425594383667,4,AdamW,step,7,reverse_count,256,1024,195,-1,True,False,0.000499668768521303,no,66,195,1770360015.6400895,0.7622641509433963,0.8244873718429608,0.6802030456852792,0.5684642785000351,0.7439024390243902,0.7959348343963728,0.6134969325153374,0.83125,77,0.5813953488372093,0.6493506493506493,246,0.7869822485207101,0.29483634034792583,66
still-sweep-3914,f43rgoxc,99667,0.1,VideoPrism,mean,0.9,5,0.31934473782492484,4,AdamW,reduce,8,reverse_count,256,768,121,-1,True,False,0.000667050103960266,no,32,121,1770560071.1502037,0.7675276752767528,0.8244380334174781,0.6896551724137931,0.5957736485118795,0.7137096774193549,0.7761216388285521,0.5534591194968553,0.7916666666666666,79,0.55,0.5569620253164557,248,0.7869822485207101,0.373591380703206,32
crisp-sweep-2805,f2nk55ja,2694,0.1,VJEPA2_SSV2,mean,0.9,5,0.415041497733229,4,AdamW,reduce,10,reverse_count,256,512,192,-1,True,False,0.00018191365450081367,no,65,192,1770487975.1675615,0.35094339622641507,0.8243623405851463,0.5195530726256983,0.7259512486322871,0.3130081300813008,0.7997387228156458,0.47678018575851394,0.0,77,0.3130081300813008,1.0,246,0.0,0.5498331626256306,65
vocal-sweep-1013,8lcwjwrx,48917,0.1,VJEPA2_SSV2,mean,0.9,4,0.3920515503936818,4,AdamW,reduce,8,reverse_count,256,768,151,-1,True,False,0.0001789780548818943,no,55,151,1770370796.807484,0.35094339622641507,0.8243623405851462,0.5195530726256983,0.6768157982601309,0.3130081300813008,0.798163375086452,0.47678018575851394,0.0,77,0.3130081300813008,1.0,246,0.0,0.49907551606496176,55
cerulean-sweep-2563,edvl5u6l,42006,0.1,VideoPrism,mean,0.9,5,0.21151573383052769,4,AdamW,reduce,8,reverse_count,256,768,198,-1,True,False,0.0010100388542170994,no,52,198,1770472353.390155,0.7638376383763837,0.8243478783507633,0.6631578947368421,0.5276671929552986,0.7258064516129032,0.7726387536514118,0.5584415584415584,0.791907514450867,79,0.5733333333333334,0.5443037974683544,248,0.8106508875739645,0.25120922637229065,52
eager-sweep-4329,7bd8qa89,17215,0.1,VJEPA2_SSV2,mean,0.9,4,0.4907837418506734,4,AdamW,reduce,9,reverse_count,256,512,138,-1,True,False,0.00030285737473470693,no,58,138,1770587415.3046825,0.7547169811320755,0.8242685671417854,0.6859903381642513,0.6386375432869174,0.7317073170731707,0.7982017982017982,0.6373626373626373,0.8652482269503546,77,0.5523809523809524,0.7532467532467533,246,0.7218934911242604,0.4221626619497935,58
frosty-sweep-156,i78bkf1x,94501,0.1,VJEPA2,mean,0.9,3,0.2009136180570067,4,AdamW,reduce,7,tongue_twister,256,512,186,-1,True,False,0.0001203814531147741,no,70,186,1770311514.3852096,0.751004016064257,0.8436617730095991,0.6990291262135923,0.6329149603843689,0.7085201793721974,0.8032258064516129,0.6012269938650306,0.8515625,68,0.5157894736842106,0.7205882352941176,223,0.7032258064516129,0.46062289955098623,70
wobbly-sweep-1714,6a56ip8v,40821,0.1,VJEPA2,mean,0.9,4,0.26328149829888825,4,AdamW,reduce,10,tongue_twister,256,512,159,-1,True,False,0.00011302696187113635,no,62,159,1770409330.098238,0.7469879518072289,0.8403444381705252,0.7014218009478673,0.6533374190330505,0.695067264573991,0.8024667931688805,0.6046511627906976,0.865546218487395,68,0.5,0.7647058823529411,223,0.6645161290322581,0.4638418447251288,62
sandy-sweep-3361,ed9cyccx,71683,0.1,VJEPA2,mean,0.9,4,0.2069175609890752,4,AdamW,reduce,9,tongue_twister,256,1024,178,-1,True,False,0.00014539464162406578,no,73,178,1770511357.5670912,0.7429718875502008,0.8394974590626764,0.6893203883495146,0.6349526047706604,0.695067264573991,0.8062618595825427,0.5903614457831325,0.848,68,0.5,0.7205882352941176,223,0.6838709677419355,0.4634040688108278,73
hearty-sweep-336,ntbrevfv,41359,0.1,VJEPA2,mean,0.9,5,0.20574522049320143,4,AdamW,reduce,8,tongue_twister,256,768,92,-1,True,False,0.00019690461857160217,no,54,92,1770322531.0025125,0.7469879518072289,0.8393562958780351,0.6926829268292682,0.6330875754356384,0.7174887892376681,0.7999999999999999,0.6037735849056604,0.8484848484848485,68,0.5274725274725275,0.7058823529411765,223,0.7225806451612903,0.4025509511464394,54
peach-sweep-4749,y64ro2tz,71687,0.1,VJEPA2,mean,0.9,5,0.3379770453173423,4,AdamW,reduce,3,tongue_twister,256,1024,115,-1,True,False,0.0001093272139697302,no,55,115,1770598940.4809017,0.751004016064257,0.839073969508752,0.6990291262135923,0.6417104005813599,0.695067264573991,0.7995256166982921,0.5903614457831325,0.848,68,0.5,0.7205882352941176,223,0.6838709677419355,0.4692566255461717,55
robust-sweep-3904,4n880b2i,17924,0.1,VJEPA2,mean,0.9,5,0.3112575994804586,4,AdamW,step,10,tongue_twister,256,768,180,-1,True,False,0.00026130293999551793,no,60,180,1770545891.1407998,0.7630522088353414,0.83886222473179,0.700507614213198,0.5983325839042664,0.7399103139013453,0.8054079696394687,0.6282051282051282,0.8592592592592593,68,0.5568181818181818,0.7205882352941176,223,0.7483870967741936,0.3609252003348647,60
astral-sweep-5187,e1k82tx5,40451,0.1,VJEPA2,mean,0.9,5,0.42446966105837425,4,AdamW,reduce,9,tongue_twister,256,1024,129,-1,True,False,0.00262536249826423,no,65,129,1770626329.412336,0.7751004016064257,0.8387210615471485,0.6853932584269663,0.47976112365722656,0.757847533632287,0.7802656546489564,0.5970149253731343,0.821656050955414,68,0.6060606060606061,0.5882352941176471,223,0.832258064516129,0.21372070258495793,65
efficient-sweep-378,jvgme69c,89656,0.1,VJEPA2,mean,0.9,4,0.3939830536172164,4,AdamW,reduce,7,tongue_twister,256,768,175,-1,True,False,6.216234197744017e-05,no,75,175,1770325479.912109,0.7429718875502008,0.8387210615471484,0.6952380952380952,0.6490635871887207,0.6816143497757847,0.8003795066413663,0.5847953216374269,0.85,68,0.4854368932038835,0.7352941176470589,223,0.6580645161290323,0.5189185185187082,75
desert-sweep-4124,tcwufp4d,24813,0.1,VJEPA2,mean,0.9,5,0.4037122139737054,4,AdamW,reduce,6,tongue_twister,256,512,124,-1,True,False,0.00011304697233954434,no,52,124,1770559432.1071775,0.7389558232931727,0.838579898362507,0.6948356807511737,0.6610346436500549,0.6816143497757847,0.7998102466793169,0.5942857142857143,0.8620689655172413,68,0.48598130841121495,0.7647058823529411,223,0.6451612903225806,0.4684693379290152,52
revived-sweep-4808,1lxferz7,6404,0.1,VJEPA2,mean,0.9,5,0.12507995957019868,4,AdamW,step,4,tongue_twister,256,512,152,-1,True,False,0.0016756856539674608,no,60,152,1770602741.2415278,0.7710843373493976,0.838579898362507,0.6951871657754011,0.502770185470581,0.7623318385650224,0.8088235294117647,0.6344827586206897,0.8493150684931506,68,0.5974025974025974,0.6764705882352942,223,0.8,0.20927583754596027,60
sunny-sweep-3451,6cxxniud,55936,0.1,VJEPA2,mean,0.9,5,0.1968643193141083,4,AdamW,reduce,7,tongue_twister,256,768,200,-1,True,False,5.78827215257123e-05,no,76,200,1770516993.198495,0.7389558232931727,0.8384387351778656,0.7031963470319634,0.667855441570282,0.6636771300448431,0.798292220113852,0.5989304812834224,0.8846153846153846,68,0.4705882352941176,0.8235294117647058,223,0.5935483870967742,0.48533133259022265,76
dainty-sweep-415,uk8xn9pj,86443,0.1,VJEPA2,mean,0.9,5,0.22170881508112916,4,AdamW,reduce,7,tongue_twister,256,768,113,-1,True,False,8.002689974355101e-05,no,61,113,1770327832.518077,0.7630522088353414,0.838368153585545,0.7121951219512195,0.6409152150154114,0.7219730941704036,0.7941176470588235,0.6172839506172839,0.8604651162790697,68,0.5319148936170213,0.7352941176470589,223,0.7161290322580646,0.494274712048921,61
sleek-sweep-3202,ux8f3deb,57267,0.1,VJEPA2,mean,0.9,5,0.2217400798472034,4,AdamW,reduce,5,tongue_twister,256,512,124,-1,True,False,0.0003256076089309013,no,48,124,1770501531.5129552,0.751004016064257,0.8383681535855448,0.696078431372549,0.6368992328643799,0.6995515695067265,0.8005692599620494,0.593939393939394,0.8492063492063492,68,0.5051546391752577,0.7205882352941176,223,0.6903225806451613,0.4370638072090661,48
vital-sweep-3696,691s4r6m,39508,0.1,VJEPA2,mean,0.9,4,0.40312208062702704,4,AdamW,reduce,8,tongue_twister,256,512,147,-1,True,False,0.00019503470174702728,no,55,147,1770532467.150041,0.3534136546184739,0.8382269904009034,0.5222551928783383,0.7030429840087891,0.30493273542600896,0.8027514231499051,0.4673539518900344,0.0,68,0.30493273542600896,1.0,223,0.0,0.4662973397396822,55
effortless-sweep-4779,1g9mlq2r,7708,0.1,VJEPA2,mean,0.9,5,0.2367676644322989,4,AdamW,reduce,7,tongue_twister,256,1024,85,-1,True,False,0.0003359119956576054,no,44,85,1770600817.9826822,0.7469879518072289,0.838191699604743,0.6865671641791045,0.6259156465530396,0.7219730941704036,0.8034155597722961,0.6125,0.8549618320610687,68,0.532608695652174,0.7205882352941176,223,0.7225806451612903,0.45616039313725976,44
generous-sweep-5098,lef3ij6d,63182,0.1,VJEPA2,mean,0.9,5,0.27942210584531746,4,AdamW,reduce,7,tongue_twister,256,768,177,-1,True,False,5.276162734868833e-05,no,56,177,1770620787.9168053,0.7309236947791165,0.8381564088085828,0.6995515695067265,0.666771411895752,0.6412556053811659,0.79146110056926,0.5876288659793815,0.8865979381443299,68,0.4523809523809524,0.8382352941176471,223,0.5548387096774193,0.5141327809167389,56
wobbly-sweep-4765,xrtv9w6x,76350,0.1,VJEPA2,mean,0.9,5,0.2885316140772861,4,AdamW,reduce,8,tongue_twister,256,256,176,-1,True,False,0.00010668502263646911,no,66,176,1770599968.795454,0.7550200803212851,0.838085827216262,0.7081339712918661,0.6496341824531555,0.695067264573991,0.7994307400379508,0.6,0.859504132231405,68,0.5,0.75,223,0.6709677419354839,0.4788060536987296,66
snowy-sweep-238,2656yr3j,29542,0.1,VJEPA2,mean,0.9,5,0.21898156878240185,4,AdamW,reduce,8,tongue_twister,256,1024,116,-1,True,False,7.547608168202049e-05,no,60,116,1770316479.031804,0.7429718875502008,0.8380152456239414,0.6981132075471698,0.6533560156822205,0.6681614349775785,0.7928842504743834,0.5842696629213483,0.8584070796460177,68,0.4727272727272727,0.7647058823529411,223,0.6258064516129033,0.48906856821954114,60
curious-sweep-2254,j0258vqc,60355,0.1,VJEPA2,mean,0.9,4,0.4769420965494868,4,AdamW,reduce,6,tongue_twister,256,512,118,-1,True,False,0.0002043465396778261,no,55,118,1770442783.357319,0.751004016064257,0.8377329192546584,0.696078431372549,0.6200993657112122,0.7219730941704036,0.7985768500948767,0.6125,0.8549618320610687,68,0.532608695652174,0.7205882352941176,223,0.7225806451612903,0.4220213534714658,55
sandy-sweep-584,siv5yscs,71095,0.1,VJEPA2,mean,0.9,5,0.14448866511706024,4,AdamW,step,7,tongue_twister,256,768,176,-1,True,False,8.055135985604756e-05,no,70,176,1770338587.8953805,0.751004016064257,0.8376623376623377,0.693069306930693,0.6075769662857056,0.7309417040358744,0.8056925996204933,0.6153846153846154,0.8518518518518519,68,0.5454545454545454,0.7058823529411765,223,0.7419354838709677,0.4452352129106287,70
dainty-sweep-417,xdltynvy,17991,0.1,VJEPA2,mean,0.9,5,0.3943279503502712,4,AdamW,reduce,8,tongue_twister,256,768,133,-1,True,False,0.00012124442027208504,no,69,133,1770327978.4225235,0.7630522088353414,0.837591756070017,0.694300518134715,0.5843076109886169,0.7533632286995515,0.8023719165085389,0.6357615894039735,0.8571428571428571,68,0.5783132530120482,0.7058823529411765,223,0.7741935483870968,0.3929750115946102,69
divine-sweep-2372,jzn5m9ri,53154,0.1,VJEPA2,mean,0.9,4,0.23122855002866097,4,AdamW,reduce,3,tongue_twister,256,768,146,-1,True,False,0.00013817545794647605,no,60,146,1770450045.487408,0.7429718875502008,0.8375211744776963,0.6893203883495146,0.6250506043434143,0.7085201793721974,0.8068311195445921,0.6012269938650306,0.8515625,68,0.5157894736842106,0.7205882352941176,223,0.7032258064516129,0.4067095931477728,60
whole-sweep-2280,t3m143di,87181,0.1,VJEPA2,mean,0.9,5,0.4405806553038296,4,AdamW,reduce,7,tongue_twister,256,1024,161,-1,True,False,5.9174628703337925e-05,no,70,161,1770444439.5012095,0.7469879518072289,0.8374505928853755,0.6985645933014354,0.6457346677780151,0.695067264573991,0.8025616698292221,0.6,0.859504132231405,68,0.5,0.75,223,0.6709677419354839,0.4793864559940577,70
brisk-sweep-1120,0qbdkyix,29853,0.1,VJEPA2,mean,0.9,5,0.3361342806406368,4,AdamW,reduce,3,tongue_twister,256,1024,90,-1,True,False,0.00014162056411216731,no,42,90,1770372241.6317496,0.7590361445783133,0.8374505928853754,0.6842105263157895,0.5955751538276672,0.7668161434977578,0.803225806451613,0.6578947368421053,0.8705035971223022,68,0.5952380952380952,0.7352941176470589,223,0.7806451612903226,0.5130322408889497,42
polar-sweep-2876,rusmsyaw,56815,0.1,VJEPA2,mean,0.9,5,0.23224440117631773,4,AdamW,reduce,10,tongue_twister,256,1024,117,-1,True,False,0.0004175056243978942,no,59,117,1770481532.0420358,0.7751004016064257,0.8369565217391304,0.6989247311827957,0.5783851742744446,0.757847533632287,0.7979127134724857,0.625,0.8435374149659864,68,0.5921052631578947,0.6617647058823529,223,0.8,0.4114134042988421,59
swift-sweep-759,5h3m09yk,36455,0.1,VJEPA2,mean,0.9,5,0.1431303153351695,4,AdamW,step,9,tongue_twister,256,1024,129,-1,True,False,6.200642464539585e-05,no,55,129,1770350045.726499,0.751004016064257,0.8369565217391303,0.6804123711340206,0.5965952277183533,0.7488789237668162,0.7996204933586338,0.631578947368421,0.8561151079136691,68,0.5714285714285714,0.7058823529411765,223,0.7677419354838709,0.4402782278972984,55
exalted-sweep-3831,ssfuqfhc,17340,0.1,VJEPA2,mean,0.9,5,0.27457672044566184,4,AdamW,reduce,6,tongue_twister,256,768,158,-1,True,False,0.0001620225799379315,no,70,158,1770541077.441816,0.7550200803212851,0.836815358554489,0.6965174129353234,0.6016111373901367,0.726457399103139,0.8001897533206831,0.6064516129032258,0.8455882352941176,68,0.5402298850574713,0.6911764705882353,223,0.7419354838709677,0.4174882708246543,70
easy-sweep-5029,6spx3sze,33038,0.1,VJEPA2,mean,0.9,4,0.4217978187412297,4,AdamW,reduce,6,tongue_twister,256,512,102,-1,True,False,0.0002967828080746854,no,49,102,1770616633.2408204,0.7550200803212851,0.8366741953698476,0.6934673366834171,0.6039014458656311,0.7174887892376681,0.8014231499051233,0.5882352941176471,0.8333333333333334,68,0.5294117647058824,0.6617647058823529,223,0.7419354838709677,0.4034443489657152,49
worldly-sweep-4482,8a5uktfa,9727,0.1,VJEPA2,mean,0.9,5,0.24650162502579,4,AdamW,step,6,tongue_twister,256,1024,174,-1,True,False,0.0002193404618714684,no,71,174,1770582243.227307,0.3534136546184739,0.8365330321852061,0.5222551928783383,0.6847020387649536,0.30493273542600896,0.7990986717267552,0.4673539518900344,0.0,68,0.30493273542600896,1.0,223,0.0,0.467700979586949,71
upbeat-sweep-4174,3bfw75o7,33282,0.1,VJEPA2,mean,0.9,4,0.103238369103615,4,AdamW,reduce,4,tongue_twister,256,512,178,-1,True,False,0.00012724381227850414,no,74,178,1770562662.0114405,0.7630522088353414,0.8364624505928854,0.6974358974358974,0.6005772352218628,0.7309417040358744,0.8050284629981026,0.6103896103896104,0.8467153284671532,68,0.5465116279069767,0.6911764705882353,223,0.7483870967741936,0.4340778964611241,74
balmy-sweep-1606,2lwplukp,35657,0.1,VJEPA2,mean,0.9,5,0.2639184699904923,4,AdamW,reduce,9,tongue_twister,256,512,130,-1,True,False,0.0007238057516189506,no,63,130,1770402485.8011775,0.751004016064257,0.8364624505928854,0.6736842105263158,0.5759908556938171,0.7488789237668162,0.8022770398481973,0.6216216216216216,0.8461538461538461,68,0.575,0.6764705882352942,223,0.7806451612903226,0.3195380587172455,63
cool-sweep-3884,f7rma0bl,25238,0.1,VJEPA2,mean,0.9,5,0.12797600755002964,4,AdamW,step,7,tongue_twister,256,768,196,-1,True,False,4.3273888379779046e-05,no,58,196,1770544552.704914,0.7469879518072289,0.8364624505928854,0.7014218009478673,0.6479679346084595,0.6816143497757847,0.7949715370018976,0.5847953216374269,0.85,68,0.4854368932038835,0.7352941176470589,223,0.6580645161290323,0.5099942294809909,58
noble-sweep-3969,eew6xj4i,31741,0.1,VJEPA2,mean,0.9,4,0.41783286687368026,4,AdamW,reduce,5,tongue_twister,256,512,154,-1,True,False,0.00014306502344169084,no,61,154,1770549949.1828237,0.7389558232931727,0.836321287408244,0.6798029556650246,0.6282004714012146,0.6995515695067265,0.7968690702087287,0.5988023952095808,0.8548387096774194,68,0.5050505050505051,0.7352941176470589,223,0.6838709677419355,0.4563395394974907,61
earnest-sweep-5360,ndspcykz,49803,0.1,VJEPA2,mean,0.9,5,0.24876094806611915,4,AdamW,reduce,8,tongue_twister,256,768,152,-1,True,False,5.896937417292672e-05,no,58,152,1770637040.922747,0.3534136546184739,0.8363212874082439,0.5222551928783383,0.6939495205879211,0.30493273542600896,0.7833017077798862,0.4673539518900344,0.0,68,0.30493273542600896,1.0,223,0.0,0.5707990436479282,58
balmy-sweep-1456,vq400s3j,70436,0.1,VJEPA2,mean,0.9,5,0.1180641769797428,4,AdamW,reduce,10,tongue_twister,256,768,134,-1,True,False,0.0004511794692887679,no,55,134,1770393168.660817,0.7550200803212851,0.8361801242236025,0.6871794871794872,0.6064243912696838,0.7623318385650224,0.7998102466793169,0.6344827586206897,0.8493150684931506,68,0.5974025974025974,0.6764705882352942,223,0.8,0.4074519998008506,55
lemon-sweep-2138,8gbn1i8r,52518,0.1,VJEPA2,mean,0.9,5,0.470283117488683,4,AdamW,reduce,6,tongue_twister,256,1024,188,-1,True,False,0.0006374066544668142,no,66,188,1770435736.6473036,0.7751004016064257,0.8361801242236024,0.7083333333333334,0.560195803642273,0.7399103139013453,0.8073055028462998,0.6081081081081081,0.8391608391608392,68,0.5625,0.6617647058823529,223,0.7741935483870968,0.2917545640495266,66
wild-sweep-2564,mmz92i6b,63107,0.1,VJEPA2,mean,0.9,5,0.16295292152649238,4,AdamW,step,5,tongue_twister,256,1024,89,-1,True,False,0.00012322634854016457,no,49,89,1770462248.83083,0.714859437751004,0.836038961038961,0.6844444444444444,0.6683253049850464,0.6367713004484304,0.7917457305502846,0.5888324873096447,0.8936170212765957,68,0.4496124031007752,0.8529411764705882,223,0.5419354838709678,0.5237260600864487,49
stilted-sweep-4384,sa20bd9z,63363,0.1,VJEPA2,mean,0.9,4,0.1609253651988567,4,AdamW,reduce,6,tongue_twister,256,512,197,-1,True,False,5.104829041581193e-05,no,69,197,1770576082.477718,0.7389558232931727,0.8359683794466404,0.7058823529411765,0.6631141901016235,0.6591928251121076,0.7919354838709677,0.5824175824175825,0.8623853211009175,68,0.4649122807017544,0.7794117647058824,223,0.6064516129032258,0.47478577867983707,69
major-sweep-4380,41h38qti,75532,0.1,VJEPA2,mean,0.9,3,0.36387465982394407,4,AdamW,reduce,8,tongue_twister,256,768,190,-1,True,False,9.336039271282937e-05,no,70,190,1770575780.6365857,0.3534136546184739,0.8358977978543196,0.5222551928783383,0.6956790089607239,0.30493273542600896,0.79146110056926,0.4673539518900344,0.0,68,0.30493273542600896,1.0,223,0.0,0.5024652425074737,70
glad-sweep-2789,3wzus5lv,98303,0.1,VJEPA2,mean,0.9,5,0.24344916174374653,4,AdamW,reduce,4,tongue_twister,256,1024,115,-1,True,False,0.00023129153687300184,no,56,115,1770476056.3493254,0.7670682730923695,0.8358272162619989,0.6881720430107527,0.5626468062400818,0.7533632286995515,0.8091081593927894,0.6153846153846154,0.8378378378378378,68,0.5866666666666667,0.6470588235294118,223,0.8,0.359082405932531,56
glorious-sweep-3453,gvxtqqb2,69314,0.1,VJEPA2,mean,0.9,4,0.1491210619891679,4,AdamW,reduce,9,tongue_twister,256,1024,182,-1,True,False,4.142996072779264e-05,no,74,182,1770517139.5412726,0.3534136546184739,0.8356154714850367,0.5222551928783383,0.677249014377594,0.30493273542600896,0.7915559772296015,0.4673539518900344,0.0,68,0.30493273542600896,1.0,223,0.0,0.5397942592900338,74
elated-sweep-750,gh2y4pvc,83510,0.1,VJEPA2,mean,0.9,5,0.4294204999229442,4,AdamW,reduce,6,tongue_twister,256,1024,69,-1,True,False,0.0013513674996270691,no,47,69,1770349453.5237284,0.7429718875502008,0.8355801806888763,0.6521739130434783,0.5418761968612671,0.7623318385650224,0.7964421252371916,0.6131386861313869,0.8311688311688312,68,0.6086956521739131,0.6176470588235294,223,0.8258064516129032,0.337645508232266,47
unique-sweep-1715,addvggq5,53543,0.1,VJEPA2,mean,0.9,4,0.3545251256536506,4,AdamW,reduce,3,tongue_twister,256,768,150,-1,True,False,4.451389443035392e-05,no,60,150,1770409399.958535,0.751004016064257,0.835544889892716,0.6836734693877551,0.6122875213623047,0.7488789237668162,0.7926944971537002,0.631578947368421,0.8561151079136691,68,0.5714285714285714,0.7058823529411765,223,0.7677419354838709,0.4860934673806432,60
noble-sweep-675,hy8zzxpg,32175,0.1,VJEPA2,mean,0.9,5,0.2855076075997745,4,AdamW,reduce,3,tongue_twister,256,1024,103,-1,True,False,0.00012203656594563116,no,59,103,1770344590.3966515,0.751004016064257,0.835544889892716,0.693069306930693,0.62103271484375,0.7219730941704036,0.7952561669829222,0.6125,0.8549618320610687,68,0.532608695652174,0.7205882352941176,223,0.7225806451612903,0.44412246666498634,59
colorful-sweep-4807,w4w5bu28,52562,0.1,VJEPA2,mean,0.9,5,0.36618518505625,4,AdamW,reduce,3,tongue_twister,256,512,133,-1,True,False,0.00091405415521996,no,57,133,1770602671.8155684,0.7710843373493976,0.835544889892716,0.6951871657754011,0.5344902873039246,0.7757847533632287,0.8024667931688805,0.647887323943662,0.8523489932885906,68,0.6216216216216216,0.6764705882352942,223,0.8193548387096774,0.23892184421920137,57
dulcet-sweep-1909,nlv99zd6,87181,0.1,VJEPA2,mean,0.9,5,0.41718394272518944,4,AdamW,reduce,8,tongue_twister,256,1024,130,-1,True,False,0.000530450694704299,no,52,130,1770421519.200593,0.751004016064257,0.8354743083003953,0.6770833333333334,0.5859025716781616,0.7443946188340808,0.8088235294117647,0.6274509803921569,0.855072463768116,68,0.5647058823529412,0.7058823529411765,223,0.7612903225806451,0.3400973830980476,52
gallant-sweep-3631,vtseyck7,55313,0.1,VJEPA2,mean,0.9,3,0.1564938695140019,4,AdamW,step,6,tongue_twister,256,512,45,-1,True,False,0.0006464108798109258,no,40,45,1770528340.3586829,0.751004016064257,0.8354743083003953,0.6804123711340206,0.5966905951499939,0.7443946188340808,0.7918406072106261,0.6274509803921569,0.855072463768116,68,0.5647058823529412,0.7058823529411765,223,0.7612903225806451,0.469847698273008,40
deep-sweep-1143,bcdqplws,27233,0.1,VJEPA2,mean,0.9,4,0.3468723410764786,4,AdamW,reduce,8,tongue_twister,256,1024,200,-1,True,False,5.507864519268317e-05,no,80,200,1770373719.5180824,0.751004016064257,0.8354743083003953,0.69,0.622738242149353,0.726457399103139,0.8031309297912713,0.6211180124223602,0.8615384615384616,68,0.5376344086021505,0.7352941176470589,223,0.7225806451612903,0.4903232589264044,80
fragrant-sweep-4622,1g1gb912,16447,0.1,VJEPA2,mean,0.9,5,0.4884665486593849,4,AdamW,reduce,10,tongue_twister,256,1024,155,-1,True,False,0.0001717690213707706,no,69,155,1770591069.668105,0.7469879518072289,0.8354743083003952,0.6926829268292682,0.6328911781311035,0.6905829596412556,0.7979127134724858,0.5818181818181818,0.8412698412698413,68,0.4948453608247423,0.7058823529411765,223,0.6838709677419355,0.4608641356829829,69
woven-sweep-610,br1u2jnu,96808,0.1,VJEPA2,mean,0.9,5,0.29061889537587204,4,AdamW,reduce,5,tongue_twister,256,512,125,-1,True,False,0.0018748740687205636,no,63,125,1770340333.0662374,0.7550200803212851,0.8354037267080747,0.6514285714285715,0.5241217613220215,0.7488789237668162,0.7974857685009488,0.5882352941176471,0.8193548387096774,68,0.5882352941176471,0.5882352941176471,223,0.8193548387096774,0.2837192819555867,63
flowing-sweep-4250,h8h57ncu,94565,0.1,VJEPA2,mean,0.9,4,0.10358522415543876,4,AdamW,step,6,tongue_twister,256,768,184,-1,True,False,6.997964943035609e-05,no,66,184,1770567399.6964748,0.7429718875502008,0.8354037267080745,0.6952380952380952,0.6612958908081055,0.6860986547085202,0.7977229601518027,0.6022727272727273,0.8695652173913043,68,0.4907407407407408,0.7794117647058824,223,0.6451612903225806,0.4743227148616074,66
lyric-sweep-1153,t7owgbi7,50688,0.1,VJEPA2,mean,0.9,4,0.4930697055928008,4,AdamW,reduce,7,tongue_twister,256,768,133,-1,True,False,0.0004657908780303068,no,61,133,1770374352.499758,0.7630522088353414,0.8354037267080745,0.6878306878306878,0.5532650947570801,0.7668161434977578,0.8048387096774194,0.6388888888888888,0.8503401360544217,68,0.6052631578947368,0.6764705882352942,223,0.8064516129032258,0.30734365591800183,61
wandering-sweep-1720,fw62veg8,4015,0.1,VJEPA2,mean,0.9,5,0.10431073489777716,4,AdamW,step,5,tongue_twister,256,512,186,-1,True,False,0.0005084864264358409,no,73,186,1770409735.3729007,0.7550200803212851,0.8353684359119141,0.6772486772486772,0.5377333164215088,0.7668161434977578,0.8018975332068312,0.6285714285714286,0.8410596026490066,68,0.6111111111111112,0.6470588235294118,223,0.8193548387096774,0.29086226451583624,73
daily-sweep-1184,f9eu1yul,54653,0.1,VJEPA2,mean,0.9,5,0.34467829063717864,4,AdamW,reduce,5,tongue_twister,256,1024,70,-1,True,False,0.0001417942092298263,no,44,70,1770376234.4284537,0.7670682730923695,0.8351214003387917,0.6947368421052632,0.606000542640686,0.757847533632287,0.7964895635673623,0.6301369863013698,0.8482758620689655,68,0.5897435897435898,0.6764705882352942,223,0.7935483870967742,0.47663848145429455,44
morning-sweep-3816,6kxokpor,17510,0.1,VJEPA2,mean,0.9,5,0.12346567995178268,4,AdamW,reduce,10,tongue_twister,256,256,176,-1,True,False,0.000203860085249741,no,60,176,1770540104.3061745,0.7630522088353414,0.8351214003387917,0.694300518134715,0.6041991114616394,0.7443946188340808,0.8101992409867173,0.6174496644295302,0.8450704225352113,68,0.5679012345679012,0.6764705882352942,223,0.7741935483870968,0.45095278086011575,60
colorful-sweep-547,ykoaw8dr,57918,0.1,VJEPA2,mean,0.9,4,0.18311016159594243,4,AdamW,reduce,3,tongue_twister,256,512,82,-1,True,False,0.000254561893188774,no,49,82,1770336248.4474614,0.7590361445783133,0.8351214003387916,0.6907216494845361,0.6034342050552368,0.7533632286995515,0.8024667931688805,0.6357615894039735,0.8571428571428571,68,0.5783132530120482,0.7058823529411765,223,0.7741935483870968,0.4402435371273049,49
fearless-sweep-3160,mcrnee6f,5794,0.1,VJEPA2,mean,0.9,5,0.21893955531925743,4,AdamW,reduce,7,tongue_twister,256,1024,113,-1,True,False,0.0013400797390840582,no,56,113,1770498821.2930615,0.7670682730923695,0.8350861095426312,0.6847826086956522,0.5031299591064453,0.7488789237668162,0.8085863377609108,0.6056338028169014,0.8322147651006712,68,0.581081081081081,0.6323529411764706,223,0.8,0.2142130727202567,56
usual-sweep-1129,mfgrurmo,20244,0.1,VJEPA2,mean,0.9,3,0.3797527848921173,4,AdamW,reduce,3,tongue_twister,256,1024,151,-1,True,False,0.0002887908479363585,no,64,151,1770372812.469,0.7389558232931727,0.8349802371541502,0.6889952153110048,0.6534249186515808,0.7085201793721974,0.8043643263757116,0.6107784431137725,0.8629032258064516,68,0.5151515151515151,0.75,223,0.6903225806451613,0.4185319000175869,64
divine-sweep-4301,wdf0jnm4,73625,0.1,VJEPA2,mean,0.9,5,0.4459342169840505,4,AdamW,reduce,6,tongue_twister,256,768,156,-1,True,False,0.000248553888288479,no,62,156,1770570747.355111,0.7349397590361446,0.8349096555618295,0.6826923076923077,0.641757607460022,0.7085201793721974,0.8003795066413663,0.6060606060606061,0.8571428571428571,68,0.5154639175257731,0.7352941176470589,223,0.6967741935483871,0.40961304873694776,62
colorful-sweep-131,01st4yk1,89426,0.1,VJEPA2,mean,0.9,3,0.17586809722778274,4,AdamW,reduce,8,tongue_twister,256,512,197,-1,True,False,0.000437297860354789,no,76,197,1770310066.161627,0.7710843373493976,0.8347684923771881,0.6951871657754011,0.5686376094818115,0.7533632286995515,0.7912239089184061,0.6099290780141844,0.8333333333333334,68,0.589041095890411,0.6323529411764706,223,0.8064516129032258,0.34121972722495164,76
kind-sweep-3392,lktp479j,39726,0.1,VJEPA2,mean,0.9,5,0.3040430974429949,4,AdamW,step,4,tongue_twister,256,256,127,-1,True,False,0.00012993381145425488,no,61,127,1770513211.995111,0.751004016064257,0.8347684923771881,0.7102803738317757,0.6642016768455505,0.6860986547085202,0.7943074003795066,0.5977011494252874,0.8632478632478633,68,0.49056603773584906,0.7647058823529411,223,0.6516129032258065,0.4626620129184168,61
jolly-sweep-3048,qqecs522,57965,0.1,VJEPA2,mean,0.9,5,0.3848695600943647,4,AdamW,reduce,4,tongue_twister,256,256,171,-1,True,False,0.00021303586890757616,no,70,171,1770491894.6670394,0.7429718875502008,0.834768492377188,0.673469387755102,0.6042202115058899,0.7443946188340808,0.8043643263757115,0.6225165562913907,0.85,68,0.5662650602409639,0.6911764705882353,223,0.7677419354838709,0.3992245245299883,70
frosty-sweep-1513,qh3e8m0m,13003,0.1,VJEPA2,mean,0.9,4,0.1313610698291254,4,AdamW,reduce,9,tongue_twister,256,1024,149,-1,True,False,0.00017956464583387903,no,50,149,1770396726.9268744,0.7550200803212851,0.834768492377188,0.680628272251309,0.608170747756958,0.7443946188340808,0.801707779886148,0.6174496644295302,0.8450704225352113,68,0.5679012345679012,0.6764705882352942,223,0.7741935483870968,0.4805054584605582,50
comfy-sweep-3416,a9hxs9bo,33800,0.1,VJEPA2,mean,0.9,5,0.3675838148038695,4,AdamW,reduce,9,tongue_twister,256,256,184,-1,True,False,0.0005421218864128809,no,65,184,1770514763.340248,0.751004016064257,0.8346979107848673,0.6868686868686869,0.5964029431343079,0.7219730941704036,0.8028462998102467,0.5866666666666667,0.8297872340425532,68,0.5365853658536586,0.6470588235294118,223,0.7548387096774194,0.3135048203020288,65
smart-sweep-3106,scuhp7m6,59451,0.1,VJEPA2,mean,0.9,5,0.2674345584263613,4,AdamW,reduce,7,tongue_twister,256,1024,165,-1,True,False,0.0005928161499394833,no,66,165,1770495563.3459823,0.7550200803212851,0.8346979107848673,0.6702702702702703,0.5324831604957581,0.7668161434977578,0.8076850094876661,0.6388888888888888,0.8503401360544217,68,0.6052631578947368,0.6764705882352942,223,0.8064516129032258,0.3053790719583797,66
good-sweep-2632,rmwhgl9v,50827,0.1,VJEPA2,mean,0.9,5,0.2981615318025164,4,AdamW,reduce,10,tongue_twister,256,1024,142,-1,True,False,8.581170300122194e-05,no,63,142,1770466377.8210244,0.7469879518072289,0.8346273291925466,0.676923076923077,0.6133944392204285,0.7399103139013453,0.7964895635673624,0.6233766233766234,0.8540145985401459,68,0.5581395348837209,0.7058823529411765,223,0.7548387096774194,0.48738630379339726,63
stilted-sweep-676,92bdjiqn,22923,0.1,VJEPA2,mean,0.9,5,0.2933989188559979,4,AdamW,reduce,9,tongue_twister,256,768,157,-1,True,False,4.683927454831205e-05,no,59,157,1770344657.7274652,0.751004016064257,0.8344861660079052,0.7075471698113207,0.6572628617286682,0.6816143497757847,0.7897533206831119,0.5895953757225434,0.8559322033898306,68,0.4857142857142857,0.75,223,0.6516129032258065,0.4787163116387873,59
revived-sweep-4155,80zyotti,79936,0.1,VJEPA2,mean,0.9,5,0.2453356049872315,4,AdamW,step,5,tongue_twister,256,768,101,-1,True,False,0.0001780959905317263,no,54,101,1770561372.9656997,0.7429718875502008,0.8344861660079052,0.6831683168316832,0.63538658618927,0.7130044843049327,0.8017077798861479,0.6049382716049383,0.8527131782945736,68,0.5212765957446809,0.7205882352941176,223,0.7096774193548387,0.4688884099857919,54
treasured-sweep-2471,alev44vq,10687,0.1,VJEPA2,mean,0.9,5,0.4387023123634881,4,AdamW,step,3,tongue_twister,256,768,42,-1,True,False,0.0005096111851851734,no,39,42,1770456376.167441,0.7590361445783133,0.834486166007905,0.7029702970297029,0.6307517886161804,0.7354260089686099,0.7949715370018976,0.6242038216560509,0.8582089552238806,68,0.550561797752809,0.7205882352941176,223,0.7419354838709677,0.4731590180455705,39
zesty-sweep-2389,8y16q8uo,51843,0.1,VJEPA2,mean,0.9,4,0.43033476710844465,4,AdamW,reduce,9,tongue_twister,256,768,182,-1,True,False,6.846160661989141e-05,no,69,182,1770451206.7988186,0.751004016064257,0.8344155844155845,0.6666666666666666,0.5853115320205688,0.7488789237668162,0.8019924098671727,0.6266666666666667,0.851063829787234,68,0.573170731707317,0.6911764705882353,223,0.7741935483870968,0.4287647668947309,69
smooth-sweep-987,fr03junc,94412,0.1,VJEPA2,mean,0.9,4,0.13087575878312513,4,AdamW,step,4,tongue_twister,256,256,155,-1,True,False,0.00029087101628121455,no,54,155,1770364206.0388043,0.7590361445783133,0.834274421230943,0.6842105263157895,0.5795902013778687,0.7668161434977578,0.8179791271347249,0.6486486486486487,0.8601398601398601,68,0.6,0.7058823529411765,223,0.7935483870967742,0.4418800793238134,54
misunderstood-sweep-605,7lej4ktw,88926,0.1,VJEPA2,mean,0.9,5,0.20259767320949487,4,AdamW,reduce,10,tongue_twister,256,256,161,-1,True,False,0.0006682156422306814,no,72,161,1770340014.135071,0.7389558232931727,0.834274421230943,0.6766169154228856,0.6502531170845032,0.6995515695067265,0.8055977229601519,0.5838509316770186,0.8384615384615385,68,0.5053763440860215,0.6911764705882353,223,0.7032258064516129,0.34774688012914634,72
earthy-sweep-2650,8m04lzaz,43104,0.1,VJEPA2,mean,0.9,5,0.45628152655816223,4,AdamW,reduce,7,tongue_twister,256,1024,194,-1,True,False,0.00015347580847044833,no,77,194,1770467514.726824,0.7710843373493976,0.8342038396386222,0.6918918918918919,0.5828692317008972,0.7623318385650224,0.8066413662239089,0.6344827586206897,0.8493150684931506,68,0.5974025974025974,0.6764705882352942,223,0.8,0.4311579493868271,77
likely-sweep-3695,3c7sb7jf,7210,0.1,VJEPA2,mean,0.9,4,0.3832510321346953,4,AdamW,step,10,tongue_twister,256,768,166,-1,True,False,0.0005891445044934459,no,65,166,1770532401.1850238,0.7469879518072289,0.8341685488424618,0.676923076923077,0.6312651634216309,0.7309417040358744,0.7973434535104365,0.6153846153846154,0.8518518518518519,68,0.5454545454545454,0.7058823529411765,223,0.7419354838709677,0.3459966564071792,65
feasible-sweep-563,nqdud349,94700,0.1,VJEPA2,mean,0.9,3,0.2646456899137235,4,AdamW,reduce,10,tongue_twister,256,768,184,-1,True,False,0.0003607523512997735,no,67,184,1770337225.1281102,0.7550200803212851,0.8341332580463016,0.6839378238341969,0.57514488697052,0.757847533632287,0.8087286527514231,0.64,0.8581560283687943,68,0.5853658536585366,0.7058823529411765,223,0.7806451612903226,0.3285606555490686,67
copper-sweep-3178,hxx8qh6s,92390,0.1,VJEPA2,mean,0.9,4,0.40758503350015807,4,AdamW,reduce,8,tongue_twister,256,1024,199,-1,True,False,6.682146506575674e-05,no,78,199,1770499961.781821,0.7590361445783133,0.8341332580463016,0.6938775510204082,0.6331682801246643,0.726457399103139,0.8080645161290322,0.6211180124223602,0.8615384615384616,68,0.5376344086021505,0.7352941176470589,223,0.7225806451612903,0.5198866647628596,78
magic-sweep-4086,7zwmjx6r,78586,0.1,VJEPA2,mean,0.9,5,0.10836131781394688,4,AdamW,reduce,7,tongue_twister,256,1024,195,-1,True,False,0.0002814082806143277,no,61,195,1770557088.365828,0.7670682730923695,0.8341332580463015,0.7070707070707071,0.5946114659309387,0.726457399103139,0.8065464895635674,0.6114649681528662,0.8507462686567164,68,0.5393258426966292,0.7058823529411765,223,0.7354838709677419,0.36484767999958406,61
rich-sweep-971,jaww2han,73323,0.1,VJEPA2,mean,0.9,4,0.318048104377013,4,AdamW,reduce,5,tongue_twister,256,1024,177,-1,True,False,5.0036004032975587e-05,no,66,177,1770363193.4848585,0.7630522088353414,0.8340626764539807,0.6810810810810811,0.5785655975341797,0.7533632286995515,0.8014231499051233,0.6308724832214765,0.852112676056338,68,0.5802469135802469,0.6911764705882353,223,0.7806451612903226,0.4643614349482577,66
jumping-sweep-4496,bnpftq5h,31891,0.1,VJEPA2,mean,0.9,5,0.4540841613930672,4,AdamW,reduce,5,tongue_twister,256,512,114,-1,True,False,0.00234053614084766,no,44,114,1770583108.7535443,0.7791164658634538,0.8339920948616601,0.6961325966850829,0.5041841268539429,0.7488789237668162,0.7985294117647059,0.6164383561643836,0.8413793103448276,68,0.5769230769230769,0.6617647058823529,223,0.7870967741935484,0.2820431913438793,44
sunny-sweep-734,2djh6pd4,69216,0.1,VJEPA2,mean,0.9,5,0.2815333917405039,4,AdamW,reduce,6,tongue_twister,256,512,134,-1,True,False,8.437995873775227e-05,no,53,134,1770348428.1316414,0.7429718875502008,0.83399209486166,0.68,0.6201221346855164,0.7399103139013453,0.7947817836812145,0.6282051282051282,0.8592592592592593,68,0.5568181818181818,0.7205882352941176,223,0.7483870967741936,0.49023195067774794,53
dainty-sweep-1879,cbr7af5d,64471,0.1,VJEPA2,mean,0.9,4,0.16999163047106108,4,AdamW,reduce,9,tongue_twister,256,1024,181,-1,True,False,4.578383043529601e-05,no,67,181,1770419661.7932596,0.7550200803212851,0.8339215132693394,0.6903553299492385,0.6104650497436523,0.7533632286995515,0.8003795066413663,0.6405228758169934,0.8623188405797102,68,0.5764705882352941,0.7205882352941176,223,0.7677419354838709,0.49217970499256314,67
charmed-sweep-2629,278kc1lr,59481,0.1,VJEPA2,mean,0.9,5,0.2650311316710353,4,AdamW,reduce,9,tongue_twister,256,512,149,-1,True,False,7.071958974163542e-05,no,65,149,1770466153.563768,0.7630522088353414,0.8338509316770186,0.6910994764397905,0.5946256518363953,0.7488789237668162,0.794876660341556,0.6164383561643836,0.8413793103448276,68,0.5769230769230769,0.6617647058823529,223,0.7870967741935484,0.4871950187539094,65
grateful-sweep-1300,j5ol6h87,74878,0.1,VJEPA2,mean,0.9,5,0.24861055352808248,4,AdamW,reduce,10,tongue_twister,256,512,164,-1,True,False,0.00011733761395187826,no,66,164,1770383368.1742992,0.7469879518072289,0.8338509316770185,0.6834170854271356,0.6119745969772339,0.7533632286995515,0.8036053130929791,0.6357615894039735,0.8571428571428571,68,0.5783132530120482,0.7058823529411765,223,0.7741935483870968,0.4034957111015149,66
vocal-sweep-683,hoa21sel,51199,0.1,VJEPA2,mean,0.9,5,0.27805977857571273,4,AdamW,reduce,10,tongue_twister,256,512,190,-1,True,False,4.988987878561008e-05,no,74,190,1770345109.0111685,0.7389558232931727,0.833780350084698,0.7058823529411765,0.663707435131073,0.6502242152466368,0.7847248576850094,0.5851063829787234,0.8737864077669902,68,0.4583333333333333,0.8088235294117647,223,0.5806451612903226,0.5347618978028863,74
golden-sweep-3042,vgjdn9fr,35955,0.1,VJEPA2,mean,0.9,5,0.4391108914367565,4,AdamW,reduce,9,tongue_twister,256,1024,114,-1,True,False,0.00012272677622879742,no,47,114,1770491471.8271875,0.7670682730923695,0.8337803500846979,0.6979166666666666,0.6099646091461182,0.7623318385650224,0.799146110056926,0.6535947712418301,0.8695652173913043,68,0.5882352941176471,0.7352941176470589,223,0.7741935483870968,0.5322330614064363,47
dauntless-sweep-808,jj9rzcr7,37262,0.1,VJEPA2,mean,0.9,4,0.4061974694708518,4,AdamW,reduce,10,tongue_twister,256,512,134,-1,True,False,0.0003630339085464887,no,49,134,1770353104.257774,0.7429718875502008,0.8337097684923772,0.6831683168316832,0.6346953511238098,0.6860986547085202,0.7956356736242884,0.5783132530120482,0.84,68,0.4897959183673469,0.7058823529411765,223,0.6774193548387096,0.386494189367465,49
prime-sweep-5425,x0q1tvnu,19633,0.1,VJEPA2,mean,0.9,5,0.38136716107212487,4,AdamW,reduce,9,tongue_twister,256,768,126,-1,True,False,0.0003091708329150912,no,54,126,1770640945.3493907,0.7590361445783133,0.8336391869000565,0.696969696969697,0.5927180051803589,0.726457399103139,0.8056925996204933,0.6013071895424836,0.8405797101449275,68,0.5411764705882353,0.6764705882352942,223,0.7483870967741936,0.3650068949399645,54
mild-sweep-4709,t1qkpa6b,15587,0.1,VJEPA2,mean,0.9,4,0.1642472067136635,4,AdamW,step,7,tongue_twister,256,1024,38,-1,True,False,0.000527991260960403,no,34,38,1770596482.8276112,0.7751004016064257,0.8335333145115754,0.6989247311827957,0.5730634927749634,0.7488789237668162,0.7944971537001898,0.6216216216216216,0.8461538461538461,68,0.575,0.6764705882352942,223,0.7806451612903226,0.4836887903928223,34
bright-sweep-5453,bzy20rfr,49939,0.1,VJEPA2,mean,0.9,5,0.24692960128877744,4,AdamW,reduce,10,tongue_twister,256,768,70,-1,True,False,0.0008365620574436813,no,45,70,1770642742.6713474,0.7590361445783133,0.8335333145115754,0.6666666666666666,0.5159313678741455,0.7488789237668162,0.7981024667931689,0.5942028985507246,0.8235294117647058,68,0.5857142857142857,0.6029411764705882,223,0.8129032258064516,0.36649277766278926,45
deep-sweep-1961,4a9cpyuo,81546,0.1,VJEPA2,mean,0.9,5,0.25137005392427436,4,AdamW,reduce,5,tongue_twister,256,1024,154,-1,True,False,0.0005017887723124315,no,57,154,1770424682.5886958,0.7670682730923695,0.8334274421230943,0.6777777777777778,0.5126900672912598,0.7533632286995515,0.8077798861480076,0.5925925925925926,0.8205128205128205,68,0.5970149253731343,0.5882352941176471,223,0.8258064516129032,0.290862541804111,57
dainty-sweep-4476,r70eaje0,19817,0.1,VJEPA2,mean,0.9,4,0.2094055195853319,4,AdamW,reduce,3,tongue_twister,256,768,175,-1,True,False,0.0009505043946596112,no,65,175,1770581822.3615646,0.7791164658634538,0.833392151326934,0.6857142857142857,0.510431170463562,0.7668161434977578,0.7935958254269451,0.6176470588235294,0.832258064516129,68,0.6176470588235294,0.6176470588235294,223,0.832258064516129,0.19866857242664235,65
worldly-sweep-1002,mn0zj734,1894,0.1,VJEPA2,mean,0.9,4,0.243546197910935,4,AdamW,reduce,8,tongue_twister,256,512,152,-1,True,False,0.001088070766427477,no,69,152,1770365077.4948263,0.7429718875502008,0.833392151326934,0.6631578947368421,0.5219488143920898,0.7533632286995515,0.7997153700189753,0.6206896551724138,0.8424657534246576,68,0.5844155844155844,0.6617647058823529,223,0.7935483870967742,0.2096832082908959,69
wobbly-sweep-3081,sd5ei7qi,47972,0.1,VJEPA2,mean,0.9,4,0.17672936564538785,4,AdamW,step,3,tongue_twister,256,512,144,-1,True,False,0.0010240596704580217,no,64,144,1770493970.8471084,0.7670682730923695,0.8333921513269339,0.6741573033707865,0.511304497718811,0.757847533632287,0.8190702087286527,0.6029411764705882,0.8258064516129032,68,0.6029411764705882,0.6029411764705882,223,0.8258064516129032,0.34849850543393385,64
laced-sweep-4891,99f6q7y3,65707,0.1,VJEPA2,mean,0.9,5,0.2071308501859695,4,AdamW,step,3,tongue_twister,256,768,62,-1,True,False,0.00023601240453224127,no,46,62,1770607986.3934455,0.7469879518072289,0.8333568605307736,0.676923076923077,0.6140196323394775,0.7533632286995515,0.7990512333965845,0.6308724832214765,0.852112676056338,68,0.5802469135802469,0.6911764705882353,223,0.7806451612903226,0.46869310603312464,46
pretty-sweep-5495,w881z5tr,18773,0.1,VJEPA2,mean,0.9,5,0.16677315399688392,4,AdamW,reduce,10,tongue_twister,256,256,95,-1,True,False,0.0016580366579093462,no,50,95,1770645291.249467,0.7831325301204819,0.8333568605307735,0.7,0.5070939660072327,0.7533632286995515,0.7974857685009488,0.6099290780141844,0.8333333333333334,68,0.589041095890411,0.6323529411764706,223,0.8064516129032258,0.2704077620367609,50
copper-sweep-5559,oj28euy5,80424,0.1,VJEPA2,mean,0.9,5,0.256283383204039,4,AdamW,reduce,3,tongue_twister,256,768,142,-1,True,False,0.00028150594767615834,no,52,142,1770649318.6599889,0.3534136546184739,0.8333568605307735,0.5222551928783383,0.6928372383117676,0.30493273542600896,0.7979601518026566,0.4673539518900344,0.0,68,0.30493273542600896,1.0,223,0.0,0.4560908483178824,52
avid-sweep-3799,at166quj,32975,0.1,VJEPA2,mean,0.9,4,0.3096771028056283,4,AdamW,reduce,5,tongue_twister,256,1024,190,-1,True,False,4.358376423899163e-05,no,66,190,1770539063.5302718,0.3534136546184739,0.8333568605307735,0.5222551928783383,0.7219751477241516,0.30493273542600896,0.7853889943074004,0.4673539518900344,0.0,68,0.30493273542600896,1.0,223,0.0,0.6046351358394495,66
confused-sweep-534,zh0ojy5h,68367,0.1,VJEPA2,mean,0.9,4,0.38254787949959623,4,AdamW,step,6,tongue_twister,256,1024,57,-1,True,False,0.00024430294909488917,no,44,57,1770335463.216683,0.7469879518072289,0.8332862789384529,0.6926829268292682,0.6505855917930603,0.6860986547085202,0.787381404174573,0.5783132530120482,0.84,68,0.4897959183673469,0.7058823529411765,223,0.6774193548387096,0.484252060953136,44
morning-sweep-537,ois28g7r,56575,0.1,VJEPA2,mean,0.9,4,0.30240669157918554,4,AdamW,reduce,6,tongue_twister,256,768,117,-1,True,False,0.0002354683554690804,no,49,117,1770335642.0610063,0.7429718875502008,0.8332156973461322,0.6831683168316832,0.62115478515625,0.7174887892376681,0.8044592030360531,0.6037735849056604,0.8484848484848485,68,0.5274725274725275,0.7058823529411765,223,0.7225806451612903,0.44478964332232807,49
still-sweep-5091,1btnqkr2,88805,0.1,VJEPA2,mean,0.9,4,0.2871114918282938,4,AdamW,reduce,8,tongue_twister,256,768,175,-1,True,False,9.485544916421536e-05,no,61,175,1770620316.2521784,0.7469879518072289,0.8332156973461321,0.6701570680628273,0.5845462083816528,0.7443946188340808,0.7981973434535105,0.6174496644295302,0.8450704225352113,68,0.5679012345679012,0.6764705882352942,223,0.7741935483870968,0.41387273241209505,61
