name,id,seed,gamma,model,pooling,momentum,patience,drop_prob,num_views,optimizer,scheduler,step_size,task_name,batch_size,hidden_dim,num_epochs,view_index,enable_wandb,detailed_logs,learning_rate,use_scheduler,_runtime,_step,_timestamp,dev_accuracy,dev_auroc,dev_f1_score,dev_loss,test_accuracy,test_auroc,test_f1_score,test_npv,test_positives,test_precision,test_recall,test_samples,test_specificity,train_loss,_wandb.runtime
golden-sweep-1549,jmvtnjqi,76015,0.1,VideoPrism,mean,0.9,5,0.46074876534828835,1,AdamW,reduce,7,sustained_phonation_a,256,768,125,0,True,False,0.006621182680916676,no,65,125,1770266467.396436,0.7977941176470589,0.8484341381783409,0.7058823529411765,0.4838138257755953,0.69921875,0.7959579180509413,0.5333333333333333,0.7714285714285715,84,0.5432098765432098,0.5238095238095238,256,0.7848837209302325,0.30581200761934973,65
rose-sweep-812,96892431,17088,0.1,VideoPrism,mean,0.9,3,0.22127943197626607,1,AdamW,reduce,10,sustained_phonation_a,256,768,73,0,True,False,0.0021413982848290376,no,35,73,1770212619.6306748,0.7941176470588235,0.8460435094429837,0.6818181818181818,0.4684005379676819,0.71484375,0.7933970099667774,0.496551724137931,0.7538461538461538,84,0.5901639344262295,0.42857142857142855,256,0.8546511627906976,0.3867954625905771,35
grateful-sweep-202,jirp4hji,42325,0.1,VideoPrism,mean,0.9,5,0.3050933423080376,1,AdamW,reduce,10,sustained_phonation_a,256,512,187,0,True,False,0.003371982919339403,no,89,187,1770165634.124006,0.7610294117647058,0.845565383695912,0.6798029556650246,0.4784266527961282,0.703125,0.7900747508305648,0.5581395348837209,0.7857142857142857,84,0.5454545454545454,0.5714285714285714,256,0.7674418604651163,0.361866997744106,89
fresh-sweep-1173,t80xxwl2,47897,0.1,VideoPrism,mean,0.9,5,0.36772237402218255,1,AdamW,reduce,8,sustained_phonation_a,256,1024,137,0,True,False,0.0013640540777888788,no,58,137,1770239075.4668376,0.8088235294117647,0.8454458522591441,0.7111111111111111,0.47185654149335976,0.69140625,0.7948504983388704,0.48366013071895425,0.7486631016042781,84,0.5362318840579711,0.44047619047619047,256,0.813953488372093,0.3688870142329627,58
golden-sweep-154,niu1h2jj,1588,0.1,VideoPrism,mean,0.9,5,0.22264685434779097,1,AdamW,reduce,10,sustained_phonation_a,256,1024,78,0,True,False,0.0064262175594266766,no,30,78,1770161874.426421,0.7904411764705882,0.8453263208223762,0.6984126984126984,0.4778071361429551,0.69921875,0.7916666666666667,0.5032258064516129,0.7567567567567568,84,0.5492957746478874,0.4642857142857143,256,0.813953488372093,0.3571799334231133,30
revived-sweep-436,58vv3u3v,70742,0.1,VideoPrism,mean,0.9,5,0.24828042596219488,1,AdamW,reduce,10,sustained_phonation_a,256,1024,23,0,True,False,0.0014392094103779698,no,14,23,1770184172.2986395,0.7941176470588235,0.8452665551039924,0.711340206185567,0.4789989590644837,0.6875,0.7904900332225914,0.5121951219512195,0.7613636363636364,84,0.525,0.5,256,0.7790697674418605,0.3428981074092081,14
devout-sweep-1538,r3gz26lq,35080,0.1,VideoPrism,mean,0.9,5,0.16098851402017397,1,AdamW,reduce,10,sustained_phonation_a,256,1024,63,0,True,False,0.005734531134607559,no,26,63,1770265684.8293698,0.7904411764705882,0.8452665551039924,0.6885245901639344,0.47569314521901745,0.7265625,0.8042635658914729,0.5333333333333333,0.7684210526315789,84,0.6060606060606061,0.47619047619047616,256,0.8488372093023255,0.3617830830825909,26
denim-sweep-29,xa7whkx4,16859,0.1,VideoPrism,mean,0.9,5,0.2921011863406342,1,AdamW,reduce,10,sustained_phonation_a,256,768,115,0,True,False,0.0030305719684073523,no,60,115,1770153153.0186608,0.7683823529411765,0.8451470236672245,0.6956521739130435,0.474176287651062,0.7109375,0.7916666666666666,0.5697674418604651,0.7916666666666666,84,0.5568181818181818,0.5833333333333334,256,0.7732558139534884,0.3872719586030086,60
stilted-sweep-434,jvru6k4o,56078,0.1,VideoPrism,mean,0.9,5,0.33446725480774464,1,AdamW,reduce,9,sustained_phonation_a,256,768,187,0,True,False,0.0012551920803309752,no,91,187,1770184076.4958615,0.8051470588235294,0.8450274922304566,0.7165775401069518,0.4791392228182624,0.71484375,0.7976882613510521,0.546583850931677,0.776536312849162,84,0.5714285714285714,0.5238095238095238,256,0.8081395348837209,0.3193293380010747,91
eager-sweep-688,qfv91hiu,83385,0.1,VideoPrism,mean,0.9,4,0.24510478259748997,1,AdamW,reduce,8,sustained_phonation_a,256,256,92,0,True,False,0.001701462744714554,no,48,92,1770203248.392391,0.7904411764705882,0.8449677265120726,0.6951871657754011,0.47020095236161175,0.6953125,0.7907668881506091,0.5063291139240507,0.7582417582417582,84,0.5405405405405406,0.47619047619047616,256,0.8023255813953488,0.374503749756996,48
true-sweep-1717,fkbs63ss,29953,0.1,VideoPrism,mean,0.9,4,0.32045912754939354,1,AdamW,reduce,7,sustained_phonation_a,256,768,162,0,True,False,0.0016093435243554604,no,69,162,1770278392.9245858,0.8051470588235294,0.8446091322017691,0.7071823204419889,0.4773310037220226,0.71484375,0.7953349944629015,0.5228758169934641,0.7647058823529411,84,0.5797101449275363,0.47619047619047616,256,0.8313953488372093,0.37419468016441465,69
stilted-sweep-1266,akf93wxx,74184,0.1,VideoPrism,mean,0.9,3,0.37151605897685047,1,AdamW,reduce,10,sustained_phonation_a,256,768,162,0,True,False,0.0015749576945726458,no,76,162,1770246106.1317835,0.7794117647058824,0.8444896007650011,0.6907216494845361,0.47052673381917615,0.69140625,0.7901439645625692,0.5153374233128835,0.7627118644067796,84,0.5316455696202531,0.5,256,0.7848837209302325,0.37465566659081334,76
neat-sweep-1215,wf1wuqof,36934,0.1,VideoPrism,mean,0.9,5,0.3338561548216694,1,AdamW,step,7,sustained_phonation_a,256,768,193,0,True,False,0.0012032936626753816,no,91,193,1770242434.732507,0.7867647058823529,0.8443103036098495,0.7040816326530612,0.47457050575929527,0.68359375,0.7884136212624585,0.5263157894736842,0.7692307692307693,84,0.5172413793103449,0.5357142857142857,256,0.7558139534883721,0.3540935105314104,91
zesty-sweep-90,g39jxjdp,20345,0.1,VideoPrism,mean,0.9,5,0.2196681407692153,1,AdamW,reduce,10,sustained_phonation_a,256,768,125,0,True,False,0.005542663990668075,no,70,125,1770157587.0218863,0.7720588235294118,0.8443103036098494,0.696078431372549,0.4806540783713846,0.7109375,0.7841915836101883,0.5888888888888889,0.80625,84,0.5520833333333334,0.6309523809523809,256,0.75,0.3387167677115102,70
eager-sweep-1156,shcgfbgx,77720,0.1,VideoPrism,mean,0.9,4,0.3097761733297507,1,AdamW,reduce,7,sustained_phonation_a,256,768,196,0,True,False,0.0012302554242638005,no,88,196,1770237891.2392642,0.7867647058823529,0.8442505378914654,0.6979166666666666,0.46890023876638975,0.6953125,0.7911821705426357,0.5063291139240507,0.7582417582417582,84,0.5405405405405406,0.47619047619047616,256,0.8023255813953488,0.38867323985218194,88
vague-sweep-874,krn0aagj,86965,0.1,VideoPrism,mean,0.9,5,0.45261785290729983,1,AdamW,reduce,10,sustained_phonation_a,256,1024,195,0,True,False,0.009607312295765835,no,88,195,1770216978.5956972,0.7977941176470589,0.8440114750179298,0.708994708994709,0.4791971094468061,0.69140625,0.7931893687707642,0.5269461077844312,0.7687861271676301,84,0.5301204819277109,0.5238095238095238,256,0.7732558139534884,0.34323394513829836,88
dainty-sweep-1084,zeodiu0j,67852,0.1,VideoPrism,mean,0.9,3,0.35957815999333975,1,AdamW,reduce,7,sustained_phonation_a,256,1024,105,0,True,False,0.0005071163778302794,no,51,105,1770232617.3115623,0.7830882352941176,0.843772412144394,0.7035175879396985,0.477271879420561,0.70703125,0.789936323366556,0.5664739884393064,0.7904191616766467,84,0.550561797752809,0.5833333333333334,256,0.7674418604651163,0.3565661675773948,51
easy-sweep-1605,4qcu6bq7,32903,0.1,VideoPrism,mean,0.9,4,0.11037190357540631,1,AdamW,reduce,6,sustained_phonation_a,256,1024,199,0,True,False,0.0033991843990122386,no,95,199,1770270587.819182,0.7794117647058824,0.8437126464260101,0.6938775510204082,0.4700804738437428,0.703125,0.7840531561461794,0.5365853658536586,0.7727272727272727,84,0.55,0.5238095238095238,256,0.7906976744186046,0.37334948125595974,95
hardy-sweep-1026,nb6b4nv8,67234,0.1,VideoPrism,mean,0.9,4,0.19475072719584616,1,AdamW,reduce,5,sustained_phonation_a,256,768,85,0,True,False,0.0004814903525126277,no,36,85,1770228278.9538012,0.7720588235294118,0.8436528807076262,0.6868686868686869,0.4752532559282639,0.68359375,0.786060354374308,0.5030674846625767,0.7570621468926554,84,0.5189873417721519,0.4880952380952381,256,0.7790697674418605,0.36451520419282246,36
lemon-sweep-1281,if0kbaf5,24739,0.1,VideoPrism,mean,0.9,5,0.2031939955070511,1,AdamW,reduce,9,sustained_phonation_a,256,1024,101,0,True,False,0.0008916584144477546,no,44,101,1770247112.0307567,0.8014705882352942,0.8436528807076261,0.7,0.4664161485784194,0.69921875,0.7868217054263565,0.5032258064516129,0.7567567567567568,84,0.5492957746478874,0.4642857142857143,256,0.813953488372093,0.3631114426235044,44
radiant-sweep-400,h0d2aenh,11315,0.1,VideoPrism,mean,0.9,5,0.21584841482716471,1,AdamW,reduce,10,sustained_phonation_a,256,1024,26,0,True,False,0.0013049345668201188,no,16,26,1770181487.178964,0.7720588235294118,0.8435333492708582,0.693069306930693,0.4807547120486989,0.703125,0.7972037652270211,0.5581395348837209,0.7857142857142857,84,0.5454545454545454,0.5714285714285714,256,0.7674418604651163,0.33934144248542614,16
sweepy-sweep-76,koizcj9e,44926,0.1,VideoPrism,mean,0.9,5,0.19071688076760465,1,AdamW,reduce,10,sustained_phonation_a,256,1024,24,0,True,False,0.0021269888067785444,no,13,24,1770156698.3613508,0.7683823529411765,0.8433540521157066,0.6865671641791045,0.48078423037248497,0.70703125,0.7933970099667773,0.5454545454545454,0.7771428571428571,84,0.5555555555555556,0.5357142857142857,256,0.7906976744186046,0.334611807867851,13
morning-sweep-1931,ommo3vp3,81911,0.1,VideoPrism,mean,0.9,5,0.4323545578972865,1,AdamW,reduce,10,sustained_phonation_a,256,256,61,0,True,False,0.00215263032552854,no,30,61,1770293989.785196,0.7977941176470589,0.8433540521157064,0.708994708994709,0.4733052604338702,0.703125,0.7859911406423035,0.5308641975308642,0.7696629213483146,84,0.5512820512820513,0.5119047619047619,256,0.7965116279069767,0.3638450163616283,30
deft-sweep-756,sv7oi5sc,50427,0.1,VideoPrism,mean,0.9,5,0.30473959871703593,1,AdamW,reduce,8,sustained_phonation_a,256,1024,77,0,True,False,0.0020189321297824823,no,35,77,1770208412.4735055,0.7647058823529411,0.8431747549605545,0.6862745098039216,0.4816383123397827,0.6875,0.7883444075304541,0.5402298850574713,0.7771084337349398,84,0.5222222222222223,0.5595238095238095,256,0.75,0.35369722905062123,35
peach-sweep-1558,dsw5yote,55619,0.1,VideoPrism,mean,0.9,5,0.3921141147804038,1,AdamW,reduce,8,sustained_phonation_a,256,1024,150,0,True,False,0.001124662609451653,no,69,150,1770267060.686998,0.7794117647058824,0.8431149892421707,0.7029702970297029,0.4817578582202687,0.6875,0.7879983388704318,0.550561797752809,0.7839506172839507,84,0.5212765957446809,0.5833333333333334,256,0.7383720930232558,0.3388704166455409,69
splendid-sweep-1029,n7k3v8mw,82495,0.1,VideoPrism,mean,0.9,3,0.3184195775810794,1,AdamW,reduce,9,sustained_phonation_a,256,1024,41,0,True,False,0.00031348908156619815,no,23,41,1770228515.7796464,0.7683823529411765,0.8429356920870189,0.6834170854271356,0.4730996068786173,0.69140625,0.7864756367663345,0.5269461077844312,0.7687861271676301,84,0.5301204819277109,0.5238095238095238,256,0.7732558139534884,0.3880962117261865,23
glorious-sweep-1823,di7csctw,38803,0.1,VideoPrism,mean,0.9,4,0.25859633364586615,1,AdamW,reduce,10,sustained_phonation_a,256,1024,55,0,True,False,0.0021503063618025973,no,26,55,1770286128.9256077,0.7830882352941176,0.8428759263686351,0.6974358974358974,0.4761042384540333,0.69921875,0.7859219269102989,0.5497076023391813,0.7810650887573964,84,0.5402298850574713,0.5595238095238095,256,0.7674418604651163,0.3405636799254751,26
atomic-sweep-1171,uom288p9,49676,0.1,VideoPrism,mean,0.9,5,0.3717687736399039,1,AdamW,reduce,8,sustained_phonation_a,256,1024,74,0,True,False,0.00023855287829031033,no,33,74,1770238931.9522495,0.7720588235294118,0.8428161606502511,0.693069306930693,0.47669938732596007,0.69140625,0.7864064230343301,0.5380116959064327,0.7751479289940828,84,0.5287356321839081,0.5476190476190477,256,0.7616279069767442,0.3641252054183262,33
restful-sweep-1422,3cr655py,52836,0.1,VideoPrism,mean,0.9,4,0.3066545526088925,1,AdamW,reduce,9,sustained_phonation_a,256,768,81,0,True,False,0.0005364831413984917,no,41,81,1770257526.723723,0.7977941176470589,0.8427563949318672,0.7058823529411765,0.4697920890415416,0.6953125,0.7906976744186046,0.5,0.7554347826086957,84,0.5416666666666666,0.4642857142857143,256,0.8081395348837209,0.3921991563812066,41
fresh-sweep-881,eqeprgsq,10397,0.1,VideoPrism,mean,0.9,5,0.25312698557802304,1,AdamW,reduce,3,sustained_phonation_a,256,1024,142,0,True,False,0.0021171037370972447,no,66,142,1770217577.4964285,0.7757352941176471,0.8427563949318669,0.6934673366834171,0.4735456670031828,0.69140625,0.7793466223698782,0.5325443786982249,0.7719298245614035,84,0.5294117647058824,0.5357142857142857,256,0.7674418604651163,0.3665404855935891,66
golden-sweep-955,yuzlg74k,81288,0.1,VideoPrism,mean,0.9,4,0.2349615101556467,1,AdamW,reduce,10,sustained_phonation_a,256,1024,102,0,True,False,0.00024065333243438816,no,55,102,1770223047.0158389,0.7794117647058824,0.8426966292134832,0.6907216494845361,0.47206508061465097,0.6953125,0.7882059800664453,0.524390243902439,0.7670454545454546,84,0.5375,0.5119047619047619,256,0.7848837209302325,0.3779819041961472,55
fancy-sweep-367,376ifm7q,20236,0.1,VideoPrism,mean,0.9,4,0.17997681293522658,1,AdamW,reduce,10,sustained_phonation_a,256,1024,155,0,True,False,0.0003299015045323929,no,79,155,1770178779.176833,0.7867647058823529,0.8426368634950991,0.71,0.47696951557608214,0.69140625,0.787859911406423,0.5433526011560693,0.7784431137724551,84,0.5280898876404494,0.5595238095238095,256,0.7558139534883721,0.3451313333371423,79
clean-sweep-1397,6fmzrmno,63598,0.1,VideoPrism,mean,0.9,5,0.4819963690019255,1,AdamW,reduce,7,sustained_phonation_a,256,1024,197,0,True,False,0.005935015157866987,no,93,197,1770255739.6261406,0.8125,0.8425770977767152,0.7182320441988951,0.4744880269555485,0.69921875,0.793327796234773,0.4900662251655629,0.7513227513227513,84,0.5522388059701493,0.44047619047619047,256,0.8255813953488372,0.3866682062030646,93
sage-sweep-658,b3j2urcb,29421,0.1,VideoPrism,mean,0.9,5,0.10714247663238684,1,AdamW,reduce,4,sustained_phonation_a,256,1024,113,0,True,False,0.0017758085977312163,no,59,113,1770201007.1753974,0.75,0.8425173320583313,0.6699029126213593,0.4795410808394937,0.6953125,0.790766888150609,0.5465116279069767,0.7797619047619048,84,0.5340909090909091,0.5595238095238095,256,0.7616279069767442,0.3580852523614268,59
copper-sweep-630,n5v2ybjd,11754,0.1,VideoPrism,mean,0.9,4,0.1401361056337681,1,AdamW,reduce,4,sustained_phonation_a,256,1024,115,0,True,False,0.0001344479499890223,no,53,115,1770198963.0405073,0.7720588235294118,0.8423978006215634,0.7019230769230769,0.48333242710898905,0.69140625,0.7867524916943521,0.5485714285714286,0.7818181818181819,84,0.5274725274725275,0.5714285714285714,256,0.75,0.34599251665057235,53
apricot-sweep-533,k6oir1im,45330,0.1,VideoPrism,mean,0.9,3,0.26215407168726745,1,AdamW,reduce,5,sustained_phonation_a,256,1024,78,0,True,False,0.00035619073969921474,no,32,78,1770191546.395363,0.7794117647058824,0.8423380349031797,0.7,0.47840691314024086,0.6875,0.7871677740863787,0.5402298850574713,0.7771084337349398,84,0.5222222222222223,0.5595238095238095,256,0.75,0.343570555575007,32
glad-sweep-344,tmojtxim,61698,0.1,VideoPrism,mean,0.9,5,0.2680997098303399,1,AdamW,reduce,9,sustained_phonation_a,256,768,108,0,True,False,0.0023687331151026887,no,53,108,1770176996.1840503,0.8051470588235294,0.8422782691847956,0.7195767195767195,0.4787375401048099,0.68359375,0.7896594684385384,0.4968944099378882,0.7541899441340782,84,0.5194805194805194,0.47619047619047616,256,0.7848837209302325,0.3439020047607594,53
apricot-sweep-1715,wv9ngvvy,78549,0.1,VideoPrism,mean,0.9,5,0.40754300178846614,1,AdamW,reduce,6,sustained_phonation_a,256,1024,80,0,True,False,0.000362682672674853,no,37,80,1770278246.9708169,0.7647058823529411,0.8420989720296439,0.68,0.47468341448727774,0.671875,0.7844684385382059,0.4939759036144578,0.7528735632183908,84,0.5,0.4880952380952381,256,0.7616279069767442,0.37265695977964464,37
flowing-sweep-989,rk9uefot,81452,0.1,VideoPrism,mean,0.9,3,0.12638959591688567,1,AdamW,step,8,sustained_phonation_a,256,1024,43,0,True,False,0.0028285581229151296,no,24,43,1770225446.7289128,0.7683823529411765,0.8420392063112598,0.6926829268292682,0.4880108342451208,0.70703125,0.7940199335548173,0.5614035087719298,0.7869822485207101,84,0.5517241379310345,0.5714285714285714,256,0.7732558139534884,0.3106829671369987,24
deft-sweep-917,kl9ve16y,69837,0.1,VideoPrism,mean,0.9,4,0.2839705440420709,1,AdamW,reduce,8,sustained_phonation_a,256,768,90,0,True,False,0.0007726717393213508,no,44,90,1770220259.2343638,0.7647058823529411,0.8419794405928759,0.673469387755102,0.47246957526487465,0.68359375,0.7837070874861573,0.5149700598802395,0.7630057803468208,84,0.5180722891566265,0.5119047619047619,256,0.7674418604651163,0.3891480623599369,44
serene-sweep-1041,6ovxzp8y,74250,0.1,VideoPrism,mean,0.9,4,0.2965322542464276,1,AdamW,reduce,6,sustained_phonation_a,256,1024,96,0,True,False,0.0009529111279033764,no,46,96,1770229425.3387682,0.7904411764705882,0.841919674874492,0.6850828729281768,0.46921787542455334,0.6953125,0.7901439645625692,0.4868421052631579,0.75,84,0.5441176470588235,0.44047619047619047,256,0.8197674418604651,0.3962715545303396,46
playful-sweep-1052,epwrhvp6,18813,0.1,VideoPrism,mean,0.9,3,0.1882835354554176,1,AdamW,reduce,5,sustained_phonation_a,256,768,118,0,True,False,0.0013389405341437306,no,55,118,1770230360.3837204,0.8051470588235294,0.8418599091561081,0.7071823204419889,0.4772025557125316,0.69921875,0.7904900332225913,0.49673202614379086,0.7540106951871658,84,0.5507246376811594,0.4523809523809524,256,0.8197674418604651,0.34849617477195255,55
vivid-sweep-1548,2bn3see0,21054,0.1,VideoPrism,mean,0.9,4,0.40186743749562914,1,AdamW,reduce,9,sustained_phonation_a,256,768,137,0,True,False,0.0009417852951382644,no,58,137,1770266393.3921883,0.7904411764705882,0.8418001434377242,0.7046632124352331,0.4760258688646205,0.6953125,0.7879291251384274,0.5185185185185185,0.7640449438202247,84,0.5384615384615384,0.5,256,0.7906976744186046,0.369022536156678,58
ancient-sweep-187,zi0jaxpl,31178,0.1,VideoPrism,mean,0.9,4,0.17470657229735131,1,AdamW,reduce,8,sustained_phonation_a,256,768,195,0,True,False,0.0007287742913781005,no,86,195,1770164311.3817582,0.7683823529411765,0.8418001434377241,0.6985645933014354,0.48277222408967857,0.67578125,0.7831533776301218,0.5310734463276836,0.7730061349693251,84,0.5053763440860215,0.5595238095238095,256,0.7325581395348837,0.3596605212505461,86
rich-sweep-876,2x233n38,48726,0.1,VideoPrism,mean,0.9,5,0.46404413756311025,1,AdamW,reduce,6,sustained_phonation_a,256,1024,173,0,True,False,0.00010391449094158104,no,83,173,1770217122.666678,0.7647058823529411,0.8417403777193402,0.6952380952380952,0.4893993244451635,0.6875,0.7887596899224806,0.5555555555555556,0.7875,84,0.5208333333333334,0.5952380952380952,256,0.7325581395348837,0.3421799730904754,83
expert-sweep-228,k2jjl39m,65284,0.1,VideoPrism,mean,0.9,4,0.1745000281526211,1,AdamW,step,10,sustained_phonation_a,256,768,100,0,True,False,0.0002771101630668767,no,49,100,1770167550.0935524,0.7720588235294118,0.8416806120009562,0.6836734693877551,0.4749522840275484,0.67578125,0.7862679955703211,0.49696969696969695,0.7542857142857143,84,0.5061728395061729,0.4880952380952381,256,0.7674418604651163,0.37176278024979154,49
zesty-sweep-520,s65a3kti,91880,0.1,VideoPrism,mean,0.9,3,0.2810411831984789,1,AdamW,step,10,sustained_phonation_a,256,768,152,0,True,False,0.00024159824319851389,no,72,152,1770190511.4199564,0.7794117647058824,0.8416208462825723,0.696969696969697,0.47739069251453176,0.69140625,0.7867524916943521,0.5325443786982249,0.7719298245614035,84,0.5294117647058824,0.5357142857142857,256,0.7674418604651163,0.3606031580111243,72
valiant-sweep-731,gmnxpurh,59012,0.1,VideoPrism,mean,0.9,4,0.1547623347688903,1,AdamW,reduce,10,sustained_phonation_a,256,768,76,0,True,False,0.002511214729106639,no,34,76,1770206439.9893928,0.7647058823529411,0.8415610805641884,0.6595744680851063,0.4687669768052943,0.6875,0.775955149501661,0.5,0.7555555555555555,84,0.5263157894736842,0.47619047619047616,256,0.7906976744186046,0.40081223058377646,34
fluent-sweep-627,hz064oyz,25999,0.1,VideoPrism,mean,0.9,5,0.19935334434026783,1,AdamW,reduce,10,sustained_phonation_a,256,768,62,0,True,False,0.0003689522822132091,no,28,62,1770198718.006173,0.8014705882352942,0.8415013148458045,0.7127659574468085,0.4746281294261708,0.69921875,0.7876522702104097,0.5157232704402516,0.7624309392265194,84,0.5466666666666666,0.4880952380952381,256,0.8023255813953488,0.350135815870143,28
eager-sweep-691,ailsu11w,9157,0.1,VideoPrism,mean,0.9,4,0.19111931313380504,1,AdamW,reduce,8,sustained_phonation_a,256,1024,153,0,True,False,8.069883567496252e-05,no,73,153,1770203513.9620554,0.7683823529411765,0.8415013148458044,0.6985645933014354,0.4878731054418227,0.6875,0.7843992248062015,0.5604395604395604,0.7911392405063291,84,0.5204081632653061,0.6071428571428571,256,0.7267441860465116,0.3624284582939966,73
iconic-sweep-957,lzskgtwz,51687,0.1,VideoPrism,mean,0.9,5,0.24063380399857173,1,AdamW,reduce,8,sustained_phonation_a,256,512,114,0,True,False,0.002475107566414543,no,55,114,1770223175.1219723,0.7683823529411765,0.8414415491274206,0.676923076923077,0.4713723449146046,0.6953125,0.7835686600221483,0.524390243902439,0.7670454545454546,84,0.5375,0.5119047619047619,256,0.7848837209302325,0.39632405633312856,55
devoted-sweep-1039,chcmtx2u,34678,0.1,VideoPrism,mean,0.9,4,0.11170588956585732,1,AdamW,reduce,9,sustained_phonation_a,256,768,117,0,True,False,0.0037457235119314337,no,55,117,1770229310.3519294,0.7867647058823529,0.8414415491274205,0.6881720430107527,0.469491117140826,0.6796875,0.7831533776301218,0.4810126582278481,0.7472527472527473,84,0.5135135135135135,0.4523809523809524,256,0.7906976744186046,0.39459369084366824,55
trim-sweep-739,76oz5u4j,45790,0.1,VideoPrism,mean,0.9,5,0.21603793229174895,1,AdamW,step,10,sustained_phonation_a,256,512,192,0,True,False,0.0016948309888143937,no,97,192,1770207068.2039268,0.7794117647058824,0.8413220176906527,0.6875,0.47053374262417064,0.69921875,0.7829457364341085,0.5157232704402516,0.7624309392265194,84,0.5466666666666666,0.4880952380952381,256,0.8023255813953488,0.4034285775425741,97
blooming-sweep-1471,z9kanb92,65759,0.1,VideoPrism,mean,0.9,4,0.17639847059760824,1,AdamW,reduce,3,sustained_phonation_a,256,768,70,0,True,False,0.002127357713106263,no,30,70,1770260926.6980083,0.7720588235294118,0.8413220176906526,0.693069306930693,0.479435030151816,0.69921875,0.7919435215946844,0.5443786982248521,0.7777777777777778,84,0.5411764705882353,0.5476190476190477,256,0.7732558139534884,0.3710470134329312,30
rosy-sweep-1061,6ttm56fy,48603,0.1,VideoPrism,mean,0.9,5,0.22994572986099007,1,AdamW,reduce,5,sustained_phonation_a,256,768,91,0,True,False,0.0005892586852375903,no,36,91,1770231091.2169476,0.7757352941176471,0.8413220176906526,0.7053140096618358,0.4815221428871155,0.68359375,0.7869601328903655,0.5317919075144508,0.7724550898203593,84,0.5168539325842697,0.5476190476190477,256,0.75,0.3632847390917569,36
grateful-sweep-1617,hy04o3ur,22986,0.1,VideoPrism,mean,0.9,4,0.24969949858911292,1,AdamW,reduce,4,sustained_phonation_a,256,768,121,0,True,False,0.005477069118773427,no,60,121,1770271343.5779943,0.7830882352941176,0.8413220176906526,0.700507614213198,0.4744087878395529,0.71875,0.7806616832779624,0.5714285714285714,0.7906976744186046,84,0.5714285714285714,0.5714285714285714,256,0.7906976744186046,0.32032238421267906,60
youthful-sweep-1259,hogknhiw,80535,0.1,VideoPrism,mean,0.9,4,0.25302747390312297,1,AdamW,reduce,7,sustained_phonation_a,256,1024,161,0,True,False,0.0012383600084003778,no,72,161,1770245539.9018073,0.7610294117647058,0.8412622519722687,0.6798029556650246,0.4777795076370239,0.67578125,0.7852990033222591,0.5088757396449705,0.7602339181286549,84,0.5058823529411764,0.5119047619047619,256,0.7558139534883721,0.3890540138324281,72
glamorous-sweep-1649,6t1tulx4,3778,0.1,VideoPrism,mean,0.9,3,0.12318141298242384,1,AdamW,reduce,4,sustained_phonation_a,256,1024,141,0,True,False,0.0004025945423456221,no,58,141,1770273636.0198596,0.7867647058823529,0.8412024862538848,0.7040816326530612,0.4773099562701057,0.69140625,0.7827380952380951,0.5325443786982249,0.7719298245614035,84,0.5294117647058824,0.5357142857142857,256,0.7674418604651163,0.354474152318511,58
devoted-sweep-118,2ig5i9ou,9677,0.1,VideoPrism,mean,0.9,5,0.21178606033888295,1,AdamW,reduce,8,sustained_phonation_a,256,1024,79,0,True,False,0.0009409878241061232,no,37,79,1770159615.3189964,0.7941176470588235,0.8412024862538847,0.7083333333333334,0.4769640705164741,0.6875,0.7886212624584718,0.5180722891566265,0.764367816091954,84,0.524390243902439,0.5119047619047619,256,0.7732558139534884,0.3407897092149704,37
spring-sweep-1925,zd9xrsy4,69357,0.1,VideoPrism,mean,0.9,5,0.12626756218181268,1,AdamW,reduce,6,sustained_phonation_a,256,768,191,0,True,False,0.001101818378894776,no,82,191,1770293589.0040133,0.7867647058823529,0.8412024862538847,0.6847826086956522,0.4759076763601864,0.6953125,0.790420819490587,0.5063291139240507,0.7582417582417582,84,0.5405405405405406,0.47619047619047616,256,0.8023255813953488,0.3833597258708816,82
jolly-sweep-800,qe4bhn3r,8778,0.1,VideoPrism,mean,0.9,5,0.4521016219505911,1,AdamW,step,8,sustained_phonation_a,256,1024,193,0,True,False,0.0006596551105225715,no,95,193,1770211778.1562836,0.7867647058823529,0.8411427205355008,0.7040816326530612,0.478595354977776,0.6953125,0.791389811738649,0.5411764705882353,0.7764705882352941,84,0.5348837209302325,0.5476190476190477,256,0.7674418604651163,0.3282684798165315,95
fluent-sweep-1680,t3qdlap8,6224,0.1,VideoPrism,mean,0.9,5,0.2846073883218434,1,AdamW,reduce,4,sustained_phonation_a,256,768,77,0,True,False,0.0005318578329341615,no,38,77,1770275651.5128484,0.7941176470588235,0.8411427205355008,0.6956521739130435,0.4734513479120591,0.703125,0.7880675526024363,0.5189873417721519,0.7637362637362637,84,0.5540540540540541,0.4880952380952381,256,0.8081395348837209,0.3630519898831171,38
logical-sweep-1656,xmumbdrl,38819,0.1,VideoPrism,mean,0.9,4,0.2448533605834815,1,AdamW,reduce,6,sustained_phonation_a,256,512,60,0,True,False,0.0022046467787751765,no,33,60,1770273995.736154,0.7977941176470589,0.841082954817117,0.7027027027027027,0.4715751970515531,0.6953125,0.7906976744186047,0.4868421052631579,0.75,84,0.5441176470588235,0.44047619047619047,256,0.8197674418604651,0.3963100126446235,33
glorious-sweep-1191,9pjcaz2n,20122,0.1,VideoPrism,mean,0.9,5,0.3015314163007149,1,AdamW,reduce,10,sustained_phonation_a,256,1024,146,0,True,False,0.002127303274561037,no,67,146,1770240414.4550705,0.7830882352941176,0.8410829548171169,0.6844919786096256,0.4735349136240342,0.69921875,0.7837763012181617,0.5157232704402516,0.7624309392265194,84,0.5466666666666666,0.4880952380952381,256,0.8023255813953488,0.3757601348729489,67
silvery-sweep-1827,gicfoqce,41743,0.1,VideoPrism,mean,0.9,4,0.445476470195959,1,AdamW,reduce,8,sustained_phonation_a,256,1024,76,0,True,False,0.0009538577240089216,no,33,76,1770286336.7007122,0.7904411764705882,0.8410829548171169,0.6850828729281768,0.47657032573924346,0.69921875,0.787375415282392,0.5157232704402516,0.7624309392265194,84,0.5466666666666666,0.4880952380952381,256,0.8023255813953488,0.34408785655051805,33
spring-sweep-1524,ucgkf2bq,34268,0.1,VideoPrism,mean,0.9,5,0.3044894679955013,1,AdamW,reduce,10,sustained_phonation_a,256,1024,131,0,True,False,0.0002416687344239528,no,57,131,1770264662.8793838,0.7683823529411765,0.8410829548171169,0.676923076923077,0.4739009387352887,0.6796875,0.7852297895902547,0.5,0.7556818181818182,84,0.5125,0.4880952380952381,256,0.7732558139534884,0.3911058255565893,57
expert-sweep-1254,hvzbk11w,56575,0.1,VideoPrism,mean,0.9,4,0.2517926141329214,1,AdamW,reduce,6,sustained_phonation_a,256,1024,57,0,True,False,0.0005274627286574865,no,28,57,1770245120.355763,0.7720588235294118,0.841023189098733,0.69,0.4782496795934789,0.68359375,0.783983942414175,0.5263157894736842,0.7692307692307693,84,0.5172413793103449,0.5357142857142857,256,0.7558139534883721,0.3713213187173581,28
true-sweep-674,0jxgxp75,38500,0.1,VideoPrism,mean,0.9,5,0.2693345950547462,1,AdamW,step,10,sustained_phonation_a,256,768,160,0,True,False,0.000396822256824193,no,70,160,1770202246.6891208,0.7830882352941176,0.840963423380349,0.6844919786096256,0.4696093482129714,0.6875,0.7852990033222592,0.4936708860759494,0.7527472527472527,84,0.527027027027027,0.4642857142857143,256,0.7965116279069767,0.39252080564843345,70
bright-sweep-1319,1if16nho,54222,0.1,VideoPrism,mean,0.9,5,0.2811149038383868,1,AdamW,reduce,10,sustained_phonation_a,256,1024,182,0,True,False,0.0006797912760369364,no,90,182,1770249881.5250716,0.7647058823529411,0.840963423380349,0.6862745098039216,0.4814440362593707,0.6796875,0.7829457364341086,0.5287356321839081,0.7710843373493976,84,0.5111111111111111,0.5476190476190477,256,0.7441860465116279,0.39755821248209505,90
honest-sweep-818,e8zw2ufm,36496,0.1,VideoPrism,mean,0.9,4,0.2407789081494318,1,AdamW,reduce,9,sustained_phonation_a,256,1024,179,0,True,False,0.001706505133536453,no,87,179,1770213051.3639262,0.8088235294117647,0.840963423380349,0.7263157894736842,0.48250796514398914,0.71484375,0.7970653377630121,0.562874251497006,0.7861271676300579,84,0.5662650602409639,0.5595238095238095,256,0.7906976744186046,0.30889788559274267,87
vague-sweep-1516,p4ruz1z3,68901,0.1,VideoPrism,mean,0.9,5,0.4568738311581402,1,AdamW,reduce,7,sustained_phonation_a,256,1024,75,0,True,False,0.0002346705119410695,no,37,75,1770264161.5914862,0.7867647058823529,0.8409036576619652,0.6881720430107527,0.4697903114206651,0.703125,0.7874446290143965,0.5064935064935064,0.7580645161290323,84,0.5571428571428572,0.4642857142857143,256,0.8197674418604651,0.3864899118248012,37
giddy-sweep-1111,chtyo0me,64552,0.1,VideoPrism,mean,0.9,4,0.2902423995012886,1,AdamW,reduce,3,sustained_phonation_a,256,512,51,0,True,False,0.0004341203836724347,no,28,51,1770234703.6887531,0.7830882352941176,0.8409036576619651,0.6910994764397905,0.4751668607487398,0.69921875,0.7869601328903654,0.5157232704402516,0.7624309392265194,84,0.5466666666666666,0.4880952380952381,256,0.8023255813953488,0.37793462257622057,28
genial-sweep-1581,tkxkuwf3,73809,0.1,VideoPrism,mean,0.9,5,0.4711289613084272,1,AdamW,reduce,9,sustained_phonation_a,256,768,133,0,True,False,0.00047746260773709747,no,64,133,1770268821.5071442,0.7573529411764706,0.8408438919435811,0.6826923076923077,0.4822686560013715,0.6796875,0.782392026578073,0.5287356321839081,0.7710843373493976,84,0.5111111111111111,0.5476190476190477,256,0.7441860465116279,0.37859077855910994,64
blooming-sweep-2037,7khxhvy8,45859,0.1,VideoPrism,mean,0.9,4,0.2196739671325494,1,AdamW,reduce,9,sustained_phonation_a,256,256,95,0,True,False,0.001999266511989521,no,39,95,1770301543.4218235,0.7683823529411765,0.8407841262251973,0.6926829268292682,0.48582881689071655,0.67578125,0.7832918050941305,0.5202312138728323,0.7664670658682635,84,0.5056179775280899,0.5357142857142857,256,0.7441860465116279,0.37153001671181846,39
valiant-sweep-1554,wikkx7z4,50919,0.1,VideoPrism,mean,0.9,4,0.28733493826136935,1,AdamW,reduce,5,sustained_phonation_a,256,768,104,0,True,False,0.0007786703311458345,no,48,104,1770266758.2744014,0.7757352941176471,0.8407243605068134,0.6965174129353234,0.4782906560336842,0.69140625,0.7858527131782946,0.5325443786982249,0.7719298245614035,84,0.5294117647058824,0.5357142857142857,256,0.7674418604651163,0.4016897213512834,48
dauntless-sweep-1206,9fpnb726,49010,0.1,VideoPrism,mean,0.9,4,0.2719130791082057,1,AdamW,reduce,4,sustained_phonation_a,256,768,109,0,True,False,0.00013645522802740065,no,57,109,1770241606.850074,0.7757352941176471,0.8407243605068133,0.6965174129353234,0.4780951527988209,0.6875,0.7851605758582504,0.5238095238095238,0.7674418604651163,84,0.5238095238095238,0.5238095238095238,256,0.7674418604651163,0.37358699601067913,57
glamorous-sweep-1071,8f3dctuk,9798,0.1,VideoPrism,mean,0.9,3,0.1262618767709269,1,AdamW,reduce,6,sustained_phonation_a,256,768,113,0,True,False,0.005519538475776742,no,48,113,1770231808.2438512,0.7977941176470589,0.8407243605068133,0.6857142857142857,0.4765791472266702,0.7109375,0.7849529346622369,0.5,0.7552083333333334,84,0.578125,0.44047619047619047,256,0.8430232558139535,0.40462850865069144,48
amber-sweep-1689,png6afr0,94217,0.1,VideoPrism,mean,0.9,4,0.40610663947535186,1,AdamW,reduce,8,sustained_phonation_a,256,1024,101,0,True,False,0.0003517954493958384,no,48,101,1770276336.4409556,0.7830882352941176,0.8407243605068133,0.6974358974358974,0.4748812072417315,0.69140625,0.7879291251384275,0.5153374233128835,0.7627118644067796,84,0.5316455696202531,0.5,256,0.7848837209302325,0.3744824629604951,48
ethereal-sweep-811,asks3k1m,40230,0.1,VideoPrism,mean,0.9,5,0.2873199213744968,1,AdamW,reduce,10,sustained_phonation_a,256,1024,102,0,True,False,0.0003780187412659836,no,52,102,1770212576.5326955,0.7830882352941176,0.8406048290700454,0.6910994764397905,0.4738530902301564,0.6875,0.7868909191583611,0.5061728395061729,0.7584269662921348,84,0.5256410256410257,0.4880952380952381,256,0.7848837209302325,0.3649927436229069,52
major-sweep-73,zf1k90iy,81584,0.1,VideoPrism,mean,0.9,5,0.3175102637105697,1,AdamW,step,10,sustained_phonation_a,256,1024,143,0,True,False,0.00014195837973376892,no,69,143,1770156515.1412213,0.7610294117647058,0.8406048290700454,0.6829268292682927,0.48434542908388023,0.68359375,0.7882751937984497,0.5317919075144508,0.7724550898203593,84,0.5168539325842697,0.5476190476190477,256,0.75,0.3624311951293902,69
silvery-sweep-1453,k3wlndro,3615,0.1,VideoPrism,mean,0.9,5,0.29378866118727665,1,AdamW,reduce,9,sustained_phonation_a,256,1024,170,0,True,False,0.00013715271030583534,no,76,170,1770259661.2037609,0.7683823529411765,0.8406048290700453,0.6956521739130435,0.4838510821847355,0.6875,0.7853682170542635,0.5454545454545454,0.7804878048780488,84,0.5217391304347826,0.5714285714285714,256,0.7441860465116279,0.3650953483097171,76
royal-sweep-555,8adjq04t,90021,0.1,VideoPrism,mean,0.9,3,0.1821699406564291,1,AdamW,reduce,8,sustained_phonation_a,256,512,130,0,True,False,0.0046429300271793525,no,64,130,1770193185.2159317,0.7720588235294118,0.8405450633516615,0.6736842105263158,0.4720496009377873,0.703125,0.79125138427464,0.5128205128205128,0.7608695652173914,84,0.5555555555555556,0.47619047619047616,256,0.813953488372093,0.386286851514812,64
dark-sweep-1727,o6cqsylh,79731,0.1,VideoPrism,mean,0.9,4,0.3887729403773338,1,AdamW,reduce,9,sustained_phonation_a,256,768,153,0,True,False,0.0022986639223877793,no,71,153,1770278994.0203743,0.7610294117647058,0.8405450633516615,0.6733668341708543,0.47868814187891345,0.68359375,0.7777547065337762,0.5317919075144508,0.7724550898203593,84,0.5168539325842697,0.5476190476190477,256,0.75,0.39007761791920287,71
dark-sweep-845,cjqnqhms,77025,0.1,VideoPrism,mean,0.9,4,0.19442618976145837,1,AdamW,step,10,sustained_phonation_a,256,1024,122,0,True,False,0.00037806191767907293,no,61,122,1770214932.7235434,0.7794117647058824,0.8405450633516615,0.7,0.4792995908681084,0.69140625,0.7895210409745294,0.5325443786982249,0.7719298245614035,84,0.5294117647058824,0.5357142857142857,256,0.7674418604651163,0.36223385343433234,61
faithful-sweep-902,c6l3kc35,21385,0.1,VideoPrism,mean,0.9,5,0.32063494808478143,1,AdamW,reduce,10,sustained_phonation_a,256,1024,177,0,True,False,0.0003738049895245463,no,77,177,1770219158.4841113,0.7720588235294118,0.8404852976332775,0.696078431372549,0.4783481359481811,0.68359375,0.7850221483942413,0.5207100591715976,0.7660818713450293,84,0.5176470588235295,0.5238095238095238,256,0.7616279069767442,0.37727803893336864,77
good-sweep-1199,egjnm1sn,39683,0.1,VideoPrism,mean,0.9,3,0.1276878485860166,1,AdamW,reduce,9,sustained_phonation_a,256,512,181,0,True,False,0.00033143244985022103,no,79,181,1770241050.6609917,0.7720588235294118,0.8404255319148938,0.6868686868686869,0.475726867423338,0.6875,0.781907530454042,0.5180722891566265,0.764367816091954,84,0.524390243902439,0.5119047619047619,256,0.7732558139534884,0.4018140329598842,79
treasured-sweep-349,cyiu4588,55197,0.1,VideoPrism,mean,0.9,4,0.4671148977524483,1,AdamW,step,9,sustained_phonation_a,256,1024,200,0,True,False,9.453071317796868e-05,no,86,200,1770177387.073418,0.7683823529411765,0.8404255319148936,0.7014218009478673,0.48885251143399405,0.6875,0.7828765227021041,0.5604395604395604,0.7911392405063291,84,0.5204081632653061,0.6071428571428571,256,0.7267441860465116,0.3682617800768557,86
glad-sweep-1341,l4uboejq,31839,0.1,VideoPrism,mean,0.9,4,0.22661362452361203,1,AdamW,reduce,10,sustained_phonation_a,256,768,104,0,True,False,0.0007043285755068494,no,51,104,1770251525.0015435,0.7720588235294118,0.8403657661965096,0.693069306930693,0.4772772718878353,0.67578125,0.7852297895902547,0.5146198830409356,0.7633136094674556,84,0.5057471264367817,0.5238095238095238,256,0.75,0.3777968809513153,51
fancy-sweep-158,kqz5x9yl,16703,0.1,VideoPrism,mean,0.9,4,0.22115126462572696,1,AdamW,step,9,sustained_phonation_a,256,1024,75,0,True,False,0.00016530042358038676,no,44,75,1770162063.3442616,0.7683823529411765,0.8403060004781259,0.6896551724137931,0.4798399490468642,0.68359375,0.7869601328903655,0.5263157894736842,0.7692307692307693,84,0.5172413793103449,0.5357142857142857,256,0.7558139534883721,0.3719024403235175,44
stellar-sweep-1124,aci91gjx,7763,0.1,VideoPrism,mean,0.9,3,0.23050488545182715,1,AdamW,reduce,3,sustained_phonation_a,256,1024,175,0,True,False,6.516026453780656e-05,no,87,175,1770235634.609306,0.7683823529411765,0.8403060004781258,0.7014218009478673,0.4882354911635904,0.68359375,0.7846760797342193,0.5524861878453039,0.7861635220125787,84,0.5154639175257731,0.5952380952380952,256,0.7267441860465116,0.36880692321613734,87
morning-sweep-1330,6gj34lkq,57216,0.1,VideoPrism,mean,0.9,3,0.1299500992846905,1,AdamW,reduce,4,sustained_phonation_a,256,512,154,0,True,False,0.00275435072619538,no,71,154,1770250654.8009942,0.8014705882352942,0.8403060004781256,0.7096774193548387,0.4893923752448138,0.703125,0.7919435215946843,0.525,0.7666666666666667,84,0.5526315789473685,0.5,256,0.8023255813953488,0.33413882032204967,71
super-sweep-1658,essdyeyc,26132,0.1,VideoPrism,mean,0.9,4,0.4213076138629237,1,AdamW,step,9,sustained_phonation_a,256,1024,101,0,True,False,0.000369382097905858,no,51,101,1770274136.99484,0.7683823529411765,0.8402462347597419,0.676923076923077,0.4741361947620617,0.68359375,0.7814922480620156,0.509090909090909,0.76,84,0.5185185185185185,0.5,256,0.7732558139534884,0.4108054235611221,51
wobbly-sweep-1837,c6sdriqc,12648,0.1,VideoPrism,mean,0.9,5,0.32657706447312995,1,AdamW,reduce,5,sustained_phonation_a,256,768,190,0,True,False,9.382233322646346e-05,no,91,190,1770287235.0267792,0.7573529411764706,0.8402462347597419,0.6826923076923077,0.48924864039701577,0.68359375,0.7833610188261351,0.5524861878453039,0.7861635220125787,84,0.5154639175257731,0.5952380952380952,256,0.7267441860465116,0.3776701296559844,91
effortless-sweep-1023,wtcd4kzp,7541,0.1,VideoPrism,mean,0.9,5,0.121155430571334,1,AdamW,reduce,6,sustained_phonation_a,256,1024,126,0,True,False,0.00037674391313346594,no,56,126,1770228021.734918,0.7867647058823529,0.8402462347597418,0.6979166666666666,0.4766492037212147,0.6953125,0.7881367663344407,0.524390243902439,0.7670454545454546,84,0.5375,0.5119047619047619,256,0.7848837209302325,0.3560707641778089,56
dashing-sweep-1525,3h64lxvr,46445,0.1,VideoPrism,mean,0.9,4,0.4293012535082146,1,AdamW,reduce,5,sustained_phonation_a,256,1024,159,0,True,False,0.00012281311555589687,no,74,159,1770264745.6159365,0.7683823529411765,0.8402462347597418,0.6956521739130435,0.4854942980934592,0.6796875,0.7847452934662237,0.5340909090909091,0.774390243902439,84,0.5108695652173914,0.5595238095238095,256,0.7383720930232558,0.3556034613409107,74
magic-sweep-1214,0yp2spld,24919,0.1,VideoPrism,mean,0.9,4,0.2416100977065931,1,AdamW,reduce,5,sustained_phonation_a,256,768,177,0,True,False,0.00011265076957302746,no,85,177,1770242330.7373624,0.7683823529411765,0.840186469041358,0.6985645933014354,0.4864161224926219,0.69140625,0.7869601328903655,0.5586592178770949,0.7888198757763976,84,0.5263157894736842,0.5952380952380952,256,0.7383720930232558,0.3678120127111741,85
worthy-sweep-1296,4qv24prf,32941,0.1,VideoPrism,mean,0.9,4,0.2780445825706617,1,AdamW,reduce,6,sustained_phonation_a,256,1024,184,0,True,False,8.434147388982092e-05,no,83,184,1770248231.3399515,0.7647058823529411,0.8401864690413579,0.6923076923076923,0.48752612226149616,0.6875,0.7840531561461793,0.550561797752809,0.7839506172839507,84,0.5212765957446809,0.5833333333333334,256,0.7383720930232558,0.3660469956645578,83
ethereal-sweep-1372,ybchn33s,62766,0.1,VideoPrism,mean,0.9,5,0.16441901357469968,1,AdamW,reduce,8,sustained_phonation_a,256,1024,162,0,True,False,0.0038530403838367383,no,80,162,1770253777.9592934,0.7683823529411765,0.8401864690413577,0.676923076923077,0.4765158541062299,0.70703125,0.7940199335548173,0.5283018867924528,0.7679558011049724,84,0.56,0.5,256,0.8081395348837209,0.3716360300981164,80
classic-sweep-1636,bun884at,74387,0.1,VideoPrism,mean,0.9,4,0.17990075362415797,1,AdamW,reduce,6,sustained_phonation_a,256,768,74,0,True,False,0.0015925957128895428,no,36,74,1770272620.0075648,0.7941176470588235,0.840126703322974,0.7083333333333334,0.48050396582659555,0.69921875,0.7866832779623477,0.5443786982248521,0.7777777777777778,84,0.5411764705882353,0.5476190476190477,256,0.7732558139534884,0.34477210381230167,36
pretty-sweep-1386,d144b2r7,45806,0.1,VideoPrism,mean,0.9,4,0.15433743588867094,1,AdamW,reduce,4,sustained_phonation_a,256,1024,64,0,True,False,0.001382240825725956,no,32,64,1770254844.054864,0.7610294117647058,0.8399474061678222,0.6859903381642513,0.4831387681119582,0.69921875,0.7891057585825028,0.5497076023391813,0.7810650887573964,84,0.5402298850574713,0.5595238095238095,256,0.7674418604651163,0.35289824560587346,32
unique-sweep-903,h5djxjfe,12062,0.1,VJEPA2_SSV2,mean,0.9,3,0.29678154554972946,1,AdamW,reduce,6,sustained_phonation_e,256,256,174,0,True,False,0.0010154570809353936,no,54,174,1770198394.1002338,0.7638376383763837,0.833453540088953,0.6559139784946236,0.49286591324859,0.7109375,0.7484772978959026,0.5256410256410257,0.7663043478260869,84,0.5694444444444444,0.4880952380952381,256,0.8197674418604651,0.2730552592897803,54
unique-sweep-1765,xskglgv1,83149,0.1,VJEPA2_SSV2,mean,0.9,3,0.12742429823577797,1,AdamW,step,4,sustained_phonation_e,256,256,168,0,True,False,0.0012126728487568464,no,52,168,1770241555.8693116,0.7564575645756457,0.8330929198220941,0.65625,0.49642287805071617,0.69921875,0.7438399778516058,0.5217391304347826,0.7653631284916201,84,0.5454545454545454,0.5,256,0.7965116279069767,0.23557011734663957,52
helpful-sweep-2162,712kprbr,81419,0.1,VJEPA2_SSV2,mean,0.9,4,0.26172933476135407,1,AdamW,reduce,7,sustained_phonation_e,256,768,115,0,True,False,0.00018980305055044672,no,36,115,1770261726.1619344,0.7601476014760148,0.8330328164442842,0.6524064171122995,0.487822067253704,0.734375,0.7648809523809523,0.5641025641025641,0.782608695652174,84,0.6111111111111112,0.5238095238095238,256,0.8372093023255814,0.23222597706608655,36
silvery-sweep-1370,q9cixvq4,49620,0.1,VJEPA2_SSV2,mean,0.9,5,0.10712402265863918,1,AdamW,step,4,sustained_phonation_e,256,256,44,0,True,False,0.0015966671189401622,no,20,44,1770221683.1721148,0.7785977859778598,0.8329727130664744,0.6629213483146067,0.49848480330182177,0.73046875,0.7543604651162791,0.5369127516778524,0.7696335078534031,84,0.6153846153846154,0.47619047619047616,256,0.8546511627906976,0.25713692981053177,20
denim-sweep-2880,azbmyeac,53682,0.1,VJEPA2_SSV2,mean,0.9,5,0.1897019839388332,1,AdamW,reduce,10,sustained_phonation_e,256,1024,98,0,True,False,0.00022577034531033087,no,37,98,1770296923.08173,0.7675276752767528,0.8329727130664742,0.676923076923077,0.483931165999592,0.734375,0.759343853820598,0.575,0.7888888888888889,84,0.6052631578947368,0.5476190476190477,256,0.8255813953488372,0.25682394485163496,37
stilted-sweep-2742,66w9yedw,66532,0.1,VJEPA2_SSV2,mean,0.9,5,0.3462210970307479,1,AdamW,reduce,4,sustained_phonation_e,256,768,78,0,True,False,0.00043655934345209944,no,29,78,1770290206.4850175,0.7601476014760148,0.8328525063108547,0.6408839779005525,0.4836313238443044,0.7265625,0.7626661129568106,0.5394736842105263,0.7712765957446809,84,0.6029411764705882,0.4880952380952381,256,0.8430232558139535,0.24345231286393915,29
eager-sweep-936,m28ga16c,27377,0.1,VJEPA2_SSV2,mean,0.9,5,0.16016074325828492,1,AdamW,reduce,5,sustained_phonation_e,256,768,178,0,True,False,0.0006873956425694865,no,58,178,1770199981.7043312,0.7638376383763837,0.832732299555235,0.6767676767676768,0.494291986706512,0.7109375,0.7545681063122923,0.5375,0.7722222222222223,84,0.5657894736842105,0.5119047619047619,256,0.8081395348837209,0.2461943299305148,58
logical-sweep-2066,dxczwru8,93530,0.1,VJEPA2_SSV2,mean,0.9,4,0.41727811065997,1,AdamW,reduce,4,sustained_phonation_e,256,768,176,0,True,False,3.1564877648952826e-05,no,58,176,1770256678.2434676,0.7785977859778598,0.8324317826661858,0.6938775510204082,0.4858424021309152,0.73046875,0.7613510520487264,0.5714285714285714,0.7877094972067039,84,0.5974025974025974,0.5476190476190477,256,0.8197674418604651,0.23458620796843271,58
flowing-sweep-776,qctoaizg,51491,0.1,VJEPA2_SSV2,mean,0.9,4,0.23337270802289628,1,AdamW,reduce,7,sustained_phonation_e,256,768,86,0,True,False,0.0002042144469179864,no,30,86,1770191763.088632,0.7638376383763837,0.8322514725327563,0.6701030927835051,0.4889093388930458,0.72265625,0.7521456256921373,0.5590062111801242,0.7821229050279329,84,0.5844155844155844,0.5357142857142857,256,0.813953488372093,0.26052829380927045,30
grateful-sweep-1790,k34lda21,72735,0.1,VJEPA2_SSV2,mean,0.9,4,0.107142811681527,1,AdamW,step,4,sustained_phonation_e,256,1024,126,0,True,False,0.0002519109952870285,no,42,126,1770242917.7236607,0.7749077490774908,0.832011059021517,0.6737967914438503,0.4837396294428414,0.734375,0.7546373200442967,0.569620253164557,0.7857142857142857,84,0.6081081081081081,0.5357142857142857,256,0.8313953488372093,0.2681957720741024,42
royal-sweep-1038,ika49qjl,65281,0.1,VJEPA2_SSV2,mean,0.9,3,0.267151748334965,1,AdamW,reduce,9,sustained_phonation_e,256,1024,191,0,True,False,0.00043289963916784874,no,57,191,1770205163.151646,0.7712177121771218,0.8319509556437071,0.6555555555555556,0.4908067595034948,0.734375,0.7631506090808416,0.5466666666666666,0.7736842105263158,84,0.6212121212121212,0.4880952380952381,256,0.8546511627906976,0.23083680686427327,57
atomic-sweep-2212,p6pcdy6f,61974,0.1,VJEPA2_SSV2,mean,0.9,4,0.2743829716944356,1,AdamW,reduce,10,sustained_phonation_e,256,1024,102,0,True,False,0.0004755293485869176,no,34,102,1770264105.6178553,0.7675276752767528,0.8318908522658973,0.6666666666666666,0.48482096349181286,0.72265625,0.7598283499446289,0.5477707006369427,0.7759562841530054,84,0.589041095890411,0.5119047619047619,256,0.8255813953488372,0.25693109595194097,34
denim-sweep-1542,n46y8sis,32214,0.1,VJEPA2_SSV2,mean,0.9,3,0.4919607025091294,1,AdamW,reduce,3,sustained_phonation_e,256,256,131,0,True,False,0.006052380739723353,no,43,131,1770230251.8791173,0.7749077490774908,0.8317706455102777,0.6737967914438503,0.5087937954607045,0.7265625,0.7393410852713178,0.5512820512820513,0.7771739130434783,84,0.5972222222222222,0.5119047619047619,256,0.8313953488372093,0.21381559495518848,43
rare-sweep-2130,k3ck9fyi,93154,0.1,VJEPA2_SSV2,mean,0.9,3,0.27958954642334366,1,AdamW,step,3,sustained_phonation_e,256,256,160,0,True,False,0.0006977197774368586,no,55,160,1770260080.6480756,0.7601476014760148,0.8317105421324679,0.6486486486486487,0.4840611958415746,0.71875,0.7562292358803987,0.5263157894736842,0.7659574468085106,84,0.5882352941176471,0.47619047619047616,256,0.8372093023255814,0.30677553647901956,55
bright-sweep-1223,cjuwzdkm,65607,0.1,VJEPA2_SSV2,mean,0.9,3,0.3471364697489191,1,AdamW,reduce,8,sustained_phonation_e,256,1024,110,0,True,False,0.002166108942234251,no,33,110,1770214549.71969,0.7675276752767528,0.8317105421324679,0.6557377049180327,0.4962232192064123,0.72265625,0.7444629014396456,0.5298013245033113,0.7671957671957672,84,0.5970149253731343,0.47619047619047616,256,0.8430232558139535,0.2657226222317393,33
solar-sweep-1036,vs7p60kq,73849,0.1,VJEPA2_SSV2,mean,0.9,3,0.17667065913807245,1,AdamW,reduce,9,sustained_phonation_e,256,768,71,0,True,False,0.00044295079643384987,no,27,71,1770205054.8485432,0.7675276752767528,0.831650438754658,0.676923076923077,0.48874111457064584,0.72265625,0.7571982281284607,0.5696969696969697,0.7885714285714286,84,0.5802469135802469,0.5595238095238095,256,0.8023255813953488,0.2485401156714292,27
different-sweep-31,7uks9pt0,5157,0.1,VJEPA2_SSV2,mean,0.9,4,0.4398629629662455,1,AdamW,reduce,8,sustained_phonation_e,256,1024,129,0,True,False,2.81620337851674e-05,no,43,129,1770152848.5804183,0.7785977859778598,0.8316504387546579,0.6907216494845361,0.4880788181100824,0.71875,0.760451273532669,0.5609756097560976,0.7840909090909091,84,0.575,0.5476190476190477,256,0.8023255813953488,0.2525079685255764,43
golden-sweep-2381,nx3aw1tr,32265,0.1,VJEPA2_SSV2,mean,0.9,5,0.15970321183810024,1,AdamW,reduce,3,sustained_phonation_e,256,1024,116,0,True,False,0.0003587282815175759,no,38,116,1770272561.4413548,0.7638376383763837,0.8315903353768482,0.6701030927835051,0.48723042253198656,0.734375,0.7611434108527132,0.575,0.7888888888888889,84,0.6052631578947368,0.5476190476190477,256,0.8255813953488372,0.2631646443188675,38
summer-sweep-1922,y0tkx42d,34004,0.1,VJEPA2_SSV2,mean,0.9,4,0.11277909696215144,1,AdamW,reduce,3,sustained_phonation_e,256,768,21,0,True,False,0.0006121851288020546,no,14,21,1770249187.5495129,0.7675276752767528,0.8315302319990384,0.6480446927374302,0.4882290987950849,0.73828125,0.7504152823920266,0.5503355704697986,0.774869109947644,84,0.6307692307692307,0.4880952380952381,256,0.8604651162790697,0.2631763992755394,14
divine-sweep-999,se8vpdki,39027,0.1,VJEPA2_SSV2,mean,0.9,3,0.4481580469057793,1,AdamW,reduce,10,sustained_phonation_e,256,768,61,0,True,False,0.000273156533928698,no,25,61,1770203222.7321775,0.7638376383763837,0.8315302319990383,0.6483516483516484,0.48807587878730463,0.73046875,0.7582364341085271,0.543046357615894,0.7724867724867724,84,0.6119402985074627,0.4880952380952381,256,0.8488372093023255,0.2580731876981937,25
morning-sweep-114,frko5bud,42827,0.1,VJEPA2_SSV2,mean,0.9,3,0.388489692969762,1,AdamW,step,7,sustained_phonation_e,256,512,101,0,True,False,0.0003520058605516246,no,38,101,1770157307.2331612,0.7675276752767528,0.8314100252434187,0.6594594594594595,0.4830675892724322,0.72265625,0.7556063122923589,0.5359477124183006,0.7700534759358288,84,0.5942028985507246,0.4880952380952381,256,0.8372093023255814,0.2861572569463311,38
bright-sweep-2605,eegszir5,20694,0.1,VJEPA2_SSV2,mean,0.9,3,0.3284917817670188,1,SGD,reduce,9,sustained_phonation_e,256,512,72,0,True,False,0.00844123604579089,no,29,72,1770283409.0122364,0.7601476014760148,0.8313499218656089,0.6408839779005525,0.4918572788308907,0.72265625,0.7577519379844961,0.5419354838709678,0.772972972972973,84,0.5915492957746479,0.5,256,0.8313953488372093,0.214847960365497,29
zesty-sweep-654,sdz8n4fl,988,0.1,VJEPA2_SSV2,mean,0.9,4,0.4337638623814232,1,AdamW,step,10,sustained_phonation_e,256,1024,91,0,True,False,0.00029304501014214995,no,30,91,1770185421.0767312,0.7638376383763837,0.8313499218656089,0.6444444444444445,0.488034780394987,0.7421875,0.76031284606866,0.5714285714285714,0.7849462365591398,84,0.6285714285714286,0.5238095238095238,256,0.8488372093023255,0.2361601135595058,30
tough-sweep-292,rxx2j6sk,7650,0.1,VJEPA2_SSV2,mean,0.9,3,0.32142180180164265,1,AdamW,step,6,sustained_phonation_e,256,768,194,0,True,False,0.001145323618961949,no,60,194,1770166793.8650708,0.7638376383763837,0.8312297151099892,0.6666666666666666,0.489696039704819,0.70703125,0.7502768549280177,0.5283018867924528,0.7679558011049724,84,0.56,0.5,256,0.8081395348837209,0.28253878616705175,60
comic-sweep-2587,1qmfr4hw,908,0.1,VJEPA2_SSV2,mean,0.9,5,0.15111235844949228,1,AdamW,step,9,sustained_phonation_e,256,1024,175,0,True,False,0.0002414887199664167,no,51,175,1770282433.1002412,0.7675276752767528,0.8310494049765597,0.6666666666666666,0.4897552169996874,0.7265625,0.7594822812846068,0.5569620253164557,0.7802197802197802,84,0.5945945945945946,0.5238095238095238,256,0.8255813953488372,0.2110943653719212,51
cool-sweep-677,zn05fgvz,38466,0.1,VJEPA2_SSV2,mean,0.9,5,0.4964256555363429,1,AdamW,step,7,sustained_phonation_e,256,512,195,0,True,False,0.00048536401395791415,no,60,195,1770186588.295437,0.7675276752767528,0.8309893015987498,0.6666666666666666,0.48741835047837995,0.72265625,0.7568521594684386,0.5534591194968553,0.7790055248618785,84,0.5866666666666667,0.5238095238095238,256,0.8197674418604651,0.28781752542751593,60
rose-sweep-284,lm7z73lw,79450,0.1,VJEPA2_SSV2,mean,0.9,3,0.27136055447668506,1,AdamW,reduce,7,sustained_phonation_e,256,1024,90,0,True,False,0.00014102341671992064,no,34,90,1770166461.7510996,0.7785977859778598,0.8309893015987498,0.6842105263157895,0.4892074197420775,0.72265625,0.7640503875968992,0.5644171779141104,0.7853107344632768,84,0.5822784810126582,0.5476190476190477,256,0.8081395348837209,0.23783452675594544,34
dutiful-sweep-1336,x9223fbx,58783,0.1,VJEPA2_SSV2,mean,0.9,3,0.17350979588450943,1,AdamW,reduce,7,sustained_phonation_e,256,768,87,0,True,False,0.0003961409968100451,no,30,87,1770219971.7584474,0.7564575645756457,0.8309893015987498,0.6597938144329897,0.49176919438302297,0.71875,0.7602436323366556,0.5443037974683544,0.7747252747252747,84,0.581081081081081,0.5119047619047619,256,0.8197674418604651,0.22765869362567495,30
fanciful-sweep-1385,1fa2injk,20658,0.1,VJEPA2_SSV2,mean,0.9,3,0.32184069542337285,1,AdamW,reduce,8,sustained_phonation_e,256,512,164,0,True,False,0.000397641706772217,no,50,164,1770222471.939095,0.7675276752767528,0.83092919822094,0.6666666666666666,0.4887892766632277,0.73828125,0.7700027685492803,0.5562913907284768,0.7777777777777778,84,0.6268656716417911,0.5,256,0.8546511627906976,0.22995628452882533,50
peachy-sweep-222,txf36rb3,21973,0.1,VJEPA2_SSV2,mean,0.9,3,0.26271018945919555,1,AdamW,step,6,sustained_phonation_e,256,768,122,0,True,False,0.00030452531046313593,no,42,122,1770163244.9475834,0.7675276752767528,0.83092919822094,0.6666666666666666,0.4926945224019434,0.73046875,0.7607281284606866,0.5605095541401274,0.7814207650273224,84,0.6027397260273972,0.5238095238095238,256,0.8313953488372093,0.2187190757292073,42
prime-sweep-932,gja3gf2c,84501,0.1,VJEPA2_SSV2,mean,0.9,3,0.29144888168666216,1,AdamW,reduce,10,sustained_phonation_e,256,1024,138,0,True,False,0.00013095835899976836,no,46,138,1770199748.4909427,0.7749077490774908,0.83092919822094,0.6702702702702703,0.48997303458597385,0.7265625,0.7616971207087486,0.5454545454545454,0.7741935483870968,84,0.6,0.5,256,0.8372093023255814,0.2392617965616831,46
revived-sweep-2839,k0lwc0n9,18645,0.1,VJEPA2_SSV2,mean,0.9,5,0.15954235321838284,1,AdamW,step,7,sustained_phonation_e,256,512,24,0,True,False,0.0003755262493561058,no,15,24,1770294896.1037197,0.7749077490774908,0.83092919822094,0.6432748538011696,0.48856789951394847,0.734375,0.7556063122923588,0.5405405405405406,0.7708333333333334,84,0.625,0.47619047619047616,256,0.8604651162790697,0.2638836699288066,15
fanciful-sweep-361,md2oxspp,16267,0.1,VJEPA2_SSV2,mean,0.9,5,0.33018903469739797,1,AdamW,step,8,sustained_phonation_e,256,768,163,0,True,False,0.0004225346579266912,no,55,163,1770170378.835219,0.7527675276752768,0.8308690948431302,0.6455026455026455,0.4849930728933468,0.73046875,0.7599667774086378,0.5490196078431373,0.7754010695187166,84,0.6086956521739131,0.5,256,0.8430232558139535,0.25902966100995134,55
valiant-sweep-160,57ieap4m,9523,0.1,VJEPA2_SSV2,mean,0.9,3,0.2713734581127912,1,AdamW,step,5,sustained_phonation_e,256,1024,190,0,True,False,2.971689234566201e-05,no,68,190,1770159917.292635,0.7638376383763837,0.8308089914653204,0.6631578947368421,0.48468660450509554,0.72265625,0.7616279069767442,0.5644171779141104,0.7853107344632768,84,0.5822784810126582,0.5476190476190477,256,0.8081395348837209,0.26047400015641037,68
misunderstood-sweep-786,nb7y6j9p,60874,0.1,VJEPA2_SSV2,mean,0.9,3,0.297614810716761,1,AdamW,reduce,8,sustained_phonation_e,256,256,146,0,True,False,0.0007452759630835596,no,47,146,1770192315.1324294,0.7675276752767528,0.8306887847097006,0.6701570680628273,0.490449417121296,0.71484375,0.7604512735326688,0.5408805031446541,0.7734806629834254,84,0.5733333333333334,0.5119047619047619,256,0.813953488372093,0.2510624311076916,47
neat-sweep-1701,v42likrx,56036,0.1,VJEPA2_SSV2,mean,0.9,3,0.14362569113383034,1,AdamW,step,5,sustained_phonation_e,256,768,171,0,True,False,0.0003951477153468439,no,50,171,1770238409.047691,0.7638376383763837,0.8306887847097006,0.6595744680851063,0.4854726215130289,0.72265625,0.7613510520487263,0.5419354838709678,0.772972972972973,84,0.5915492957746479,0.5,256,0.8313953488372093,0.2523109038186267,50
spring-sweep-396,l5kec3hr,64823,0.1,VJEPA2_SSV2,mean,0.9,5,0.318600034965132,1,AdamW,step,5,sustained_phonation_e,256,768,43,0,True,False,0.00030549610918711583,no,23,43,1770172175.0795426,0.7712177121771218,0.8306286813318909,0.6804123711340206,0.49133088513933865,0.7265625,0.7573366555924695,0.573170731707317,0.7897727272727273,84,0.5875,0.5595238095238095,256,0.8081395348837209,0.2361321817568647,23
blooming-sweep-463,bg29szqz,63753,0.1,VJEPA2_SSV2,mean,0.9,4,0.3372923479954921,1,AdamW,step,10,sustained_phonation_e,256,1024,67,0,True,False,9.684267092495134e-05,no,27,67,1770175488.5508502,0.7749077490774908,0.830568577954081,0.6772486772486772,0.4880294463291379,0.7265625,0.7599667774086378,0.5625,0.7833333333333333,84,0.5921052631578947,0.5357142857142857,256,0.8197674418604651,0.2518720023515748,27
devout-sweep-2483,20or4qgd,50631,0.1,VJEPA2_SSV2,mean,0.9,5,0.21745622716385485,1,AdamW,step,7,sustained_phonation_e,256,256,147,0,True,False,0.0007046818941657772,no,44,147,1770277490.995952,0.7712177121771218,0.830568577954081,0.6666666666666666,0.4915418444524392,0.71875,0.751453488372093,0.5263157894736842,0.7659574468085106,84,0.5882352941176471,0.47619047619047616,256,0.8372093023255814,0.2718832044582057,44
copper-sweep-1854,fdig1wg9,78876,0.1,VJEPA2_SSV2,mean,0.9,5,0.3684240903622752,1,AdamW,step,7,sustained_phonation_e,256,1024,167,0,True,False,0.0002179022616112278,no,52,167,1770245919.7254448,0.7675276752767528,0.8305084745762712,0.6594594594594595,0.4865471505151024,0.73828125,0.7592746400885936,0.5620915032679739,0.7807486631016043,84,0.6231884057971014,0.5119047619047619,256,0.8488372093023255,0.25522363670473175,52
effortless-sweep-1032,ys392v6y,38271,0.1,VJEPA2_SSV2,mean,0.9,4,0.31958273543260335,1,AdamW,step,5,sustained_phonation_e,256,1024,123,0,True,False,0.00013817711161628565,no,40,123,1770204902.970993,0.7859778597785978,0.8305084745762712,0.6947368421052632,0.4868161682713076,0.734375,0.7596899224806202,0.5641025641025641,0.782608695652174,84,0.6111111111111112,0.5238095238095238,256,0.8372093023255814,0.2560962915905123,40
clean-sweep-2128,jtmn6akv,39633,0.1,VJEPA2_SSV2,mean,0.9,4,0.17391523164373324,1,AdamW,reduce,4,sustained_phonation_e,256,512,156,0,True,False,0.0003487288892834929,yes,49,156,1770259977.0871403,0.7638376383763837,0.8304483711984613,0.6595744680851063,0.48823068986519674,0.7265625,0.758374861572536,0.5512820512820513,0.7771739130434783,84,0.5972222222222222,0.5119047619047619,256,0.8313953488372093,0.2598483707846665,49
neat-sweep-2460,52cpc9d1,14743,0.1,VJEPA2_SSV2,mean,0.9,4,0.3411657667086473,1,AdamW,reduce,7,sustained_phonation_e,256,768,131,0,True,False,0.00022883090884765123,no,49,131,1770276394.8241549,0.7675276752767528,0.8303281644428417,0.6594594594594595,0.4916591626691642,0.734375,0.7618355481727574,0.5584415584415584,0.7795698924731183,84,0.6142857142857143,0.5119047619047619,256,0.8430232558139535,0.2246976122865832,49
expert-sweep-2249,k7jiwbri,94115,0.1,VJEPA2_SSV2,mean,0.9,5,0.1857134774649888,1,AdamW,reduce,10,sustained_phonation_e,256,1024,89,0,True,False,0.00020644918671041676,no,32,89,1770265929.0890348,0.7675276752767528,0.8303281644428417,0.6594594594594595,0.4899627040673006,0.73828125,0.758720930232558,0.567741935483871,0.7837837837837838,84,0.6197183098591549,0.5238095238095238,256,0.8430232558139535,0.22940854752451423,32
fancy-sweep-2421,ajv1kiq9,33155,0.1,VJEPA2_SSV2,mean,0.9,4,0.4578778303044879,1,AdamW,reduce,10,sustained_phonation_e,256,1024,103,0,True,False,0.00024193321115399907,no,35,103,1770274415.902193,0.7564575645756457,0.8303281644428416,0.65625,0.48833100514218375,0.73046875,0.7603820598006644,0.5660377358490566,0.7845303867403315,84,0.6,0.5357142857142857,256,0.8255813953488372,0.25620029151924256,35
sunny-sweep-1626,jolkc7uw,11355,0.1,VJEPA2_SSV2,mean,0.9,4,0.13208224969024088,1,AdamW,step,6,sustained_phonation_e,256,512,196,0,True,False,0.0005307235720180214,no,56,196,1770234399.231339,0.7564575645756457,0.8302680610650318,0.6292134831460674,0.49408318657716704,0.7265625,0.7501384274640088,0.5333333333333333,0.7684210526315789,84,0.6060606060606061,0.47619047619047616,256,0.8488372093023255,0.25730247565401276,56
stellar-sweep-2107,hjcfvdew,42451,0.1,VJEPA2_SSV2,mean,0.9,5,0.28027469484676537,1,AdamW,reduce,8,sustained_phonation_e,256,768,85,0,True,False,0.0015125155982806395,no,34,85,1770258930.4260397,0.7638376383763837,0.8301478543094123,0.673469387755102,0.4961105888620074,0.7265625,0.748546511627907,0.5625,0.7833333333333333,84,0.5921052631578947,0.5357142857142857,256,0.8197674418604651,0.2653459591594169,34
atomic-sweep-2325,bf303ryh,95803,0.1,VJEPA2_SSV2,mean,0.9,3,0.2333109064490211,1,AdamW,reduce,4,sustained_phonation_e,256,1024,98,0,True,False,0.00020714023520831783,no,32,98,1770269721.4533913,0.7712177121771218,0.8301478543094122,0.6666666666666666,0.48897153513018055,0.734375,0.7641888150609081,0.5526315789473685,0.776595744680851,84,0.6176470588235294,0.5,256,0.8488372093023255,0.23851960073641643,32
different-sweep-864,k9sdoy73,58495,0.1,VJEPA2_SSV2,mean,0.9,5,0.19451164350095895,1,AdamW,reduce,8,sustained_phonation_e,256,768,191,0,True,False,0.0002802198836706975,no,56,191,1770196320.3664632,0.7712177121771218,0.8301478543094122,0.6477272727272727,0.4906742770733429,0.73046875,0.7592054263565892,0.5369127516778524,0.7696335078534031,84,0.6153846153846154,0.47619047619047616,256,0.8546511627906976,0.26912802966629584,56
curious-sweep-1441,sigqgvby,22439,0.1,VJEPA2_SSV2,mean,0.9,3,0.14319725841669678,1,AdamW,step,8,sustained_phonation_e,256,768,78,0,True,False,0.0005203436104205104,no,27,78,1770225254.4507787,0.7638376383763837,0.8300877509316025,0.627906976744186,0.4862674793634027,0.72265625,0.7540143964562569,0.5234899328859061,0.7643979057591623,84,0.6,0.4642857142857143,256,0.8488372093023255,0.33429614969385346,27
youthful-sweep-2538,u7dhh722,79746,0.1,VJEPA2_SSV2,mean,0.9,3,0.4356939167463284,1,AdamW,reduce,8,sustained_phonation_e,256,768,168,0,True,False,0.00034750021744312654,yes,49,168,1770280105.370624,0.7785977859778598,0.8300877509316024,0.6842105263157895,0.4882716549718512,0.71875,0.7571982281284607,0.5555555555555556,0.7808988764044944,84,0.5769230769230769,0.5357142857142857,256,0.8081395348837209,0.281856234480695,49
pious-sweep-1727,obbcea65,69900,0.1,VJEPA2_SSV2,mean,0.9,3,0.34313747294819175,1,AdamW,reduce,8,sustained_phonation_e,256,1024,130,0,True,False,0.0003299546630073395,no,43,130,1770239628.3296266,0.7638376383763837,0.8300877509316024,0.6701030927835051,0.4936659087554115,0.7109375,0.7586517165005536,0.5542168674698795,0.7816091954022989,84,0.5609756097560976,0.5476190476190477,256,0.7906976744186046,0.24686432660110597,43
solar-sweep-2244,sysphmnf,32896,0.1,VJEPA2_SSV2,mean,0.9,5,0.3057005224420938,1,AdamW,step,6,sustained_phonation_e,256,1024,155,0,True,False,0.00012957497516571267,no,44,155,1770265703.4992614,0.7638376383763837,0.8300276475537927,0.6666666666666666,0.4882957451457907,0.734375,0.7609357696566998,0.575,0.7888888888888889,84,0.6052631578947368,0.5476190476190477,256,0.8255813953488372,0.251789740188335,44
golden-sweep-412,4ndrwgqt,47568,0.1,VJEPA2_SSV2,mean,0.9,3,0.31133906733544103,1,AdamW,step,5,sustained_phonation_e,256,768,51,0,True,False,0.00014076944347615885,no,23,51,1770172936.428198,0.7675276752767528,0.8300276475537925,0.6594594594594595,0.4850909544972916,0.72265625,0.7528377630121816,0.5419354838709678,0.772972972972973,84,0.5915492957746479,0.5,256,0.8313953488372093,0.2751899138698733,23
restful-sweep-2145,b3v7l10r,89143,0.1,VJEPA2_SSV2,mean,0.9,5,0.11838727456049664,1,AdamW,step,3,sustained_phonation_e,256,512,53,0,True,False,0.0005372166343486366,no,25,53,1770260810.9928546,0.7601476014760148,0.8299675441759827,0.6408839779005525,0.4906861630313071,0.73046875,0.760797342192691,0.5369127516778524,0.7696335078534031,84,0.6153846153846154,0.47619047619047616,256,0.8546511627906976,0.2684979957293689,25
lively-sweep-1945,mrmyvxl1,32023,0.1,VJEPA2_SSV2,mean,0.9,3,0.2537498800697955,1,AdamW,reduce,5,sustained_phonation_e,256,1024,131,0,True,False,0.00010641073066966264,no,42,131,1770250474.2835023,0.7675276752767528,0.8299675441759827,0.6666666666666666,0.4894221493238893,0.7265625,0.761281838316722,0.5569620253164557,0.7802197802197802,84,0.5945945945945946,0.5238095238095238,256,0.8255813953488372,0.24538268669833985,42
sparkling-sweep-1714,hehlz1f8,72353,0.1,VJEPA2_SSV2,mean,0.9,4,0.27642237982111495,1,AdamW,reduce,8,sustained_phonation_e,256,1024,105,0,True,False,0.00038511028806091424,no,34,105,1770238964.4959788,0.7601476014760148,0.8299675441759826,0.6408839779005525,0.4855601981117277,0.7265625,0.7607281284606866,0.5394736842105263,0.7712765957446809,84,0.6029411764705882,0.4880952380952381,256,0.8430232558139535,0.2706195724204304,34
hearty-sweep-1125,d30cm3dn,67592,0.1,VJEPA2_SSV2,mean,0.9,4,0.21527469258332124,1,AdamW,step,6,sustained_phonation_e,256,768,113,0,True,False,0.0001713555435564885,no,42,113,1770209729.307983,0.7675276752767528,0.8299675441759826,0.6631016042780749,0.4923601066934226,0.73828125,0.7621816168327796,0.5732484076433121,0.7868852459016393,84,0.6164383561643836,0.5357142857142857,256,0.8372093023255814,0.22640090393341653,42
rich-sweep-1260,d40ee3g4,3621,0.1,VJEPA2_SSV2,mean,0.9,5,0.20407154988532092,1,AdamW,reduce,7,sustained_phonation_e,256,1024,96,0,True,False,0.0005340318550192344,no,34,96,1770216523.7178252,0.7638376383763837,0.8299074407981728,0.6631578947368421,0.48588517495187006,0.72265625,0.7558831672203764,0.5359477124183006,0.7700534759358288,84,0.5942028985507246,0.4880952380952381,256,0.8372093023255814,0.3017244283261338,34
noble-sweep-543,xyja8zgp,38904,0.1,VJEPA2_SSV2,mean,0.9,5,0.112435738456904,1,AdamW,reduce,10,sustained_phonation_e,256,768,102,0,True,False,0.0003183199582221755,yes,38,102,1770179685.0682244,0.7675276752767528,0.829847337420363,0.6666666666666666,0.4876601465073898,0.73046875,0.7551910299003323,0.5605095541401274,0.7814207650273224,84,0.6027397260273972,0.5238095238095238,256,0.8313953488372093,0.2787534800486836,38
sleek-sweep-764,i4r7gp1b,16434,0.1,VJEPA2_SSV2,mean,0.9,3,0.16231059548962326,1,AdamW,reduce,5,sustained_phonation_e,256,1024,65,0,True,False,0.0002176836580285568,no,23,65,1770191165.8399005,0.7527675276752768,0.829847337420363,0.6298342541436464,0.4865361260751957,0.7265625,0.7649501661129569,0.5394736842105263,0.7712765957446809,84,0.6029411764705882,0.4880952380952381,256,0.8430232558139535,0.24981522475316273,23
lucky-sweep-2846,1uz5gz4o,15682,0.1,VJEPA2_SSV2,mean,0.9,4,0.380119987339545,1,AdamW,reduce,6,sustained_phonation_e,256,1024,94,0,True,False,9.100555736447911e-05,no,30,94,1770295272.4021657,0.7675276752767528,0.829847337420363,0.6666666666666666,0.4876846994421139,0.73046875,0.7581672203765227,0.5660377358490566,0.7845303867403315,84,0.6,0.5357142857142857,256,0.8255813953488372,0.2505805313102598,30
graceful-sweep-1982,26przfge,36158,0.1,VJEPA2_SSV2,mean,0.9,3,0.30615558291273437,1,AdamW,reduce,5,sustained_phonation_e,256,1024,83,0,True,False,0.00014147755813785222,no,30,83,1770252399.8334172,0.7638376383763837,0.8297872340425532,0.6595744680851063,0.48814576820253885,0.73046875,0.7569905869324474,0.5605095541401274,0.7814207650273224,84,0.6027397260273972,0.5238095238095238,256,0.8313953488372093,0.2681717392874927,30
fiery-sweep-559,vmr5a2me,92132,0.1,VJEPA2_SSV2,mean,0.9,3,0.2788885435757203,1,AdamW,step,5,sustained_phonation_e,256,1024,114,0,True,False,0.0004101431540666176,no,39,114,1770180514.7914915,0.7564575645756457,0.8297872340425531,0.6373626373626373,0.4885529704199506,0.73046875,0.7616279069767441,0.543046357615894,0.7724867724867724,84,0.6119402985074627,0.4880952380952381,256,0.8488372093023255,0.26774460513417314,39
unique-sweep-2428,wzycu0zz,92257,0.1,VJEPA2_SSV2,mean,0.9,5,0.29383663880726957,1,AdamW,reduce,6,sustained_phonation_e,256,256,108,0,True,False,0.0004983231589246985,no,37,108,1770274799.702185,0.7675276752767528,0.8296670272869335,0.6519337016574586,0.48664743829917206,0.73046875,0.7556755260243633,0.5490196078431373,0.7754010695187166,84,0.6086956521739131,0.5,256,0.8430232558139535,0.2742679761192663,37
magic-sweep-757,inolhkgp,59032,0.1,VJEPA2_SSV2,mean,0.9,5,0.2875911877904981,1,AdamW,step,7,sustained_phonation_e,256,768,132,0,True,False,3.216771101329887e-05,no,43,132,1770190835.7330527,0.7712177121771218,0.8296670272869335,0.6804123711340206,0.49174207426965016,0.73046875,0.7655730897009967,0.5766871165644172,0.7909604519774012,84,0.5949367088607594,0.5595238095238095,256,0.813953488372093,0.2420621722694335,43
rich-sweep-1547,6jtvz18k,84011,0.1,VideoPrism,mean,0.9,3,0.34222164673555766,1,AdamW,reduce,9,sustained_phonation_e,256,1024,97,0,True,False,0.0030309094775165264,no,28,97,1770230438.5304732,0.7564575645756457,0.8296069239091238,0.6732673267326733,0.5404024104350608,0.75,0.8092469545957919,0.6190476190476191,0.813953488372093,84,0.6190476190476191,0.6190476190476191,256,0.813953488372093,0.2629849261384669,28
fast-sweep-836,wfx7y22y,41075,0.1,VJEPA2_SSV2,mean,0.9,3,0.19130780874975592,1,AdamW,reduce,8,sustained_phonation_e,256,1024,88,0,True,False,0.0005476286251979916,no,32,88,1770194813.3615174,0.7564575645756457,0.8296069239091237,0.6632653061224489,0.49785055247620025,0.72265625,0.7640503875968992,0.5644171779141104,0.7853107344632768,84,0.5822784810126582,0.5476190476190477,256,0.8081395348837209,0.20740958805975876,32
crimson-sweep-1406,wdjj5mak,59459,0.1,VJEPA2_SSV2,mean,0.9,4,0.3170381421486679,1,AdamW,step,8,sustained_phonation_e,256,1024,42,0,True,False,0.0005616709923083801,no,22,42,1770223458.5909538,0.7490774907749077,0.8296069239091237,0.6304347826086957,0.48392814661743894,0.7109375,0.7551218161683277,0.5194805194805194,0.7634408602150538,84,0.5714285714285714,0.47619047619047616,256,0.8255813953488372,0.2934881143453645,22
whole-sweep-1059,btbe5krj,82997,0.1,VJEPA2_SSV2,mean,0.9,5,0.4012997669168029,1,AdamW,reduce,3,sustained_phonation_e,256,768,163,0,True,False,0.0002504009845731016,no,55,163,1770206290.327989,0.7675276752767528,0.8296069239091237,0.6594594594594595,0.4863211083676102,0.734375,0.7601744186046512,0.5526315789473685,0.776595744680851,84,0.6176470588235294,0.5,256,0.8488372093023255,0.2729931720873205,55
solar-sweep-485,shhd7fw4,28331,0.1,VJEPA2_SSV2,mean,0.9,3,0.3435916383422962,1,AdamW,step,8,sustained_phonation_e,256,256,79,0,True,False,8.886626345574196e-05,no,33,79,1770176639.9853,0.7675276752767528,0.8295468205313139,0.6735751295336787,0.48709362393375694,0.72265625,0.7569905869324475,0.5696969696969697,0.7885714285714286,84,0.5802469135802469,0.5595238095238095,256,0.8023255813953488,0.2928881642779684,33
proud-sweep-320,3c36eulx,35455,0.1,VJEPA2_SSV2,mean,0.9,4,0.38015080736073015,1,AdamW,reduce,5,sustained_phonation_e,256,512,119,0,True,False,0.0004674255376453928,no,45,119,1770168282.8653722,0.7675276752767528,0.8295468205313138,0.6480446927374302,0.4900847385290364,0.734375,0.7588593576965671,0.5466666666666666,0.7736842105263158,84,0.6212121212121212,0.4880952380952381,256,0.8546511627906976,0.275607127241972,45
fearless-sweep-2164,u9g920zl,97343,0.1,VJEPA2_SSV2,mean,0.9,3,0.153892883830998,1,AdamW,reduce,3,sustained_phonation_e,256,1024,104,0,True,False,0.00026981295106292966,no,33,104,1770261837.0809064,0.7564575645756457,0.8294867171535041,0.6451612903225806,0.4861616866175099,0.72265625,0.7573366555924695,0.5419354838709678,0.772972972972973,84,0.5915492957746479,0.5,256,0.8313953488372093,0.2501708916047724,33
azure-sweep-803,nflkgwrh,44601,0.1,VJEPA2_SSV2,mean,0.9,3,0.19564646168493505,1,AdamW,reduce,4,sustained_phonation_e,256,768,155,0,True,False,0.0001691163568654373,no,49,155,1770193175.0811343,0.7675276752767528,0.8294867171535041,0.6557377049180327,0.4886499603736005,0.7265625,0.7594130675526025,0.5394736842105263,0.7712765957446809,84,0.6029411764705882,0.4880952380952381,256,0.8430232558139535,0.2519506889630139,49
tough-sweep-1365,8hq8tmbr,7925,0.1,VJEPA2_SSV2,mean,0.9,5,0.403613961931671,1,AdamW,reduce,3,sustained_phonation_e,256,1024,157,0,True,False,0.0001443834379984715,no,48,157,1770221402.8209825,0.7638376383763837,0.829486717153504,0.673469387755102,0.48805754255104766,0.7265625,0.7591362126245847,0.5625,0.7833333333333333,84,0.5921052631578947,0.5357142857142857,256,0.8197674418604651,0.2684143595094603,48
wise-sweep-2695,nfhwtvvo,47610,0.1,VJEPA2_SSV2,mean,0.9,4,0.3163750029718027,1,AdamW,reduce,6,sustained_phonation_e,256,1024,142,0,True,False,0.00015236560046332366,no,47,142,1770287867.7327664,0.7712177121771218,0.829486717153504,0.6736842105263158,0.4900282916107741,0.73046875,0.7583056478405314,0.5660377358490566,0.7845303867403315,84,0.6,0.5357142857142857,256,0.8255813953488372,0.23156388939880743,47
stellar-sweep-428,xlp4vcaf,41751,0.1,VJEPA2_SSV2,mean,0.9,5,0.28829490317804735,1,AdamW,reduce,8,sustained_phonation_e,256,256,103,0,True,False,0.00013259868583687505,no,40,103,1770173683.4005682,0.7749077490774908,0.829486717153504,0.6839378238341969,0.4908307445445184,0.72265625,0.758374861572536,0.5696969696969697,0.7885714285714286,84,0.5802469135802469,0.5595238095238095,256,0.8023255813953488,0.28529495097757357,40
elated-sweep-687,fdi0aw2a,36658,0.1,VJEPA2_SSV2,mean,0.9,4,0.4104653380122387,1,AdamW,reduce,3,sustained_phonation_e,256,1024,88,0,True,False,0.0003345301692463369,yes,34,88,1770187111.8320093,0.7601476014760148,0.8294266137756943,0.6632124352331606,0.4888439613954608,0.71875,0.755813953488372,0.5443037974683544,0.7747252747252747,84,0.581081081081081,0.5119047619047619,256,0.8197674418604651,0.25850544930473573,34
noble-sweep-2923,q945ratf,22568,0.1,VJEPA2_SSV2,mean,0.9,5,0.3571614605060932,1,AdamW,reduce,4,sustained_phonation_e,256,1024,180,0,True,False,0.0001901208161143068,no,61,180,1770299087.8896472,0.7712177121771218,0.8294266137756943,0.6804123711340206,0.4903074744882619,0.73046875,0.7615586932447397,0.5766871165644172,0.7909604519774012,84,0.5949367088607594,0.5595238095238095,256,0.813953488372093,0.2595810223885668,61
fiery-sweep-894,fcmy7wy8,61626,0.1,VJEPA2_SSV2,mean,0.9,3,0.2071646672740653,1,AdamW,reduce,10,sustained_phonation_e,256,768,110,0,True,False,0.0001812083552846081,no,38,110,1770197865.152449,0.7638376383763837,0.8294266137756943,0.6595744680851063,0.4915538896493806,0.7265625,0.7595514950166112,0.5679012345679012,0.7865168539325843,84,0.5897435897435898,0.5476190476190477,256,0.813953488372093,0.24335876252593064,38
fragrant-sweep-2278,olr35xht,49284,0.1,VJEPA2_SSV2,mean,0.9,4,0.3251522884788235,1,AdamW,step,10,sustained_phonation_e,256,768,190,0,True,False,0.00040015723391315886,no,62,190,1770267436.9564552,0.7675276752767528,0.8293665103978844,0.6519337016574586,0.4906199391917549,0.7265625,0.75546788482835,0.5333333333333333,0.7684210526315789,84,0.6060606060606061,0.47619047619047616,256,0.8488372093023255,0.2601225737149153,62
wandering-sweep-918,eg8awrsx,36187,0.1,VJEPA2_SSV2,mean,0.9,5,0.3506746393243263,1,AdamW,reduce,6,sustained_phonation_e,256,512,98,0,True,False,0.0004885738121916959,no,35,98,1770199080.008011,0.7601476014760148,0.8293665103978843,0.6632124352331606,0.4901994561357252,0.71875,0.760797342192691,0.55,0.7777777777777778,84,0.5789473684210527,0.5238095238095238,256,0.813953488372093,0.2696814251139881,35
flowing-sweep-166,abvczzxw,48606,0.1,VJEPA2_SSV2,mean,0.9,4,0.21971631864323588,1,AdamW,reduce,6,sustained_phonation_e,256,1024,167,0,True,False,0.00017652605532912158,no,53,167,1770160221.3977966,0.7785977859778598,0.8293064070200746,0.6842105263157895,0.4898599518181213,0.73046875,0.7584440753045404,0.5714285714285714,0.7877094972067039,84,0.5974025974025974,0.5476190476190477,256,0.8197674418604651,0.2459666399451775,53
fallen-sweep-217,6he119tw,24207,0.1,VJEPA2_SSV2,mean,0.9,5,0.4184457484039608,1,AdamW,step,7,sustained_phonation_e,256,1024,87,0,True,False,0.00014221115291269672,no,36,87,1770163037.9697213,0.7601476014760148,0.8293064070200745,0.6486486486486487,0.4879685169656338,0.7265625,0.764811738648948,0.5454545454545454,0.7741935483870968,84,0.6,0.5,256,0.8372093023255814,0.2461610056035887,36
snowy-sweep-2797,zaym1455,30533,0.1,VJEPA2_SSV2,mean,0.9,4,0.1453695734603332,1,AdamW,reduce,6,sustained_phonation_e,256,512,128,0,True,False,0.00018180410317722293,no,45,128,1770292880.7287896,0.7638376383763837,0.8293064070200745,0.6701030927835051,0.4911199706946792,0.71484375,0.7560215946843853,0.546583850931677,0.776536312849162,84,0.5714285714285714,0.5238095238095238,256,0.8081395348837209,0.2744653038377684,45
fanciful-sweep-2961,e9q31rt1,63831,0.1,VJEPA2_SSV2,mean,0.9,4,0.27436478571760303,1,AdamW,step,4,sustained_phonation_e,256,1024,174,0,True,False,9.25945375924598e-05,no,57,174,1770300961.614113,0.7675276752767528,0.8293064070200745,0.6735751295336787,0.49011218085940034,0.7265625,0.7579595791805094,0.5679012345679012,0.7865168539325843,84,0.5897435897435898,0.5476190476190477,256,0.813953488372093,0.2678666999184988,57
kind-sweep-584,qzoomlp6,53526,0.1,VJEPA2_SSV2,mean,0.9,5,0.11380134152513804,1,AdamW,step,5,sustained_phonation_e,256,256,30,0,True,False,0.0004512707435535606,no,14,30,1770181783.2812266,0.7712177121771218,0.8293064070200745,0.6770833333333334,0.490156447315568,0.72265625,0.7538067552602438,0.5477707006369427,0.7759562841530054,84,0.589041095890411,0.5119047619047619,256,0.8255813953488372,0.26696804177954914,14
hearty-sweep-2801,v72inp1s,77327,0.1,VJEPA2_SSV2,mean,0.9,5,0.13687975241035702,1,AdamW,step,6,sustained_phonation_e,256,768,121,0,True,False,5.0693690597068095e-05,no,37,121,1770293052.0540235,0.7712177121771218,0.8292463036422647,0.6736842105263158,0.49028204134029657,0.73046875,0.7610741971207088,0.5660377358490566,0.7845303867403315,84,0.6,0.5357142857142857,256,0.8255813953488372,0.23892088198080297,37
apricot-sweep-1096,gzqbcz0r,13810,0.1,VJEPA2_SSV2,mean,0.9,5,0.33922419466074044,1,AdamW,reduce,7,sustained_phonation_e,256,512,113,0,True,False,0.0006172345022383602,no,37,113,1770208158.667802,0.7675276752767528,0.8292463036422647,0.6701570680628273,0.4937225184317445,0.72265625,0.7567137320044297,0.5590062111801242,0.7821229050279329,84,0.5844155844155844,0.5357142857142857,256,0.813953488372093,0.26098102270587675,37
wandering-sweep-2766,dtpjxxhq,65470,0.1,VJEPA2_SSV2,mean,0.9,3,0.2587136232194611,1,AdamW,step,10,sustained_phonation_e,256,256,86,0,True,False,0.0024648256855013284,no,28,86,1770291442.2786784,0.7749077490774908,0.8292463036422647,0.6839378238341969,0.5044645792443814,0.71484375,0.7465393133997784,0.5575757575757576,0.7828571428571428,84,0.5679012345679012,0.5476190476190477,256,0.7965116279069767,0.2617376524258435,28
celestial-sweep-1942,fonepq7a,88057,0.1,VJEPA2_SSV2,mean,0.9,3,0.2658727258637451,1,AdamW,reduce,6,sustained_phonation_e,256,1024,81,0,True,False,0.0001726362314129956,no,28,81,1770250292.917139,0.7675276752767528,0.8292463036422647,0.6701570680628273,0.4922275736763029,0.72265625,0.7578211517165007,0.5534591194968553,0.7790055248618785,84,0.5866666666666667,0.5238095238095238,256,0.8197674418604651,0.250115475397769,28
ruby-sweep-1975,671afz7t,56452,0.1,VJEPA2_SSV2,mean,0.9,5,0.32235023486902553,1,AdamW,step,10,sustained_phonation_e,256,512,189,0,True,False,0.0004703566444163684,no,58,189,1770252058.2451577,0.7601476014760148,0.8292463036422647,0.6666666666666666,0.4954242523745857,0.71484375,0.7574058693244741,0.562874251497006,0.7861271676300579,84,0.5662650602409639,0.5595238095238095,256,0.7906976744186046,0.26604657299150297,58
serene-sweep-846,f2znaa3i,41507,0.1,VJEPA2_SSV2,mean,0.9,5,0.3350991073694568,1,AdamW,reduce,9,sustained_phonation_e,256,1024,174,0,True,False,0.0004786236316952055,no,52,174,1770195352.1826148,0.7601476014760148,0.8292463036422647,0.632768361581921,0.4888881915609775,0.73046875,0.7613510520487264,0.543046357615894,0.7724867724867724,84,0.6119402985074627,0.4880952380952381,256,0.8488372093023255,0.27530968479993867,52
skilled-sweep-778,ngnu2t6e,69137,0.1,VJEPA2_SSV2,mean,0.9,3,0.16809274033163102,1,AdamW,step,8,sustained_phonation_e,256,1024,166,0,True,False,0.00017928846439191468,no,49,166,1770191870.5142517,0.7675276752767528,0.8291862002644549,0.6594594594594595,0.48734919303457674,0.7265625,0.7583748615725361,0.5454545454545454,0.7741935483870968,84,0.6,0.5,256,0.8372093023255814,0.25173160239932985,49
dulcet-sweep-972,zqfm2dhf,15495,0.1,VJEPA2_SSV2,mean,0.9,3,0.3695383812651486,1,AdamW,step,8,sustained_phonation_e,256,1024,76,0,True,False,0.00019579139311701708,no,29,76,1770201802.7633057,0.7601476014760148,0.8291862002644549,0.644808743169399,0.4879731443535358,0.734375,0.76031284606866,0.5526315789473685,0.776595744680851,84,0.6176470588235294,0.5,256,0.8488372093023255,0.2668503542256549,29
prime-sweep-809,223yjet2,87840,0.1,VJEPA2_SSV2,mean,0.9,3,0.3630943869721742,1,AdamW,reduce,8,sustained_phonation_e,256,512,166,0,True,False,3.4292516555677664e-05,no,50,166,1770193393.191226,0.7712177121771218,0.8291862002644549,0.6736842105263158,0.4899861091177402,0.72265625,0.7585132890365448,0.5644171779141104,0.7853107344632768,84,0.5822784810126582,0.5476190476190477,256,0.8081395348837209,0.24417326787138377,50
rich-sweep-2641,ibw8yzcy,43580,0.1,VJEPA2_SSV2,mean,0.9,4,0.24188791496124729,1,AdamW,reduce,9,sustained_phonation_e,256,1024,84,0,True,False,0.0005413936518690105,no,31,84,1770285252.022585,0.7527675276752768,0.8291862002644549,0.6127167630057804,0.4934971114806144,0.734375,0.7541528239202658,0.5405405405405406,0.7708333333333334,84,0.625,0.47619047619047616,256,0.8604651162790697,0.29419958688379305,31
royal-sweep-418,jj67agqf,26344,0.1,VJEPA2_SSV2,mean,0.9,5,0.30128468470341063,1,AdamW,reduce,9,sustained_phonation_e,256,1024,116,0,True,False,5.120670361675577e-05,no,42,116,1770173233.7783358,0.7638376383763837,0.8291862002644548,0.6631578947368421,0.4889926217578874,0.734375,0.7644656699889257,0.569620253164557,0.7857142857142857,84,0.6081081081081081,0.5357142857142857,256,0.8313953488372093,0.23878355215235456,42
unique-sweep-1703,cw8x3vnw,13335,0.1,VJEPA2_SSV2,mean,0.9,3,0.10003189147481072,1,AdamW,reduce,8,sustained_phonation_e,256,1024,82,0,True,False,8.611561615002407e-05,no,32,82,1770238504.2379997,0.7712177121771218,0.8291260968866451,0.6804123711340206,0.4935848598550606,0.73046875,0.7582364341085271,0.5660377358490566,0.7845303867403315,84,0.6,0.5357142857142857,256,0.8255813953488372,0.23425649954536096,32
eternal-sweep-1983,ibx8emwi,16963,0.1,VJEPA2_SSV2,mean,0.9,5,0.10849281423377738,1,AdamW,step,9,sustained_phonation_e,256,1024,175,0,True,False,0.00015020682583395117,no,53,175,1770252463.656762,0.7601476014760148,0.8291260968866451,0.6666666666666666,0.4934124196587453,0.734375,0.7630121816168328,0.575,0.7888888888888889,84,0.6052631578947368,0.5476190476190477,256,0.8255813953488372,0.24859407653168933,53
avid-sweep-2943,yqajansu,80172,0.1,VideoPrism,mean,0.9,4,0.14457054276689615,1,AdamW,reduce,7,sustained_phonation_o,256,512,130,0,True,False,0.0007233441240738225,no,36,130,1770291821.3883362,0.7527675276752768,0.8210722442601275,0.6699507389162561,0.5517544363697516,0.7421875,0.8085548172757475,0.6071428571428571,0.8081395348837209,84,0.6071428571428571,0.6071428571428571,256,0.8081395348837209,0.25301434309079546,36
misty-sweep-2865,n6vlu5gn,88944,0.1,VJEPA2_SSV2,mean,0.9,5,0.4452875993417068,1,AdamW,reduce,8,sustained_phonation_o,256,512,86,0,True,False,0.007066005066023055,no,35,86,1770287925.88827,0.7749077490774908,0.820891934126698,0.6839378238341969,0.5354405810912157,0.7109375,0.7657115171650055,0.5795454545454546,0.7987804878048781,84,0.5543478260869565,0.6071428571428571,256,0.7616279069767442,0.1912408147894923,35
different-sweep-1983,chrbw1xt,27783,0.1,VideoPrism,mean,0.9,3,0.129480869252081,1,AdamW,step,5,sustained_phonation_o,256,1024,146,0,True,False,0.00031990655303034825,no,35,146,1770244898.8832085,0.7564575645756457,0.8205313138598389,0.6732673267326733,0.5514487940886804,0.7421875,0.8068936877076412,0.6071428571428571,0.8081395348837209,84,0.6071428571428571,0.6071428571428571,256,0.8081395348837209,0.24840976947315355,35
gallant-sweep-2532,hyf11an0,63150,0.1,VideoPrism,mean,0.9,5,0.1514584601105589,1,AdamW,reduce,8,sustained_phonation_o,256,1024,70,0,True,False,0.0006887901371981191,no,19,70,1770271885.7150617,0.7601476014760148,0.819749969948311,0.6766169154228856,0.5535584356072204,0.7421875,0.8081395348837209,0.6024096385542169,0.8045977011494253,84,0.6097560975609756,0.5952380952380952,256,0.813953488372093,0.25306834283525736,19
breezy-sweep-2906,rl5vxg48,96588,0.1,TimeSformer,mean,0.9,4,0.4706626853049676,1,AdamW,step,7,sustained_phonation_o,256,1024,80,0,True,False,0.0016521304886230304,no,28,80,1770289949.7552106,0.7222222222222222,0.8196342871028491,0.6268656716417911,0.5193306733060766,0.7233201581027668,0.7519019442096365,0.5977011494252874,0.803680981595092,84,0.5777777777777777,0.6190476190476191,253,0.7751479289940828,0.27162985915055304,28
dulcet-sweep-482,mks31pia,89914,0.1,VideoPrism,mean,0.9,5,0.2703166986404527,1,AdamW,reduce,10,sustained_phonation_o,256,512,136,0,True,False,0.0008080910903788496,no,37,136,1770173660.533893,0.7601476014760148,0.819389349681452,0.6766169154228856,0.5472880705256303,0.7421875,0.8072397563676633,0.6071428571428571,0.8081395348837209,84,0.6071428571428571,0.6071428571428571,256,0.8081395348837209,0.26833708781574506,37
good-sweep-1539,s9bf9uwi,59298,0.1,TimeSformer,mean,0.9,4,0.44333804111784214,1,AdamW,step,9,sustained_phonation_o,256,768,95,0,True,False,0.00570468590691847,no,38,95,1770223515.7624416,0.737037037037037,0.819148289897333,0.6395939086294417,0.5281755465048331,0.7154150197628458,0.7366863905325444,0.5813953488372093,0.793939393939394,84,0.5681818181818182,0.5952380952380952,253,0.7751479289940828,0.2678210051513157,38
usual-sweep-936,c672ui4d,90741,0.1,VideoPrism,mean,0.9,5,0.4040076957122195,1,AdamW,step,5,sustained_phonation_o,256,1024,165,0,True,False,0.0005911111214354544,no,44,165,1770194913.067159,0.7601476014760148,0.818728212525544,0.6632124352331606,0.5485248215963919,0.75,0.8082779623477299,0.6049382716049383,0.8033707865168539,84,0.6282051282051282,0.5833333333333334,256,0.8313953488372093,0.2660811655147498,44
noble-sweep-1156,uannp6wj,62073,0.1,VideoPrism,mean,0.9,5,0.4088759562526379,1,AdamW,reduce,7,sustained_phonation_o,256,1024,89,0,True,False,0.00019431463175286523,no,27,89,1770205154.651099,0.7416974169741697,0.818728212525544,0.6601941747572816,0.5475884482429476,0.7421875,0.8073781838316723,0.6206896551724138,0.8192771084337349,84,0.6,0.6428571428571429,256,0.7906976744186046,0.269843233396468,27
comfy-sweep-1748,xfp37cis,49980,0.1,VideoPrism,mean,0.9,4,0.1642746770313055,1,AdamW,reduce,4,sustained_phonation_o,256,1024,135,0,True,False,0.00022333963088105337,no,35,135,1770233346.8691978,0.7490774907749077,0.8187282125255438,0.6666666666666666,0.5499257100024346,0.7421875,0.8076550387596899,0.6162790697674418,0.8154761904761905,84,0.6022727272727273,0.6309523809523809,256,0.7965116279069767,0.25959522521422984,35
sweet-sweep-317,tbtajerd,87827,0.1,VJEPA2_SSV2,mean,0.9,5,0.23296455608874983,1,AdamW,step,4,sustained_phonation_o,256,768,129,0,True,False,0.0006957808914951968,no,43,129,1770165782.9725518,0.7601476014760148,0.8184877990143046,0.6524064171122995,0.5186391400235165,0.71875,0.7628045404208195,0.5609756097560976,0.7840909090909091,84,0.575,0.5476190476190477,256,0.8023255813953488,0.25123762088977636,43
sleek-sweep-1040,30hazkpp,88,0.1,VideoPrism,mean,0.9,5,0.27954268974910124,1,AdamW,step,7,sustained_phonation_o,256,768,34,0,True,False,0.001257414560669976,no,12,34,1770199658.952716,0.7564575645756457,0.818307488880875,0.6732673267326733,0.555008479809849,0.75,0.8132613510520487,0.6190476190476191,0.813953488372093,84,0.6190476190476191,0.6190476190476191,256,0.813953488372093,0.26776459357889026,12
ancient-sweep-1698,ieikaola,25959,0.1,VideoPrism,mean,0.9,5,0.34509411738400964,1,AdamW,reduce,4,sustained_phonation_o,256,1024,130,0,True,False,0.00024408695359726432,no,36,130,1770230878.324836,0.7416974169741697,0.8181872821252555,0.6601941747572816,0.5515214805233523,0.74609375,0.8074473975636767,0.6242774566473989,0.8203592814371258,84,0.6067415730337079,0.6428571428571429,256,0.7965116279069767,0.2637253405788037,36
rare-sweep-2900,ak4b24t0,90276,0.1,VideoPrism,mean,0.9,4,0.10252383006004498,1,AdamW,reduce,6,sustained_phonation_o,256,768,180,0,True,False,0.0003036512080819703,no,51,180,1770289627.4544318,0.7527675276752768,0.8180670753696359,0.6699507389162561,0.5467011721811611,0.73828125,0.8076550387596899,0.6127167630057804,0.8143712574850299,84,0.5955056179775281,0.6309523809523809,256,0.7906976744186046,0.26943952306467744,51
revived-sweep-757,ngk7fjlc,69136,0.1,VideoPrism,mean,0.9,5,0.4110571137446511,1,AdamW,step,9,sustained_phonation_o,256,768,175,0,True,False,0.0008412494812045839,no,53,175,1770186453.326901,0.7601476014760148,0.8180670753696356,0.6666666666666666,0.5549421462185709,0.75390625,0.8099390919158361,0.6134969325153374,0.807909604519774,84,0.6329113924050633,0.5952380952380952,256,0.8313953488372093,0.263074914482849,53
cosmic-sweep-1163,qjotm6ae,23225,0.1,TimeSformer,mean,0.9,5,0.20331577002682544,1,AdamW,reduce,4,sustained_phonation_o,256,512,88,0,True,False,0.0012346821001090796,no,33,88,1770205403.950882,0.7444444444444445,0.817933296883543,0.6229508196721312,0.5063020520740085,0.7351778656126482,0.7473936320090167,0.5732484076433121,0.7833333333333333,84,0.6164383561643836,0.5357142857142857,253,0.834319526627219,0.28268518099268036,33
neat-sweep-2462,e6sy0fj1,31252,0.1,VJEPA2_SSV2,mean,0.9,3,0.20900548079627035,1,AdamW,step,9,sustained_phonation_o,256,1024,29,0,True,False,0.0011379962424015583,no,15,29,1770268468.2776234,0.7859778597785978,0.8177665584805867,0.6777777777777778,0.5194589911351785,0.7109375,0.753875968992248,0.5542168674698795,0.7816091954022989,84,0.5609756097560976,0.5476190476190477,256,0.7906976744186046,0.239364281751959,15
charmed-sweep-1756,5z7lmuee,57111,0.1,VideoPrism,mean,0.9,4,0.4167409205501392,1,AdamW,reduce,5,sustained_phonation_o,256,1024,129,0,True,False,0.0004723830161069964,no,40,129,1770233768.2053387,0.7564575645756457,0.8177064551027767,0.6732673267326733,0.5478051636931641,0.7421875,0.8088316722037653,0.611764705882353,0.8117647058823529,84,0.6046511627906976,0.6190476190476191,256,0.8023255813953488,0.27183444685702896,40
lively-sweep-2461,1szy4m02,81042,0.1,VideoPrism,mean,0.9,3,0.23908827790230464,1,AdamW,reduce,7,sustained_phonation_o,256,768,70,0,True,False,0.0005141940401804557,no,19,70,1770268440.225681,0.7527675276752768,0.8175862483471571,0.6699507389162561,0.5526001418208724,0.73828125,0.8072397563676633,0.6081871345029239,0.8106508875739645,84,0.5977011494252874,0.6190476190476191,256,0.7965116279069767,0.26093930072794136,19
usual-sweep-2698,dr13nxsa,69501,0.1,VideoPrism,mean,0.9,4,0.21419142405943065,1,AdamW,reduce,7,sustained_phonation_o,256,1024,49,0,True,False,0.00041493584467594926,no,17,49,1770279854.6134615,0.7527675276752768,0.8175261449693473,0.6633165829145728,0.5510124174871128,0.75390625,0.8107004429678848,0.6181818181818182,0.8114285714285714,84,0.6296296296296297,0.6071428571428571,256,0.8255813953488372,0.2690107564455137,17
hardy-sweep-827,53w2zqdo,98079,0.1,VideoPrism,mean,0.9,3,0.30160452897178125,1,AdamW,reduce,6,sustained_phonation_o,256,768,114,0,True,False,0.0007692811371065041,no,34,114,1770189724.753464,0.7490774907749077,0.8174059382137275,0.6633663366336634,0.551558875069847,0.7578125,0.8109772978959026,0.6265060240963856,0.8160919540229885,84,0.6341463414634146,0.6190476190476191,256,0.8255813953488372,0.27471801729649004,34
efficient-sweep-738,edcw5xff,51885,0.1,TimeSformer,mean,0.9,5,0.2158353530188963,1,AdamW,reduce,8,sustained_phonation_o,256,256,92,0,True,False,0.0016951730224330087,no,34,92,1770185495.0338094,0.7185185185185186,0.8173258003766477,0.6161616161616161,0.5146682306572243,0.7154150197628458,0.7381656804733728,0.5813953488372093,0.793939393939394,84,0.5681818181818182,0.5952380952380952,253,0.7751479289940828,0.31604795026876686,34
grateful-sweep-727,96io1sq8,59647,0.1,TimeSformer,mean,0.9,5,0.2217510275369421,1,AdamW,reduce,4,sustained_phonation_o,256,512,157,0,True,False,0.000747618782044279,no,50,157,1770184971.1787927,0.7074074074074074,0.8172043010752689,0.5863874345549738,0.5048328832343772,0.7193675889328063,0.7419695688926459,0.5748502994011976,0.788235294117647,84,0.5783132530120482,0.5714285714285714,253,0.7928994082840237,0.2842528955946183,50
fragrant-sweep-1689,ww6655nf,35558,0.1,VideoPrism,mean,0.9,5,0.424142931588127,1,AdamW,reduce,6,sustained_phonation_o,256,512,57,0,True,False,0.0006698658545996573,no,17,57,1770230446.589753,0.7527675276752768,0.8171054213246784,0.6598984771573604,0.5519466323166315,0.7578125,0.8095238095238095,0.6219512195121951,0.8125,84,0.6375,0.6071428571428571,256,0.8313953488372093,0.27306796097464087,17
spring-sweep-122,m1ztu47o,67435,0.1,VideoPrism,mean,0.9,5,0.28598384986515535,1,AdamW,reduce,3,sustained_phonation_o,256,768,131,0,True,False,0.0005919963670204602,no,42,131,1770156602.217571,0.7490774907749077,0.8170453179468686,0.6633663366336634,0.5483688742912124,0.75,0.809593023255814,0.6235294117647059,0.8176470588235294,84,0.6162790697674418,0.6309523809523809,256,0.8081395348837209,0.28105611143189874,42
usual-sweep-1122,baosl1wh,89245,0.1,VideoPrism,mean,0.9,4,0.2844937848468123,1,AdamW,step,4,sustained_phonation_o,256,768,114,0,True,False,0.00015386415179612903,no,29,114,1770203429.169741,0.7416974169741697,0.8167448010578194,0.6601941747572816,0.5482554220185508,0.7421875,0.8072397563676633,0.6206896551724138,0.8192771084337349,84,0.6,0.6428571428571429,256,0.7906976744186046,0.27427123180474866,29
clear-sweep-2110,v23t7ils,15404,0.1,TimeSformer,mean,0.9,5,0.3814093882244297,1,AdamW,step,10,sustained_phonation_o,256,1024,183,0,True,False,0.0007192530639457452,no,62,183,1770251283.4118276,0.7148148148148148,0.8166575542190633,0.5925925925925926,0.5131107829235219,0.7391304347826086,0.7475345167652859,0.6024096385542169,0.8011695906432749,84,0.6097560975609756,0.5952380952380952,253,0.8106508875739645,0.25933168581658345,62
rosy-sweep-1236,qcvhzr63,42769,0.1,TimeSformer,mean,0.9,4,0.3039977070104264,1,AdamW,reduce,4,sustained_phonation_o,256,1024,120,0,True,False,0.0003409724265308543,no,36,120,1770208953.3293629,0.7185185185185186,0.8166575542190633,0.6122448979591837,0.5082257571043791,0.7272727272727273,0.7373908143138913,0.6011560693641619,0.8048780487804879,84,0.5842696629213483,0.6190476190476191,253,0.7810650887573964,0.30020033630612925,36
dazzling-sweep-3067,8ol2mn8h,34744,0.1,TimeSformer,mean,0.9,3,0.2178457679095548,1,AdamW,step,5,sustained_phonation_o,256,256,155,0,True,False,0.000563379251935089,no,46,155,1770297832.8571298,0.7148148148148148,0.8164753052669946,0.6091370558375635,0.5125067061848111,0.7193675889328063,0.739222316145393,0.5942857142857143,0.8024691358024691,84,0.5714285714285714,0.6190476190476191,253,0.7692307692307693,0.31828799155104626,46
wise-sweep-3079,i3zf8s3e,52193,0.1,VideoPrism,mean,0.9,4,0.419802766601732,1,AdamW,step,9,sustained_phonation_o,256,768,101,0,True,False,0.0006534738148205795,no,25,101,1770298328.5710866,0.7453874538745388,0.8163841807909604,0.6567164179104478,0.5494894838421107,0.7421875,0.8091085271317829,0.611764705882353,0.8117647058823529,84,0.6046511627906976,0.6190476190476191,256,0.8023255813953488,0.2707166735484984,25
young-sweep-1504,wu7iasx7,57338,0.1,VideoPrism,mean,0.9,3,0.2342079961287321,1,AdamW,reduce,4,sustained_phonation_o,256,1024,148,0,True,False,0.0003379946855395854,no,37,148,1770221785.4810526,0.7380073800738007,0.8163841807909604,0.6570048309178744,0.5482599587897973,0.74609375,0.8097314507198228,0.632768361581921,0.8282208588957055,84,0.6021505376344086,0.6666666666666666,256,0.7848837209302325,0.27729219683804485,37
lunar-sweep-732,ihztalcv,94842,0.1,VideoPrism,mean,0.9,4,0.3836446891421916,1,AdamW,reduce,9,sustained_phonation_o,256,512,60,0,True,False,0.0010558033780192347,no,17,60,1770185144.0184264,0.7527675276752768,0.8163841807909604,0.6598984771573604,0.5499769541610211,0.76171875,0.813953488372093,0.6257668711656442,0.8135593220338984,84,0.6455696202531646,0.6071428571428571,256,0.8372093023255814,0.2824387220161267,17
skilled-sweep-424,lcull5id,92024,0.1,VideoPrism,mean,0.9,4,0.35411862662732674,1,AdamW,reduce,4,sustained_phonation_o,256,768,79,0,True,False,0.00038110637499937463,no,20,79,1770170772.093659,0.7416974169741697,0.8163240774131507,0.6568627450980392,0.5469942202867177,0.75,0.8083471760797343,0.6190476190476191,0.813953488372093,84,0.6190476190476191,0.6190476190476191,256,0.813953488372093,0.28394911281931423,20
sleek-sweep-1621,zzzs3bjy,84730,0.1,VideoPrism,mean,0.9,5,0.4919323082867174,1,AdamW,reduce,6,sustained_phonation_o,256,1024,95,0,True,False,0.0004163835781783307,no,31,95,1770227302.306803,0.7453874538745388,0.8162038706575309,0.6634146341463415,0.5508704836518122,0.7421875,0.8100083056478405,0.6162790697674418,0.8154761904761905,84,0.6022727272727273,0.6309523809523809,256,0.7965116279069767,0.27506587692287937,31
toasty-sweep-496,anxxkyev,91353,0.1,TimeSformer,mean,0.9,4,0.45371912427643635,1,AdamW,reduce,6,sustained_phonation_o,256,1024,77,0,True,False,0.00030511630146768,no,26,77,1770174264.47044,0.7222222222222222,0.8161108073628577,0.6113989637305699,0.5066653176590249,0.7272727272727273,0.7448577063961679,0.591715976331361,0.7976190476190477,84,0.5882352941176471,0.5952380952380952,253,0.7928994082840237,0.2976537457760614,26
royal-sweep-3119,58chb4b4,97083,0.1,TimeSformer,max,0.9,4,0.4399353350502839,1,AdamW,reduce,3,sustained_phonation_o,256,1024,118,0,True,False,0.00014379891542310423,no,42,118,1770300246.187917,0.7407407407407407,0.8161108073628576,0.5977011494252874,0.49134978674076224,0.7233201581027668,0.7527472527472527,0.527027027027027,0.7619047619047619,84,0.609375,0.4642857142857143,253,0.8520710059171598,0.33154277049446884,42
skilled-sweep-82,w4x5gnpg,91424,0.1,VideoPrism,mean,0.9,5,0.3951756634975411,1,AdamW,step,5,sustained_phonation_o,256,256,157,0,True,False,0.00033499370176898804,no,40,157,1770154890.1890788,0.7453874538745388,0.8160836639019112,0.6634146341463415,0.5493593345708953,0.734375,0.8055786267995569,0.6091954022988506,0.8132530120481928,84,0.5888888888888889,0.6309523809523809,256,0.7848837209302325,0.27556635733777296,40
sparkling-sweep-2295,i5j3tjhc,4359,0.1,TimeSformer,mean,0.9,3,0.24323717628129715,1,AdamW,reduce,10,sustained_phonation_o,256,512,155,0,True,False,0.0005985446659262899,no,49,155,1770260464.8626616,0.7185185185185186,0.8160500577121682,0.6,0.5115753319528368,0.7351778656126482,0.74218089602705,0.5988023952095808,0.8,84,0.6024096385542169,0.5952380952380952,253,0.8047337278106509,0.30544036401317654,49
dandy-sweep-2352,fo7bkz9j,1078,0.1,TimeSformer,mean,0.9,5,0.2747028630684665,1,AdamW,reduce,10,sustained_phonation_o,256,256,123,0,True,False,0.0003681218988158443,no,37,123,1770263321.950987,0.725925925925926,0.8160500577121682,0.63,0.5147223088476393,0.7272727272727273,0.742814877430262,0.6101694915254238,0.8125,84,0.5806451612903226,0.6428571428571429,253,0.7692307692307693,0.30442277602622847,37
devoted-sweep-1531,y21we04y,57449,0.1,VideoPrism,mean,0.9,5,0.30870722935296524,1,AdamW,reduce,7,sustained_phonation_o,256,256,186,0,True,False,0.00037466111206762545,no,48,186,1770223112.886606,0.7416974169741697,0.8159634571462916,0.6568627450980392,0.5468911258057034,0.7421875,0.8064784053156147,0.611764705882353,0.8117647058823529,84,0.6046511627906976,0.6190476190476191,256,0.8023255813953488,0.28196757874032385,48
decent-sweep-905,dyshfpbv,69090,0.1,VideoPrism,mean,0.9,3,0.38286978502670144,1,AdamW,step,6,sustained_phonation_o,256,768,122,0,True,False,0.0003884686500750545,no,31,122,1770193367.941291,0.7453874538745388,0.8159033537684818,0.6634146341463415,0.5505827856679684,0.7421875,0.8083471760797343,0.6162790697674418,0.8154761904761905,84,0.6022727272727273,0.6309523809523809,256,0.7965116279069767,0.27651188420909484,31
misunderstood-sweep-548,rfrwkmd4,84348,0.1,VideoPrism,mean,0.9,3,0.3247907581145034,1,AdamW,step,9,sustained_phonation_o,256,768,78,0,True,False,0.0004761109304985374,no,27,78,1770176644.076682,0.7490774907749077,0.8159033537684817,0.6633663366336634,0.5509005624429766,0.75390625,0.8086240310077519,0.6227544910179641,0.815028901734104,84,0.6265060240963856,0.6190476190476191,256,0.8197674418604651,0.2745733894787107,27
astral-sweep-798,0whgm2a3,76410,0.1,VideoPrism,mean,0.9,4,0.2944167021180343,1,AdamW,reduce,8,sustained_phonation_o,256,1024,94,0,True,False,0.0005650767546380067,no,28,94,1770188306.5794747,0.7527675276752768,0.815843250390672,0.6598984771573604,0.546537911540028,0.75390625,0.8098006644518272,0.6181818181818182,0.8114285714285714,84,0.6296296296296297,0.6071428571428571,256,0.8255813953488372,0.28576263245157213,28
crimson-sweep-2772,gfurmqbv,53257,0.1,VideoPrism,mean,0.9,5,0.44176520731422575,1,AdamW,reduce,7,sustained_phonation_o,256,256,67,0,True,False,0.0005377395836074463,no,16,67,1770283346.8761685,0.7490774907749077,0.8157831470128623,0.6666666666666666,0.5516303054081118,0.73828125,0.8064091915836102,0.6035502958579881,0.8070175438596491,84,0.6,0.6071428571428571,256,0.8023255813953488,0.2693263201873803,16
silvery-sweep-2708,71mnwjfj,63891,0.1,VideoPrism,mean,0.9,5,0.24226626183187203,1,AdamW,reduce,5,sustained_phonation_o,256,512,122,0,True,False,0.0003680569810623482,no,35,122,1770280350.601189,0.7453874538745388,0.8157230436350523,0.6600985221674877,0.5463241848998404,0.73828125,0.8084856035437431,0.6081871345029239,0.8106508875739645,84,0.5977011494252874,0.6190476190476191,256,0.7965116279069767,0.28372720800446394,35
trim-sweep-1179,p4d6971h,74350,0.1,VideoPrism,mean,0.9,5,0.2207564510714632,1,AdamW,step,4,sustained_phonation_o,256,768,159,0,True,False,0.0006565815312313758,no,44,159,1770206211.918698,0.7453874538745388,0.8156028368794327,0.6634146341463415,0.5518846195122412,0.73828125,0.8096622369878184,0.6171428571428571,0.8181818181818182,84,0.5934065934065934,0.6428571428571429,256,0.7848837209302325,0.2788263639461727,44
summer-sweep-898,ktxo7zd7,58313,0.1,VJEPA2_SSV2,mean,0.9,5,0.31443791795560083,1,AdamW,step,5,sustained_phonation_o,256,768,160,0,True,False,0.0008795803655417191,no,52,160,1770193039.964388,0.7859778597785978,0.8155427335016228,0.6704545454545454,0.5121508577213076,0.71484375,0.7646040974529347,0.5408805031446541,0.7734806629834254,84,0.5733333333333334,0.5119047619047619,256,0.813953488372093,0.2576322948556325,52
rich-sweep-264,4uxqn91t,87413,0.1,VideoPrism,mean,0.9,5,0.13852961450604295,1,AdamW,reduce,7,sustained_phonation_o,256,768,177,0,True,False,0.0007469911191911368,no,55,177,1770163144.2355886,0.7490774907749077,0.815482630123813,0.6666666666666666,0.558502664865163,0.7421875,0.8116694352159468,0.6292134831460674,0.8271604938271605,84,0.5957446808510638,0.6666666666666666,256,0.7790697674418605,0.26863152237870785,55
light-sweep-2072,coi64468,42066,0.1,VideoPrism,mean,0.9,5,0.14728920207401705,1,AdamW,reduce,7,sustained_phonation_o,256,256,152,0,True,False,0.0002777508699916321,no,45,152,1770249412.357816,0.7416974169741697,0.815482630123813,0.6601941747572816,0.5440947178105147,0.7265625,0.8062015503875969,0.6067415730337079,0.8148148148148148,84,0.574468085106383,0.6428571428571429,256,0.7674418604651163,0.29929918105393466,45
summer-sweep-1129,alv4jgpj,46237,0.1,VideoPrism,mean,0.9,5,0.4371156426129213,1,AdamW,reduce,3,sustained_phonation_o,256,1024,166,0,True,False,0.00011277352385527338,no,47,166,1770203780.2847655,0.7416974169741697,0.8154826301238128,0.6601941747572816,0.548827037820077,0.73828125,0.8068936877076411,0.6214689265536724,0.8220858895705522,84,0.5913978494623656,0.6547619047619048,256,0.7790697674418605,0.28351558693314766,47
fancy-sweep-2387,s1r7r2hu,69607,0.1,TimeSformer,max,0.9,3,0.27521554458245623,1,AdamW,reduce,7,sustained_phonation_o,256,1024,122,0,True,False,3.4496215901261594e-05,no,38,122,1770264918.2488155,0.7296296296296296,0.8154425612052731,0.6096256684491979,0.49421471798861466,0.7272727272727273,0.756269371653987,0.5605095541401274,0.7777777777777778,84,0.6027397260273972,0.5238095238095238,253,0.8284023668639053,0.3748793321640701,38
light-sweep-3161,dd0kjizl,1605,0.1,VideoPrism,mean,0.9,3,0.27701086362300686,1,AdamW,reduce,5,sustained_phonation_o,256,256,188,0,True,False,0.0004403663789291125,no,55,188,1770302349.1427724,0.7453874538745388,0.8154225267460031,0.6567164179104478,0.5498506237659947,0.75,0.8066860465116279,0.6097560975609756,0.8068181818181818,84,0.625,0.5952380952380952,256,0.8255813953488372,0.27544070419128946,55
peachy-sweep-642,lj6n3gjh,54241,0.1,VideoPrism,mean,0.9,5,0.2897137003389739,1,AdamW,reduce,5,sustained_phonation_o,256,512,172,0,True,False,0.0001929228556599756,no,51,172,1770181138.8039114,0.7416974169741697,0.8153624233681933,0.6601941747572816,0.5508785049853729,0.73828125,0.8066168327796235,0.6171428571428571,0.8181818181818182,84,0.5934065934065934,0.6428571428571429,256,0.7848837209302325,0.2825441294313691,51
efficient-sweep-133,n63rgfpw,44904,0.1,VideoPrism,mean,0.9,4,0.3340018366928753,1,AdamW,reduce,5,sustained_phonation_o,256,768,96,0,True,False,0.00014534646484205789,no,28,96,1770157086.1560009,0.7416974169741697,0.8153023199903835,0.6601941747572816,0.5488648953472997,0.7421875,0.8069629014396457,0.625,0.823170731707317,84,0.5978260869565217,0.6547619047619048,256,0.7848837209302325,0.276572439189841,28
giddy-sweep-1105,ouxg7n94,67762,0.1,VideoPrism,mean,0.9,5,0.2011532887889462,1,AdamW,reduce,6,sustained_phonation_o,256,768,180,0,True,False,0.0002474109918723622,no,49,180,1770202651.3299727,0.7380073800738007,0.8153023199903834,0.6536585365853659,0.5468342449392339,0.73828125,0.8066168327796235,0.6171428571428571,0.8181818181818182,84,0.5934065934065934,0.6428571428571429,256,0.7848837209302325,0.2845562743800721,49
eager-sweep-971,vy3spirs,85883,0.1,VideoPrism,mean,0.9,5,0.21447384627712335,1,AdamW,reduce,5,sustained_phonation_o,256,768,90,0,True,False,0.0006386632516069008,no,27,90,1770196553.5177636,0.7490774907749077,0.8151821132347637,0.66,0.5451968811534867,0.75,0.8092469545957918,0.6235294117647059,0.8176470588235294,84,0.6162790697674418,0.6309523809523809,256,0.8081395348837209,0.2878798031515599,27
sparkling-sweep-2498,2yhkv7p6,38635,0.1,TimeSformer,mean,0.9,5,0.3916802203120094,1,AdamW,reduce,10,sustained_phonation_o,256,768,107,0,True,False,0.0003103431431000413,no,40,107,1770270277.7579963,0.7185185185185186,0.8150780633011361,0.6122448979591837,0.5076487090852525,0.7233201581027668,0.7418286841363764,0.5930232558139535,0.8,84,0.5795454545454546,0.6071428571428571,253,0.7810650887573964,0.3245693944348879,40
youthful-sweep-1972,2gg64e1a,46034,0.1,VideoPrism,mean,0.9,5,0.26805726773938715,1,AdamW,reduce,7,sustained_phonation_o,256,1024,157,0,True,False,0.00015647677148478435,no,45,157,1770244321.581753,0.7343173431734318,0.8150619064791441,0.6504854368932039,0.5470183089210539,0.73828125,0.8067552602436324,0.6214689265536724,0.8220858895705522,84,0.5913978494623656,0.6547619047619048,256,0.7790697674418605,0.2904289038263853,45
woven-sweep-2914,j87l6guy,57942,0.1,TimeSformer,mean,0.9,3,0.11197080250826152,1,AdamW,reduce,4,sustained_phonation_o,256,1024,67,0,True,False,0.00018223946011381597,no,24,67,1770290377.2690222,0.7222222222222222,0.8150173136504466,0.6113989637305699,0.5052618406437062,0.7272727272727273,0.7423217807833191,0.5868263473053892,0.7941176470588235,84,0.5903614457831325,0.5833333333333334,253,0.7988165680473372,0.27575061121357486,24
smart-sweep-2674,isrunamf,67816,0.1,VideoPrism,mean,0.9,5,0.3842632747965692,1,AdamW,step,4,sustained_phonation_o,256,256,89,0,True,False,0.0028372596708004113,no,28,89,1770278646.7295403,0.7453874538745388,0.8150018031013343,0.6532663316582915,0.5697134625427838,0.74609375,0.8104235880398671,0.6153846153846154,0.8128654970760234,84,0.611764705882353,0.6190476190476191,256,0.8081395348837209,0.2790011735651983,28
sparkling-sweep-514,xh1qeoh9,43479,0.1,VideoPrism,mean,0.9,5,0.3965322380919779,1,AdamW,reduce,8,sustained_phonation_o,256,512,117,0,True,False,0.00018775478290539136,no,29,117,1770175099.515986,0.7416974169741697,0.8148815963457146,0.6601941747572816,0.5491279198674698,0.734375,0.8073089700996677,0.6136363636363636,0.8170731707317073,84,0.5869565217391305,0.6428571428571429,256,0.7790697674418605,0.27893348368996274,29
clear-sweep-370,htorahlk,70122,0.1,TimeSformer,mean,0.9,4,0.4793971066600288,1,AdamW,reduce,7,sustained_phonation_o,256,1024,50,0,True,False,0.0007348449123448053,no,20,50,1770168213.3653505,0.7222222222222222,0.8147743150476884,0.6231155778894473,0.5173909606756988,0.7312252964426877,0.744364609749225,0.6046511627906976,0.806060606060606,84,0.5909090909090909,0.6190476190476191,253,0.7869822485207101,0.2784875778820373,20
dashing-sweep-1147,p7i2rb9k,73536,0.1,VideoPrism,mean,0.9,5,0.18246952475815975,1,AdamW,reduce,5,sustained_phonation_o,256,1024,102,0,True,False,0.00011532979055075284,no,28,102,1770204717.858471,0.7380073800738007,0.814761389590095,0.6570048309178744,0.5483781767947208,0.73828125,0.8059939091915836,0.6256983240223464,0.8260869565217391,84,0.5894736842105263,0.6666666666666666,256,0.7732558139534884,0.29608516021804265,28
rose-sweep-2657,fxr88u7r,26487,0.1,VideoPrism,mean,0.9,5,0.19381148015721103,1,AdamW,reduce,8,sustained_phonation_o,256,768,168,0,True,False,0.00017395809213183557,no,47,168,1770277851.3469844,0.7380073800738007,0.8146411828344754,0.6536585365853659,0.5491054513357663,0.7421875,0.8065476190476191,0.6206896551724138,0.8192771084337349,84,0.6,0.6428571428571429,256,0.7906976744186046,0.2806043374805489,47
stilted-sweep-1425,7iop2dyx,44312,0.1,VideoPrism,mean,0.9,5,0.127294069557238,1,AdamW,reduce,8,sustained_phonation_o,256,1024,123,0,True,False,0.0002127579811277789,no,31,123,1770217932.0889125,0.7416974169741697,0.8145810794566655,0.6634615384615384,0.5487462860631767,0.734375,0.8072397563676633,0.6179775280898876,0.8209876543209876,84,0.5851063829787234,0.6547619047619048,256,0.7732558139534884,0.28721150834788617,31
quiet-sweep-3074,np69bqnx,69099,0.1,TimeSformer,mean,0.9,5,0.3594816247720698,1,AdamW,reduce,10,sustained_phonation_o,256,768,61,0,True,False,0.0006178634612638369,no,22,61,1770298123.014441,0.7148148148148148,0.8145313164449305,0.5968586387434555,0.5076517979303996,0.7312252964426877,0.7415469146238377,0.5853658536585366,0.791907514450867,84,0.6,0.5714285714285714,253,0.8106508875739645,0.3071359601976438,22
desert-sweep-2285,qreykgdj,26716,0.1,VideoPrism,mean,0.9,4,0.3484570195766278,1,AdamW,reduce,6,sustained_phonation_o,256,768,154,0,True,False,0.00017768008906736342,no,40,154,1770259891.4888818,0.7416974169741697,0.8144608727010457,0.6568627450980392,0.5450512879009176,0.7421875,0.8071013289036545,0.6162790697674418,0.8154761904761905,84,0.6022727272727273,0.6309523809523809,256,0.7965116279069767,0.28426469452755027,40
stellar-sweep-1882,ob62qsan,47036,0.1,TimeSformer,mean,0.9,5,0.33138482923517343,1,AdamW,reduce,6,sustained_phonation_o,256,1024,101,0,True,False,8.441514370830563e-05,no,35,101,1770240003.2754655,0.7148148148148148,0.8144098171435515,0.6010362694300518,0.5075266732109918,0.7351778656126482,0.7444350521273597,0.5988023952095808,0.8,84,0.6024096385542169,0.5952380952380952,253,0.8047337278106509,0.31625600259728226,35
dutiful-sweep-1169,n1mics6b,97288,0.1,TimeSformer,mean,0.9,3,0.4055535237647063,1,AdamW,reduce,8,sustained_phonation_o,256,768,104,0,True,False,6.183740767246997e-05,no,37,104,1770205716.5525525,0.7148148148148148,0.8144098171435514,0.6169154228855721,0.5124006359665482,0.7272727272727273,0.7414764722457029,0.6011560693641619,0.8048780487804879,84,0.5842696629213483,0.6190476190476191,253,0.7810650887573964,0.30987532494745856,37
stellar-sweep-3123,iz23jo3h,22254,0.1,TimeSformer,mean,0.9,3,0.25993156536945894,1,AdamW,reduce,5,sustained_phonation_o,256,1024,189,0,True,False,0.0003317789199978457,no,62,189,1770300450.6412575,0.7185185185185186,0.8144098171435514,0.6,0.505020652435444,0.7351778656126482,0.746407438715131,0.588957055214724,0.7931034482758621,84,0.6075949367088608,0.5714285714285714,253,0.8165680473372781,0.27114743494061117,62
solar-sweep-1767,rw2ukvap,94806,0.1,TimeSformer,mean,0.9,5,0.36244145991879295,1,AdamW,reduce,6,sustained_phonation_o,256,1024,102,0,True,False,0.0001381403373925217,no,34,102,1770234257.1357908,0.7222222222222222,0.8144098171435513,0.6192893401015228,0.5122253987524245,0.7351778656126482,0.7459847844463231,0.6035502958579881,0.8035714285714286,84,0.6,0.6071428571428571,253,0.7988165680473372,0.2888165273549367,34
giddy-sweep-97,f4tekjhs,66171,0.1,VideoPrism,mean,0.9,5,0.4932352965444433,1,AdamW,reduce,5,sustained_phonation_o,256,512,72,0,True,False,0.000300630576880668,no,22,72,1770155433.526078,0.7416974169741697,0.814400769323236,0.6601941747572816,0.5508779243349589,0.73046875,0.8055094130675526,0.6101694915254238,0.8159509202453987,84,0.5806451612903226,0.6428571428571429,256,0.7732558139534884,0.28677068319922794,22
worthy-sweep-2400,7mo2tr6v,81124,0.1,VideoPrism,mean,0.9,5,0.4114491395930618,1,AdamW,step,5,sustained_phonation_o,256,1024,123,0,True,False,0.0004244192392969001,no,34,123,1770265525.802694,0.7416974169741697,0.8144007693232359,0.6601941747572816,0.5527712091308679,0.74609375,0.8095238095238094,0.6285714285714286,0.8242424242424242,84,0.6043956043956044,0.6547619047619048,256,0.7906976744186046,0.2775975742553742,34
fast-sweep-2825,nyw4036y,62676,0.1,VideoPrism,mean,0.9,5,0.4300567757087752,1,AdamW,reduce,8,sustained_phonation_o,256,512,115,0,True,False,0.00024061362642522507,no,33,115,1770285992.7439785,0.7416974169741697,0.8143406659454262,0.6568627450980392,0.5477243353959819,0.73828125,0.8072397563676633,0.6081871345029239,0.8106508875739645,84,0.5977011494252874,0.6190476190476191,256,0.7965116279069767,0.2869578771702869,33
bumbling-sweep-2586,duow4398,3845,0.1,VideoPrism,mean,0.9,3,0.26688896748126517,1,AdamW,reduce,7,sustained_phonation_o,256,512,137,0,True,False,0.000266462348113868,no,39,137,1770274330.6714027,0.7380073800738007,0.8143406659454261,0.6536585365853659,0.5484864804137677,0.7421875,0.8071705426356589,0.6206896551724138,0.8192771084337349,84,0.6,0.6428571428571429,256,0.7906976744186046,0.2874356028140198,39
distinctive-sweep-3104,7n7ks6kw,72381,0.1,VideoPrism,mean,0.9,4,0.28780815558873807,1,AdamW,reduce,7,sustained_phonation_o,256,768,159,0,True,False,0.00029065867416448455,no,40,159,1770299561.9685144,0.7416974169741697,0.8143406659454261,0.6568627450980392,0.5448640145059002,0.73828125,0.8066860465116279,0.6081871345029239,0.8106508875739645,84,0.5977011494252874,0.6190476190476191,256,0.7965116279069767,0.2848953871158864,40
splendid-sweep-1759,kpzsv50m,87235,0.1,TimeSformer,mean,0.9,5,0.4217707758136834,1,AdamW,reduce,10,sustained_phonation_o,256,256,109,0,True,False,7.80515172617724e-05,no,35,109,1770233932.932469,0.7222222222222222,0.8142883178421725,0.6268656716417911,0.5099008078928347,0.7233201581027668,0.7418991265145112,0.5930232558139535,0.8,84,0.5795454545454546,0.6071428571428571,253,0.7810650887573964,0.28495995033006727,35
northern-sweep-2198,11zz257c,67470,0.1,TimeSformer,mean,0.9,4,0.33743172425023615,1,AdamW,reduce,7,sustained_phonation_o,256,1024,94,0,True,False,0.00033189927226498093,no,35,94,1770255602.9465733,0.7148148148148148,0.8142883178421725,0.6010362694300518,0.5110958655675252,0.7272727272727273,0.7435897435897435,0.5868263473053892,0.7941176470588235,84,0.5903614457831325,0.5833333333333334,253,0.7988165680473372,0.2815613130484622,35
fanciful-sweep-1389,mz1v2kgo,79863,0.1,VideoPrism,mean,0.9,5,0.3904065777596955,1,AdamW,reduce,4,sustained_phonation_o,256,1024,148,0,True,False,0.00029406020138172354,no,35,148,1770216145.1307502,0.7380073800738007,0.8142805625676163,0.6536585365853659,0.5496879059450213,0.7421875,0.8089008859357697,0.6206896551724138,0.8192771084337349,84,0.6,0.6428571428571429,256,0.7906976744186046,0.28722202189099766,35
ancient-sweep-1358,cjdv6ps1,85662,0.1,VideoPrism,mean,0.9,5,0.12666733846639144,1,AdamW,step,7,sustained_phonation_o,256,1024,129,0,True,False,0.0004420367398047983,no,31,129,1770214673.2717035,0.7380073800738007,0.8142805625676163,0.6536585365853659,0.5525841270865549,0.75,0.8079318936877077,0.6190476190476191,0.813953488372093,84,0.6190476190476191,0.6190476190476191,256,0.813953488372093,0.2834263988097185,31
prime-sweep-2003,cillfg26,61881,0.1,VideoPrism,mean,0.9,5,0.2393442481231489,1,AdamW,reduce,5,sustained_phonation_o,256,768,93,0,True,False,0.000181497602057799,no,29,93,1770245910.151513,0.7380073800738007,0.8142805625676163,0.6536585365853659,0.5447341168498641,0.74609375,0.8062707641196013,0.6242774566473989,0.8203592814371258,84,0.6067415730337079,0.6428571428571429,256,0.7965116279069767,0.29230106987681265,29
winter-sweep-164,mzyr7i3c,67675,0.1,TimeSformer,mean,0.9,4,0.2259299074314953,1,AdamW,reduce,6,sustained_phonation_o,256,512,111,0,True,False,0.0008007450524078144,no,37,111,1770158440.5492003,0.7185185185185186,0.8141668185407934,0.62,0.5223056051466201,0.7272727272727273,0.7457030149337842,0.6101694915254238,0.8125,84,0.5806451612903226,0.6428571428571429,253,0.7692307692307693,0.27035786062174294,37
hearty-sweep-567,7qlnrw7g,75862,0.1,TimeSformer,mean,0.9,5,0.2425412830684937,1,AdamW,step,6,sustained_phonation_o,256,768,112,0,True,False,0.00028493108648107717,no,38,112,1770177488.300562,0.7185185185185186,0.8141668185407934,0.6041666666666666,0.501972469135567,0.7312252964426877,0.7411947027331643,0.5903614457831325,0.7953216374269005,84,0.5975609756097561,0.5833333333333334,253,0.8047337278106509,0.3321842883384057,38
wandering-sweep-3039,el9cckcl,53705,0.1,TimeSformer,mean,0.9,5,0.48811150207556053,1,AdamW,reduce,8,sustained_phonation_o,256,1024,136,0,True,False,0.0009028111891639416,no,46,136,1770296453.2641528,0.737037037037037,0.8141668185407933,0.6243386243386243,0.511907246377733,0.7430830039525692,0.7433784164553395,0.6107784431137725,0.8058823529411765,84,0.6144578313253012,0.6071428571428571,253,0.8106508875739645,0.3090437129596991,46
fast-sweep-2297,x6yf7glf,75462,0.1,TimeSformer,mean,0.9,5,0.27424231939491667,1,AdamW,step,4,sustained_phonation_o,256,1024,96,0,True,False,0.0014872458821316389,no,32,96,1770260566.2245274,0.7111111111111111,0.8141668185407933,0.6138613861386139,0.5256915988745513,0.7351778656126482,0.7478162862778248,0.6127167630057804,0.8109756097560976,84,0.5955056179775281,0.6309523809523809,253,0.7869822485207101,0.2555835489297937,32
sleek-sweep-2062,x9y7sg3z,57740,0.1,TimeSformer,mean,0.9,5,0.12670913745331452,1,AdamW,reduce,9,sustained_phonation_o,256,768,185,0,True,False,0.0003480066224259153,no,64,185,1770248901.1675951,0.7222222222222222,0.8141060688901038,0.6073298429319371,0.5017230523957147,0.7351778656126482,0.745069033530572,0.588957055214724,0.7931034482758621,84,0.6075949367088608,0.5714285714285714,253,0.8165680473372781,0.3335979551625398,64
rosy-sweep-1452,0dldsn1l,46790,0.1,TimeSformer,mean,0.9,5,0.46283123652663904,1,AdamW,reduce,5,sustained_phonation_o,256,1024,151,0,True,False,0.0005544810746420151,no,47,151,1770219239.4174044,0.7222222222222222,0.8141060688901038,0.6153846153846154,0.5088682474913421,0.7391304347826086,0.7414060298675683,0.6024096385542169,0.8011695906432749,84,0.6097560975609756,0.5952380952380952,253,0.8106508875739645,0.3220772946173428,47
dutiful-sweep-777,tvq2m1fp,42795,0.1,VideoPrism,mean,0.9,5,0.30169171847417975,1,AdamW,reduce,10,sustained_phonation_o,256,768,110,0,True,False,0.0001735395165315708,no,31,110,1770187433.8246503,0.7380073800738007,0.8140401490563769,0.6536585365853659,0.5463635518981962,0.7421875,0.8081395348837209,0.6206896551724138,0.8192771084337349,84,0.6,0.6428571428571429,256,0.7906976744186046,0.28966721467476514,31
glamorous-sweep-33,6lemufnc,962,0.1,VideoPrism,mean,0.9,4,0.4216035191036709,1,AdamW,reduce,10,sustained_phonation_o,256,512,96,0,True,False,0.0005153186004704245,no,26,96,1770152951.7837038,0.7416974169741697,0.8139800456785672,0.6601941747572816,0.5551643556334436,0.73828125,0.8072397563676634,0.6127167630057804,0.8143712574850299,84,0.5955056179775281,0.6309523809523809,256,0.7906976744186046,0.28403465926283006,26
earnest-sweep-778,t67oi404,68226,0.1,VJEPA2_SSV2,mean,0.9,5,0.10758183453720548,1,AdamW,reduce,5,sustained_phonation_o,256,512,139,0,True,False,0.0009393365385005184,no,41,139,1770187484.3013964,0.7785977859778598,0.8139800456785671,0.6590909090909091,0.5255508710977336,0.70703125,0.7597591362126246,0.5398773006134969,0.7740112994350282,84,0.5569620253164557,0.5238095238095238,256,0.7965116279069767,0.2378866123813233,41
silver-sweep-1334,l36svb4h,90965,0.1,TimeSformer,mean,0.9,5,0.2046507882948707,1,AdamW,reduce,7,sustained_phonation_o,256,768,25,0,True,False,0.00040357771384399906,no,15,25,1770213585.2933092,0.7222222222222222,0.8139238199380353,0.6268656716417911,0.5186036083433363,0.7193675889328063,0.7472527472527473,0.5942857142857143,0.8024691358024691,84,0.5714285714285714,0.6190476190476191,253,0.7692307692307693,0.28343369849864203,15
rosy-sweep-1397,cz61o73s,72870,0.1,TimeSformer,mean,0.9,5,0.29622890130785795,1,AdamW,reduce,6,sustained_phonation_o,256,512,142,0,True,False,0.0001666821021476396,no,47,142,1770216518.0312066,0.7222222222222222,0.8139238199380352,0.6153846153846154,0.5071984167452211,0.7272727272727273,0.7437306283460129,0.5964912280701754,0.8012048192771084,84,0.5862068965517241,0.6071428571428571,253,0.7869822485207101,0.30780982672558727,47
olive-sweep-1749,epl312pu,51156,0.1,TimeSformer,mean,0.9,4,0.21515256735741764,1,AdamW,reduce,3,sustained_phonation_o,256,768,161,0,True,False,0.001004935838168125,no,57,161,1770233416.2379105,0.7222222222222222,0.8138630702873458,0.6192893401015228,0.5194072008132935,0.7351778656126482,0.7431670893209356,0.6035502958579881,0.8035714285714286,84,0.6,0.6071428571428571,253,0.7988165680473372,0.27500227002278427,57
trim-sweep-793,7x7nlpz9,2540,0.1,VJEPA2_SSV2,mean,0.9,5,0.2301866806162539,1,AdamW,reduce,7,sustained_phonation_o,256,768,32,0,True,False,0.00033253524919449724,no,16,32,1770188108.4823756,0.7490774907749077,0.8138598389229476,0.6382978723404256,0.512391475953739,0.73046875,0.7668189368770764,0.5766871165644172,0.7909604519774012,84,0.5949367088607594,0.5595238095238095,256,0.813953488372093,0.2747545253842037,16
happy-sweep-687,q5fw35fi,16706,0.1,VideoPrism,mean,0.9,5,0.47178663320746694,1,AdamW,reduce,8,sustained_phonation_o,256,768,84,0,True,False,0.00040276679958616696,no,26,84,1770183157.2152607,0.7416974169741697,0.8138598389229474,0.6568627450980392,0.5503885358901921,0.74609375,0.8077242524916943,0.6198830409356725,0.8165680473372781,84,0.6091954022988506,0.6309523809523809,256,0.8023255813953488,0.2843744518679174,26
serene-sweep-1763,hghy3jdt,60422,0.1,TimeSformer,mean,0.9,4,0.3951450525672161,1,AdamW,step,9,sustained_phonation_o,256,768,108,0,True,False,0.0002348522956396746,no,35,108,1770234118.458545,0.7148148148148148,0.8138023206366564,0.6010362694300518,0.5087987692267807,0.7312252964426877,0.7451394759087067,0.6,0.8023952095808383,84,0.5930232558139535,0.6071428571428571,253,0.7928994082840237,0.3097014217532729,35
fancy-sweep-1322,aecjzdfp,50022,0.1,TimeSformer,mean,0.9,5,0.4361675196746969,1,AdamW,reduce,5,sustained_phonation_o,256,768,158,0,True,False,0.0004787316924437423,no,50,158,1770213029.2204566,0.7222222222222222,0.8138023206366564,0.5989304812834224,0.5068042843430131,0.7312252964426877,0.7460552268244577,0.575,0.7853107344632768,84,0.6052631578947368,0.5476190476190477,253,0.8224852071005917,0.3109624661916604,50
ancient-sweep-322,r5qvf6y8,77495,0.1,VideoPrism,mean,0.9,5,0.2695451025969232,1,AdamW,reduce,6,sustained_phonation_o,256,256,111,0,True,False,0.0013882150119265285,no,21,111,1770165967.8807073,0.7453874538745388,0.8137997355451376,0.6567164179104478,0.5518861859486992,0.75,0.807170542635659,0.6235294117647059,0.8176470588235294,84,0.6162790697674418,0.6309523809523809,256,0.8081395348837209,0.2842137582311805,21
tough-sweep-2522,h8o9efjd,82171,0.1,VideoPrism,mean,0.9,5,0.43972650119386225,1,AdamW,reduce,9,sustained_phonation_o,256,1024,101,0,True,False,0.0007209034586022859,no,27,101,1770271383.608742,0.7490774907749077,0.8137997355451376,0.6699029126213593,0.5591044634910527,0.75,0.8113925802879292,0.6404494382022472,0.8333333333333334,84,0.6063829787234043,0.6785714285714286,256,0.7848837209302325,0.2730409719065105,27
laced-sweep-1694,ppvwx5rp,32888,0.1,VideoPrism,mean,0.9,5,0.1844481526431656,1,AdamW,reduce,4,sustained_phonation_o,256,256,180,0,True,False,0.00039189296308988954,no,53,180,1770230699.6115663,0.7380073800738007,0.8137997355451376,0.6536585365853659,0.5487578975318542,0.73828125,0.8066860465116279,0.6127167630057804,0.8143712574850299,84,0.5955056179775281,0.6309523809523809,256,0.7906976744186046,0.28988319210510877,53
eager-sweep-1759,wl8z49p4,97042,0.1,VJEPA2,mean,0.9,3,0.3655888878549643,1,SGD,reduce,9,facial_expression_disgust,256,256,77,0,True,False,0.0032768019824250772,no,37,77,1770272221.3209438,0.7694444444444445,0.8208096516614944,0.6343612334801763,0.5028450502289666,0.7817109144542773,0.7904983775688494,0.6105263157894737,0.828,101,0.651685393258427,0.5742574257425742,339,0.8697478991596639,0.3146428657459248,37
rose-sweep-832,u4l6yeky,15658,0.1,VJEPA2,mean,0.9,5,0.480583066691762,1,SGD,step,6,facial_expression_disgust,256,256,136,0,True,False,0.0028018760622623125,no,67,136,1770208363.7143776,0.7722222222222223,0.8180201541197392,0.6403508771929824,0.5034070743454827,0.775811209439528,0.7967384973791497,0.6122448979591837,0.8319672131147541,101,0.631578947368421,0.594059405940594,339,0.8529411764705882,0.34758648945530424,67
serene-sweep-876,v2srsf1r,33864,0.1,VJEPA2,mean,0.9,4,0.39593860093450417,1,SGD,step,8,facial_expression_disgust,256,256,180,0,True,False,0.0030508985272324107,no,76,180,1770211548.671031,0.775,0.8167648802259493,0.6462882096069869,0.5093878944714864,0.7787610619469026,0.7920376071220567,0.6073298429319371,0.8273092369477911,101,0.6444444444444445,0.5742574257425742,339,0.865546218487395,0.3177144489195224,76
blooming-sweep-1756,o6jfc1nb,91668,0.1,VJEPA2,mean,0.9,4,0.2736751060776814,1,AdamW,reduce,8,facial_expression_disgust,256,1024,135,0,True,False,3.3282848910946466e-05,no,66,135,1770272045.3750265,0.7861111111111111,0.8161372432790543,0.6804979253112033,0.5164662109480964,0.7463126843657817,0.788002329644729,0.5742574257425742,0.819327731092437,101,0.5742574257425742,0.5742574257425742,339,0.819327731092437,0.23023410677660455,66
swift-sweep-1765,xhvpj121,40230,0.1,VJEPA2,mean,0.9,4,0.10625957481540103,1,AdamW,reduce,6,facial_expression_disgust,256,512,78,0,True,False,6.406355001707451e-05,no,39,78,1770272682.7213192,0.775,0.8154747376128876,0.6693877551020408,0.5140426993370056,0.7463126843657817,0.7906231799650553,0.5784313725490197,0.8220338983050848,101,0.5728155339805825,0.5841584158415841,339,0.8151260504201681,0.2613285221730981,39
swept-sweep-452,372em5pg,40854,0.1,VJEPA2,mean,0.9,3,0.23915366976654728,1,AdamW,step,9,facial_expression_disgust,256,256,161,0,True,False,0.00030623552902727525,no,69,161,1770182796.5551815,0.7805555555555556,0.8149168381045364,0.6694560669456067,0.5053039987881979,0.7551622418879056,0.7943672518512356,0.5829145728643216,0.8215767634854771,101,0.5918367346938775,0.5742574257425742,339,0.8319327731092437,0.2961310005670146,69
swept-sweep-256,g8b7zlnb,56524,0.1,VJEPA2,mean,0.9,4,0.27153531740773706,1,AdamW,step,10,facial_expression_disgust,256,1024,161,0,True,False,3.2701590979350686e-05,no,72,161,1770168775.418905,0.7777777777777778,0.8147424945081767,0.6774193548387096,0.5168284071816338,0.7433628318584071,0.7894167568017306,0.5714285714285714,0.8185654008438819,101,0.5686274509803921,0.5742574257425742,339,0.8151260504201681,0.25445121717918534,72
expert-sweep-1130,afbgrlpp,6809,0.1,VJEPA2,mean,0.9,3,0.30024546138579883,1,AdamW,step,8,facial_expression_disgust,256,256,100,0,True,False,0.00013182748895989357,no,50,100,1770228905.5535324,0.7805555555555556,0.814568150911817,0.6721991701244814,0.51393344534768,0.7492625368731564,0.7898327647890839,0.5771144278606966,0.8200836820083682,101,0.58,0.5742574257425742,339,0.8235294117647058,0.27079227309014176,50
kind-sweep-2060,oyr4tgis,14928,0.1,VJEPA2,mean,0.9,3,0.33336462062421746,1,AdamW,step,6,facial_expression_disgust,256,256,97,0,True,False,5.471755122489853e-05,no,43,97,1770292793.2052302,0.7777777777777778,0.8143589385961854,0.6721311475409836,0.5153495881292555,0.7463126843657817,0.7906231799650554,0.5825242718446602,0.8247863247863247,101,0.5714285714285714,0.594059405940594,339,0.8109243697478992,0.28938650478046474,43
exalted-sweep-1616,eri5j1rr,25764,0.1,VJEPA2,mean,0.9,5,0.1823965868356715,1,AdamW,step,3,facial_expression_disgust,256,1024,198,0,True,False,3.0392760223204226e-05,no,93,198,1770262754.702927,0.7805555555555556,0.8141845949998255,0.6694560669456067,0.516267536746131,0.7551622418879056,0.7932856310841168,0.5870646766169154,0.8242677824267782,101,0.59,0.5841584158415841,339,0.8277310924369747,0.2324124799945198,93
vocal-sweep-1837,63omhuv7,87357,0.1,VJEPA2,mean,0.9,4,0.48254070143001504,1,SGD,step,10,facial_expression_disgust,256,256,179,0,True,False,0.0036538908180265314,no,80,179,1770277612.7452016,0.7638888888888888,0.814045120122738,0.6320346320346321,0.5002072109116449,0.7876106194690266,0.7929944254929695,0.6288659793814433,0.8373983739837398,101,0.6559139784946236,0.6039603960396039,339,0.865546218487395,0.3906164338482307,80
rural-sweep-1304,b6c7189j,29178,0.1,VJEPA2,mean,0.9,5,0.27144915548431947,1,AdamW,step,6,facial_expression_disgust,256,256,197,0,True,False,2.27910750648345e-05,no,87,197,1770240954.4885936,0.775,0.8140451201227379,0.6746987951807228,0.5124553773138258,0.7374631268436578,0.7903319743739079,0.5700483091787439,0.8197424892703863,101,0.5566037735849056,0.5841584158415841,339,0.8025210084033614,0.3160575270403379,87
noble-sweep-1861,zew8bdhw,66753,0.1,VJEPA2,mean,0.9,4,0.4604542290609427,1,AdamW,reduce,8,facial_expression_disgust,256,512,165,0,True,False,5.976401416217605e-05,no,76,165,1770279313.2977302,0.7694444444444445,0.814010251403466,0.6719367588932806,0.5143860485818651,0.7433628318584071,0.795906481404443,0.583732057416268,0.8268398268398268,101,0.5648148148148148,0.6039603960396039,339,0.8025210084033614,0.28118555283114166,76
morning-sweep-1727,e2ruridl,4562,0.1,VJEPA2,mean,0.9,5,0.12657034859995542,1,AdamW,reduce,10,facial_expression_disgust,256,256,169,0,True,False,7.088231423435433e-05,no,73,169,1770270093.676134,0.7722222222222223,0.8137313016492905,0.672,0.5133947663837009,0.7463126843657817,0.7960312838006491,0.5865384615384616,0.8275862068965517,101,0.5700934579439252,0.6039603960396039,339,0.8067226890756303,0.31694729312360703,73
earnest-sweep-1397,fdcurknw,14130,0.1,VJEPA2,mean,0.9,4,0.40100142492872226,1,AdamW,reduce,5,facial_expression_disgust,256,256,93,0,True,False,8.460453138210237e-05,no,45,93,1770247711.0848234,0.7805555555555556,0.8136964329300185,0.6748971193415638,0.5147301250033909,0.7463126843657817,0.7867959064814045,0.5742574257425742,0.819327731092437,101,0.5742574257425742,0.5742574257425742,339,0.819327731092437,0.2738382279706633,45
graceful-sweep-1106,p9qt2ju0,29123,0.1,VJEPA2,mean,0.9,5,0.3031213480808284,1,AdamW,reduce,6,facial_expression_disgust,256,256,147,0,True,False,0.00020519746935056236,no,64,147,1770227260.145911,0.7833333333333333,0.8136615642107465,0.6637931034482759,0.5154729233847724,0.7463126843657817,0.7892919544055246,0.5656565656565656,0.8140495867768595,101,0.5773195876288659,0.5544554455445545,339,0.8277310924369747,0.2637460751347296,64
chocolate-sweep-1536,jsmij7js,78941,0.1,VJEPA2,mean,0.9,5,0.3010715759848278,1,AdamW,reduce,7,facial_expression_disgust,256,256,81,0,True,False,0.0001166715787782764,no,46,81,1770257172.3967276,0.7666666666666667,0.8136615642107465,0.6528925619834711,0.5171861211458842,0.7404129793510325,0.790082369581496,0.5643564356435643,0.8151260504201681,101,0.5643564356435643,0.5643564356435643,339,0.8151260504201681,0.2665085883985171,46
silver-sweep-1462,295gq7ly,18899,0.1,VJEPA2,mean,0.9,4,0.19509546875719344,1,AdamW,step,7,facial_expression_disgust,256,512,172,0,True,False,2.2016089524550873e-05,no,78,172,1770252093.4404883,0.7861111111111111,0.8136266954914747,0.6907630522088354,0.5171316358778212,0.7522123893805309,0.7958648806057076,0.5882352941176471,0.826271186440678,101,0.5825242718446602,0.594059405940594,339,0.819327731092437,0.28431187784156375,78
fiery-sweep-1798,slqqo59d,80326,0.1,VJEPA2,mean,0.9,5,0.3757311095144399,1,AdamW,reduce,9,facial_expression_disgust,256,512,168,0,True,False,2.176628847804385e-05,no,72,168,1770275143.686442,0.7722222222222223,0.8131734021409394,0.6746031746031746,0.5136338882976108,0.7404129793510325,0.7883767368333473,0.5728155339805825,0.8205128205128205,101,0.5619047619047619,0.5841584158415841,339,0.8067226890756303,0.29047300779836116,72
eternal-sweep-459,q7dv1teh,12805,0.1,VJEPA2,mean,0.9,5,0.18122686561707743,1,AdamW,reduce,10,facial_expression_disgust,256,256,144,0,True,False,8.741975966160583e-05,no,69,144,1770183322.4631042,0.7638888888888888,0.8131734021409392,0.6586345381526104,0.5205359763569302,0.7433628318584071,0.7901239703802313,0.5797101449275363,0.8240343347639485,101,0.5660377358490566,0.594059405940594,339,0.8067226890756303,0.2829870576223403,69
graceful-sweep-1379,1w93t6v6,20947,0.1,VJEPA2,mean,0.9,5,0.10474345516360369,1,AdamW,reduce,4,facial_expression_disgust,256,768,195,0,True,False,1.943900717921414e-05,no,78,195,1770246489.9343204,0.7888888888888889,0.8129641898253077,0.6910569105691057,0.5200618214077419,0.7404129793510325,0.791080788751144,0.5643564356435643,0.8151260504201681,101,0.5643564356435643,0.5643564356435643,339,0.8151260504201681,0.2627506564518065,78
prime-sweep-636,ltgokcf9,8235,0.1,VJEPA2,mean,0.9,4,0.3020019042386962,1,AdamW,reduce,5,facial_expression_disgust,256,256,151,0,True,False,5.403847007178258e-05,no,61,151,1770195261.166137,0.7805555555555556,0.8127549775096761,0.680161943319838,0.5124152117305332,0.7492625368731564,0.7903735751726433,0.5812807881773399,0.8227848101265823,101,0.5784313725490197,0.5841584158415841,339,0.819327731092437,0.30171572754738885,61
vague-sweep-1575,94jw003k,12706,0.1,VJEPA2,mean,0.9,4,0.42576110438961,1,AdamW,step,6,facial_expression_disgust,256,256,88,0,True,False,5.9860503986122265e-05,no,44,88,1770259989.7788675,0.7833333333333333,0.8127201087904041,0.688,0.5169069661034478,0.7345132743362832,0.7904567767701138,0.5673076923076923,0.8189655172413793,101,0.5514018691588785,0.5841584158415841,339,0.7983193277310925,0.31678511324953,44
fluent-sweep-479,aur4enot,32395,0.1,VJEPA2,mean,0.9,5,0.2909737886220383,1,AdamW,reduce,3,facial_expression_disgust,256,768,148,0,True,False,0.00016078911505075229,no,66,148,1770184591.269627,0.775,0.8126503713518602,0.6493506493506493,0.5071270902951558,0.7610619469026548,0.7943256510525002,0.5803108808290155,0.8178137651821862,101,0.6086956521739131,0.5544554455445545,339,0.8487394957983193,0.3109233225572392,66
dazzling-sweep-1494,ch52siv5,10918,0.1,VJEPA2,mean,0.9,4,0.4642726416799613,1,AdamW,step,9,facial_expression_disgust,256,768,146,0,True,False,2.0616158513958833e-05,no,63,146,1770254283.037933,0.7916666666666666,0.8126503713518602,0.6987951807228916,0.5154946234491137,0.7581120943952803,0.7951576670272069,0.5980392156862745,0.8305084745762712,101,0.5922330097087378,0.6039603960396039,339,0.8235294117647058,0.28437642343706,63
spring-sweep-1390,900s3uto,40322,0.1,VJEPA2,mean,0.9,3,0.2422079997427709,1,AdamW,reduce,7,facial_expression_disgust,256,256,193,0,True,False,7.90522739200294e-05,no,80,193,1770247219.5202577,0.7694444444444445,0.8126155026325883,0.6666666666666666,0.5129640724923875,0.7433628318584071,0.7970297029702971,0.583732057416268,0.8268398268398268,101,0.5648148148148148,0.6039603960396039,339,0.8025210084033614,0.3242915308458868,80
young-sweep-1993,nsk9v3lu,85873,0.1,VJEPA2,mean,0.9,4,0.3222473900923637,1,AdamW,reduce,3,facial_expression_disgust,256,256,162,0,True,False,7.891750840674112e-05,no,74,162,1770288257.5819964,0.7777777777777778,0.8126155026325883,0.6747967479674797,0.5174457351366679,0.7492625368731564,0.7868791080788751,0.5812807881773399,0.8227848101265823,101,0.5784313725490197,0.5841584158415841,339,0.819327731092437,0.2930767115106809,74
eager-sweep-758,81zdn2i5,58883,0.1,VJEPA2,mean,0.9,4,0.4591029168154276,1,AdamW,reduce,5,facial_expression_disgust,256,768,170,0,True,False,5.787631303139626e-05,no,73,170,1770203484.9421096,0.7805555555555556,0.8125457651940443,0.6827309236947792,0.5192053079605102,0.7404129793510325,0.7894167568017306,0.5728155339805825,0.8205128205128205,101,0.5619047619047619,0.5841584158415841,339,0.8067226890756303,0.28846275054095016,73
fanciful-sweep-1739,3cr2kzgn,75583,0.1,VJEPA2,mean,0.9,4,0.32050700160496826,1,AdamW,reduce,9,facial_expression_disgust,256,768,130,0,True,False,0.0001321197002378989,no,59,130,1770270991.0229816,0.7666666666666667,0.8123365528784128,0.6470588235294118,0.5133218460612827,0.7581120943952803,0.7891255512105833,0.5858585858585859,0.8223140495867769,101,0.5979381443298969,0.5742574257425742,339,0.8361344537815126,0.2778446900877826,59
northern-sweep-1789,zx89twkw,6208,0.1,VJEPA2,mean,0.9,4,0.4471726618215318,1,SGD,step,7,facial_expression_disgust,256,256,112,0,True,False,0.005258294117959712,no,56,112,1770274445.5043,0.7694444444444445,0.8123365528784128,0.6375545851528385,0.5081669251124065,0.7699115044247787,0.7884183376320825,0.59375,0.8225806451612904,101,0.6263736263736264,0.5643564356435643,339,0.8571428571428571,0.3606500738667977,56
kind-sweep-616,n0ouw6qr,84755,0.1,VJEPA2,mean,0.9,3,0.4376323983616889,1,AdamW,step,6,facial_expression_disgust,256,512,188,0,True,False,7.28885401708243e-05,no,78,188,1770193950.1346936,0.775,0.8122668154398689,0.6693877551020408,0.5204890198177762,0.7522123893805309,0.7887927448207005,0.5841584158415841,0.8235294117647058,101,0.5841584158415841,0.5841584158415841,339,0.8235294117647058,0.26214317844419466,78
genial-sweep-757,l8v6zv5z,90239,0.1,VJEPA2,mean,0.9,3,0.33905503564946604,1,AdamW,step,5,facial_expression_disgust,256,256,171,0,True,False,8.26569393928444e-05,no,72,171,1770203402.3333778,0.7638888888888888,0.8122319467205971,0.6530612244897959,0.5154057767656114,0.7433628318584071,0.7914135951410267,0.5714285714285714,0.8185654008438819,101,0.5686274509803921,0.5742574257425742,339,0.8151260504201681,0.2830650658870176,72
curious-sweep-510,a0isy81h,86316,0.1,VJEPA2,mean,0.9,3,0.3202273479948572,1,AdamW,step,5,facial_expression_disgust,256,256,123,0,True,False,6.50320090937501e-05,no,53,123,1770186641.288552,0.7805555555555556,0.8121622092820532,0.6775510204081633,0.524542326397366,0.7492625368731564,0.7906231799650553,0.5812807881773399,0.8227848101265823,101,0.5784313725490197,0.5841584158415841,339,0.819327731092437,0.2610912947724554,53
sweepy-sweep-130,6r6qe9kx,86596,0.1,VJEPA2,mean,0.9,3,0.45565429709277017,1,AdamW,reduce,4,facial_expression_disgust,256,512,82,0,True,False,0.0001351020273293335,no,37,82,1770159793.6649415,0.7694444444444445,0.8121273405627811,0.6497890295358649,0.5149102303716871,0.7581120943952803,0.7889591480156418,0.5816326530612245,0.819672131147541,101,0.6,0.5643564356435643,339,0.8403361344537815,0.27426335381829753,37
playful-sweep-663,jg2bgedz,55040,0.1,VJEPA2,mean,0.9,5,0.17368273299788042,1,AdamW,reduce,4,facial_expression_disgust,256,256,119,0,True,False,7.140699665523576e-05,no,58,119,1770197123.5710218,0.7722222222222223,0.8120924718435092,0.672,0.5175214449564616,0.7492625368731564,0.7925368167068808,0.5933014354066986,0.8311688311688312,101,0.5740740740740741,0.6138613861386139,339,0.8067226890756303,0.3165595283318763,58
elated-sweep-570,yjqjsxcf,45739,0.1,VJEPA2,mean,0.9,5,0.2397293362772006,1,AdamW,step,3,facial_expression_disgust,256,768,175,0,True,False,2.262270400148296e-05,no,76,175,1770190737.222127,0.7722222222222223,0.8120924718435092,0.6611570247933884,0.5115726894802517,0.7581120943952803,0.7932440302853814,0.5980392156862745,0.8305084745762712,101,0.5922330097087378,0.6039603960396039,339,0.8235294117647058,0.2966312203280929,76
stoic-sweep-943,ltb8tkjp,4853,0.1,VJEPA2,mean,0.9,4,0.21931928163047448,1,AdamW,reduce,7,facial_expression_disgust,256,768,157,0,True,False,0.00010283483328170592,no,68,157,1770216168.4074085,0.7777777777777778,0.8120576031242372,0.6694214876033058,0.5140484121110704,0.7374631268436578,0.7928280222980281,0.5700483091787439,0.8197424892703863,101,0.5566037735849056,0.5841584158415841,339,0.8025210084033614,0.2835488216315021,68
swift-sweep-1324,6p3gyjmk,3230,0.1,VJEPA2,mean,0.9,5,0.26800798572950635,1,AdamW,step,8,facial_expression_disgust,256,768,166,0,True,False,3.752218441827273e-05,no,81,166,1770242602.472733,0.7833333333333333,0.8120576031242372,0.680327868852459,0.5130738655726115,0.7551622418879056,0.7944088526499709,0.5911330049261084,0.8270042194092827,101,0.5882352941176471,0.594059405940594,339,0.8235294117647058,0.3036575333177628,81
distinctive-sweep-1239,m5h5vvmw,67898,0.1,VJEPA2,mean,0.9,5,0.16114908611768614,1,AdamW,reduce,10,facial_expression_disgust,256,256,191,0,True,False,6.467294228727846e-05,no,87,191,1770236356.0327363,0.7805555555555556,0.8120227344049654,0.6852589641434262,0.5148147450553047,0.7551622418879056,0.7932440302853815,0.5990338164251208,0.8326180257510729,101,0.5849056603773585,0.6138613861386139,339,0.8151260504201681,0.31855232911794923,87
efficient-sweep-1872,erk9l4qi,18133,0.1,VJEPA2,mean,0.9,5,0.1639977605451211,1,SGD,reduce,3,facial_expression_disgust,256,1024,193,0,True,False,0.0004928733757714099,no,86,193,1770280088.7796502,0.775,0.8120227344049653,0.6772908366533864,0.5188374347156949,0.7551622418879056,0.796156086196855,0.6028708133971292,0.8354978354978355,101,0.5833333333333334,0.6237623762376238,339,0.8109243697478992,0.3598232657922694,86
gallant-sweep-643,y7pbqdfz,22230,0.1,VJEPA2,mean,0.9,5,0.25572718478533074,1,AdamW,reduce,3,facial_expression_disgust,256,512,137,0,True,False,3.13496342141487e-05,no,64,137,1770195735.7024193,0.7805555555555556,0.8120227344049652,0.6775510204081633,0.5135079039467706,0.7522123893805309,0.80235460520842,0.5841584158415841,0.8235294117647058,101,0.5841584158415841,0.5841584158415841,339,0.8235294117647058,0.2870310552449406,64
crimson-sweep-611,smo0dveu,29087,0.1,VJEPA2,mean,0.9,3,0.33084705519546265,1,AdamW,reduce,6,facial_expression_disgust,256,1024,171,0,True,False,1.3084841551428302e-05,no,80,171,1770193620.3111498,0.7888888888888889,0.8119529969664215,0.6984126984126984,0.5168774843215942,0.7404129793510325,0.7965304933854729,0.5769230769230769,0.8232758620689655,101,0.5607476635514018,0.594059405940594,339,0.8025210084033614,0.3054877021239559,80
solar-sweep-1442,u19b3hcz,90323,0.1,VJEPA2,mean,0.9,3,0.28692053840925114,1,AdamW,reduce,5,facial_expression_disgust,256,256,200,0,True,False,4.5533521925792806e-05,no,87,200,1770250815.8182847,0.7833333333333333,0.8117437846507898,0.6904761904761905,0.5191759758525425,0.7404129793510325,0.7961560861968549,0.5769230769230769,0.8232758620689655,101,0.5607476635514018,0.594059405940594,339,0.8025210084033614,0.30858724777336066,87
vibrant-sweep-833,afv59c8o,82461,0.1,VJEPA2,mean,0.9,4,0.39992071055368383,1,AdamW,step,6,facial_expression_disgust,256,1024,159,0,True,False,4.250633523115996e-05,no,82,159,1770208454.336273,0.775,0.8116740472122459,0.6772908366533864,0.5207700623406304,0.7581120943952803,0.7946168566436476,0.6057692307692307,0.8362068965517241,101,0.5887850467289719,0.6237623762376238,339,0.8151260504201681,0.28447455695649737,82
visionary-sweep-115,f1vk8m63,82582,0.1,VJEPA2,mean,0.9,5,0.39858450107822574,1,AdamW,step,7,facial_expression_disgust,256,768,154,0,True,False,1.7296293306276773e-05,no,76,154,1770158737.1323085,0.7861111111111111,0.811639178492974,0.6907630522088354,0.5161221716139052,0.7522123893805309,0.7928696230967635,0.5922330097087378,0.8290598290598291,101,0.580952380952381,0.6039603960396039,339,0.8151260504201681,0.30465790259455705,76
effortless-sweep-2103,kofs1i0g,77261,0.1,VJEPA2,mean,0.9,5,0.35063698996664927,1,AdamW,reduce,9,facial_expression_disgust,256,768,81,0,True,False,3.18563884971128e-05,no,44,81,1770295545.135002,0.7722222222222223,0.8114997036158862,0.672,0.5145894236034817,0.7522123893805309,0.7938264414676762,0.5922330097087378,0.8290598290598291,101,0.580952380952381,0.6039603960396039,339,0.8151260504201681,0.31265189936137766,44
frosty-sweep-1612,55jnho17,86025,0.1,VJEPA2,mean,0.9,4,0.4209838669568941,1,AdamW,step,10,facial_expression_disgust,256,768,170,0,True,False,1.9834180457488904e-05,no,66,170,1770262405.4266393,0.7694444444444445,0.8114299661773422,0.6693227091633466,0.5160017715560066,0.7522123893805309,0.7953240702221482,0.5922330097087378,0.8290598290598291,101,0.580952380952381,0.6039603960396039,339,0.8151260504201681,0.27241636802295593,66
gentle-sweep-462,yliw64f2,24127,0.1,VJEPA2,mean,0.9,4,0.354383136588,1,AdamW,reduce,4,facial_expression_disgust,256,768,182,0,True,False,0.00021111453338611895,no,76,182,1770183549.770021,0.7638888888888888,0.8113602287387984,0.6320346320346321,0.5086958858701918,0.7551622418879056,0.7961976869955903,0.5699481865284974,0.8137651821862348,101,0.5978260869565217,0.5445544554455446,339,0.8445378151260504,0.30425612634694726,76
frosty-sweep-266,w5pp6ex9,6268,0.1,VJEPA2,mean,0.9,5,0.4945055931185336,1,AdamW,step,7,facial_expression_disgust,256,768,197,0,True,False,2.359366592120779e-05,no,90,197,1770169513.725577,0.7694444444444445,0.8113253600195265,0.6527196652719666,0.520452986823188,0.7551622418879056,0.7959480822031783,0.5870646766169154,0.8242677824267782,101,0.59,0.5841584158415841,339,0.8277310924369747,0.2631346999435079,90
swift-sweep-713,b3g18585,41748,0.1,VJEPA2,mean,0.9,4,0.40158982217458206,1,AdamW,step,8,facial_expression_disgust,256,512,171,0,True,False,0.00030283669906266465,no,75,171,1770200462.707171,0.7777777777777778,0.8113253600195265,0.6638655462184874,0.5130343039830526,0.7404129793510325,0.7869207088776103,0.5643564356435643,0.8151260504201681,101,0.5643564356435643,0.5643564356435643,339,0.8151260504201681,0.28204386790427205,75
clear-sweep-852,o2gyn4l9,5520,0.1,VJEPA2,mean,0.9,3,0.1301029739813284,1,AdamW,reduce,10,facial_expression_disgust,256,256,179,0,True,False,0.00031333402865847893,no,78,179,1770209723.0352814,0.7833333333333333,0.8112556225809826,0.6776859504132231,0.5182982312308417,0.7551622418879056,0.7954488726183543,0.5911330049261084,0.8270042194092827,101,0.5882352941176471,0.594059405940594,339,0.8235294117647058,0.2962350802108999,78
sandy-sweep-1019,gfs7p5e6,49507,0.1,VJEPA2,mean,0.9,3,0.11887546219152414,1,AdamW,reduce,9,facial_expression_disgust,256,256,152,0,True,False,0.00015628591531575465,no,73,152,1770221275.9089334,0.7694444444444445,0.8112207538617107,0.6437768240343348,0.5043400737974378,0.7610619469026548,0.796031283800649,0.5888324873096447,0.823045267489712,101,0.6041666666666666,0.5742574257425742,339,0.8403361344537815,0.32722998966399264,73
youthful-sweep-1971,uxw7r8ez,62229,0.1,VJEPA2,mean,0.9,5,0.22410337872459596,1,AdamW,reduce,9,facial_expression_disgust,256,256,44,0,True,False,0.00012813317286458774,no,27,44,1770286684.8753235,0.775,0.8111858851424387,0.6666666666666666,0.5144348462422689,0.7345132743362832,0.7946584574423828,0.5588235294117647,0.8135593220338984,101,0.5533980582524272,0.5643564356435643,339,0.8067226890756303,0.30281476807394786,27
snowy-sweep-101,h9s7f33i,66450,0.1,VJEPA2,mean,0.9,5,0.31544963645542523,1,AdamW,step,8,facial_expression_disgust,256,512,145,0,True,False,5.3719019447359466e-05,no,69,145,1770157847.630087,0.7722222222222223,0.8111161477038948,0.6693548387096774,0.5221801651848688,0.7492625368731564,0.7877527248523171,0.5853658536585366,0.825531914893617,101,0.5769230769230769,0.594059405940594,339,0.8151260504201681,0.26431806653613327,69
amber-sweep-2041,q62swwp2,49322,0.1,VJEPA2,mean,0.9,5,0.3827436817151094,1,AdamW,step,7,facial_expression_disgust,256,256,81,0,True,False,9.332429782968e-05,no,35,81,1770291421.8258834,0.7722222222222223,0.8110812789846229,0.6666666666666666,0.5227030475934347,0.7374631268436578,0.7821782178217821,0.5658536585365853,0.8170212765957446,101,0.5576923076923077,0.5742574257425742,339,0.8067226890756303,0.2786169075816246,35
glamorous-sweep-762,7w654a3c,61747,0.1,VJEPA2,mean,0.9,4,0.4616768127009585,1,AdamW,reduce,6,facial_expression_disgust,256,256,159,0,True,False,5.489046694388847e-05,no,71,159,1770203810.2036724,0.775,0.8109766728268071,0.6639004149377593,0.5149831136067708,0.7581120943952803,0.7930776270904402,0.5858585858585859,0.8223140495867769,101,0.5979381443298969,0.5742574257425742,339,0.8361344537815126,0.2811840669131179,71
major-sweep-756,a88s057c,10870,0.1,VJEPA2,mean,0.9,5,0.30806922763152944,1,AdamW,step,9,facial_expression_disgust,256,768,32,0,True,False,0.00022780898794025028,no,25,32,1770203318.8588529,0.7805555555555556,0.8109069353882632,0.6638297872340425,0.5110870401064554,0.7522123893805309,0.7892919544055246,0.5625,0.8104838709677419,101,0.5934065934065934,0.5346534653465347,339,0.8445378151260504,0.27594708394638495,25
fancy-sweep-1295,bwyrlkq2,48622,0.1,VJEPA2,mean,0.9,4,0.36970750626390514,1,AdamW,step,8,facial_expression_disgust,256,256,158,0,True,False,5.026778345946656e-05,no,70,158,1770240343.8066986,0.7833333333333333,0.8108720666689913,0.6854838709677419,0.5203674541579353,0.7433628318584071,0.7900407687827606,0.5756097560975609,0.8212765957446808,101,0.5673076923076923,0.5841584158415841,339,0.8109243697478992,0.29316970614542354,70
swept-sweep-804,uq94ek9c,98159,0.1,VJEPA2,mean,0.9,3,0.30982655698130523,1,AdamW,reduce,9,facial_expression_disgust,256,1024,196,0,True,False,0.0003090937179652967,yes,85,196,1770206666.28807,0.7666666666666667,0.8108371979497193,0.664,0.5203936020533244,0.7433628318584071,0.796655295781679,0.583732057416268,0.8268398268398268,101,0.5648148148148148,0.6039603960396039,339,0.8025210084033614,0.313488151654705,85
radiant-sweep-1791,09o6eoyh,91696,0.1,VJEPA2,mean,0.9,3,0.29502699522694076,1,AdamW,reduce,6,facial_expression_disgust,256,1024,106,0,True,False,2.7688189603822422e-05,no,51,106,1770274584.891104,0.775,0.8108371979497193,0.6693877551020408,0.5191058158874512,0.7522123893805309,0.7954072718196189,0.5841584158415841,0.8235294117647058,101,0.5841584158415841,0.5841584158415841,339,0.8235294117647058,0.2696686058696178,51
dutiful-sweep-76,g7e1if0t,64861,0.1,VJEPA2,mean,0.9,4,0.1858169546024512,1,AdamW,reduce,5,facial_expression_disgust,256,1024,188,0,True,False,4.73782438233924e-05,no,73,188,1770156119.0882714,0.775,0.8106279856340878,0.6720647773279352,0.5166781557930841,0.7492625368731564,0.7938680422664115,0.5812807881773399,0.8227848101265823,101,0.5784313725490197,0.5841584158415841,339,0.819327731092437,0.29094053848517987,73
worldly-sweep-547,qh60g8yo,62647,0.1,VJEPA2,mean,0.9,3,0.18205818009116925,1,AdamW,reduce,8,facial_expression_disgust,256,512,165,0,True,False,7.790513517514871e-05,no,70,165,1770189087.7541523,0.7805555555555556,0.8106279856340877,0.6748971193415638,0.5077702601750692,0.7551622418879056,0.794783259838589,0.5911330049261084,0.8270042194092827,101,0.5882352941176471,0.594059405940594,339,0.8235294117647058,0.30850664649880916,70
balmy-sweep-788,zc04gxoq,8092,0.1,VJEPA2,mean,0.9,5,0.4031582919601038,1,AdamW,reduce,5,facial_expression_disgust,256,256,198,0,True,False,0.00013151212177906648,no,85,198,1770205584.8791566,0.7777777777777778,0.8106279856340877,0.6721311475409836,0.515575643380483,0.7463126843657817,0.7879607288459939,0.5784313725490197,0.8220338983050848,101,0.5728155339805825,0.5841584158415841,339,0.8151260504201681,0.31821513828539616,85
solar-sweep-1902,ghfroaln,52181,0.1,VJEPA2,mean,0.9,3,0.35074782447265374,1,AdamW,step,4,facial_expression_disgust,256,256,158,0,True,False,2.640933749317948e-05,no,71,158,1770282038.2957675,0.7722222222222223,0.8105233794762718,0.6746031746031746,0.5195939964718289,0.7404129793510325,0.79058157916632,0.5769230769230769,0.8232758620689655,101,0.5607476635514018,0.594059405940594,339,0.8025210084033614,0.32792143334570956,71
still-sweep-810,86pkhfku,37448,0.1,VJEPA2,mean,0.9,5,0.24444112341837984,1,AdamW,step,4,facial_expression_disgust,256,1024,167,0,True,False,1.6350377636037147e-05,no,73,167,1770207094.8016937,0.7805555555555556,0.810418773318456,0.6852589641434262,0.5198122925228543,0.7492625368731564,0.7884599384308179,0.5853658536585366,0.825531914893617,101,0.5769230769230769,0.594059405940594,339,0.8151260504201681,0.2733989422374523,73
flowing-sweep-1711,z79z1s7e,65670,0.1,VJEPA2,mean,0.9,5,0.3468083713984774,1,AdamW,reduce,4,facial_expression_disgust,256,256,168,0,True,False,4.814871944572144e-05,no,78,168,1770268996.8965707,0.775,0.810418773318456,0.6720647773279352,0.5140218549304538,0.7433628318584071,0.7934520342790582,0.5797101449275363,0.8240343347639485,101,0.5660377358490566,0.594059405940594,339,0.8067226890756303,0.3114869102440785,78
bumbling-sweep-2049,kgl8r0zb,72058,0.1,VJEPA2,mean,0.9,4,0.21996790194069693,1,AdamW,reduce,9,facial_expression_disgust,256,256,144,0,True,False,3.467582464470442e-05,no,75,144,1770292101.7330158,0.775,0.8103839045991841,0.6746987951807228,0.519907824198405,0.7433628318584071,0.7930360262917049,0.5797101449275363,0.8240343347639485,101,0.5660377358490566,0.594059405940594,339,0.8067226890756303,0.30353837731493066,75
cerulean-sweep-866,wmdy3dp7,36453,0.1,VJEPA2,mean,0.9,5,0.37699303245541016,1,AdamW,reduce,9,facial_expression_disgust,256,512,127,0,True,False,7.1310314425435e-05,no,55,127,1770210754.262921,0.775,0.8103141671606402,0.6639004149377593,0.5181214862399631,0.7433628318584071,0.7902487727764372,0.5671641791044776,0.8158995815899581,101,0.57,0.5643564356435643,339,0.819327731092437,0.27492872582984934,55
lunar-sweep-1256,1v6rgcf4,34474,0.1,VJEPA2,mean,0.9,5,0.3535385088760653,1,AdamW,reduce,3,facial_expression_disgust,256,512,175,0,True,False,3.961681562279986e-05,no,80,175,1770237604.8317835,0.7833333333333333,0.8102095610028244,0.6829268292682927,0.5158353394932217,0.7492625368731564,0.7870039104750811,0.5853658536585366,0.825531914893617,101,0.5769230769230769,0.594059405940594,339,0.8151260504201681,0.296683199277649,80
dauntless-sweep-514,hbmht0ne,56029,0.1,VJEPA2,mean,0.9,4,0.13108867211230404,1,AdamW,reduce,7,facial_expression_disgust,256,768,149,0,True,False,2.6124828945436476e-05,no,66,149,1770186931.077866,0.7833333333333333,0.8101398235642805,0.6854838709677419,0.5199777073330349,0.7522123893805309,0.7946168566436476,0.5922330097087378,0.8290598290598291,101,0.580952380952381,0.6039603960396039,339,0.8151260504201681,0.2896434070758075,66
soft-sweep-295,7t9de59y,23092,0.1,VJEPA2,mean,0.9,3,0.21625958067116635,1,AdamW,reduce,7,facial_expression_disgust,256,512,103,0,True,False,0.0001076664346890647,no,51,103,1770171625.273921,0.7861111111111111,0.8101398235642805,0.6804979253112033,0.5131131304634942,0.7551622418879056,0.7957816790082369,0.5870646766169154,0.8242677824267782,101,0.59,0.5841584158415841,339,0.8277310924369747,0.3089134445000892,51
flowing-sweep-2056,vljd9pjg,16614,0.1,VJEPA2,mean,0.9,4,0.1501371376198105,1,AdamW,reduce,9,facial_expression_disgust,256,768,152,0,True,False,1.925159216636625e-05,no,71,152,1770292544.8048384,0.7722222222222223,0.8101398235642805,0.672,0.5184043539894951,0.7522123893805309,0.7937016390714702,0.5922330097087378,0.8290598290598291,101,0.580952380952381,0.6039603960396039,339,0.8151260504201681,0.29757723170676825,71
tough-sweep-627,z52cpgeb,61503,0.1,VJEPA2,mean,0.9,4,0.23386960381033928,1,AdamW,reduce,6,facial_expression_disgust,256,256,149,0,True,False,0.00025800552237938113,no,67,149,1770194652.37828,0.7666666666666667,0.8101049548450086,0.6347826086956522,0.5030825429492527,0.7669616519174042,0.7936184374739995,0.5906735751295337,0.8218623481781376,101,0.6195652173913043,0.5643564356435643,339,0.8529411764705882,0.34839293319144843,67
zany-sweep-1505,62mdpudo,81687,0.1,VJEPA2,mean,0.9,3,0.39808436219348553,1,AdamW,step,4,facial_expression_disgust,256,256,180,0,True,False,0.00022380682445261735,no,74,180,1770255085.783836,0.7583333333333333,0.8097911363715612,0.6266094420600858,0.5142689916822646,0.7551622418879056,0.7939512438638822,0.5829145728643216,0.8215767634854771,101,0.5918367346938775,0.5742574257425742,339,0.8319327731092437,0.30751999807407665,74
winter-sweep-2073,5vdid0wz,77294,0.1,VJEPA2,mean,0.9,4,0.3582861915252583,1,AdamW,reduce,6,facial_expression_disgust,256,256,48,0,True,False,8.91267859468079e-05,no,26,48,1770293657.9946513,0.7638888888888888,0.8096516614944733,0.669260700389105,0.5234715051121182,0.7463126843657817,0.7931192278891754,0.5865384615384616,0.8275862068965517,101,0.5700934579439252,0.6039603960396039,339,0.8067226890756303,0.32987372180241753,26
wobbly-sweep-989,ywc4crx6,89689,0.1,VJEPA2,mean,0.9,3,0.33879296228583927,1,AdamW,reduce,4,facial_expression_disgust,256,1024,113,0,True,False,0.00010838408807907332,no,49,113,1770219185.0861957,0.775,0.8096516614944733,0.6493506493506493,0.5189488066567315,0.7492625368731564,0.7915383975372328,0.5641025641025641,0.8122448979591836,101,0.5851063829787234,0.5445544554455446,339,0.8361344537815126,0.2609119960619981,49
apricot-sweep-1617,s0tbekj8,2475,0.1,VJEPA2,mean,0.9,3,0.3087616524648922,1,AdamW,reduce,6,facial_expression_disgust,256,256,197,0,True,False,0.00024457559031736684,no,90,197,1770262853.5169444,0.775,0.8096516614944733,0.6523605150214592,0.5092365172174241,0.7492625368731564,0.7963640901905317,0.5641025641025641,0.8122448979591836,101,0.5851063829787234,0.5445544554455446,339,0.8361344537815126,0.3281101623090241,90
electric-sweep-958,kwjxyxxg,44704,0.1,VJEPA2,mean,0.9,3,0.4791473304484143,1,AdamW,reduce,5,facial_expression_disgust,256,512,180,0,True,False,2.218140832923414e-05,no,79,180,1770217136.980809,0.7777777777777778,0.8096167927752014,0.6825396825396826,0.5181688229242961,0.7522123893805309,0.7910391879524088,0.5882352941176471,0.826271186440678,101,0.5825242718446602,0.594059405940594,339,0.819327731092437,0.29868202532850713,79
hearty-sweep-1586,ctleqhch,65570,0.1,VJEPA2,mean,0.9,4,0.39446730826124743,1,AdamW,reduce,10,facial_expression_disgust,256,256,87,0,True,False,0.00045937031749744697,no,43,87,1770260598.3314824,0.7805555555555556,0.8096167927752014,0.6519823788546255,0.5034240735901727,0.7699115044247787,0.79584408020634,0.5894736842105263,0.82,101,0.6292134831460674,0.5544554455445545,339,0.8613445378151261,0.35544071200003685,43
splendid-sweep-507,a77i6h09,55924,0.1,VJEPA2,mean,0.9,5,0.3479886485142518,1,AdamW,step,4,facial_expression_disgust,256,256,199,0,True,False,0.000119416601631501,no,87,199,1770186425.5478013,0.7722222222222223,0.8096167927752014,0.6611570247933884,0.510768449306488,0.7492625368731564,0.7897911639903485,0.5728643216080402,0.8174273858921162,101,0.5816326530612245,0.5643564356435643,339,0.8277310924369747,0.31446805130820227,87
fiery-sweep-1001,z37h0c39,70353,0.1,VJEPA2,mean,0.9,5,0.10481939914584656,1,AdamW,step,10,facial_expression_disgust,256,1024,158,0,True,False,3.705550590545563e-05,no,69,158,1770219940.7717755,0.7777777777777778,0.8095819240559295,0.6721311475409836,0.5172616031434801,0.7610619469026548,0.7949496630335303,0.6009852216748769,0.8312236286919831,101,0.5980392156862745,0.6039603960396039,339,0.8277310924369747,0.2784748677595556,69
soft-sweep-2112,cmxxj6fg,76042,0.1,VJEPA2,mean,0.9,3,0.4910542118243437,1,AdamW,reduce,4,facial_expression_disgust,256,768,166,0,True,False,3.5097494733979315e-05,no,66,166,1770296087.8409324,0.7805555555555556,0.8095819240559294,0.680161943319838,0.5166625724898444,0.7581120943952803,0.7945752558449123,0.5980392156862745,0.8305084745762712,101,0.5922330097087378,0.6039603960396039,339,0.8235294117647058,0.29037533594474635,66
flowing-sweep-498,0mg6opc0,8314,0.1,VJEPA2,mean,0.9,4,0.12752400706250358,1,AdamW,reduce,10,facial_expression_disgust,256,768,186,0,True,False,0.00015362071857435771,no,82,186,1770185751.062382,0.7666666666666667,0.8095819240559294,0.6379310344827587,0.507768162091573,0.7699115044247787,0.7989849405108579,0.5979381443298969,0.8252032520325203,101,0.6236559139784946,0.5742574257425742,339,0.8529411764705882,0.32165516195935684,82
jumping-sweep-1448,kv9bth2d,37372,0.1,VJEPA2,mean,0.9,4,0.4782641512774449,1,AdamW,reduce,10,facial_expression_disgust,256,256,193,0,True,False,0.00010515376820983812,no,89,193,1770251237.5434022,0.7861111111111111,0.8095470553366575,0.6882591093117408,0.5149584107928806,0.7522123893805309,0.8004825692653299,0.5882352941176471,0.826271186440678,101,0.5825242718446602,0.594059405940594,339,0.819327731092437,0.3229328611738346,89
effortless-sweep-1143,12r7tylp,19641,0.1,VJEPA2,mean,0.9,5,0.3178652036554742,1,AdamW,reduce,7,facial_expression_disgust,256,256,128,0,True,False,0.0001274475732869143,no,56,128,1770229818.06393,0.7833333333333333,0.8095470553366575,0.675,0.5089046213361952,0.7581120943952803,0.7968216989766204,0.5858585858585859,0.8223140495867769,101,0.5979381443298969,0.5742574257425742,339,0.8361344537815126,0.3193301108757987,56
absurd-sweep-104,b9gp3w2j,26497,0.1,VJEPA2,mean,0.9,4,0.2076217622304486,1,AdamW,reduce,8,facial_expression_disgust,256,768,72,0,True,False,7.420602322324805e-05,no,32,72,1770158010.8507822,0.7722222222222223,0.8095121866173856,0.6583333333333333,0.5180432584550646,0.7551622418879056,0.796530493385473,0.5870646766169154,0.8242677824267782,101,0.59,0.5841584158415841,339,0.8277310924369747,0.2742300632525355,32
rare-sweep-999,1luehbvn,49768,0.1,VJEPA2,mean,0.9,4,0.3666849541532412,1,AdamW,reduce,6,facial_expression_disgust,256,256,90,0,True,False,0.0005085697266140421,no,43,90,1770219770.408332,0.7611111111111111,0.8095121866173856,0.6228070175438597,0.5059933437241448,0.7640117994100295,0.7971129045677677,0.5698924731182796,0.8110236220472441,101,0.6235294117647059,0.5247524752475248,339,0.865546218487395,0.35019573677367577,43
ancient-sweep-33,9c7kuakq,45426,0.1,VJEPA2,mean,0.9,5,0.4611588630320208,1,AdamW,step,10,facial_expression_disgust,256,768,112,0,True,False,2.5392751080148576e-05,no,53,112,1770153424.2317293,0.775,0.8094424491788417,0.6746987951807228,0.5167418585883247,0.7610619469026548,0.7968216989766205,0.6009852216748769,0.8312236286919831,101,0.5980392156862745,0.6039603960396039,339,0.8277310924369747,0.3038987753032142,53
lyric-sweep-303,swsloib8,86184,0.1,VJEPA2,mean,0.9,3,0.4762980649792995,1,AdamW,step,8,facial_expression_disgust,256,512,150,0,True,False,0.00011742576717777994,no,70,150,1770172263.76619,0.7694444444444445,0.8093727117402978,0.6497890295358649,0.508880172835456,0.7581120943952803,0.7925368167068808,0.5858585858585859,0.8223140495867769,101,0.5979381443298969,0.5742574257425742,339,0.8361344537815126,0.31382230190219906,70
neat-sweep-901,qy0j9l4r,88614,0.1,VJEPA2,mean,0.9,4,0.41719109513814223,1,AdamW,step,7,facial_expression_disgust,256,512,152,0,True,False,2.0079036247004752e-05,no,65,152,1770213396.327562,0.7805555555555556,0.8093727117402978,0.6877470355731226,0.5202045811547173,0.7404129793510325,0.7919544055245861,0.580952380952381,0.8260869565217391,101,0.5596330275229358,0.6039603960396039,339,0.7983193277310925,0.31222341686611893,65
happy-sweep-1136,sfp8xdx4,6868,0.1,VJEPA2,mean,0.9,5,0.498619901715178,1,AdamW,reduce,4,facial_expression_disgust,256,768,188,0,True,False,0.0001248901000761643,no,82,188,1770229347.8907034,0.7861111111111111,0.8093378430210257,0.6804979253112033,0.5121848980585734,0.7492625368731564,0.7950744654297363,0.5771144278606966,0.8200836820083682,101,0.58,0.5742574257425742,339,0.8235294117647058,0.2936091250123007,82
crimson-sweep-421,8zdra1pc,77436,0.1,VJEPA2,mean,0.9,3,0.36370805444460785,1,AdamW,reduce,6,facial_expression_disgust,256,512,199,0,True,False,8.332994081248367e-05,no,86,199,1770180684.119491,0.7861111111111111,0.8093029743017538,0.6804979253112033,0.5097447143660652,0.7669616519174042,0.791455195939762,0.5989847715736041,0.8271604938271605,101,0.6145833333333334,0.5841584158415841,339,0.8445378151260504,0.32716289129383563,86
wild-sweep-54,l8dghkuv,66558,0.1,VJEPA2,mean,0.9,5,0.29774857911762226,1,AdamW,step,4,facial_expression_disgust,256,1024,135,0,True,False,1.7547754492115574e-05,no,63,135,1770154744.7668202,0.7805555555555556,0.8093029743017538,0.6852589641434262,0.5193412476115756,0.7463126843657817,0.7949080622347949,0.5825242718446602,0.8247863247863247,101,0.5714285714285714,0.594059405940594,339,0.8109243697478992,0.29648805653866034,63
iconic-sweep-1107,gx6d717c,39194,0.1,VJEPA2,mean,0.9,4,0.22985499783221108,1,AdamW,reduce,10,facial_expression_disgust,256,256,40,0,True,False,0.00012923995716325985,no,20,40,1770227292.082075,0.775,0.809268105582482,0.6639004149377593,0.5107906368043688,0.7581120943952803,0.7923288127132041,0.59,0.825,101,0.5959595959595959,0.5841584158415841,339,0.8319327731092437,0.3362203256189408,20
rose-sweep-689,ps44aqyu,58894,0.1,VJEPA2,mean,0.9,4,0.185735421593796,1,AdamW,reduce,8,facial_expression_disgust,256,256,149,0,True,False,3.654592872670241e-05,no,63,149,1770198758.8531232,0.7694444444444445,0.809268105582482,0.6666666666666666,0.5217182437578837,0.7404129793510325,0.7894167568017305,0.5686274509803921,0.8177966101694916,101,0.5631067961165048,0.5742574257425742,339,0.8109243697478992,0.2848584841069151,63
dark-sweep-585,639otbyc,98496,0.1,VJEPA2,mean,0.9,5,0.32136836345849984,1,AdamW,step,7,facial_expression_disgust,256,768,75,0,True,False,0.000113400565527139,no,41,75,1770191813.1273708,0.7666666666666667,0.8091983681439381,0.6347826086956522,0.5049098736710018,0.7640117994100295,0.7918712039271155,0.5876288659793815,0.8211382113821138,101,0.6129032258064516,0.5643564356435643,339,0.8487394957983193,0.32001896898783067,41
pious-sweep-1969,jhkumv8j,54379,0.1,VJEPA2,mean,0.9,3,0.17414171900572806,1,AdamW,reduce,4,facial_expression_disgust,256,768,195,0,True,False,7.916520961714633e-05,no,85,195,1770286554.192129,0.7861111111111111,0.8091983681439381,0.6804979253112033,0.5138288537661234,0.7610619469026548,0.7962808885930611,0.5970149253731343,0.8284518828451883,101,0.6,0.594059405940594,339,0.8319327731092437,0.2963365796470243,85
exalted-sweep-2019,gv483ejz,78648,0.1,VJEPA2,mean,0.9,5,0.34983383896893583,1,AdamW,reduce,6,facial_expression_disgust,256,1024,140,0,True,False,6.828072182304675e-05,no,64,140,1770289911.2296364,0.7777777777777778,0.8091286307053942,0.6774193548387096,0.5193294710583157,0.7551622418879056,0.7904151759713787,0.5911330049261084,0.8270042194092827,101,0.5882352941176471,0.594059405940594,339,0.8235294117647058,0.27276029384784617,64
hearty-sweep-1134,hvmkfabe,93348,0.1,VJEPA2,mean,0.9,5,0.31747893412961803,1,AdamW,reduce,9,facial_expression_disgust,256,256,200,0,True,False,6.77487073528563e-05,no,88,200,1770229173.415838,0.7805555555555556,0.8091286307053942,0.6827309236947792,0.5121664709515041,0.7551622418879056,0.7922456111157334,0.5870646766169154,0.8242677824267782,101,0.59,0.5841584158415841,339,0.8277310924369747,0.3298522184915955,88
rose-sweep-1313,iyfgrnxa,78749,0.1,VJEPA2,mean,0.9,5,0.40025050546021845,1,AdamW,reduce,6,facial_expression_disgust,256,1024,177,0,True,False,0.00022204381756183575,yes,78,177,1770241683.434811,0.7722222222222223,0.8090937619861223,0.6554621848739496,0.512152099609375,0.7581120943952803,0.7959896830019135,0.5816326530612245,0.819672131147541,101,0.6,0.5643564356435643,339,0.8403361344537815,0.30756168925778804,78
stellar-sweep-1829,6vbjsmdl,60258,0.1,VideoPrism,mean,0.9,4,0.31753367241716407,1,AdamW,step,10,facial_expression_smile,256,1024,123,0,True,False,0.0005928187174822434,no,56,123,1770298353.2278757,0.7582417582417582,0.8050738382333016,0.648,0.5311062231168642,0.750733137829912,0.8066289277217162,0.5771144278606966,0.8181818181818182,102,0.5858585858585859,0.5686274509803921,341,0.8284518828451883,0.3134394665920373,56
brisk-sweep-1527,4qfimw4b,33334,0.1,VideoPrism,mean,0.9,4,0.4739582329684283,1,AdamW,reduce,3,facial_expression_smile,256,768,142,0,True,False,0.0011505785300916106,no,56,142,1770274885.127093,0.7335164835164835,0.798536783633654,0.6040816326530613,0.5311011193872808,0.7565982404692082,0.8073672983837886,0.5743589743589743,0.8145161290322581,102,0.6021505376344086,0.5490196078431373,341,0.8451882845188284,0.3374229632363175,56
royal-sweep-1815,yf7vmt4r,57815,0.1,VideoPrism,mean,0.9,4,0.24353093427464345,1,AdamW,step,3,facial_expression_smile,256,256,190,0,True,False,0.003591682941817983,no,87,190,1770297220.8673909,0.7554945054945055,0.7976561441539087,0.6212765957446809,0.5312270482817849,0.750733137829912,0.8104028222167527,0.5355191256830601,0.7961538461538461,102,0.6049382716049383,0.4803921568627451,341,0.8661087866108786,0.37791277907111426,87
dauntless-sweep-683,hm9x7hm4,52433,0.1,VideoPrism,mean,0.9,3,0.10242138712629456,1,AdamW,reduce,9,facial_expression_smile,256,1024,88,0,True,False,0.0003236773639774294,no,41,88,1770208817.3295274,0.75,0.7970125999187102,0.6192468619246861,0.5316860243514344,0.7478005865102639,0.8025268684879809,0.5567010309278351,0.8072289156626506,102,0.5869565217391305,0.5294117647058824,341,0.8410041841004184,0.3595328462485111,41
super-sweep-1445,bugbv3bw,97303,0.1,VideoPrism,mean,0.9,3,0.4273723765800189,1,AdamW,step,8,facial_expression_smile,256,768,38,0,True,False,0.0009403032074069154,no,20,38,1770268330.994177,0.7417582417582418,0.7968093754233845,0.624,0.5415587523481348,0.750733137829912,0.8069981130527525,0.5685279187817259,0.8130081300813008,102,0.5894736842105263,0.5490196078431373,341,0.8368200836820083,0.3387687301635742,20
treasured-sweep-1639,j7ds5xnv,16561,0.1,VideoPrism,mean,0.9,4,0.38308303080858697,1,AdamW,step,7,facial_expression_smile,256,768,139,0,True,False,0.0019059597871743785,no,69,139,1770283695.8175216,0.7582417582417582,0.7967077631757216,0.6507936507936508,0.5425016244689187,0.7536656891495601,0.8104028222167527,0.5882352941176471,0.8242677824267782,102,0.5882352941176471,0.5882352941176471,341,0.8242677824267782,0.3366473580129219,69
robust-sweep-1400,auti2hh9,23808,0.1,VideoPrism,mean,0.9,3,0.22296799374840456,1,AdamW,reduce,3,facial_expression_smile,256,1024,143,0,True,False,0.00013999645322904124,no,64,143,1770264726.0730357,0.75,0.7960642189405229,0.6403162055335968,0.5358352693882618,0.7419354838709677,0.7980556239232095,0.56,0.8106995884773662,102,0.5714285714285714,0.5490196078431373,341,0.8242677824267782,0.3404834970560941,64
deft-sweep-1098,lu6qgal1,57553,0.1,VideoPrism,mean,0.9,3,0.10805813298274206,1,AdamW,step,6,facial_expression_smile,256,768,172,0,True,False,0.00024500219667616567,no,77,172,1770241053.7065284,0.7362637362637363,0.7953868039561035,0.627906976744186,0.5354726484843663,0.7390029325513197,0.799409303470342,0.5781990521327014,0.8232758620689655,102,0.5596330275229358,0.5980392156862745,341,0.799163179916318,0.3585385180242134,77
stilted-sweep-846,qwsznd0r,9914,0.1,VideoPrism,mean,0.9,4,0.23175831005421352,1,AdamW,reduce,6,facial_expression_smile,256,1024,151,0,True,False,0.0001293963164300098,no,69,151,1770221111.2541947,0.7362637362637363,0.7952851917084406,0.6335877862595419,0.5389887690544128,0.7448680351906158,0.7973172532611371,0.5797101449275363,0.8220338983050848,102,0.5714285714285714,0.5882352941176471,341,0.8117154811715481,0.3386143752300378,69
desert-sweep-751,ai5r45bw,92310,0.1,VideoPrism,mean,0.9,5,0.3627348122207056,1,AdamW,reduce,5,facial_expression_smile,256,512,115,0,True,False,0.001529409454729294,no,52,115,1770214066.7740595,0.728021978021978,0.7951497087115567,0.6147859922178989,0.5319507888385228,0.7478005865102639,0.8029370744113545,0.5825242718446602,0.8227848101265823,102,0.5769230769230769,0.5882352941176471,341,0.8158995815899581,0.3864062310710098,52
fluent-sweep-1827,89lc5qls,52640,0.1,VideoPrism,mean,0.9,4,0.4719567228961583,1,AdamW,reduce,5,facial_expression_smile,256,1024,127,0,True,False,0.0003580934399839081,no,60,127,1770298182.9519677,0.7417582417582418,0.7951158379623356,0.6328125,0.5332374952651642,0.7390029325513197,0.7964558208220527,0.5615763546798029,0.8125,102,0.5643564356435643,0.5588235294117647,341,0.8158995815899581,0.3547570780190554,60
crimson-sweep-128,rajowfyr,38055,0.1,VideoPrism,mean,0.9,3,0.24087782837326735,1,AdamW,reduce,10,facial_expression_smile,256,768,153,0,True,False,0.0003580505880685584,no,71,153,1770162057.0664485,0.75,0.7950142257146727,0.631578947368421,0.535237614925091,0.7448680351906158,0.800557880055788,0.5628140703517588,0.8114754098360656,102,0.5773195876288659,0.5490196078431373,341,0.8284518828451883,0.35548862291104866,71
snowy-sweep-144,toia6eq2,7496,0.1,VideoPrism,mean,0.9,5,0.2633828653767314,1,AdamW,reduce,10,facial_expression_smile,256,1024,190,0,True,False,0.0004979740841466968,no,91,190,1770163296.043645,0.7582417582417582,0.7945061644763584,0.6363636363636364,0.5310651358667311,0.7565982404692082,0.8025678890803184,0.5786802030456852,0.8170731707317073,102,0.6,0.5588235294117647,341,0.8410041841004184,0.36337221333474823,91
valiant-sweep-77,dze8s1e9,4610,0.1,VideoPrism,mean,0.9,5,0.4416335183705954,1,AdamW,step,8,facial_expression_smile,256,256,169,0,True,False,0.0012913616099409122,no,73,169,1770157201.065342,0.7417582417582418,0.7937271372442758,0.6115702479338843,0.5328944155148098,0.750733137829912,0.8035113627040774,0.5641025641025641,0.8104838709677419,102,0.5913978494623656,0.5392156862745098,341,0.8410041841004184,0.3744001377712596,73
vibrant-sweep-122,szue86cc,18830,0.1,VideoPrism,mean,0.9,3,0.11830270528387916,1,AdamW,step,9,facial_expression_smile,256,1024,97,0,True,False,0.0005680896828658135,no,45,97,1770161489.0281732,0.7362637362637363,0.7936593957458338,0.616,0.5366129338086306,0.7448680351906158,0.7989990975469686,0.5671641791044776,0.8140495867768595,102,0.5757575757575758,0.5588235294117647,341,0.8242677824267782,0.35303907549742497,45
silvery-sweep-801,oot2w17t,74316,0.1,VideoPrism,mean,0.9,3,0.26008083521625786,1,AdamW,reduce,8,facial_expression_smile,256,1024,132,0,True,False,0.0001853862290080686,no,60,132,1770217645.497414,0.7472527472527473,0.7930497222598564,0.6166666666666667,0.5350320791150187,0.7448680351906158,0.8001886947247518,0.5492227979274611,0.804,102,0.5824175824175825,0.5196078431372549,341,0.8410041841004184,0.35084270520643757,60
comic-sweep-1340,i0evp9u4,60253,0.1,VideoPrism,mean,0.9,5,0.21309660788998055,1,AdamW,step,3,facial_expression_smile,256,1024,133,0,True,False,0.00017693599032618824,no,61,133,1770259964.4749427,0.739010989010989,0.7928126270153095,0.6215139442231076,0.5284065578010056,0.7478005865102639,0.799983591763065,0.5742574257425742,0.8174273858921162,102,0.58,0.5686274509803921,341,0.8242677824267782,0.3739514570163958,61
honest-sweep-273,23pyop5l,20659,0.1,VideoPrism,mean,0.9,5,0.1303167343132682,1,AdamW,reduce,10,facial_expression_smile,256,1024,80,0,True,False,0.005544038942767311,no,42,80,1770174052.8249912,0.7362637362637363,0.7927787562660886,0.5752212389380531,0.5566624167201283,0.7536656891495601,0.7974813356304865,0.5483870967741935,0.8015564202334631,102,0.6071428571428571,0.5,341,0.8619246861924686,0.3373759012511282,42
curious-sweep-811,qswli0f9,19273,0.1,VideoPrism,mean,0.9,5,0.49047865002301727,1,AdamW,step,3,facial_expression_smile,256,256,178,0,True,False,0.000731698097500523,no,83,178,1770218495.3297746,0.7527472527472527,0.7923384365262159,0.628099173553719,0.531625169974107,0.7478005865102639,0.7938715235047994,0.5567010309278351,0.8072289156626506,102,0.5869565217391305,0.5294117647058824,341,0.8410041841004184,0.3660219937021082,83
avid-sweep-1832,7dxhy4br,40190,0.1,VideoPrism,mean,0.9,4,0.19750480440059504,1,AdamW,reduce,5,facial_expression_smile,256,256,142,0,True,False,0.0002473566099019086,no,70,142,1770298602.2323935,0.7445054945054945,0.792236824278553,0.6381322957198443,0.5377111474236289,0.7419354838709677,0.7926409057346787,0.5769230769230769,0.8212765957446808,102,0.5660377358490566,0.5882352941176471,341,0.8075313807531381,0.3663986630512006,70
sage-sweep-635,0tvi8l92,4917,0.1,VideoPrism,mean,0.9,4,0.462944593386884,1,AdamW,reduce,3,facial_expression_smile,256,1024,172,0,True,False,0.009766621969750474,no,87,172,1770204852.273882,0.7362637362637363,0.7919997290340062,0.6220472440944882,0.5622413630013937,0.750733137829912,0.8077364837148249,0.5595854922279793,0.808,102,0.5934065934065934,0.5294117647058824,341,0.8451882845188284,0.33787228844382544,87
easy-sweep-621,jgvubj2v,35764,0.1,VideoPrism,mean,0.9,3,0.12701768566450428,1,AdamW,step,7,facial_expression_smile,256,512,192,0,True,False,0.0010932125553584709,no,93,192,1770203595.9347684,0.7197802197802198,0.7919658582847853,0.6165413533834586,0.5464330498988812,0.7272727272727273,0.8031831979653786,0.5633802816901409,0.8173913043478261,102,0.5405405405405406,0.5882352941176471,341,0.7866108786610879,0.3804946525169141,93
leafy-sweep-693,c39btnh8,77808,0.1,VideoMAEv2,mean,0.9,4,0.3462214304197573,1,AdamW,step,7,facial_expression_smile,256,1024,46,0,True,False,0.0004315053709687801,no,28,46,1770209631.8150597,0.739010989010989,0.7916948922910174,0.6332046332046332,0.5461841769270844,0.718475073313783,0.7442366067766019,0.5471698113207547,0.8095238095238095,102,0.5272727272727272,0.5686274509803921,341,0.7824267782426778,0.4538273326917128,28
trim-sweep-1071,6ydtych1,53587,0.1,VideoPrism,mean,0.9,5,0.22475387297089375,1,AdamW,step,7,facial_expression_smile,256,1024,118,0,True,False,0.0004517960934520836,no,54,118,1770239059.7422066,0.728021978021978,0.7915594092941336,0.6086956521739131,0.5305881015547029,0.7448680351906158,0.8028550332266798,0.5538461538461539,0.8064516129032258,102,0.5806451612903226,0.5294117647058824,341,0.8368200836820083,0.3800527209224122,54
revived-sweep-860,e6pjwlim,70810,0.1,VideoMAEv2,mean,0.9,5,0.208403069895587,1,AdamW,step,9,facial_expression_smile,256,1024,106,0,True,False,0.00033667233474602706,no,60,106,1770222263.8461535,0.7554945054945055,0.7915255385449127,0.6590038314176245,0.5462639299067822,0.718475073313783,0.7471900894248913,0.5514018691588785,0.8122270742358079,102,0.5267857142857143,0.5784313725490197,341,0.7782426778242678,0.4489385847973101,60
autumn-sweep-312,twd0u2ki,33366,0.1,VideoPrism,mean,0.9,5,0.4237172845188629,1,AdamW,reduce,10,facial_expression_smile,256,768,181,0,True,False,0.00014643750734134704,no,90,181,1770177662.55024,0.7252747252747253,0.7913223140495868,0.6240601503759399,0.5409899262281564,0.7331378299120235,0.7999015505783904,0.5727699530516432,0.8217391304347826,102,0.5495495495495496,0.5980392156862745,341,0.7907949790794979,0.3655895113222527,90
summer-sweep-734,tnp8vrht,59735,0.1,VideoPrism,mean,0.9,4,0.2400078657508068,1,AdamW,step,4,facial_expression_smile,256,1024,95,0,True,False,0.0001135131580416492,no,46,95,1770212883.4720812,0.7197802197802198,0.7913223140495868,0.6165413533834586,0.5422434014278453,0.7390029325513197,0.7993477725818361,0.5781990521327014,0.8232758620689655,102,0.5596330275229358,0.5980392156862745,341,0.799163179916318,0.3595411875753692,46
eager-sweep-1171,rz2q5fil,51804,0.1,VideoPrism,mean,0.9,4,0.4029112306803305,1,AdamW,step,6,facial_expression_smile,256,768,180,0,True,False,9.848959303731896e-05,no,82,180,1770246577.0423274,0.7225274725274725,0.7910513480558191,0.6245353159851301,0.5410798106874738,0.7360703812316716,0.7953892854212815,0.5833333333333334,0.8281938325991189,102,0.5526315789473685,0.6176470588235294,341,0.7866108786610879,0.3649980579723011,82
crisp-sweep-1762,xrptnvkg,55904,0.1,VideoPrism,mean,0.9,5,0.2570491288743868,1,AdamW,step,6,facial_expression_smile,256,512,120,0,True,False,0.000485090536634196,no,57,120,1770293266.9501877,0.739010989010989,0.7908142528112722,0.6245059288537549,0.5310746765398717,0.7595307917888563,0.7994913446550168,0.5980392156862745,0.8284518828451883,102,0.5980392156862745,0.5980392156862745,341,0.8284518828451883,0.3760833462079366,57
dulcet-sweep-702,brk2xfci,68578,0.1,VideoPrism,mean,0.9,4,0.3338474253558008,1,AdamW,reduce,4,facial_expression_smile,256,768,133,0,True,False,0.00041722363464759325,no,67,133,1770210254.290755,0.728021978021978,0.7906787698143883,0.611764705882353,0.5351166410760565,0.7478005865102639,0.7988350151776191,0.5784313725490197,0.8200836820083682,102,0.5784313725490197,0.5784313725490197,341,0.8200836820083682,0.3646345295328082,67
flowing-sweep-1145,pvj01q0o,42060,0.1,VideoPrism,mean,0.9,5,0.3826916929939479,1,AdamW,step,5,facial_expression_smile,256,768,172,0,True,False,7.41367312372186e-05,no,83,172,1770244636.5853796,0.7142857142857143,0.7902384500745157,0.6060606060606061,0.5384779264638712,0.7360703812316716,0.7971121502994503,0.5754716981132075,0.8225108225108225,102,0.5545454545454546,0.5980392156862745,341,0.7949790794979079,0.36962202129942,83
jolly-sweep-141,666dehfm,47998,0.1,VideoMAEv2,mean,0.9,3,0.3104300136433789,1,AdamW,step,10,facial_expression_smile,256,768,132,0,True,False,0.0004971320028768528,no,71,132,1770163015.6981826,0.7554945054945055,0.7901707085760736,0.642570281124498,0.5385432904893226,0.7214076246334311,0.743088030191156,0.5454545454545454,0.8076923076923077,102,0.5327102803738317,0.5588235294117647,341,0.7907949790794979,0.4915737954414252,71
feasible-sweep-1756,gz63ihjb,40567,0.1,VideoPrism,mean,0.9,3,0.31610286342387617,1,AdamW,reduce,4,facial_expression_smile,256,768,131,0,True,False,0.0002347891870134967,no,64,131,1770292766.8528514,0.728021978021978,0.7901368378268527,0.611764705882353,0.5347412490582728,0.7419354838709677,0.7976454179998359,0.5728155339805825,0.8185654008438819,102,0.5673076923076923,0.5784313725490197,341,0.8117154811715481,0.37135363203106503,64
colorful-sweep-1187,chva08ak,19455,0.1,VideoPrism,mean,0.9,3,0.11077303021468075,1,AdamW,reduce,10,facial_expression_smile,256,1024,120,0,True,False,0.0022828719392051135,no,60,120,1770247736.7503328,0.7445054945054945,0.7899674840807479,0.5938864628820961,0.5277845970876924,0.7536656891495601,0.8016654360488965,0.5333333333333333,0.7946768060836502,102,0.6153846153846154,0.4705882352941176,341,0.8744769874476988,0.4119195694995649,60
fast-sweep-826,jb1a6ajt,23981,0.1,VideoMAEv2,mean,0.9,3,0.3944024551014941,1,AdamW,reduce,8,facial_expression_smile,256,1024,180,0,True,False,0.00019432744188861044,no,93,180,1770219546.474682,0.760989010989011,0.7897303888362011,0.6561264822134387,0.5421414421154902,0.7155425219941349,0.7408318976126015,0.5358851674641149,0.8034188034188035,102,0.5233644859813084,0.5490196078431373,341,0.7866108786610879,0.4212740398898269,93
hearty-sweep-946,8220aelq,65380,0.1,VideoPrism,mean,0.9,4,0.18244466805015225,1,AdamW,step,5,facial_expression_smile,256,1024,160,0,True,False,7.955311206211155e-05,no,72,160,1770228996.095179,0.7197802197802198,0.7895271643408752,0.6222222222222222,0.542342911709796,0.7419354838709677,0.799040118139306,0.5887850467289719,0.8296943231441049,102,0.5625,0.6176470588235294,341,0.7949790794979079,0.37713224317088273,72
exalted-sweep-243,txr15vk9,76570,0.1,VideoPrism,mean,0.9,3,0.15283479152557808,1,AdamW,reduce,9,facial_expression_smile,256,1024,184,0,True,False,0.00011629573879182622,no,98,184,1770171577.5013392,0.7115384615384616,0.7895271643408751,0.6096654275092936,0.5441832169071659,0.7360703812316716,0.7965788825990647,0.5833333333333334,0.8281938325991189,102,0.5526315789473685,0.6176470588235294,341,0.7866108786610879,0.3646117369333903,98
twilight-sweep-1563,wkqe2gro,56280,0.1,VideoPrism,mean,0.9,5,0.47798602143527424,1,AdamW,step,7,facial_expression_smile,256,1024,152,0,True,False,0.0001722248763818571,no,68,152,1770277773.5842595,0.7142857142857143,0.7892900690963285,0.6030534351145038,0.533261504802075,0.7390029325513197,0.8009680859791616,0.5700483091787439,0.8177966101694916,102,0.5619047619047619,0.5784313725490197,341,0.8075313807531381,0.3899004836515947,68
dandy-sweep-973,r6tvd08q,33148,0.1,VideoPrism,mean,0.9,5,0.45623361670337415,1,AdamW,step,4,facial_expression_smile,256,512,170,0,True,False,0.0006626535620965725,no,72,170,1770231141.387004,0.75,0.7892223275978865,0.5991189427312775,0.531185066306984,0.7448680351906158,0.7992042005086553,0.5139664804469274,0.7878787878787878,102,0.5974025974025974,0.4509803921568627,341,0.8702928870292888,0.3995289570273775,72
earnest-sweep-673,u7eixpe8,23939,0.1,VideoPrism,mean,0.9,3,0.12001357800131487,1,AdamW,step,10,facial_expression_smile,256,768,138,0,True,False,0.00014826003914239415,no,67,138,1770208182.6716378,0.7197802197802198,0.7890191031025606,0.6136363636363636,0.5398571707390167,0.7448680351906158,0.7981786857002215,0.5876777251184834,0.8275862068965517,102,0.5688073394495413,0.6078431372549019,341,0.803347280334728,0.3719494589892301,67
whole-sweep-1792,ke9mzmly,40757,0.1,VideoPrism,mean,0.9,3,0.4724793305823083,1,AdamW,reduce,6,facial_expression_smile,256,768,110,0,True,False,0.000434361806306989,no,52,110,1770295324.256569,0.7335164835164835,0.7889513616041187,0.616600790513834,0.5377151769596141,0.7536656891495601,0.7933382558044139,0.5841584158415841,0.8215767634854771,102,0.59,0.5784313725490197,341,0.8284518828451883,0.35667140534429836,52
driven-sweep-845,9g24gjn6,20517,0.1,VideoMAEv2,mean,0.9,4,0.15935338561501902,1,AdamW,step,8,facial_expression_smile,256,512,197,0,True,False,0.0006514802260598068,no,107,197,1770221031.9868965,0.760989010989011,0.7889174908548977,0.6359832635983264,0.5308768781986866,0.7302052785923754,0.738780867995734,0.54,0.8024691358024691,102,0.5510204081632653,0.5294117647058824,341,0.8158995815899581,0.528247536240202,107
lemon-sweep-1558,5q7j5o8r,39038,0.1,VideoMAEv2,mean,0.9,4,0.3163518430260458,1,AdamW,step,9,facial_expression_smile,256,256,177,0,True,False,0.00020639696073382997,no,88,177,1770277368.4764776,0.7554945054945055,0.7889174908548977,0.6563706563706564,0.5522395215191684,0.7155425219941349,0.7392115842152761,0.5570776255707762,0.8169642857142857,102,0.5213675213675214,0.5980392156862745,341,0.7656903765690377,0.4582504346876433,88
deep-sweep-1294,gxd2nmoo,96968,0.1,VideoPrism,mean,0.9,3,0.1263896265948429,1,AdamW,step,10,facial_expression_smile,256,256,174,0,True,False,0.0011250223794374585,no,76,174,1770256350.3468766,0.7362637362637363,0.7889174908548977,0.616,0.5338872173330286,0.7478005865102639,0.7987939945852819,0.5742574257425742,0.8174273858921162,102,0.58,0.5686274509803921,341,0.8242677824267782,0.3879861839973565,76
atomic-sweep-1250,57win29h,57126,0.1,VideoPrism,mean,0.9,4,0.3973172836190601,1,AdamW,reduce,10,facial_expression_smile,256,512,164,0,True,False,0.0021538013618604733,no,76,164,1770252671.1485205,0.728021978021978,0.7887820078580138,0.6086956521739131,0.5325393087261325,0.7448680351906158,0.8087209779309213,0.5671641791044776,0.8140495867768595,102,0.5757575757575758,0.5588235294117647,341,0.8242677824267782,0.3841826661066575,76
lunar-sweep-629,23tqlvur,9326,0.1,VideoPrism,mean,0.9,5,0.2365070155901662,1,AdamW,step,6,facial_expression_smile,256,512,186,0,True,False,0.0008500397880038948,no,87,186,1770204341.4495802,0.7335164835164835,0.7886126541119091,0.5764192139737991,0.5304406724133335,0.7448680351906158,0.7946509147592091,0.5347593582887701,0.796875,102,0.5882352941176471,0.4901960784313726,341,0.8535564853556485,0.40409355560938515,87
firm-sweep-859,vulc9r6g,90377,0.1,VideoPrism,mean,0.9,5,0.2362823319145907,1,AdamW,reduce,9,facial_expression_smile,256,1024,95,0,True,False,0.0001035777270018316,no,44,95,1770222191.3411758,0.7115384615384616,0.7885787833626879,0.6096654275092936,0.5462529947469522,0.7331378299120235,0.797522356222824,0.5844748858447488,0.8303571428571429,102,0.5470085470085471,0.6274509803921569,341,0.7782426778242678,0.3757380450855602,44
still-sweep-984,gb6gmwsu,37909,0.1,VideoPrism,mean,0.9,5,0.4911072255427943,1,AdamW,reduce,5,facial_expression_smile,256,512,175,0,True,False,7.110306590431067e-05,no,83,175,1770231991.8587594,0.717032967032967,0.7882400758704784,0.6171003717472119,0.5442067843217117,0.7390029325513197,0.7983017474772336,0.5898617511520737,0.831858407079646,102,0.5565217391304348,0.6274509803921569,341,0.7866108786610879,0.384641447392377,83
major-sweep-1107,cum9huc1,42922,0.1,VideoMAEv2,mean,0.9,5,0.1705340522030351,1,AdamW,reduce,3,facial_expression_smile,256,1024,165,0,True,False,0.00031419328653312643,no,85,165,1770241676.201145,0.7582417582417582,0.7879691098767104,0.6363636363636364,0.5320982042249742,0.7360703812316716,0.743662318483879,0.5360824742268041,0.7991967871485943,102,0.5652173913043478,0.5098039215686274,341,0.8326359832635983,0.46328720168633897,85
silvery-sweep-1037,oyy322n1,3442,0.1,VideoMAEv2,mean,0.9,3,0.17004109580586085,1,AdamW,step,5,facial_expression_smile,256,768,200,0,True,False,0.000970337539066328,no,107,200,1770236262.7841475,0.7445054945054945,0.7877997561306057,0.6352941176470588,0.5522666828972953,0.7008797653958945,0.7493641808187711,0.5048543689320388,0.7890295358649789,102,0.5,0.5098039215686274,341,0.7824267782426778,0.4069223049192718,107
fanciful-sweep-1188,6peorwko,67860,0.1,VideoPrism,mean,0.9,4,0.15872763956775598,1,AdamW,reduce,5,facial_expression_smile,256,1024,138,0,True,False,9.89483882612195e-05,no,64,138,1770247808.7106426,0.7115384615384616,0.7877658853813847,0.6096654275092936,0.542456057700482,0.7302052785923754,0.7999425711707278,0.5700934579439252,0.8209606986899564,102,0.5446428571428571,0.5980392156862745,341,0.7866108786610879,0.385641317764918,64
sparkling-sweep-874,ykrvogrb,22740,0.1,VideoMAEv2,mean,0.9,5,0.1172001408288708,1,AdamW,reduce,5,facial_expression_smile,256,256,186,0,True,False,0.0003235985347331584,no,97,186,1770223473.2158637,0.75,0.7877320146321636,0.6486486486486487,0.5450006690654126,0.7243401759530792,0.7471080482402166,0.5607476635514018,0.8165938864628821,102,0.5357142857142857,0.5882352941176471,341,0.7824267782426778,0.4528916415301236,97
zany-sweep-1519,ifirt58f,83380,0.1,VideoPrism,mean,0.9,4,0.424848800945257,1,AdamW,reduce,5,facial_expression_smile,256,256,161,0,True,False,0.00028364483432760825,no,70,161,1770274259.713891,0.7335164835164835,0.7875965316352798,0.6072874493927125,0.5323781023968707,0.750733137829912,0.7925998851423416,0.5685279187817259,0.8130081300813008,102,0.5894736842105263,0.5490196078431373,341,0.8368200836820083,0.3928074951966603,70
sweet-sweep-1593,vnpvn96t,8728,0.1,VideoPrism,mean,0.9,3,0.3642901837237272,1,AdamW,reduce,8,facial_expression_smile,256,256,176,0,True,False,0.0004581419756722549,no,88,176,1770280083.795332,0.7197802197802198,0.7875965316352798,0.5887096774193549,0.5298466079837674,0.7390029325513197,0.7976043974074986,0.5615763546798029,0.8125,102,0.5643564356435643,0.5588235294117647,341,0.8158995815899581,0.4114712883125652,88
playful-sweep-1620,njt87syc,40807,0.1,VideoMAEv2,mean,0.9,5,0.12564886403070052,1,AdamW,step,8,facial_expression_smile,256,768,134,0,True,False,0.0002432156131246916,no,64,134,1770282332.99365,0.760989010989011,0.7875626608860588,0.6448979591836734,0.5325026047098768,0.7302052785923754,0.7541225695299042,0.5257731958762887,0.7951807228915663,102,0.5543478260869565,0.5,341,0.8284518828451883,0.45319976300904247,64
solar-sweep-1780,ktry3kw9,30374,0.1,VideoMAEv2,mean,0.9,3,0.26870350167500423,1,AdamW,reduce,5,facial_expression_smile,256,512,186,0,True,False,0.0009728436303617936,no,96,186,1770294492.6113124,0.7582417582417582,0.7874949193876168,0.6641221374045801,0.557230084152012,0.7126099706744868,0.747395192386578,0.5420560747663551,0.8078602620087336,102,0.5178571428571429,0.5686274509803921,341,0.7740585774058577,0.4120986649123105,96
valiant-sweep-1301,ft0gjm70,61142,0.1,VideoPrism,mean,0.9,5,0.3623000517326035,1,AdamW,reduce,7,facial_expression_smile,256,512,175,0,True,False,0.0002752868831028501,no,76,175,1770256913.1110425,0.7225274725274725,0.7874610486383958,0.5943775100401606,0.5335186955693004,0.7536656891495601,0.7962917384527033,0.58,0.8189300411522634,102,0.5918367346938775,0.5686274509803921,341,0.8326359832635983,0.3956813842238802,76
comic-sweep-663,nu47126r,62813,0.1,VideoPrism,mean,0.9,3,0.20178010133402716,1,AdamW,step,5,facial_expression_smile,256,1024,189,0,True,False,5.8625118990747054e-05,no,83,189,1770207343.5601242,0.7142857142857143,0.7874610486383958,0.6119402985074627,0.5434610627509735,0.7419354838709677,0.7982607268848962,0.5849056603773585,0.8268398268398268,102,0.5636363636363636,0.6078431372549019,341,0.799163179916318,0.37786832347060695,83
astral-sweep-1005,cyexx4z0,82056,0.1,VideoMAEv2,mean,0.9,4,0.21429424772515115,1,AdamW,step,6,facial_expression_smile,256,1024,133,0,True,False,0.0008860338429933022,no,67,133,1770233635.4918478,0.7472527472527473,0.7874271778891749,0.6377952755905512,0.5422474938434559,0.7214076246334311,0.7464517187628189,0.5410628019323671,0.8050847457627118,102,0.5333333333333333,0.5490196078431373,341,0.7949790794979079,0.4775070102287061,67
giddy-sweep-749,zejr2fft,40380,0.1,VideoMAEv2,mean,0.9,3,0.21863914967722248,1,AdamW,reduce,10,facial_expression_smile,256,1024,112,0,True,False,0.00017953776277997404,no,61,112,1770213933.7895603,0.7554945054945055,0.7873255656415119,0.6307053941908713,0.5327853115050347,0.7390029325513197,0.7442366067766019,0.538860103626943,0.8,102,0.5714285714285714,0.5098039215686274,341,0.8368200836820083,0.4373375820391106,61
jumping-sweep-1079,sraesgqo,60496,0.1,VideoMAEv2,mean,0.9,5,0.3515705392822379,1,AdamW,reduce,9,facial_expression_smile,256,768,90,0,True,False,0.00029772790391964873,no,47,90,1770239667.8156068,0.75,0.787291694892291,0.6486486486486487,0.5487384769942735,0.7272727272727273,0.7497743867421446,0.5753424657534246,0.8258928571428571,102,0.5384615384615384,0.6176470588235294,341,0.7740585774058577,0.4378568452054804,47
misty-sweep-1597,2mhfodq6,97387,0.1,VideoPrism,mean,0.9,4,0.4596593612936387,1,AdamW,reduce,10,facial_expression_smile,256,1024,145,0,True,False,0.00031960467342165397,no,70,145,1770280429.0395508,0.7445054945054945,0.787291694892291,0.6204081632653061,0.5265342802791805,0.750733137829912,0.7987529739929445,0.5502645502645502,0.8031496062992126,102,0.5977011494252874,0.5098039215686274,341,0.8535564853556485,0.40054455189993887,70
robust-sweep-515,q0sx8kit,29000,0.1,VideoPrism,mean,0.9,5,0.35274714671975194,1,AdamW,step,5,facial_expression_smile,256,768,173,0,True,False,0.0003643695802225361,no,78,173,1770194720.4086697,0.728021978021978,0.78725782414307,0.6147859922178989,0.533578192794716,0.7419354838709677,0.7957584707523178,0.5643564356435643,0.8132780082987552,102,0.57,0.5588235294117647,341,0.8200836820083682,0.39090468088785807,78
pretty-sweep-758,ujc3kah1,92347,0.1,VideoPrism,mean,0.9,5,0.22532640580663968,1,AdamW,reduce,8,facial_expression_smile,256,256,85,0,True,False,0.00025949624277657885,no,39,85,1770214547.1431355,0.728021978021978,0.7870207288985231,0.6264150943396226,0.5424132975903186,0.7360703812316716,0.7924768233653294,0.5754716981132075,0.8225108225108225,102,0.5545454545454546,0.5980392156862745,341,0.7949790794979079,0.3864105161392328,39
vivid-sweep-1699,6e1ohg0t,4560,0.1,VideoPrism,mean,0.9,5,0.43509949813539306,1,AdamW,reduce,3,facial_expression_smile,256,1024,75,0,True,False,0.0014439138959133578,no,36,75,1770288321.095356,0.7335164835164835,0.7869868581493022,0.5610859728506787,0.53090927365062,0.7536656891495601,0.8021166625646075,0.5116279069767442,0.7859778597785978,102,0.6285714285714286,0.43137254901960786,341,0.891213389121339,0.41821672887513134,36
stilted-sweep-856,0wf82erw,78757,0.1,VideoPrism,mean,0.9,3,0.185685168791605,1,AdamW,reduce,10,facial_expression_smile,256,512,147,0,True,False,0.000511762548432282,no,64,147,1770221991.6727157,0.7335164835164835,0.7869868581493022,0.5941422594142259,0.5288495637558319,0.750733137829912,0.8003527770941012,0.5502645502645502,0.8031496062992126,102,0.5977011494252874,0.5098039215686274,341,0.8535564853556485,0.4072805084604206,64
lunar-sweep-1696,wf3p9aao,96995,0.1,VideoPrism,mean,0.9,4,0.27989077651568645,1,AdamW,step,8,facial_expression_smile,256,1024,72,0,True,False,0.00025225416953543136,no,33,72,1770288094.7235155,0.7417582417582418,0.7869529874000812,0.6050420168067226,0.5276479871718438,0.7419354838709677,0.798588891623595,0.5368421052631579,0.7984189723320159,102,0.5795454545454546,0.5,341,0.8451882845188284,0.4010844007044128,33
feasible-sweep-1612,xoobk3fl,16209,0.1,VideoMAEv2,mean,0.9,5,0.3468250934845094,1,AdamW,reduce,5,facial_expression_smile,256,1024,179,0,True,False,0.000395516191104845,no,96,179,1770281663.4993184,0.7445054945054945,0.7867836336539765,0.6172839506172839,0.5334625571638674,0.7302052785923754,0.7382476002953483,0.5353535353535354,0.8,102,0.5520833333333334,0.5196078431372549,341,0.8200836820083682,0.4980337254206339,96
woven-sweep-1765,5bcunlvk,82634,0.1,VideoPrism,mean,0.9,3,0.32009850645207816,1,AdamW,step,10,facial_expression_smile,256,768,64,0,True,False,0.004654001684321628,no,36,64,1770293469.632224,0.7362637362637363,0.7867158921555345,0.6390977443609023,0.551557366664593,0.7360703812316716,0.8016654360488965,0.5673076923076923,0.8170212765957446,102,0.5566037735849056,0.5784313725490197,341,0.803347280334728,0.3720139940940973,36
colorful-sweep-1069,9330j6fb,34326,0.1,VideoMAEv2,mean,0.9,5,0.3669711689864442,1,AdamW,reduce,5,facial_expression_smile,256,512,107,0,True,False,0.00024297253017485553,no,63,107,1770238914.3861349,0.7445054945054945,0.7867158921555344,0.6324110671936759,0.5409024704943647,0.7126099706744868,0.7414882270899992,0.5242718446601942,0.7974683544303798,102,0.5192307692307693,0.5294117647058824,341,0.7907949790794979,0.48831307808558144,63
hopeful-sweep-260,4dlwu4z1,64792,0.1,VideoMAEv2,mean,0.9,5,0.18556072318411232,1,AdamW,reduce,5,facial_expression_smile,256,1024,118,0,True,False,0.00014907181751716502,no,71,118,1770173114.665624,0.75,0.7866481506570926,0.6459143968871596,0.545547793854724,0.7272727272727273,0.7475592747559274,0.5550239234449761,0.811965811965812,102,0.5420560747663551,0.5686274509803921,341,0.7949790794979079,0.44566202727231113,71
fine-sweep-7,8snnc4w5,1032,0.1,VideoMAEv2,max,0.9,5,0.3981329562725816,1,SGD,step,7,facial_expression_smile,256,256,163,0,True,False,0.00202443733905196,no,79,163,1770152005.3580174,0.7472527472527473,0.7866481506570925,0.6515151515151515,0.5572607798890753,0.7214076246334311,0.7372220854869145,0.5701357466063348,0.8243243243243243,102,0.5294117647058824,0.6176470588235294,341,0.7656903765690377,0.4415102036071546,79
ancient-sweep-1211,ijp2jher,80209,0.1,VideoPrism,mean,0.9,3,0.2411431934532299,1,AdamW,step,10,facial_expression_smile,256,768,97,0,True,False,0.0001175261627153112,no,46,97,1770249444.3087592,0.7087912087912088,0.7866142799078716,0.6074074074074074,0.5433957602951552,0.7331378299120235,0.7963327590450406,0.5727699530516432,0.8217391304347826,102,0.5495495495495496,0.5980392156862745,341,0.7907949790794979,0.3855615231485078,46
super-sweep-1156,em1enb6a,7126,0.1,VideoMAEv2,mean,0.9,4,0.4739119427266282,1,AdamW,reduce,10,facial_expression_smile,256,768,184,0,True,False,0.0012745490724199767,no,92,184,1770245378.6439257,0.7637362637362637,0.7864787969109877,0.6018518518518519,0.5218999392383701,0.7331378299120235,0.7416933300516859,0.4858757062146893,0.7781954887218046,102,0.5733333333333334,0.4215686274509804,341,0.8661087866108786,0.5164150001063491,92
bright-sweep-1234,4zsv6z0h,69428,0.1,VideoPrism,mean,0.9,4,0.40520938083419267,1,AdamW,reduce,10,facial_expression_smile,256,256,173,0,True,False,0.0036155035712963136,no,77,173,1770251356.7112415,0.7142857142857143,0.7864110554125456,0.6148148148148148,0.5516188197083526,0.7536656891495601,0.8053572893592583,0.6074766355140186,0.8384279475982532,102,0.5803571428571429,0.6372549019607843,341,0.803347280334728,0.39537392002163513,77
dark-sweep-342,0pysscwi,199,0.1,VideoPrism,mean,0.9,5,0.3519206768932166,1,AdamW,reduce,6,facial_expression_smile,256,768,191,0,True,False,0.00032522549986575426,no,90,191,1770180066.9642696,0.7307692307692307,0.7863771846633247,0.6016260162601627,0.5291989563585637,0.7536656891495601,0.7963327590450406,0.5714285714285714,0.8137651821862348,102,0.5957446808510638,0.5490196078431373,341,0.8410041841004184,0.40424669789545464,90
crimson-sweep-1244,t78sbsae,88873,0.1,VideoPrism,mean,0.9,5,0.24630426961281815,1,AdamW,step,10,facial_expression_smile,256,1024,199,0,True,False,8.251339753200055e-05,no,98,199,1770252181.2831388,0.7087912087912088,0.7862755724156618,0.6074074074074074,0.5430026172281621,0.7302052785923754,0.7990811387316433,0.5700934579439252,0.8209606986899564,102,0.5446428571428571,0.5980392156862745,341,0.7866108786610879,0.38728115688670767,98
ethereal-sweep-213,nukkmvvy,17992,0.1,VideoPrism,mean,0.9,5,0.4901962578510411,1,AdamW,step,8,facial_expression_smile,256,256,183,0,True,False,0.0010580875971616022,no,80,183,1770169095.1004047,0.7362637362637363,0.7862417016664409,0.5966386554621849,0.532664723448701,0.7478005865102639,0.7999835917630651,0.5520833333333334,0.8047808764940239,102,0.5888888888888889,0.5196078431372549,341,0.8451882845188284,0.40620019547867053,80
giddy-sweep-1480,92pzskso,30577,0.1,VideoMAEv2,mean,0.9,4,0.31290925519559454,1,AdamW,reduce,10,facial_expression_smile,256,768,149,0,True,False,0.000204335528053334,no,79,149,1770271259.695221,0.75,0.7862078309172199,0.631578947368421,0.5344964233073559,0.7272727272727273,0.7494872425957831,0.5181347150259067,0.792,102,0.5494505494505495,0.4901960784313726,341,0.8284518828451883,0.42455700209646513,79
earnest-sweep-850,m02aezyi,63663,0.1,VideoPrism,mean,0.9,5,0.10621411531925395,1,AdamW,reduce,6,facial_expression_smile,256,512,170,0,True,False,0.0001908402014907211,no,80,170,1770221480.6160257,0.717032967032967,0.7862078309172199,0.6053639846743295,0.5387895559216593,0.7331378299120235,0.7973992944458118,0.5687203791469194,0.8189655172413793,102,0.5504587155963303,0.5882352941176471,341,0.7949790794979079,0.3955793257915613,80
young-sweep-1470,9ypfdkdc,47676,0.1,VideoPrism,mean,0.9,4,0.1629147168797773,1,AdamW,reduce,8,facial_expression_smile,256,512,178,0,True,False,0.008529779827091402,no,84,178,1770270456.4506867,0.7307692307692307,0.786140089418778,0.608,0.5397352255307711,0.7478005865102639,0.7896053819017147,0.57,0.8148148148148148,102,0.5816326530612245,0.5588235294117647,341,0.8284518828451883,0.3924333003434268,84
restful-sweep-822,ic8awam6,62410,0.1,VideoPrism,mean,0.9,4,0.18139270844638192,1,AdamW,reduce,5,facial_expression_smile,256,768,109,0,True,False,0.0005390518813635335,no,51,109,1770219212.4116192,0.7472527472527473,0.7861400894187779,0.5929203539823009,0.5286522520767464,0.7536656891495601,0.8014603330872099,0.5384615384615384,0.7969348659003831,102,0.6125,0.4803921568627451,341,0.8702928870292888,0.4327017762444236,51
polar-sweep-236,vbwvzvex,3412,0.1,VJEPA2,mean,0.9,3,0.1911720648452532,1,SGD,step,3,facial_expression_smile,256,256,200,0,True,False,0.0011110938221247871,no,102,200,1770171033.9808257,0.7417582417582418,0.7860046064218941,0.5765765765765766,0.536513878748967,0.7741935483870968,0.7976454179998359,0.6091370558375635,0.8292682926829268,102,0.631578947368421,0.5882352941176471,341,0.8535564853556485,0.39000329295794167,102
usual-sweep-865,ko68ms7j,84306,0.1,VideoPrism,mean,0.9,3,0.16817725779540615,1,AdamW,reduce,5,facial_expression_smile,256,1024,143,0,True,False,8.746450093374281e-05,no,68,143,1770222696.0405877,0.7087912087912088,0.7859707356726731,0.6074074074074074,0.5439344015750256,0.7419354838709677,0.7996554270243662,0.5849056603773585,0.8268398268398268,102,0.5636363636363636,0.6078431372549019,341,0.799163179916318,0.38710334051739087,68
robust-sweep-268,rrudvpvd,17244,0.1,VideoPrism,mean,0.9,5,0.3167709854341514,1,AdamW,step,8,facial_expression_smile,256,512,190,0,True,False,0.0008170872041232891,no,94,190,1770173720.614291,0.7225274725274725,0.7858691234250101,0.6217228464419475,0.5428362907944145,0.7302052785923754,0.7915743703339075,0.5660377358490566,0.8181818181818182,102,0.5454545454545454,0.5882352941176471,341,0.7907949790794979,0.3751024467294866,94
eager-sweep-386,3om1e2bu,36482,0.1,VideoMAEv2,mean,0.9,5,0.29845184406443004,1,AdamW,reduce,8,facial_expression_smile,256,1024,191,0,True,False,0.0006939775745106674,no,95,191,1770183928.6021986,0.7582417582417582,0.78586912342501,0.5963302752293578,0.5204923021924365,0.7243401759530792,0.7424727213060958,0.4835164835164835,0.7777777777777778,102,0.55,0.43137254901960786,341,0.8493723849372385,0.5342355412786657,95
logical-sweep-218,1x76aajl,91101,0.1,VideoMAEv2,mean,0.9,5,0.13015822861155005,1,SGD,reduce,8,facial_expression_smile,256,256,35,0,True,False,0.008957911814926223,no,18,35,1770169350.1528108,0.7582417582417582,0.7858013819265681,0.639344262295082,0.5314895942970946,0.7155425219941349,0.7399704651735171,0.5125628140703518,0.7909836065573771,102,0.5257731958762887,0.5,341,0.8075313807531381,0.48088669394001815,18
classic-sweep-703,tmrqtgj8,78099,0.1,VideoPrism,mean,0.9,4,0.27648506463344213,1,AdamW,reduce,9,facial_expression_smile,256,1024,142,0,True,False,0.00028528446612141074,no,60,142,1770210324.2684774,0.7197802197802198,0.7857675111773473,0.5984251968503937,0.5339341438733615,0.7419354838709677,0.7954303060136189,0.5643564356435643,0.8132780082987552,102,0.57,0.5588235294117647,341,0.8200836820083682,0.3918179931062641,60
brisk-sweep-1596,wx30jdbo,9643,0.1,VideoPrism,mean,0.9,5,0.17031174494665882,1,AdamW,reduce,9,facial_expression_smile,256,768,200,0,True,False,8.733861960397063e-05,no,95,200,1770280351.482716,0.7115384615384616,0.7857675111773472,0.6007604562737643,0.5414051996482597,0.7331378299120235,0.7976043974074986,0.5645933014354066,0.8162393162393162,102,0.5514018691588785,0.5784313725490197,341,0.799163179916318,0.38915484363382513,95
trim-sweep-791,8s76qvzd,19837,0.1,VideoPrism,mean,0.9,4,0.17055754028800624,1,AdamW,reduce,10,facial_expression_smile,256,512,100,0,True,False,0.0002487612015732473,no,44,100,1770216930.4832554,0.7142857142857143,0.7857675111773472,0.5905511811023622,0.5341836855961726,0.7390029325513197,0.7971531708917877,0.5658536585365853,0.8151260504201681,102,0.5631067961165048,0.5686274509803921,341,0.8117154811715481,0.4006571127429153,44
silver-sweep-1357,2j1ou3bd,35149,0.1,VideoPrism,mean,0.9,4,0.3598701727096941,1,AdamW,reduce,10,facial_expression_smile,256,768,182,0,True,False,0.0003796996103596402,no,85,182,1770261304.2542071,0.717032967032967,0.7857675111773472,0.5928853754940712,0.5332090225848523,0.7390029325513197,0.7959635737140044,0.5615763546798029,0.8125,102,0.5643564356435643,0.5588235294117647,341,0.8158995815899581,0.3968537806742119,85
electric-sweep-959,vzrsrdr5,27082,0.1,VideoMAEv2,mean,0.9,4,0.30978987963232585,1,AdamW,reduce,9,facial_expression_smile,256,768,124,0,True,False,0.00021516265171465088,no,69,124,1770230013.2731917,0.7554945054945055,0.7857336404281262,0.6212765957446809,0.5275329305575445,0.7331378299120235,0.7494052014111082,0.5185185185185185,0.7913385826771654,102,0.5632183908045977,0.4803921568627451,341,0.8410041841004184,0.4613408260995692,69
fiery-sweep-183,smnnj2db,19278,0.1,VideoPrism,mean,0.9,3,0.27378952292557474,1,AdamW,reduce,10,facial_expression_smile,256,768,159,0,True,False,0.00010020015941198164,no,76,159,1770166720.9749825,0.7087912087912088,0.7856997696789053,0.6044776119402985,0.5420157044798464,0.7302052785923754,0.7973172532611371,0.5660377358490566,0.8181818181818182,102,0.5454545454545454,0.5882352941176471,341,0.7907949790794979,0.38947481191519534,76
blooming-sweep-1038,ywmj9y86,16376,0.1,VideoMAEv2,mean,0.9,5,0.22150942192961576,1,AdamW,reduce,6,facial_expression_smile,256,768,182,0,True,False,0.0003775669039061968,no,99,182,1770236372.4039097,0.7582417582417582,0.7856997696789053,0.648,0.5433287548494863,0.7214076246334311,0.7382476002953483,0.5410628019323671,0.8050847457627118,102,0.5333333333333333,0.5490196078431373,341,0.7949790794979079,0.5171831054037268,99
glorious-sweep-1297,n140a152,76514,0.1,VideoMAEv2,mean,0.9,5,0.11396732291169552,1,AdamW,reduce,5,facial_expression_smile,256,1024,174,0,True,False,9.397895318116926e-05,no,84,174,1770256613.8939466,0.75,0.7856658989296843,0.6513409961685823,0.5511850773633181,0.7096774193548387,0.741693330051686,0.5352112676056338,0.8043478260869565,102,0.5135135135135135,0.5588235294117647,341,0.7740585774058577,0.44704648119030577,84
generous-sweep-617,5cx9er79,43964,0.1,VideoMAEv2,mean,0.9,4,0.35141974765532014,1,AdamW,reduce,10,facial_expression_smile,256,256,114,0,True,False,7.685257374249994e-05,no,63,114,1770203254.088011,0.7417582417582418,0.7855981574312424,0.6412213740458015,0.5535721051823962,0.7096774193548387,0.7343916646156371,0.547945205479452,0.8125,102,0.5128205128205128,0.5882352941176471,341,0.7615062761506276,0.4995098330035354,63
gentle-sweep-1105,q968k6e6,65988,0.1,VideoMAEv2,mean,0.9,5,0.37858204212991486,1,AdamW,reduce,6,facial_expression_smile,256,1024,47,0,True,False,0.0001501689088567885,no,32,47,1770241479.8723185,0.7417582417582418,0.7855981574312423,0.624,0.5381587606209975,0.7331378299120235,0.7474772335712527,0.5333333333333333,0.7983870967741935,102,0.5591397849462365,0.5098039215686274,341,0.8284518828451883,0.4398001518394008,32
pretty-sweep-36,5khun7zp,67824,0.1,VJEPA2,mean,0.9,4,0.19339500270663745,1,SGD,step,10,facial_expression_smile,256,256,85,0,True,False,0.0021915416036919384,no,45,85,1770153628.1635222,0.7417582417582418,0.7855642866820214,0.584070796460177,0.5423288319137071,0.7624633431085044,0.793133152842727,0.5888324873096447,0.8211382113821138,102,0.6105263157894737,0.5686274509803921,341,0.8451882845188284,0.3720835274277311,45
usual-sweep-957,4i8xj0b6,58398,0.1,VideoMAEv2,mean,0.9,5,0.369748524466237,1,AdamW,step,7,facial_expression_smile,256,256,72,0,True,False,7.748885625685507e-05,no,45,72,1770229814.0934515,0.7445054945054945,0.7855642866820214,0.6490566037735849,0.5565975033319913,0.7038123167155426,0.7434161949298548,0.547085201793722,0.8136363636363636,102,0.5041322314049587,0.5980392156862745,341,0.7489539748953975,0.45431398380886423,45
crimson-sweep-1385,pm4ts0a8,11896,0.1,VideoPrism,mean,0.9,5,0.413871437115778,1,AdamW,reduce,9,facial_expression_smile,256,512,161,0,True,False,8.988580257644994e-05,no,71,161,1770263551.790334,0.7142857142857143,0.7855642866820214,0.6030534351145038,0.5384860778902913,0.7331378299120235,0.7967429649684141,0.5645933014354066,0.8162393162393162,102,0.5514018691588785,0.5784313725490197,341,0.799163179916318,0.3922813202756824,71
glorious-sweep-1762,s1ildl6z,12696,0.1,VJEPA2,mean,0.9,3,0.1599957493108101,1,SGD,step,10,facial_expression_surprise,256,512,95,0,True,False,0.0016772295485812463,no,47,95,1770291693.792509,0.7905027932960894,0.8314618644067796,0.6887966804979253,0.4914887767264297,0.7404129793510325,0.7817573221757322,0.5368421052631579,0.8032128514056225,100,0.5666666666666667,0.51,339,0.8368200836820083,0.3407597962547751,47
cool-sweep-1127,53ktd07k,11992,0.1,VJEPA2,mean,0.9,5,0.17721491640378023,1,SGD,reduce,10,facial_expression_surprise,256,256,51,0,True,False,0.005394575917311559,no,25,51,1770249470.3344045,0.7905027932960894,0.8277542372881356,0.6575342465753424,0.49199831119462767,0.7551622418879056,0.7839330543933055,0.5310734463276836,0.7977099236641222,100,0.6103896103896104,0.47,339,0.8744769874476988,0.35570536866909314,25
fallen-sweep-1075,2ohxzzjy,22411,0.1,VJEPA2,mean,0.9,4,0.1049607066040362,1,AdamW,reduce,10,facial_expression_surprise,256,256,119,0,True,False,0.004597087387194063,no,55,119,1770246203.6320689,0.8016759776536313,0.8270127118644067,0.70042194092827,0.5116532331738393,0.7345132743362832,0.7751882845188285,0.5263157894736842,0.7991967871485943,100,0.5555555555555556,0.5,339,0.8326359832635983,0.35969715158478555,55
lyric-sweep-1717,mwb1sf75,59605,0.1,VJEPA2_SSV2,mean,0.9,4,0.13758962636546018,1,AdamW,reduce,3,facial_expression_surprise,256,512,160,0,True,False,6.749586557406714e-05,no,74,160,1770288886.338905,0.7681564245810056,0.8265536723163842,0.6497890295358649,0.5057465547289928,0.7610619469026548,0.7922175732217573,0.6048780487804878,0.8376068376068376,100,0.5904761904761905,0.62,339,0.8200836820083682,0.2437202139895837,74
lyric-sweep-1124,s3i0lk6q,98648,0.1,VJEPA2_SSV2,mean,0.9,4,0.35649298234248283,1,AdamW,step,10,facial_expression_surprise,256,512,161,0,True,False,6.613491282630428e-05,no,69,161,1770249248.6893573,0.7737430167597765,0.8259887005649719,0.6553191489361702,0.50452706567402,0.7581120943952803,0.7917991631799162,0.59,0.8284518828451883,100,0.59,0.59,339,0.8284518828451883,0.2538365855270407,69
serene-sweep-706,3q3pwcku,20543,0.1,VJEPA2_SSV2,mean,0.9,4,0.45550143003426347,1,AdamW,reduce,8,facial_expression_surprise,256,512,158,0,True,False,7.18744640113719e-05,no,72,158,1770221160.0302763,0.7737430167597765,0.8259180790960451,0.6693877551020408,0.4996085723019179,0.7463126843657817,0.7944769874476988,0.5904761904761905,0.834061135371179,100,0.5636363636363636,0.62,339,0.799163179916318,0.30707134861572116,72
floral-sweep-1126,qu5xzo3u,80497,0.1,VJEPA2_SSV2,mean,0.9,4,0.18437966272263415,1,AdamW,step,4,facial_expression_surprise,256,768,198,0,True,False,2.6723300449878804e-05,no,89,198,1770249437.872193,0.7597765363128491,0.8257062146892655,0.6532258064516129,0.5085335916647032,0.7669616519174042,0.7969874476987449,0.6220095693779905,0.8478260869565217,100,0.5963302752293578,0.65,339,0.8158995815899581,0.24197031728693752,89
fresh-sweep-734,utrsrpvu,19285,0.1,VJEPA2_SSV2,mean,0.9,5,0.1880748521966799,1,AdamW,step,7,facial_expression_surprise,256,256,123,0,True,False,6.098601060815464e-05,no,53,123,1770223109.2740588,0.7737430167597765,0.8253884180790961,0.6666666666666666,0.5091093775280361,0.7610619469026548,0.7930962343096233,0.6197183098591549,0.8495575221238938,100,0.584070796460177,0.66,339,0.803347280334728,0.24471011348799163,53
crimson-sweep-351,8j7tij9x,89936,0.1,VJEPA2_SSV2,mean,0.9,5,0.2551325090857791,1,AdamW,reduce,8,facial_expression_surprise,256,256,69,0,True,False,9.916229851263433e-05,no,35,69,1770197613.8110435,0.7569832402234636,0.8253177966101694,0.6359832635983264,0.5021909022464432,0.7640117994100295,0.7917573221757322,0.6116504854368932,0.8412017167381974,100,0.5943396226415094,0.63,339,0.8200836820083682,0.28719747867904794,35
radiant-sweep-836,rkredplh,17769,0.1,VJEPA2_SSV2,mean,0.9,5,0.26573070716828595,1,AdamW,step,10,facial_expression_surprise,256,1024,111,0,True,False,8.689624394471105e-05,no,55,111,1770229945.4547365,0.7625698324022346,0.8252824858757061,0.6382978723404256,0.5008080578383121,0.7522123893805309,0.7958577405857741,0.58,0.8242677824267782,100,0.58,0.58,339,0.8242677824267782,0.2627670294931289,55
clean-sweep-374,kiptuffx,58563,0.1,VJEPA2_SSV2,mean,0.9,3,0.4556145456543056,1,AdamW,step,4,facial_expression_surprise,256,768,145,0,True,False,4.469609403629031e-05,no,65,145,1770198997.0538046,0.7681564245810056,0.8251412429378532,0.6639676113360324,0.5045705554205612,0.7669616519174042,0.7942259414225941,0.6255924170616114,0.8508771929824561,100,0.5945945945945946,0.66,339,0.8117154811715481,0.25568347635055455,65
decent-sweep-1806,jlfjl0y6,13161,0.1,VJEPA2_SSV2,mean,0.9,4,0.30230390602248114,1,AdamW,step,9,facial_expression_surprise,256,768,192,0,True,False,3.21716899185195e-05,no,83,192,1770294434.488522,0.770949720670391,0.825141242937853,0.672,0.5083963205028512,0.7640117994100295,0.7938075313807532,0.6226415094339622,0.8502202643171806,100,0.5892857142857143,0.66,339,0.8075313807531381,0.26774582771860916,83
cosmic-sweep-1361,h875vkmx,97376,0.1,VJEPA2_SSV2,mean,0.9,5,0.4716435510215412,1,AdamW,step,4,facial_expression_surprise,256,1024,158,0,True,False,5.87448715383065e-05,no,68,158,1770264896.9390135,0.7625698324022346,0.8251059322033898,0.6382978723404256,0.50001956996971,0.7551622418879056,0.7923430962343097,0.5829145728643216,0.825,100,0.5858585858585859,0.58,339,0.8284518828451883,0.26595229444717494,68
mild-sweep-296,uwprcwzs,46773,0.1,VJEPA2_SSV2,mean,0.9,5,0.2424646924795474,1,AdamW,reduce,8,facial_expression_surprise,256,768,71,0,True,False,0.0004161040824820229,no,41,71,1770193893.9648304,0.7737430167597765,0.8250353107344632,0.6334841628959276,0.4991644890614728,0.7551622418879056,0.7953556485355647,0.5561497326203209,0.8095238095238095,100,0.5977011494252874,0.52,339,0.8535564853556485,0.3305469373194109,41
usual-sweep-548,eg1ipoyv,33717,0.1,VJEPA2_SSV2,mean,0.9,5,0.3067418955839125,1,AdamW,reduce,7,facial_expression_surprise,256,512,131,0,True,False,0.00017033545266438414,no,61,131,1770210553.03148,0.770949720670391,0.8250000000000001,0.646551724137931,0.4968835225318397,0.7640117994100295,0.7974058577405858,0.5959595959595959,0.8298755186721992,100,0.6020408163265306,0.59,339,0.8368200836820083,0.3077075784446813,61
tough-sweep-295,n8pwdzzh,18696,0.1,VJEPA2_SSV2,mean,0.9,5,0.1052502144236319,1,AdamW,reduce,5,facial_expression_surprise,256,768,159,0,True,False,6.33014584392067e-05,no,71,159,1770193842.2257566,0.7625698324022346,0.8249293785310735,0.6586345381526104,0.5084588058167996,0.7669616519174042,0.7944769874476988,0.6255924170616114,0.8508771929824561,100,0.5945945945945946,0.66,339,0.8117154811715481,0.2614497446379408,71
upbeat-sweep-155,97rkksk1,94836,0.1,VJEPA2_SSV2,mean,0.9,5,0.30891624872491263,1,AdamW,step,10,facial_expression_surprise,256,1024,183,0,True,False,3.871123133767097e-05,no,82,183,1770184006.686648,0.7625698324022346,0.8248587570621468,0.6320346320346321,0.5109733000147942,0.7610619469026548,0.793723849372385,0.592964824120603,0.8291666666666667,100,0.5959595959595959,0.59,339,0.8326359832635983,0.22094182386284783,82
jolly-sweep-966,hc2889ep,96369,0.1,VJEPA2_SSV2,mean,0.9,4,0.4360721193792211,1,AdamW,reduce,10,facial_expression_surprise,256,768,119,0,True,False,4.942159438103388e-05,no,59,119,1770239120.905796,0.7681564245810056,0.8247175141242938,0.6584362139917695,0.5066409457329265,0.7728613569321534,0.7965271966527196,0.631578947368421,0.8521739130434782,100,0.6055045871559633,0.66,339,0.8200836820083682,0.26599868581074626,59
dark-sweep-1524,54aknkek,31442,0.1,VJEPA2_SSV2,mean,0.9,4,0.43777845952576266,1,AdamW,step,7,facial_expression_surprise,256,256,84,0,True,False,7.337729406394065e-05,no,40,84,1770275896.28494,0.7625698324022346,0.8243997175141243,0.6413502109704642,0.5015897146483373,0.7551622418879056,0.7910041841004184,0.5990338164251208,0.8362068965517241,100,0.5794392523364486,0.62,339,0.8117154811715481,0.30936047514112724,40
fine-sweep-103,4tirwlum,27617,0.1,VJEPA2_SSV2,mean,0.9,4,0.10142500204190674,1,AdamW,reduce,8,facial_expression_surprise,256,1024,49,0,True,False,0.00015563271163356678,no,25,49,1770180374.3479311,0.7653631284916201,0.8243290960451978,0.6347826086956522,0.501541882253892,0.7551622418879056,0.7934309623430962,0.5743589743589743,0.819672131147541,100,0.5894736842105263,0.56,339,0.8368200836820083,0.27255551896843255,25
light-sweep-319,oaz7kn11,22958,0.1,VJEPA2_SSV2,mean,0.9,3,0.37462664189781714,1,AdamW,reduce,3,facial_expression_surprise,256,768,178,0,True,False,6.345578064242395e-05,no,72,178,1770195483.227669,0.7653631284916201,0.8242937853107345,0.6379310344827587,0.498744694880267,0.7551622418879056,0.7954393305439331,0.5870646766169154,0.8277310924369747,100,0.5841584158415841,0.59,339,0.8242677824267782,0.29612929755900086,72
generous-sweep-812,1xc855ur,59057,0.1,VJEPA2_SSV2,mean,0.9,3,0.11874458164680177,1,AdamW,reduce,6,facial_expression_surprise,256,1024,173,0,True,False,0.00018400676317791183,no,75,173,1770228319.01859,0.7569832402234636,0.8241878531073447,0.6297872340425532,0.5055286904287072,0.7522123893805309,0.7935983263598326,0.5757575757575758,0.8215767634854771,100,0.5816326530612245,0.57,339,0.8284518828451883,0.26076130514719237,75
firm-sweep-1841,rxlwtztw,69146,0.1,VJEPA2_SSV2,mean,0.9,4,0.28062469800045764,1,AdamW,reduce,8,facial_expression_surprise,256,512,188,0,True,False,2.592401889187235e-05,no,77,188,1770296663.022935,0.770949720670391,0.8241525423728815,0.672,0.5079293344273913,0.7640117994100295,0.792050209205021,0.6226415094339622,0.8502202643171806,100,0.5892857142857143,0.66,339,0.8075313807531381,0.28623770306758184,77
deft-sweep-1576,2gscpouw,87090,0.1,VJEPA2_SSV2,mean,0.9,4,0.4566627900950821,1,AdamW,reduce,6,facial_expression_surprise,256,1024,163,0,True,False,3.358635095758816e-05,no,76,163,1770279493.346185,0.7625698324022346,0.8241525423728814,0.6558704453441295,0.5119847545410667,0.7581120943952803,0.7965690376569037,0.6095238095238096,0.8427947598253275,100,0.5818181818181818,0.64,339,0.8075313807531381,0.23671851956209883,76
swift-sweep-1230,ch38bpik,65159,0.1,VJEPA2_SSV2,mean,0.9,4,0.3761179888998267,1,AdamW,step,10,facial_expression_surprise,256,1024,166,0,True,False,2.9223673504385537e-05,no,66,166,1770256074.0776722,0.7681564245810056,0.8241525423728814,0.6666666666666666,0.512067443498686,0.7610619469026548,0.793305439330544,0.6232558139534884,0.8526785714285714,100,0.5826086956521739,0.67,339,0.799163179916318,0.2577716230260892,66
restful-sweep-1617,9qihpq3x,87402,0.1,VJEPA2_SSV2,mean,0.9,3,0.30653743567081515,1,AdamW,step,6,facial_expression_surprise,256,1024,191,0,True,False,9.48903003205581e-05,no,85,191,1770282228.048551,0.7681564245810056,0.8240466101694915,0.6468085106382979,0.49330324966814265,0.7581120943952803,0.7927615062761506,0.59,0.8284518828451883,100,0.59,0.59,339,0.8284518828451883,0.311219100023852,85
drawn-sweep-1640,ws1k9tm7,76049,0.1,VJEPA2_SSV2,mean,0.9,4,0.20150122479517593,1,AdamW,reduce,6,facial_expression_surprise,256,1024,200,0,True,False,4.0284197297483434e-05,no,83,200,1770283771.2367656,0.7681564245810056,0.8240112994350283,0.6584362139917695,0.5030725182101713,0.7669616519174042,0.7989121338912134,0.6220095693779905,0.8478260869565217,100,0.5963302752293578,0.65,339,0.8158995815899581,0.28432396204531696,83
trim-sweep-829,fxswioyx,7532,0.1,VJEPA2_SSV2,mean,0.9,5,0.1925178669654337,1,AdamW,step,8,facial_expression_surprise,256,256,73,0,True,False,0.000107981793230664,no,39,73,1770229423.1035807,0.7625698324022346,0.823975988700565,0.62882096069869,0.5038076472681994,0.7581120943952803,0.7925104602510459,0.5773195876288659,0.8204081632653061,100,0.5957446808510638,0.56,339,0.8410041841004184,0.28569913503168676,39
driven-sweep-1724,666ehgzj,35678,0.1,VJEPA2_SSV2,mean,0.9,5,0.13578272623889354,1,AdamW,reduce,10,facial_expression_surprise,256,768,150,0,True,False,4.163571609167834e-05,no,63,150,1770289250.394038,0.770949720670391,0.8237994350282486,0.6639344262295082,0.5110503997882652,0.7699115044247787,0.7972384937238494,0.6285714285714286,0.851528384279476,100,0.6,0.66,339,0.8158995815899581,0.23580857869289837,63
fearless-sweep-1610,92nlnv8t,79428,0.1,VJEPA2_SSV2,mean,0.9,4,0.18013564716077723,1,AdamW,step,5,facial_expression_surprise,256,768,184,0,True,False,3.501379601883063e-05,no,79,184,1770281750.511412,0.7597765363128491,0.8236581920903955,0.6587301587301587,0.5128990475025923,0.7669616519174042,0.7944769874476987,0.6359447004608295,0.8603603603603603,100,0.5897435897435898,0.69,339,0.799163179916318,0.25000288531559856,79
gentle-sweep-983,ggmgcz5y,86755,0.1,VJEPA2_SSV2,mean,0.9,4,0.1765575110380298,1,AdamW,reduce,5,facial_expression_surprise,256,256,123,0,True,False,0.00015195833536276075,no,58,123,1770240278.4083822,0.7653631284916201,0.8236581920903955,0.6470588235294118,0.5034944310201613,0.7581120943952803,0.7892887029288703,0.5980392156862745,0.8340425531914893,100,0.5865384615384616,0.61,339,0.8200836820083682,0.29474512761046573,58
skilled-sweep-311,tl0rfx53,73266,0.1,VJEPA2_SSV2,mean,0.9,5,0.4491279785382719,1,AdamW,reduce,10,facial_expression_surprise,256,512,114,0,True,False,5.864660043701691e-05,no,49,114,1770194967.8794243,0.7653631284916201,0.823587570621469,0.65,0.507869672508879,0.7581120943952803,0.7928033472803347,0.6057692307692307,0.8398268398268398,100,0.5833333333333334,0.63,339,0.8117154811715481,0.2463524824097043,49
dutiful-sweep-1898,44skk0jk,54046,0.1,VJEPA2_SSV2,mean,0.9,3,0.15212866560975696,1,AdamW,reduce,7,facial_expression_surprise,256,768,132,0,True,False,3.241251956519755e-05,no,68,132,1770300505.4911122,0.770949720670391,0.8235522598870056,0.6693548387096774,0.5107591418580636,0.7610619469026548,0.7936820083682008,0.6197183098591549,0.8495575221238938,100,0.584070796460177,0.66,339,0.803347280334728,0.28165131773935315,68
eager-sweep-119,stwgujc3,1375,0.1,VJEPA2_SSV2,mean,0.9,3,0.23812759543360695,1,AdamW,reduce,6,facial_expression_surprise,256,1024,193,0,True,False,2.3593929114010263e-05,no,76,193,1770159338.50107,0.7681564245810056,0.8234816384180791,0.6639676113360324,0.5032538708361833,0.7640117994100295,0.7942677824267782,0.6296296296296297,0.8565022421524664,100,0.5862068965517241,0.68,339,0.799163179916318,0.29280176424846593,76
eager-sweep-294,8huo89c1,19715,0.1,VJEPA2,mean,0.9,5,0.4755125259669378,1,SGD,reduce,10,facial_expression_surprise,256,768,89,0,True,False,0.00965739882696081,no,49,89,1770172358.5338025,0.7821229050279329,0.8233757062146893,0.6548672566371682,0.4986988359323427,0.7610619469026548,0.792928870292887,0.5621621621621622,0.8110236220472441,100,0.611764705882353,0.52,339,0.8619246861924686,0.28996959854574766,49
neat-sweep-272,3l7u6y5h,96103,0.1,VJEPA2_SSV2,mean,0.9,5,0.291352296069856,1,AdamW,reduce,10,facial_expression_surprise,256,256,53,0,True,False,0.0001432919270038858,no,30,53,1770192223.5056005,0.770949720670391,0.8231638418079096,0.6554621848739496,0.4996365781602913,0.7551622418879056,0.7915062761506276,0.5911330049261084,0.8305084745762712,100,0.5825242718446602,0.6,339,0.8200836820083682,0.31506170369997744,30
legendary-sweep-1168,7lv97mzx,49195,0.1,VJEPA2_SSV2,mean,0.9,4,0.18758447686122387,1,AdamW,reduce,10,facial_expression_surprise,256,768,65,0,True,False,8.197809066593705e-05,no,29,65,1770251917.48367,0.7625698324022346,0.8231285310734463,0.6351931330472103,0.4987866347395508,0.7492625368731564,0.7911715481171548,0.5728643216080402,0.8208333333333333,100,0.5757575757575758,0.57,339,0.8242677824267782,0.30309996835323944,29
skilled-sweep-1512,kn22fscf,76779,0.1,VJEPA2_SSV2,mean,0.9,4,0.23992640420563072,1,AdamW,reduce,8,facial_expression_surprise,256,768,153,0,True,False,6.399009330658998e-05,no,71,153,1770275098.0091722,0.7597765363128491,0.8230579096045199,0.6324786324786325,0.5035157476723527,0.7610619469026548,0.7975732217573223,0.592964824120603,0.8291666666666667,100,0.5959595959595959,0.59,339,0.8326359832635983,0.27337584533945186,71
jolly-sweep-1250,aie7yefp,49029,0.1,VJEPA2_SSV2,mean,0.9,5,0.23282537817960833,1,AdamW,step,3,facial_expression_surprise,256,768,151,0,True,False,2.8488348114000915e-05,no,67,151,1770257336.451118,0.7625698324022346,0.8230225988700565,0.6443514644351465,0.5101782577996813,0.7551622418879056,0.7905857740585774,0.5990338164251208,0.8362068965517241,100,0.5794392523364486,0.62,339,0.8117154811715481,0.25591263266838565,67
sage-sweep-394,k53qgm0z,99940,0.1,VJEPA2_SSV2,mean,0.9,5,0.392997439812666,1,AdamW,reduce,5,facial_expression_surprise,256,1024,85,0,True,False,3.851442869065693e-05,no,41,85,1770200224.399807,0.7681564245810056,0.8229872881355933,0.6639676113360324,0.5079693298100093,0.7610619469026548,0.7960669456066947,0.6124401913875598,0.8434782608695652,100,0.5871559633027523,0.64,339,0.8117154811715481,0.26641371796111096,41
eager-sweep-1121,iut7hb1a,30795,0.1,VJEPA2_SSV2,mean,0.9,5,0.3767342945524329,1,AdamW,reduce,10,facial_expression_surprise,256,768,117,0,True,False,2.6544342627517628e-05,no,59,117,1770249083.9449625,0.7653631284916201,0.8229519774011299,0.664,0.5100605830799934,0.7581120943952803,0.7938075313807531,0.6238532110091743,0.8552036199095022,100,0.576271186440678,0.68,339,0.7907949790794979,0.2929425303842507,59
wild-sweep-418,ohaz2l2d,62615,0.1,VJEPA2_SSV2,mean,0.9,3,0.15876448422608178,1,AdamW,step,10,facial_expression_surprise,256,1024,155,0,True,False,2.6799323627174035e-05,no,69,155,1770201928.8401196,0.7597765363128491,0.8229166666666666,0.6504065040650406,0.5077170047014119,0.7610619469026548,0.7920083682008369,0.6197183098591549,0.8495575221238938,100,0.584070796460177,0.66,339,0.803347280334728,0.280194860421309,69
iconic-sweep-149,vxeftg36,57590,0.1,VJEPA2_SSV2,mean,0.9,4,0.21703100087699528,1,AdamW,reduce,5,facial_expression_surprise,256,512,167,0,True,False,0.0001433380339300693,no,73,167,1770183618.2157729,0.7737430167597765,0.8229166666666666,0.6666666666666666,0.5080705694646143,0.7581120943952803,0.7961087866108786,0.6057692307692307,0.8398268398268398,100,0.5833333333333334,0.63,339,0.8117154811715481,0.28215196361394823,73
zesty-sweep-609,fi0lxucn,783,0.1,VJEPA2_SSV2,mean,0.9,4,0.4745249104968447,1,AdamW,reduce,4,facial_expression_surprise,256,1024,141,0,True,False,0.00020330490376065897,no,55,141,1770214790.3072786,0.7737430167597765,0.8228460451977402,0.6462882096069869,0.49870389300351703,0.7522123893805309,0.7928033472803347,0.5757575757575758,0.8215767634854771,100,0.5816326530612245,0.57,339,0.8284518828451883,0.3102404762382935,55
electric-sweep-849,7ar1r5fg,39758,0.1,VJEPA2_SSV2,mean,0.9,4,0.13944473378061578,1,AdamW,reduce,5,facial_expression_surprise,256,768,192,0,True,False,4.058793227679207e-05,no,80,192,1770230831.246479,0.7625698324022346,0.8228107344632769,0.6558704453441295,0.510166910773549,0.7640117994100295,0.795020920502092,0.6226415094339622,0.8502202643171806,100,0.5892857142857143,0.66,339,0.8075313807531381,0.27232461491552723,80
vibrant-sweep-81,zrj16ndq,27468,0.1,VJEPA2_SSV2,mean,0.9,4,0.14361824268045698,1,AdamW,reduce,9,facial_expression_surprise,256,768,197,0,True,False,2.063638713594492e-05,no,94,197,1770179008.805599,0.7653631284916201,0.8228107344632769,0.664,0.5110763078295318,0.7669616519174042,0.7954811715481171,0.6359447004608295,0.8603603603603603,100,0.5897435897435898,0.69,339,0.799163179916318,0.2757046603355087,94
copper-sweep-1650,5eo7tsgi,71074,0.1,VJEPA2_SSV2,mean,0.9,4,0.1910829476162127,1,AdamW,reduce,9,facial_expression_surprise,256,1024,103,0,True,False,4.554191808164194e-05,no,48,103,1770284510.056983,0.7681564245810056,0.8228107344632768,0.6527196652719666,0.5104201382764891,0.7640117994100295,0.7946443514644351,0.6116504854368932,0.8412017167381974,100,0.5943396226415094,0.63,339,0.8200836820083682,0.2367736362442583,48
kind-sweep-1670,yat47kui,10222,0.1,VJEPA2,mean,0.9,4,0.4959864454847379,1,SGD,step,7,facial_expression_surprise,256,256,165,0,True,False,0.0013575460347200897,no,73,165,1770285595.307736,0.7821229050279329,0.8228107344632768,0.6776859504132231,0.49935086379504073,0.7492625368731564,0.7899999999999999,0.5595854922279793,0.8130081300813008,100,0.5806451612903226,0.54,339,0.8368200836820083,0.36141534738180014,73
glorious-sweep-385,kh2l9wng,43005,0.1,VJEPA2_SSV2,mean,0.9,4,0.4406481810057802,1,AdamW,step,7,facial_expression_surprise,256,768,124,0,True,False,3.445672199708541e-05,no,57,124,1770199692.6121652,0.770949720670391,0.8227754237288136,0.672,0.5112364272165565,0.7640117994100295,0.7925941422594143,0.6296296296296297,0.8565022421524664,100,0.5862068965517241,0.68,339,0.799163179916318,0.28890038146024327,57
comic-sweep-1010,gmm5x0ge,75196,0.1,VJEPA2_SSV2,mean,0.9,3,0.486169061086048,1,AdamW,reduce,7,facial_expression_surprise,256,768,151,0,True,False,8.344561778263452e-05,no,69,151,1770241895.5061848,0.7737430167597765,0.8226694915254238,0.6431718061674009,0.5025122628531642,0.7522123893805309,0.7900418410041841,0.5670103092783505,0.8163265306122449,100,0.5851063829787234,0.55,339,0.8368200836820083,0.28048038958501414,69
usual-sweep-231,vkr98fse,56211,0.1,VJEPA2_SSV2,mean,0.9,3,0.2451184200015419,1,AdamW,step,3,facial_expression_surprise,256,1024,166,0,True,False,2.1361848513118188e-05,no,76,166,1770189207.9505315,0.7737430167597765,0.8226694915254237,0.6666666666666666,0.5141993228283674,0.7640117994100295,0.7944351464435148,0.6226415094339622,0.8502202643171806,100,0.5892857142857143,0.66,339,0.8075313807531381,0.2464150138595859,76
ethereal-sweep-873,heedchsv,81059,0.1,VJEPA2_SSV2,mean,0.9,5,0.1252019883403512,1,AdamW,reduce,4,facial_expression_surprise,256,1024,161,0,True,False,0.00012740209164991946,no,73,161,1770232552.7562597,0.770949720670391,0.8225988700564972,0.6403508771929824,0.49959522352538294,0.7610619469026548,0.7946861924686193,0.592964824120603,0.8291666666666667,100,0.5959595959595959,0.59,339,0.8326359832635983,0.2903842670576913,73
fast-sweep-903,2yyzv28d,29828,0.1,VJEPA2_SSV2,mean,0.9,4,0.3974104232234337,1,AdamW,reduce,5,facial_expression_surprise,256,768,182,0,True,False,2.916729475989684e-05,no,78,182,1770234891.5485108,0.776536312849162,0.8225988700564971,0.68,0.505283874506391,0.7610619469026548,0.7925523012552301,0.6267281105990783,0.8558558558558559,100,0.5811965811965812,0.68,339,0.7949790794979079,0.32434969497661964,78
fine-sweep-886,sna9wloj,86815,0.1,VJEPA2_SSV2,mean,0.9,4,0.436319700475877,1,AdamW,step,7,facial_expression_surprise,256,768,127,0,True,False,0.00010859350809463484,no,60,127,1770233552.7129312,0.7737430167597765,0.8224929378531073,0.6493506493506493,0.4952425726965153,0.7610619469026548,0.7956485355648536,0.592964824120603,0.8291666666666667,100,0.5959595959595959,0.59,339,0.8326359832635983,0.3127445626158674,60
toasty-sweep-1835,ph0kda4l,61305,0.1,VJEPA2_SSV2,mean,0.9,5,0.13158420076829136,1,AdamW,reduce,7,facial_expression_surprise,256,512,106,0,True,False,4.931383407676354e-05,no,53,106,1770296263.914137,0.7625698324022346,0.8224929378531073,0.6530612244897959,0.5130738492784553,0.7581120943952803,0.7918410041841004,0.6019417475728155,0.8369098712446352,100,0.5849056603773585,0.62,339,0.8158995815899581,0.26066524792118234,53
whole-sweep-1466,0q9mgbsz,8038,0.1,VJEPA2_SSV2,mean,0.9,5,0.1405144478053663,1,AdamW,step,8,facial_expression_surprise,256,1024,165,0,True,False,3.2702841783431554e-05,no,77,165,1770271984.690524,0.770949720670391,0.8224576271186441,0.6666666666666666,0.5085281629802129,0.7610619469026548,0.7944351464435145,0.6161137440758294,0.8464912280701754,100,0.5855855855855856,0.65,339,0.8075313807531381,0.28365085630857645,77
serene-sweep-1753,f5ehuq4s,70669,0.1,VJEPA2_SSV2,mean,0.9,5,0.4125673710829415,1,AdamW,step,6,facial_expression_surprise,256,1024,153,0,True,False,4.4816223286400904e-05,no,72,153,1770291112.861989,0.7653631284916201,0.822457627118644,0.6528925619834711,0.5030933288888558,0.7610619469026548,0.7960669456066947,0.6124401913875598,0.8434782608695652,100,0.5871559633027523,0.64,339,0.8117154811715481,0.2859554449383284,72
radiant-sweep-1583,vxlbedvq,63264,0.1,VJEPA2,mean,0.9,4,0.11757489312387352,1,AdamW,reduce,7,facial_expression_surprise,256,256,157,0,True,False,0.0001667551773048411,no,73,157,1770279912.1458027,0.7905027932960894,0.8224223163841808,0.6781115879828327,0.5062347497354006,0.7463126843657817,0.77418410041841,0.532608695652174,0.8,100,0.5833333333333334,0.49,339,0.8535564853556485,0.2560444119848123,73
fallen-sweep-1085,d24zjikn,24597,0.1,VJEPA2_SSV2,mean,0.9,4,0.14944159685882186,1,AdamW,reduce,5,facial_expression_surprise,256,1024,169,0,True,False,4.608645046357837e-05,no,70,169,1770246838.4957087,0.7737430167597765,0.8223870056497175,0.6666666666666666,0.5041037258489172,0.7610619469026548,0.795020920502092,0.6124401913875598,0.8434782608695652,100,0.5871559633027523,0.64,339,0.8117154811715481,0.3035741351565727,70
flowing-sweep-975,5kqnt8de,53365,0.1,VJEPA2_SSV2,mean,0.9,5,0.46531040165583926,1,AdamW,step,4,facial_expression_surprise,256,256,104,0,True,False,7.304035816380686e-05,no,40,104,1770239743.1837752,0.7625698324022346,0.8222457627118643,0.6502057613168725,0.5070887840659924,0.7581120943952803,0.7854811715481171,0.616822429906542,0.8488888888888889,100,0.5789473684210527,0.66,339,0.799163179916318,0.2997020032225537,40
vivid-sweep-684,e5br51p3,97658,0.1,VJEPA2_SSV2,mean,0.9,4,0.17995627493803187,1,AdamW,step,4,facial_expression_surprise,256,768,127,0,True,False,3.8957766991046785e-05,no,63,127,1770219621.9229584,0.770949720670391,0.8221751412429379,0.672,0.5074953057246501,0.7581120943952803,0.7934309623430962,0.6132075471698113,0.8458149779735683,100,0.5803571428571429,0.65,339,0.803347280334728,0.30910999985302196,63
spring-sweep-959,3pwxbcnl,34927,0.1,VJEPA2_SSV2,mean,0.9,4,0.4611470533016696,1,AdamW,reduce,9,facial_expression_surprise,256,256,55,0,True,False,0.00024525391542559483,no,28,55,1770238679.3545964,0.7681564245810056,0.8221398305084745,0.6406926406926406,0.49946700494382634,0.7581120943952803,0.7947280334728032,0.594059405940594,0.8312236286919831,100,0.5882352941176471,0.6,339,0.8242677824267782,0.3294433861219582,28
denim-sweep-5,a3s28wbl,91759,0.1,VJEPA2_SSV2,mean,0.9,4,0.246779830418896,1,AdamW,reduce,3,facial_expression_surprise,256,768,94,0,True,False,0.0002971548138832696,no,40,94,1770173826.297968,0.7737430167597765,0.8221045197740112,0.6639004149377593,0.5020004004739517,0.7581120943952803,0.7937238493723848,0.6095238095238096,0.8427947598253275,100,0.5818181818181818,0.64,339,0.8075313807531381,0.32317064130673556,40
mild-sweep-178,xkok558x,65822,0.1,VJEPA2_SSV2,mean,0.9,3,0.23576276875585184,1,SGD,reduce,10,facial_expression_surprise,256,768,181,0,True,False,0.00853176710134937,no,87,181,1770163887.7719305,0.7793296089385475,0.8220692090395479,0.639269406392694,0.48646758888020863,0.7876106194690266,0.796652719665272,0.5955056179775281,0.8199233716475096,100,0.6794871794871795,0.53,339,0.895397489539749,0.3849048955099923,87
true-sweep-660,ludm8hee,27500,0.1,VJEPA2_SSV2,mean,0.9,3,0.4564102832297213,1,AdamW,reduce,5,facial_expression_surprise,256,768,101,0,True,False,9.109253343079333e-05,no,49,101,1770218072.5551946,0.7653631284916201,0.8220692090395479,0.6470588235294118,0.5045475313783357,0.7581120943952803,0.794560669456067,0.594059405940594,0.8312236286919831,100,0.5882352941176471,0.6,339,0.8242677824267782,0.28602573384089963,49
comfy-sweep-1232,z76csxsb,87118,0.1,VJEPA2_SSV2,mean,0.9,5,0.26086065741493103,1,AdamW,step,7,facial_expression_surprise,256,512,192,0,True,False,8.856323036224157e-05,no,89,192,1770256239.4505315,0.770949720670391,0.8220692090395479,0.6434782608695652,0.49836275114693457,0.7610619469026548,0.7951046025104601,0.5888324873096447,0.8264462809917356,100,0.5979381443298969,0.58,339,0.8368200836820083,0.3137837419656812,89
stellar-sweep-256,g3j72ac0,30482,0.1,VJEPA2_SSV2,mean,0.9,5,0.352349518051121,1,AdamW,reduce,8,facial_expression_surprise,256,1024,110,0,True,False,3.864283259376742e-05,no,54,110,1770191058.9018886,0.770949720670391,0.8220338983050848,0.672,0.5058567980148273,0.7640117994100295,0.7975313807531381,0.6296296296296297,0.8565022421524664,100,0.5862068965517241,0.68,339,0.799163179916318,0.3246895842859391,54
visionary-sweep-633,w4z9ny74,2976,0.1,VJEPA2_SSV2,mean,0.9,4,0.15354160423346777,1,AdamW,step,7,facial_expression_surprise,256,1024,150,0,True,False,5.1493014832234775e-05,no,70,150,1770216319.1406684,0.7681564245810056,0.8220338983050847,0.6343612334801763,0.49648782494347854,0.7551622418879056,0.7955648535564853,0.5699481865284974,0.8170731707317073,100,0.5913978494623656,0.55,339,0.8410041841004184,0.3144527669547319,70
lucky-sweep-159,z4ecwuoa,41059,0.1,VJEPA2_SSV2,mean,0.9,5,0.11592645137369662,1,AdamW,reduce,3,facial_expression_surprise,256,1024,190,0,True,False,5.030223790914811e-05,no,86,190,1770184337.5936637,0.7681564245810056,0.8220338983050847,0.6468085106382979,0.5066732288072895,0.7699115044247787,0.7952301255230125,0.6213592233009708,0.8454935622317596,100,0.6037735849056604,0.64,339,0.8242677824267782,0.2717507737858289,86
clean-sweep-282,j0flokln,71246,0.1,VJEPA2_SSV2,mean,0.9,3,0.16276627434138313,1,AdamW,reduce,9,facial_expression_surprise,256,1024,197,0,True,False,7.980128022114913e-05,no,95,197,1770171473.630237,0.770949720670391,0.8219985875706214,0.652542372881356,0.5006425798605274,0.7581120943952803,0.7951046025104602,0.5980392156862745,0.8340425531914893,100,0.5865384615384616,0.61,339,0.8200836820083682,0.30014310810579303,95
dainty-sweep-1077,uu6o0wtg,4558,0.1,VJEPA2_SSV2,mean,0.9,5,0.44812696517397543,1,AdamW,reduce,10,facial_expression_surprise,256,512,184,0,True,False,4.6991509017513386e-05,no,78,184,1770246350.5458834,0.770949720670391,0.8219632768361583,0.672,0.5125006910142952,0.7610619469026548,0.7939330543933054,0.6301369863013698,0.8590909090909091,100,0.5798319327731093,0.69,339,0.7907949790794979,0.29753444984513505,78
helpful-sweep-2,1pyk6ewr,70986,0.1,VJEPA2_SSV2,mean,0.9,5,0.3963760279684153,1,AdamW,reduce,7,facial_expression_surprise,256,1024,174,0,True,False,1.964989668947725e-05,no,82,174,1770173601.9711192,0.770949720670391,0.8219632768361583,0.6639344262295082,0.5071132732503241,0.7581120943952803,0.7965271966527196,0.6095238095238096,0.8427947598253275,100,0.5818181818181818,0.64,339,0.8075313807531381,0.2832769071187626,82
robust-sweep-1174,wbhlke2z,19908,0.1,VJEPA2_SSV2,mean,0.9,3,0.27263351147271214,1,AdamW,reduce,4,facial_expression_surprise,256,512,115,0,True,False,3.0371133156703015e-05,no,53,115,1770252290.1435387,0.7681564245810056,0.8219632768361582,0.6612244897959184,0.5100461570910235,0.7610619469026548,0.7953138075313807,0.6232558139534884,0.8526785714285714,100,0.5826086956521739,0.67,339,0.799163179916318,0.29987125436798867,53
visionary-sweep-928,ddw76xwt,56007,0.1,VJEPA2_SSV2,mean,0.9,4,0.324376646016415,1,AdamW,step,6,facial_expression_surprise,256,1024,131,0,True,False,2.3132268057135386e-05,no,54,131,1770236486.3272614,0.7625698324022346,0.8219279661016949,0.6666666666666666,0.5047079527844264,0.7551622418879056,0.796694560669456,0.6175115207373272,0.8513513513513513,100,0.5726495726495726,0.67,339,0.7907949790794979,0.34763290710142014,54
prime-sweep-1504,nrg4434j,76764,0.1,VJEPA2_SSV2,mean,0.9,3,0.19477621407960183,1,AdamW,reduce,4,facial_expression_surprise,256,768,35,0,True,False,0.00024690625845368074,no,22,35,1770274547.586237,0.7681564245810056,0.8219279661016948,0.6468085106382979,0.4998982269004736,0.7522123893805309,0.7910460251046025,0.5757575757575758,0.8215767634854771,100,0.5816326530612245,0.57,339,0.8284518828451883,0.3034216094584692,22
glowing-sweep-1480,vixxwsv5,1177,0.1,VJEPA2_SSV2,mean,0.9,4,0.4366063205492105,1,AdamW,reduce,9,facial_expression_surprise,256,512,185,0,True,False,1.642400358181974e-05,no,78,185,1770272923.8725572,0.7625698324022346,0.8218926553672316,0.6666666666666666,0.5074182092810476,0.7522123893805309,0.7921338912133891,0.6146788990825688,0.8506787330316742,100,0.5677966101694916,0.67,339,0.7866108786610879,0.35765425130432726,78
charmed-sweep-1357,kuzcfl28,97084,0.1,VJEPA2_SSV2,mean,0.9,4,0.13745474785575895,1,AdamW,reduce,4,facial_expression_surprise,256,768,153,0,True,False,3.636911884252355e-05,no,73,153,1770264645.341307,0.7737430167597765,0.8218926553672316,0.6720647773279352,0.5123104229985669,0.7581120943952803,0.7948117154811716,0.6203703703703703,0.852017937219731,100,0.5775862068965517,0.67,339,0.7949790794979079,0.30444218447896276,73
good-sweep-541,29g4777o,58743,0.1,VJEPA2_SSV2,mean,0.9,5,0.23020867094137604,1,AdamW,step,9,facial_expression_surprise,256,256,149,0,True,False,6.301363196219102e-05,no,68,149,1770210148.8832612,0.7653631284916201,0.8218573446327684,0.6666666666666666,0.512651972264551,0.7640117994100295,0.7961087866108788,0.6363636363636364,0.863013698630137,100,0.5833333333333334,0.7,339,0.7907949790794979,0.303158209186976,68
sage-sweep-1220,e4hgu98p,83580,0.1,VJEPA2_SSV2,mean,0.9,5,0.14574753591605996,1,AdamW,reduce,9,facial_expression_surprise,256,512,137,0,True,False,3.2127672723020186e-05,no,67,137,1770255403.614472,0.7597765363128491,0.8218573446327684,0.6475409836065574,0.509360715330646,0.7581120943952803,0.7934309623430962,0.6203703703703703,0.852017937219731,100,0.5775862068965517,0.67,339,0.7949790794979079,0.28333047725239385,67
legendary-sweep-1783,fnrdipaz,31190,0.1,VJEPA2_SSV2,mean,0.9,5,0.37863685907545264,1,AdamW,step,8,facial_expression_surprise,256,512,66,0,True,False,0.0002903976937076848,no,37,66,1770292990.8147736,0.7653631284916201,0.8218573446327683,0.65,0.5003920493845168,0.7551622418879056,0.7902510460251045,0.5911330049261084,0.8305084745762712,100,0.5825242718446602,0.6,339,0.8200836820083682,0.3117588712554686,37
snowy-sweep-967,mmz54jnw,94311,0.1,VJEPA2_SSV2,mean,0.9,3,0.2512419392818672,1,AdamW,step,4,facial_expression_surprise,256,256,194,0,True,False,3.916459788863304e-05,no,85,194,1770239213.1988611,0.770949720670391,0.8218220338983051,0.672,0.5101763827507723,0.7610619469026548,0.7931799163179916,0.6267281105990783,0.8558558558558559,100,0.5811965811965812,0.68,339,0.7949790794979079,0.31080682095693274,85
smooth-sweep-1680,lzfodxww,86464,0.1,VJEPA2_SSV2,mean,0.9,3,0.3594873457512223,1,AdamW,reduce,10,facial_expression_surprise,256,768,125,0,True,False,0.00026632128303652366,no,56,125,1770286200.0650644,0.770949720670391,0.821822033898305,0.6371681415929203,0.5010524335520228,0.7522123893805309,0.7920920502092049,0.5625,0.8137651821862348,100,0.5869565217391305,0.54,339,0.8410041841004184,0.3102353268644723,56
true-sweep-899,7wm9mzk7,90096,0.1,VJEPA2_SSV2,mean,0.9,4,0.22540155151495184,1,AdamW,reduce,10,facial_expression_surprise,256,1024,190,0,True,False,2.1794992747439567e-05,no,87,190,1770234589.005864,0.7653631284916201,0.8217867231638419,0.664,0.5073011962062154,0.7669616519174042,0.7930962343096234,0.6325581395348837,0.8571428571428571,100,0.591304347826087,0.68,339,0.803347280334728,0.30893590996245374,87
lively-sweep-303,8mps63gg,38191,0.1,VJEPA2_SSV2,mean,0.9,5,0.11363230761323571,1,AdamW,reduce,8,facial_expression_surprise,256,1024,194,0,True,False,0.0001069301467925222,no,92,194,1770172991.0925114,0.7597765363128491,0.8217867231638417,0.6386554621848739,0.499240407730614,0.7610619469026548,0.7935146443514645,0.6048780487804878,0.8376068376068376,100,0.5904761904761905,0.62,339,0.8200836820083682,0.3148493957953627,92
ethereal-sweep-586,cu8goa8m,11854,0.1,VJEPA2_SSV2,mean,0.9,3,0.372319353553712,1,AdamW,reduce,9,facial_expression_surprise,256,256,126,0,True,False,7.155595310052354e-05,no,60,126,1770213231.6737406,0.7681564245810056,0.8217514124293787,0.6639676113360324,0.5095335977703499,0.7581120943952803,0.7931799163179916,0.616822429906542,0.8488888888888889,100,0.5789473684210527,0.66,339,0.799163179916318,0.2896185499780318,60
polar-sweep-746,yvj5y25r,51998,0.1,VJEPA2_SSV2,mean,0.9,4,0.25808924766831465,1,AdamW,step,7,facial_expression_surprise,256,768,195,0,True,False,0.00011419401724328804,no,84,195,1770223879.3960266,0.7737430167597765,0.8217514124293787,0.6553191489361702,0.49753867081423714,0.7522123893805309,0.7901255230125522,0.5961538461538461,0.8354978354978355,100,0.5740740740740741,0.62,339,0.8075313807531381,0.34089415439036713,84
revived-sweep-729,qdnpbvte,14649,0.1,VJEPA2_SSV2,mean,0.9,3,0.1263487629822131,1,AdamW,step,8,facial_expression_surprise,256,256,170,0,True,False,5.142768290927085e-05,no,79,170,1770222699.416881,0.7681564245810056,0.8217514124293785,0.6719367588932806,0.5136626547608296,0.7551622418879056,0.7930125523012552,0.6244343891402715,0.8577981651376146,100,0.5702479338842975,0.69,339,0.7824267782426778,0.31099399056087357,79
floral-sweep-98,hpbcnu0f,798,0.1,VJEPA2_SSV2,mean,0.9,3,0.2346895277533604,1,AdamW,reduce,9,facial_expression_surprise,256,1024,170,0,True,False,1.7298411909056136e-05,no,74,170,1770157680.380933,0.7793296089385475,0.8217514124293784,0.6877470355731226,0.5086043408796108,0.7522123893805309,0.7938075313807532,0.6146788990825688,0.8506787330316742,100,0.5677966101694916,0.67,339,0.7866108786610879,0.3282314558156064,74
earnest-sweep-1370,9ap4zf2v,33064,0.1,VJEPA2_SSV2,mean,0.9,4,0.41776606637464986,1,AdamW,reduce,9,facial_expression_surprise,256,1024,188,0,True,False,0.0002292120660157255,no,91,188,1770265519.2354715,0.7681564245810056,0.8217161016949153,0.6497890295358649,0.5019609868193472,0.7581120943952803,0.7944351464435147,0.6019417475728155,0.8369098712446352,100,0.5849056603773585,0.62,339,0.8158995815899581,0.3058142591090429,91
unique-sweep-300,tsf7hely,64200,0.1,VJEPA2_SSV2,mean,0.9,5,0.41805272774466606,1,AdamW,step,10,facial_expression_surprise,256,1024,155,0,True,False,6.195406359966711e-05,no,74,155,1770194244.185075,0.7681564245810056,0.8217161016949152,0.6343612334801763,0.5027725247031484,0.7522123893805309,0.7935146443514645,0.5757575757575758,0.8215767634854771,100,0.5816326530612245,0.57,339,0.8284518828451883,0.2811663270998402,74
dazzling-sweep-1698,z9arxk6g,35506,0.1,VJEPA2_SSV2,mean,0.9,3,0.3887310372843461,1,AdamW,reduce,10,facial_expression_surprise,256,1024,197,0,True,False,1.2863603369732392e-05,no,88,197,1770287652.8150058,0.7737430167597765,0.8216807909604521,0.6772908366533864,0.5116212373006277,0.7581120943952803,0.7938075313807531,0.6272727272727273,0.8584474885844748,100,0.575,0.69,339,0.7866108786610879,0.3059645663289463,88
noble-sweep-1884,vxv3cdv0,71051,0.1,VJEPA2,mean,0.9,5,0.1258541150380165,1,SGD,reduce,8,facial_expression_surprise,256,256,142,0,True,False,0.0012826676772664844,no,62,142,1770299539.7525456,0.7821229050279329,0.8216807909604519,0.6694915254237288,0.4973530496298934,0.7551622418879056,0.7914225941422595,0.5608465608465608,0.812,100,0.5955056179775281,0.53,339,0.8493723849372385,0.3531004601166028,62
efficient-sweep-1641,83nnk05l,26412,0.1,VJEPA2_SSV2,mean,0.9,3,0.32666154674105835,1,AdamW,reduce,8,facial_expression_surprise,256,768,119,0,True,False,9.932770994451556e-05,no,55,119,1770283835.2632048,0.776536312849162,0.8216454802259887,0.6610169491525424,0.4989457460089103,0.7640117994100295,0.7927615062761507,0.6039603960396039,0.8354430379746836,100,0.5980392156862745,0.61,339,0.8284518828451883,0.31669406864155575,55
clear-sweep-1020,rxapzsfr,53135,0.1,VJEPA2_SSV2,mean,0.9,4,0.3791539715297566,1,AdamW,reduce,6,facial_expression_surprise,256,512,81,0,True,False,5.8959639606594e-05,no,39,81,1770242507.4514556,0.770949720670391,0.8216454802259886,0.6611570247933884,0.5071078868551627,0.7610619469026548,0.7930125523012552,0.6009852216748769,0.8347457627118644,100,0.5922330097087378,0.61,339,0.8242677824267782,0.2861141812066738,39
vivid-sweep-179,b0guuxyq,3035,0.1,VJEPA2,mean,0.9,4,0.12290649538923572,1,AdamW,reduce,9,facial_expression_surprise,256,256,191,0,True,False,0.00016324054947300916,no,91,191,1770163988.0885146,0.7793296089385475,0.8216101694915253,0.6666666666666666,0.5027163281787042,0.7551622418879056,0.7910460251046024,0.5561497326203209,0.8095238095238095,100,0.5977011494252874,0.52,339,0.8535564853556485,0.28388394244244786,91
sandy-sweep-1471,c6vkxz5y,24651,0.1,VJEPA2_SSV2,mean,0.9,3,0.14775749864657947,1,AdamW,reduce,6,facial_expression_surprise,256,256,156,0,True,False,6.705076154881437e-05,no,68,156,1770272370.7110138,0.7625698324022346,0.8215748587570622,0.6530612244897959,0.516709038332188,0.7551622418879056,0.7952301255230125,0.6103286384976526,0.8451327433628318,100,0.5752212389380531,0.65,339,0.799163179916318,0.26928506879245534,68
jolly-sweep-1927,6c21a2hp,13420,0.1,VJEPA2_SSV2,mean,0.9,3,0.30950550636312385,1,AdamW,step,9,facial_expression_surprise,256,512,190,0,True,False,6.904593801694523e-05,no,95,190,1770302406.132377,0.7625698324022346,0.821574858757062,0.62882096069869,0.5028290445578165,0.7640117994100295,0.7933891213389122,0.5959595959595959,0.8298755186721992,100,0.6020408163265306,0.59,339,0.8368200836820083,0.2903072079356645,95
robust-sweep-650,r2hym6jd,99207,0.1,VJEPA2_SSV2,mean,0.9,5,0.17064970420530712,1,AdamW,step,10,facial_expression_surprise,256,1024,70,0,True,False,3.945898786852995e-05,no,36,70,1770217325.081223,0.7737430167597765,0.821539548022599,0.6720647773279352,0.5055904385097866,0.7581120943952803,0.7955230125523013,0.6132075471698113,0.8458149779735683,100,0.5803571428571429,0.65,339,0.803347280334728,0.3104653548793632,36
fresh-sweep-1608,eayog77c,86832,0.1,VJEPA2_SSV2,mean,0.9,4,0.336722641191017,1,AdamW,step,9,facial_expression_surprise,256,1024,167,0,True,False,3.296002177444791e-05,no,74,167,1770281591.502141,0.776536312849162,0.8215042372881355,0.6747967479674797,0.5120164342432715,0.7699115044247787,0.7945188284518828,0.6422018348623854,0.8642533936651584,100,0.5932203389830508,0.7,339,0.799163179916318,0.27868353335463364,74
lunar-sweep-20,ps99o23w,61889,0.1,VJEPA2_SSV2,mean,0.9,5,0.32814161586683777,1,AdamW,step,8,facial_expression_surprise,256,512,149,0,True,False,4.542498581050572e-05,no,69,149,1770152590.2819858,0.770949720670391,0.8214336158192092,0.6639344262295082,0.5096753962213101,0.7640117994100295,0.7919665271966526,0.6261682242990654,0.8533333333333334,100,0.5877192982456141,0.67,339,0.803347280334728,0.27972838432848957,69
dulcet-sweep-325,61eucim6,75575,0.1,VJEPA2_SSV2,mean,0.9,5,0.2842791624602226,1,AdamW,reduce,8,extend_arm,256,512,200,0,True,False,0.000832402126030938,no,117,200,1770177987.415589,0.7888888888888889,0.8446598556435022,0.6935483870967742,0.4752080884244707,0.7764705882352941,0.8216757291151754,0.6448598130841121,0.8552631578947368,102,0.6160714285714286,0.6764705882352942,340,0.819327731092437,0.366350670842176,117
fresh-sweep-787,ul85mbv9,21564,0.1,VJEPA2_SSV2,mean,0.9,3,0.3868550051291634,1,AdamW,reduce,9,extend_arm,256,512,67,0,True,False,0.00031560458771608894,no,42,67,1770212584.429678,0.7777777777777778,0.8405802154886851,0.6190476190476191,0.464962817562951,0.7941176470588235,0.8287197231833909,0.6236559139784946,0.828125,102,0.6904761904761905,0.5686274509803921,340,0.8907563025210085,0.4309785760239343,42
vague-sweep-1798,c486mjli,5191,0.1,VJEPA2_SSV2,mean,0.9,3,0.3281964242633576,1,AdamW,step,6,extend_arm,256,512,83,0,True,False,0.004327950003426862,no,50,83,1770285052.4178076,0.8,0.8398828411032463,0.6697247706422018,0.4633897185325623,0.7735294117647059,0.8142609985170539,0.6091370558375635,0.8285714285714286,102,0.631578947368421,0.5882352941176471,340,0.8529411764705882,0.4489937072630087,50
winter-sweep-1001,bifrj09f,63463,0.1,VJEPA2_SSV2,mean,0.9,5,0.2525924691296698,1,AdamW,step,7,extend_arm,256,1024,85,0,True,False,5.512911661519797e-05,no,50,85,1770227604.6011224,0.7694444444444445,0.8397084975068865,0.6468085106382979,0.46702519324090747,0.7941176470588235,0.8362168396770473,0.6428571428571429,0.8414634146341463,102,0.6702127659574468,0.6176470588235294,340,0.8697478991596639,0.4139340669410663,50
silvery-sweep-1236,muxybkox,24775,0.1,VJEPA2_SSV2,mean,0.9,5,0.48589854144398537,1,AdamW,reduce,10,extend_arm,256,1024,99,0,True,False,0.00011429247680004272,no,57,99,1770244324.6637225,0.7694444444444445,0.838313748736009,0.6139534883720931,0.4649025188552009,0.7735294117647059,0.8213873784808042,0.5792349726775956,0.8108108108108109,102,0.654320987654321,0.5196078431372549,340,0.8823529411764706,0.4530727119406284,57
genial-sweep-1457,1j5k1ry9,2789,0.1,VJEPA2_SSV2,mean,0.9,4,0.3035124347271219,1,AdamW,reduce,6,extend_arm,256,256,199,0,True,False,4.847475841409741e-05,no,94,199,1770260356.774608,0.7777777777777778,0.8379999302625615,0.6721311475409836,0.4824374609523349,0.7823529411764706,0.8311913000494316,0.6442307692307693,0.8504273504273504,102,0.6320754716981132,0.6568627450980392,340,0.8361344537815126,0.3928476789379647,94
stilted-sweep-1056,othkvpbn,84408,0.1,VJEPA2_SSV2,mean,0.9,5,0.3900866304036189,1,AdamW,step,7,extend_arm,256,1024,138,0,True,False,0.00021629178541781127,no,70,138,1770231621.2839992,0.7638888888888888,0.8378255866662018,0.6502057613168725,0.4758394380410512,0.7794117647058824,0.8376585928489043,0.6445497630331753,0.8528138528138528,102,0.6238532110091743,0.6666666666666666,340,0.8277310924369747,0.3915736233002573,70
curious-sweep-1875,93ijxfb9,45323,0.1,VJEPA2_SSV2,mean,0.9,3,0.1847861629073889,1,AdamW,step,9,extend_arm,256,256,171,0,True,False,3.118844411079183e-05,no,88,171,1770290710.3979857,0.7722222222222223,0.8374420307542104,0.6746031746031746,0.4879768451054891,0.7735294117647059,0.8283077937057175,0.6484018264840182,0.8609865470852018,102,0.6068376068376068,0.696078431372549,340,0.8067226890756303,0.4031146002737857,88
atomic-sweep-1712,wxh8mzhb,27912,0.1,VJEPA2_SSV2,mean,0.9,3,0.42001016857511375,1,AdamW,reduce,9,extend_arm,256,1024,23,0,True,False,0.001010444801878296,yes,19,23,1770278703.9855025,0.7694444444444445,0.8371979497193068,0.6139534883720931,0.471437637673484,0.7852941176470588,0.8229939034437305,0.5966850828729282,0.8160919540229885,102,0.6835443037974683,0.5294117647058824,340,0.8949579831932774,0.5130992641106494,19
brisk-sweep-2014,zddtw9vv,75367,0.1,VJEPA2_SSV2,mean,0.9,3,0.1343880579864404,1,AdamW,step,6,extend_arm,256,768,185,0,True,False,0.0001142571074591264,no,88,185,1770301032.6401477,0.7833333333333333,0.8370584748422191,0.6637931034482759,0.47262851066059536,0.7794117647058824,0.828596144340089,0.6231155778894473,0.8353909465020576,102,0.6391752577319587,0.6078431372549019,340,0.8529411764705882,0.3473237505604549,88
young-sweep-558,le335k9r,53587,0.1,VJEPA2_SSV2,mean,0.9,5,0.31158524928362585,1,AdamW,reduce,10,extend_arm,256,768,106,0,True,False,0.00016442338647213196,no,52,106,1770195597.4606483,0.7722222222222223,0.8369887374036752,0.6495726495726496,0.47372128301196625,0.7764705882352941,0.8276075135936727,0.6161616161616161,0.8319672131147541,102,0.6354166666666666,0.5980392156862745,340,0.8529411764705882,0.37637599034862623,52
northern-sweep-1537,hzzwz6g5,44452,0.1,VJEPA2_SSV2,mean,0.9,4,0.24131412295257593,1,AdamW,step,10,extend_arm,256,512,185,0,True,False,0.0001992827950771554,no,97,185,1770266118.6126688,0.7777777777777778,0.8369887374036752,0.6428571428571429,0.46783187058236864,0.7794117647058824,0.8353517877739332,0.6073298429319371,0.8247011952191236,102,0.651685393258427,0.5686274509803921,340,0.8697478991596639,0.4138115471897863,97
summer-sweep-857,7d3kckc4,27680,0.1,VJEPA2_SSV2,mean,0.9,4,0.11424108149577426,1,AdamW,step,9,extend_arm,256,768,181,0,True,False,0.00013793609072203762,no,86,181,1770217531.3113258,0.7833333333333333,0.8369887374036752,0.6578947368421053,0.47067216104931303,0.788235294117647,0.8319327731092437,0.6288659793814433,0.8346774193548387,102,0.6630434782608695,0.5980392156862745,340,0.8697478991596639,0.40254836273456807,86
frosty-sweep-507,rj1oafpl,22656,0.1,VJEPA2_SSV2,mean,0.9,5,0.43471755990837224,1,AdamW,reduce,5,extend_arm,256,768,50,0,True,False,0.000478284484798925,no,31,50,1770191855.296373,0.7805555555555556,0.8369538686844032,0.639269406392694,0.4655028171009488,0.7911764705882353,0.833662876915472,0.6243386243386243,0.8300395256916996,102,0.6781609195402298,0.5784313725490197,340,0.8823529411764706,0.4449651338448182,31
unique-sweep-1716,v5sg1os2,72975,0.1,VJEPA2_SSV2,mean,0.9,5,0.23787763761558556,1,AdamW,reduce,10,extend_arm,256,512,97,0,True,False,8.930593999660178e-05,no,58,97,1770278993.8530445,0.7777777777777778,0.8368143938073155,0.6581196581196581,0.47354914678467647,0.7911764705882353,0.8284725654967869,0.6432160804020101,0.8436213991769548,102,0.6597938144329897,0.6274509803921569,340,0.8613445378151261,0.395251206041041,58
revived-sweep-1303,9cqmrl12,80720,0.1,VJEPA2_SSV2,mean,0.9,5,0.2501280167708755,1,AdamW,reduce,10,extend_arm,256,512,28,0,True,False,0.00026370345641373255,yes,22,28,1770249053.4679844,0.7694444444444445,0.8367446563687716,0.6311111111111111,0.4696974522537655,0.7735294117647059,0.8220052726973143,0.5968586387434555,0.8207171314741036,102,0.6404494382022472,0.5588235294117647,340,0.865546218487395,0.4472182474083663,22
sweet-sweep-1050,qrl9g10g,25272,0.1,VJEPA2_SSV2,mean,0.9,3,0.47754425742710216,1,AdamW,step,5,extend_arm,256,256,98,0,True,False,0.00010142447190936884,no,55,98,1770231130.6760302,0.7777777777777778,0.8367446563687716,0.6551724137931034,0.47264180911911857,0.7764705882352941,0.8313560718405009,0.6122448979591837,0.8292682926829268,102,0.6382978723404256,0.5882352941176471,340,0.8571428571428571,0.4013973780429166,55
comic-sweep-657,ot5fw1vf,77965,0.1,VJEPA2_SSV2,mean,0.9,5,0.33860393984276504,1,AdamW,reduce,3,extend_arm,256,512,37,0,True,False,0.0005940051315738561,no,25,37,1770202962.220457,0.775,0.8367446563687716,0.6048780487804878,0.4719744192229377,0.7794117647058824,0.8229115175481957,0.5901639344262295,0.8146718146718147,102,0.6666666666666666,0.5294117647058824,340,0.8865546218487395,0.4798231489421254,25
fancy-sweep-799,6axb44cm,1373,0.1,VJEPA2_SSV2,mean,0.9,4,0.30136309501587555,1,AdamW,reduce,9,extend_arm,256,768,49,0,True,False,0.00018222949483386505,no,29,49,1770213326.4239166,0.7861111111111111,0.8367446563687715,0.6857142857142857,0.4779943333731757,0.7676470588235295,0.8235706047124731,0.6183574879227053,0.8382978723404255,102,0.6095238095238096,0.6274509803921569,340,0.8277310924369747,0.4121244087074343,29
clean-sweep-1053,fggmfm27,83337,0.1,VJEPA2_SSV2,mean,0.9,3,0.24327977835096143,1,AdamW,reduce,8,extend_arm,256,512,190,0,True,False,8.656964020367212e-05,no,96,190,1770231381.8887608,0.7638888888888888,0.8362913630182364,0.6188340807174888,0.4744866344663832,0.7705882352941177,0.8238177623990772,0.5894736842105263,0.8174603174603174,102,0.6363636363636364,0.5490196078431373,340,0.865546218487395,0.4757857327303175,96
vital-sweep-381,uypmd1st,34068,0.1,VJEPA2_SSV2,mean,0.9,3,0.38415480071024377,1,AdamW,step,3,extend_arm,256,1024,121,0,True,False,0.0001052189193015336,no,69,121,1770182450.5805032,0.7722222222222223,0.8362564942989644,0.6746031746031746,0.48274798658159046,0.7764705882352941,0.8301202834074807,0.6481481481481481,0.8584070796460177,102,0.6140350877192983,0.6862745098039216,340,0.8151260504201681,0.3787103510693292,69
crisp-sweep-961,6hi9xq8l,82329,0.1,VJEPA2_SSV2,mean,0.9,5,0.36682392406739495,1,AdamW,step,4,extend_arm,256,1024,143,0,True,False,2.4049996923233184e-05,no,68,143,1770224780.8250146,0.775,0.8361518881411486,0.6848249027237354,0.48831855323579576,0.7735294117647059,0.8268660405338606,0.6451612903225806,0.8577777777777778,102,0.6086956521739131,0.6862745098039216,340,0.8109243697478992,0.39906544270436406,68
silver-sweep-1393,y2wflnf3,61034,0.1,VJEPA2_SSV2,mean,0.9,5,0.26982685284087016,1,AdamW,step,10,extend_arm,256,768,180,0,True,False,5.250458251301144e-05,no,88,180,1770255756.8227794,0.7805555555555556,0.8360821507026046,0.6609442060085837,0.47081057495541045,0.7764705882352941,0.8276075135936728,0.6161616161616161,0.8319672131147541,102,0.6354166666666666,0.5980392156862745,340,0.8529411764705882,0.3616827244587366,88
ancient-sweep-1023,zr5w3qr1,5910,0.1,VJEPA2_SSV2,mean,0.9,4,0.4822518089409776,1,AdamW,step,7,extend_arm,256,1024,54,0,True,False,0.0003514960964338685,no,33,54,1770229064.445081,0.7805555555555556,0.8360124132640608,0.6425339366515838,0.4717785590224795,0.7764705882352941,0.8199868182567145,0.5957446808510638,0.8188976377952756,102,0.6511627906976745,0.5490196078431373,340,0.8739495798319328,0.43306369630012725,33
rare-sweep-906,xajk05xm,15908,0.1,VJEPA2_SSV2,mean,0.9,5,0.4520960353349821,1,AdamW,reduce,8,extend_arm,256,768,95,0,True,False,0.0002640841962590666,no,52,95,1770220684.1377506,0.7805555555555556,0.8359078071062449,0.6721991701244814,0.4762040489249759,0.7941176470588235,0.8339100346020761,0.6634615384615384,0.8589743589743589,102,0.6509433962264151,0.6764705882352942,340,0.8445378151260504,0.3760658874696131,52
sweet-sweep-1566,jc9ugpq8,52071,0.1,VJEPA2_SSV2,mean,0.9,4,0.41232595321498655,1,AdamW,step,4,extend_arm,256,256,191,0,True,False,3.643227160035638e-05,no,102,191,1770268343.752442,0.7805555555555556,0.8358729383869731,0.6852589641434262,0.4803472763962216,0.7852941176470588,0.8302438622507827,0.6572769953051644,0.8602620087336245,102,0.6306306306306306,0.6862745098039216,340,0.8277310924369747,0.33955734362259754,102
zany-sweep-634,anjaaudo,79026,0.1,VJEPA2_SSV2,mean,0.9,4,0.2682089456651693,1,AdamW,reduce,5,extend_arm,256,768,66,0,True,False,4.0122663754447855e-05,no,38,66,1770201207.164061,0.7638888888888888,0.8358032009484292,0.669260700389105,0.4961753288904826,0.7764705882352941,0.8283901796012523,0.6545454545454545,0.8648648648648649,102,0.6101694915254238,0.7058823529411765,340,0.8067226890756303,0.43029921832005624,38
cerulean-sweep-205,nm719dhb,45536,0.1,VJEPA2_SSV2,mean,0.9,4,0.4034058452800605,1,AdamW,reduce,9,extend_arm,256,768,87,0,True,False,0.0002411591816309887,no,46,87,1770168749.2811477,0.7694444444444445,0.8356637260713414,0.6468085106382979,0.4721966359350416,0.7705882352941177,0.8325094743779865,0.5979381443298969,0.8225806451612904,102,0.6304347826086957,0.5686274509803921,340,0.8571428571428571,0.4327529950036528,46
hopeful-sweep-1650,wrkly46m,59790,0.1,VJEPA2_SSV2,mean,0.9,3,0.4087308805082148,1,AdamW,reduce,10,extend_arm,256,1024,46,0,True,False,0.0015935267359128676,no,26,46,1770274388.2868624,0.775,0.8356288573520695,0.6367713004484304,0.4668774127960205,0.7735294117647059,0.8233646399736365,0.5968586387434555,0.8207171314741036,102,0.6404494382022472,0.5588235294117647,340,0.865546218487395,0.4765061214483904,26
prime-sweep-140,hxvtefxi,4777,0.1,VJEPA2_SSV2,mean,0.9,3,0.23170208139960904,1,AdamW,step,10,extend_arm,256,512,71,0,True,False,7.101510282366119e-05,no,39,71,1770163804.087271,0.7583333333333333,0.8354545137557098,0.6098654708520179,0.4672288821803199,0.7823529411764706,0.828225407810183,0.6145833333333334,0.828,102,0.6555555555555556,0.5784313725490197,340,0.8697478991596639,0.3694238094335103,39
royal-sweep-886,sk6jun3x,82123,0.1,VJEPA2_SSV2,mean,0.9,5,0.3776308481290632,1,AdamW,reduce,3,extend_arm,256,512,80,0,True,False,0.0002579758424681595,no,45,80,1770219367.6794417,0.7722222222222223,0.8354196450364378,0.6554621848739496,0.4727219356430901,0.7911764705882353,0.83090294941506,0.6432160804020101,0.8436213991769548,102,0.6597938144329897,0.6274509803921569,340,0.8613445378151261,0.4079949403665342,45
misunderstood-sweep-1112,rvooe1j6,7442,0.1,VJEPA2_SSV2,mean,0.9,5,0.4180730457258726,1,AdamW,step,10,extend_arm,256,768,38,0,True,False,0.00022757858775255025,no,23,38,1770235831.748668,0.7722222222222223,0.8352801701593501,0.6339285714285714,0.4709254026412964,0.7941176470588235,0.8294611962432031,0.6391752577319587,0.8387096774193549,102,0.6739130434782609,0.6078431372549019,340,0.8739495798319328,0.40131900531152337,23
lilac-sweep-1208,aqitim74,37539,0.1,VJEPA2_SSV2,mean,0.9,5,0.3677966355978467,1,AdamW,step,9,extend_arm,256,768,64,0,True,False,0.0024856412154646234,no,39,64,1770242333.768669,0.7861111111111111,0.8352453014400781,0.6607929515418502,0.48153842157787746,0.7764705882352941,0.8241884989289833,0.62,0.8347107438016529,102,0.6326530612244898,0.6078431372549019,340,0.8487394957983193,0.4039837351820087,39
pleasant-sweep-767,ilgtmj6g,36337,0.1,VJEPA2_SSV2,mean,0.9,4,0.4500048094373949,1,AdamW,reduce,6,extend_arm,256,1024,128,0,True,False,0.00011239979217054328,no,66,128,1770211057.3353975,0.7805555555555556,0.8352104327208062,0.6359447004608295,0.4669812017016941,0.7823529411764706,0.8309029494150602,0.6063829787234043,0.8228346456692913,102,0.6627906976744186,0.5588235294117647,340,0.8781512605042017,0.44262554573090696,66
lemon-sweep-313,ikict4qh,10692,0.1,VJEPA2_SSV2,mean,0.9,4,0.10891159749234944,1,AdamW,step,5,extend_arm,256,1024,181,0,True,False,5.684453209436007e-05,no,103,181,1770177151.797106,0.7833333333333333,0.8351058265629904,0.6694915254237288,0.4759152816401588,0.788235294117647,0.8328390179601253,0.6363636363636364,0.8401639344262295,102,0.65625,0.6176470588235294,340,0.8613445378151261,0.4150060534806541,103
devoted-sweep-911,1f9v67fm,32776,0.1,VJEPA2_SSV2,mean,0.9,3,0.363338505694938,1,AdamW,reduce,3,extend_arm,256,1024,183,0,True,False,4.82987296799642e-05,no,94,183,1770221105.27728,0.7694444444444445,0.8351058265629903,0.6612244897959184,0.4821767018900977,0.7852941176470588,0.8255066732575383,0.6439024390243903,0.8481012658227848,102,0.6407766990291263,0.6470588235294118,340,0.8445378151260504,0.36312894929838446,94
brisk-sweep-106,mz036be5,13282,0.1,VJEPA2_SSV2,mean,0.9,4,0.3650781439235155,1,AdamW,reduce,9,extend_arm,256,768,195,0,True,False,0.0001546101452759954,no,104,195,1770160738.7021196,0.7833333333333333,0.8350709578437184,0.6517857142857143,0.4702444990475973,0.7794117647058824,0.8303262481463173,0.6073298429319371,0.8247011952191236,102,0.651685393258427,0.5686274509803921,340,0.8697478991596639,0.4256261966505103,104
solar-sweep-114,1789d3fd,13504,0.1,VJEPA2_SSV2,mean,0.9,5,0.4935889545555844,1,AdamW,reduce,6,extend_arm,256,1024,163,0,True,False,1.850510794574623e-05,no,95,163,1770161399.0580373,0.7638888888888888,0.8350360891244465,0.6530612244897959,0.48027153412501017,0.7735294117647059,0.8280194430713461,0.6280193236714976,0.8425531914893617,102,0.6190476190476191,0.6372549019607843,340,0.8319327731092437,0.3840863777129031,95
deep-sweep-1809,o9duhs9w,8790,0.1,VJEPA2_SSV2,mean,0.9,4,0.3422047080235133,1,AdamW,reduce,9,extend_arm,256,768,173,0,True,False,0.00025999551761184906,no,93,173,1770285778.7270207,0.7861111111111111,0.8350012204051745,0.6577777777777778,0.4679622259404924,0.7676470588235295,0.8215521502718734,0.5863874345549738,0.8167330677290837,102,0.6292134831460674,0.5490196078431373,340,0.8613445378151261,0.4501348833352821,93
comfy-sweep-1662,566wl1ox,28728,0.1,VJEPA2_SSV2,mean,0.9,5,0.12859477138424827,1,AdamW,reduce,4,extend_arm,256,512,97,0,True,False,0.00025829419220624214,no,50,97,1770275171.0182424,0.7666666666666667,0.8350012204051744,0.6612903225806451,0.4796621368991004,0.7588235294117647,0.8212637996375022,0.6203703703703703,0.8451327433628318,102,0.5877192982456141,0.6568627450980392,340,0.8025210084033614,0.32940566776865754,50
brisk-sweep-570,as2knc6o,12863,0.1,VJEPA2_SSV2,mean,0.9,4,0.2693857446418093,1,AdamW,reduce,6,extend_arm,256,1024,166,0,True,False,0.00031814126989398295,no,82,166,1770196494.2875776,0.7694444444444445,0.8349663516859026,0.5870646766169154,0.4706696059968736,0.7764705882352941,0.8265364969517218,0.5824175824175825,0.8115384615384615,102,0.6625,0.5196078431372549,340,0.8865546218487395,0.38711093881512215,82
stilted-sweep-1011,j8n6wn6e,55748,0.1,VJEPA2_SSV2,mean,0.9,3,0.2021172333188181,1,AdamW,step,6,extend_arm,256,768,169,0,True,False,0.00013344242926219938,no,86,169,1770228224.3129504,0.775,0.8349314829666307,0.6086956521739131,0.4701404180791643,0.7705882352941177,0.8276487065414401,0.5617977528089888,0.803030303030303,102,0.6578947368421053,0.4901960784313726,340,0.8907563025210085,0.458637595407212,86
avid-sweep-183,cltfsbq7,17649,0.1,VJEPA2_SSV2,mean,0.9,3,0.2819982661652134,1,AdamW,reduce,10,extend_arm,256,768,44,0,True,False,0.00018314980998402984,no,26,44,1770167213.4578044,0.7694444444444445,0.8348617455280868,0.6468085106382979,0.4760780837800768,0.7617647058823529,0.8292140385565991,0.6009852216748769,0.8284518828451883,102,0.6039603960396039,0.5980392156862745,340,0.8319327731092437,0.42060728639528894,26
likely-sweep-1968,m80vhxzq,76653,0.1,VJEPA2_SSV2,mean,0.9,5,0.33235935917077086,1,AdamW,step,5,extend_arm,256,768,77,0,True,False,0.00011193872992644268,no,45,77,1770297637.6353405,0.7777777777777778,0.8348617455280868,0.6460176991150443,0.4716624518235524,0.7764705882352941,0.8312736859449662,0.6082474226804123,0.8266129032258065,102,0.6413043478260869,0.5784313725490197,340,0.8613445378151261,0.4009007965332895,45
fiery-sweep-1465,h5xkauhu,46230,0.1,VJEPA2_SSV2,mean,0.9,4,0.4420017086325876,1,AdamW,step,8,extend_arm,256,512,197,0,True,False,2.8252101865867216e-05,no,95,197,1770261041.9096467,0.7722222222222223,0.834757139370271,0.6666666666666666,0.4854755096965366,0.7911764705882353,0.8328390179601253,0.6666666666666666,0.8646288209606987,102,0.6396396396396397,0.696078431372549,340,0.8319327731092437,0.3705824305174759,95
rare-sweep-699,3rx5zc5b,52024,0.1,VJEPA2_SSV2,mean,0.9,5,0.4420955658123942,1,AdamW,reduce,3,extend_arm,256,768,124,0,True,False,0.00026918311223550224,no,68,124,1770205832.9535234,0.7777777777777778,0.834722270650999,0.6551724137931034,0.4701075686348809,0.7852941176470588,0.8246828143021915,0.6178010471204188,0.8286852589641435,102,0.6629213483146067,0.5784313725490197,340,0.8739495798319328,0.4235542922388783,68
glad-sweep-328,25nwbe2n,39773,0.1,VJEPA2_SSV2,mean,0.9,5,0.1941782551462958,1,AdamW,reduce,9,extend_arm,256,768,180,0,True,False,0.0001514953786521459,no,98,180,1770178305.7236145,0.775,0.8346525332124551,0.6523605150214592,0.479970998234219,0.7735294117647059,0.8252595155709342,0.624390243902439,0.8396624472573839,102,0.6213592233009708,0.6274509803921569,340,0.8361344537815126,0.30669062285792104,98
grateful-sweep-764,5u0wx2il,89870,0.1,VJEPA2_SSV2,mean,0.9,5,0.18871336702746488,1,AdamW,reduce,5,extend_arm,256,512,96,0,True,False,0.0001996816590127905,no,48,96,1770210870.3027391,0.7611111111111111,0.8346525332124551,0.5784313725490197,0.47052020298110114,0.7735294117647059,0.828348986653485,0.5792349726775956,0.8108108108108109,102,0.654320987654321,0.5196078431372549,340,0.8823529411764706,0.39881831015671154,48
fearless-sweep-1147,v698dahy,256,0.1,VJEPA2_SSV2,mean,0.9,3,0.3540980224635052,1,AdamW,reduce,8,extend_arm,256,512,47,0,True,False,0.00010777910566307036,no,32,47,1770238128.7777169,0.7694444444444445,0.8346176644931832,0.6437768240343348,0.4729878392484453,0.788235294117647,0.8338688416543087,0.6363636363636364,0.8401639344262295,102,0.65625,0.6176470588235294,340,0.8613445378151261,0.3884618196368876,32
worldly-sweep-1866,4ylpr201,43085,0.1,VJEPA2_SSV2,mean,0.9,5,0.3514236158237227,1,AdamW,step,8,extend_arm,256,512,110,0,True,False,7.879459051071225e-05,no,53,110,1770290024.8260677,0.7777777777777778,0.8345479270546393,0.6428571428571429,0.4717301494545406,0.7911764705882353,0.8279370571758115,0.6282722513089005,0.8326693227091634,102,0.6741573033707865,0.5882352941176471,340,0.8781512605042017,0.4355852727731947,53
fragrant-sweep-2023,sqbjbds4,46100,0.1,VJEPA2_SSV2,mean,0.9,3,0.22332753737105768,1,AdamW,step,3,extend_arm,256,256,134,0,True,False,0.0001372433690182083,no,66,134,1770301693.7871854,0.7777777777777778,0.8345130583353673,0.6491228070175439,0.47327591710620454,0.7823529411764706,0.8327978250123579,0.6262626262626263,0.8360655737704918,102,0.6458333333333334,0.6078431372549019,340,0.8571428571428571,0.33676843788083743,66
spring-sweep-1617,3wevfman,59407,0.1,VJEPA2_SSV2,mean,0.9,4,0.11782011988703564,1,AdamW,reduce,7,extend_arm,256,1024,137,0,True,False,4.5424630540457945e-05,no,72,137,1770272072.7028642,0.7638888888888888,0.8344781896160954,0.6443514644351465,0.481072379483117,0.788235294117647,0.8330449826989619,0.6435643564356436,0.8458333333333333,102,0.65,0.6372549019607843,340,0.8529411764705882,0.4331782789849445,72
exalted-sweep-1353,rom878lg,46235,0.1,VJEPA2_SSV2,mean,0.9,5,0.18916970105434003,1,AdamW,step,10,extend_arm,256,768,46,0,True,False,9.20536122799684e-05,no,25,46,1770252923.0674665,0.7777777777777778,0.8344781896160954,0.6330275229357798,0.4760323067506154,0.788235294117647,0.8303674410940847,0.625,0.832,102,0.6666666666666666,0.5882352941176471,340,0.8739495798319328,0.43425850934086585,25
unique-sweep-1402,43lkdkwt,81402,0.1,VJEPA2_SSV2,mean,0.9,4,0.41281396854948593,1,AdamW,step,7,extend_arm,256,512,140,0,True,False,6.283541961166414e-05,no,67,140,1770256366.0163052,0.7722222222222223,0.8343735834582796,0.6693548387096774,0.4806292083528307,0.788235294117647,0.8276898994892075,0.6470588235294118,0.8487394957983193,102,0.6470588235294118,0.6470588235294118,340,0.8487394957983193,0.3790739546493931,67
brisk-sweep-1879,nrnl3u3q,21595,0.1,VJEPA2_SSV2,mean,0.9,5,0.3156567386480533,1,AdamW,step,10,extend_arm,256,1024,50,0,True,False,5.435219419997267e-05,no,33,50,1770290943.2562084,0.775,0.8343387147390078,0.6523605150214592,0.4746542235215505,0.788235294117647,0.8285137584445542,0.6326530612244898,0.8373983739837398,102,0.6595744680851063,0.6078431372549019,340,0.865546218487395,0.4208280531082364,33
sandy-sweep-1240,xl1mku8m,85704,0.1,VJEPA2_SSV2,mean,0.9,4,0.17731011419645176,1,AdamW,step,9,extend_arm,256,768,128,0,True,False,6.160551063853663e-05,no,71,128,1770244671.8203464,0.7722222222222223,0.8343038460197357,0.652542372881356,0.47625389827622305,0.7911764705882353,0.8292552315043665,0.6467661691542289,0.8464730290456431,102,0.6565656565656566,0.6372549019607843,340,0.8571428571428571,0.34805291535446,71
lucky-sweep-1764,fmhrreqj,49678,0.1,VJEPA2_SSV2,mean,0.9,5,0.432842210001154,1,AdamW,step,7,extend_arm,256,768,101,0,True,False,0.00010052816107823808,no,53,101,1770282584.7716897,0.7777777777777778,0.834164371142648,0.6428571428571429,0.4740402910444472,0.788235294117647,0.8259186027352118,0.6170212765957447,0.8267716535433071,102,0.6744186046511628,0.5686274509803921,340,0.8823529411764706,0.4542186142660637,53
misunderstood-sweep-469,jgjhsezq,54126,0.1,VJEPA2_SSV2,mean,0.9,5,0.31250229180222044,1,AdamW,reduce,4,extend_arm,256,1024,100,0,True,False,0.0016673997792393082,no,54,100,1770189007.054092,0.775,0.8340248962655602,0.6553191489361702,0.480650344159868,0.7764705882352941,0.8222524303839183,0.6161616161616161,0.8319672131147541,102,0.6354166666666666,0.5980392156862745,340,0.8529411764705882,0.4013019233777378,54
zany-sweep-1578,kxd5r95r,11114,0.1,VJEPA2_SSV2,mean,0.9,4,0.22103607321436905,1,AdamW,reduce,3,extend_arm,256,768,189,0,True,False,0.0001816658993658616,no,88,189,1770269251.7969658,0.7722222222222223,0.8340248962655602,0.6095238095238096,0.47098134756088256,0.7911764705882353,0.8295023891909705,0.6077348066298343,0.8199233716475096,102,0.6962025316455697,0.5392156862745098,340,0.8991596638655462,0.4626655889808802,88
dauntless-sweep-825,bef6b61v,4423,0.1,VJEPA2_SSV2,mean,0.9,5,0.2731972673685168,1,AdamW,step,5,extend_arm,256,256,195,0,True,False,4.119453219220764e-05,no,95,195,1770215227.7183852,0.775,0.8340248962655602,0.6720647773279352,0.4871616025765737,0.7705882352941177,0.8296259680342725,0.6320754716981132,0.8478260869565217,102,0.6090909090909091,0.6568627450980392,340,0.819327731092437,0.40010428725026587,95
faithful-sweep-1065,5r2w0x4d,91675,0.1,VJEPA2_SSV2,mean,0.9,4,0.4907977782454973,1,AdamW,reduce,9,extend_arm,256,256,150,0,True,False,0.00040213171589353463,no,79,150,1770232378.664851,0.7638888888888888,0.8339551588270162,0.6413502109704642,0.4787941409481896,0.7764705882352941,0.8261245674740484,0.6274509803921569,0.8403361344537815,102,0.6274509803921569,0.6274509803921569,340,0.8403361344537815,0.36711693350122776,79
silver-sweep-1495,iy026ata,66433,0.1,VJEPA2_SSV2,mean,0.9,5,0.4527164693738258,1,AdamW,reduce,9,extend_arm,256,768,198,0,True,False,1.2445697237663552e-05,no,97,198,1770263002.4343605,0.7694444444444445,0.8338505526692005,0.6719367588932806,0.4950431578689151,0.7647058823529411,0.8300378975119459,0.6363636363636364,0.8558558558558559,102,0.5932203389830508,0.6862745098039216,340,0.7983193277310925,0.4431070544772385,97
classic-sweep-119,jqfbqe52,48447,0.1,VJEPA2_SSV2,mean,0.9,5,0.22333902989276969,1,AdamW,reduce,9,extend_arm,256,512,137,0,True,False,3.673083842682468e-05,no,82,137,1770161835.455945,0.7777777777777778,0.8338156839499284,0.6875,0.4899966299533844,0.7823529411764706,0.8294611962432032,0.6605504587155964,0.8660714285714286,102,0.6206896551724138,0.7058823529411765,340,0.8151260504201681,0.3613941678684719,82
efficient-sweep-860,eoo8asgx,79747,0.1,VJEPA2_SSV2,mean,0.9,3,0.15055001440626947,1,AdamW,step,9,extend_arm,256,768,180,0,True,False,0.00019863470235388463,no,90,180,1770217735.619084,0.7583333333333333,0.8337808152306565,0.5671641791044776,0.4699556569258372,0.7823529411764706,0.8304910199373867,0.5934065934065934,0.8153846153846154,102,0.675,0.5294117647058824,340,0.8907563025210085,0.41863744051416935,90
still-sweep-923,y6cph32v,34165,0.1,VJEPA2_SSV2,mean,0.9,4,0.4067763865993662,1,AdamW,reduce,7,extend_arm,256,1024,163,0,True,False,3.717906104182452e-05,no,82,163,1770221984.9389,0.775,0.8337459465113847,0.6582278481012658,0.4787388139300876,0.7823529411764706,0.8277310924369748,0.6372549019607843,0.8445378151260504,102,0.6372549019607843,0.6372549019607843,340,0.8445378151260504,0.34347026236149486,82
soft-sweep-1646,8o1ozqn1,82401,0.1,VJEPA2_SSV2,mean,0.9,5,0.37579569810590374,1,AdamW,step,5,extend_arm,256,768,78,0,True,False,4.9614185891314145e-05,no,46,78,1770274141.233853,0.7638888888888888,0.8337110777921126,0.6502057613168725,0.482237696647644,0.7852941176470588,0.828348986653485,0.6473429951690821,0.851063829787234,102,0.638095238095238,0.6568627450980392,340,0.8403361344537815,0.3816258470985771,46
swept-sweep-1328,hmn1pzz0,65722,0.1,VJEPA2_SSV2,mean,0.9,4,0.25637954317623,1,AdamW,reduce,10,extend_arm,256,512,98,0,True,False,3.7851171286737785e-05,no,53,98,1770251005.9592624,0.7694444444444445,0.8336762090728408,0.6795366795366795,0.4972419970565372,0.7764705882352941,0.8280194430713462,0.6545454545454545,0.8648648648648649,102,0.6101694915254238,0.7058823529411765,340,0.8067226890756303,0.38601472749894494,53
polar-sweep-698,f2nxa04x,78258,0.1,VJEPA2_SSV2,mean,0.9,4,0.4884585343463933,1,AdamW,reduce,5,extend_arm,256,1024,147,0,True,False,1.895939156256953e-05,no,79,147,1770205756.2965467,0.775,0.833571602915025,0.6666666666666666,0.4891754190127055,0.7941176470588235,0.8293788103476685,0.6698113207547169,0.8652173913043478,102,0.6454545454545455,0.696078431372549,340,0.8361344537815126,0.3922038056903122,79
amber-sweep-107,seya4q4b,91089,0.1,VJEPA2_SSV2,mean,0.9,5,0.42635955045739327,1,AdamW,step,4,extend_arm,256,512,175,0,True,False,9.769800194520626e-05,no,75,175,1770160821.8968902,0.7694444444444445,0.833571602915025,0.6028708133971292,0.47263553076320225,0.7794117647058824,0.828348986653485,0.585635359116022,0.8122605363984674,102,0.6708860759493671,0.5196078431372549,340,0.8907563025210085,0.4558753113061684,75
rosy-sweep-1339,poiqn653,70826,0.1,VJEPA2_SSV2,mean,0.9,5,0.2848515600534107,1,AdamW,step,9,extend_arm,256,1024,60,0,True,False,0.00010949866394287152,no,37,60,1770251900.9165616,0.7694444444444445,0.833571602915025,0.6311111111111111,0.46888384487893847,0.7852941176470588,0.8306145987806888,0.6137566137566137,0.8260869565217391,102,0.6666666666666666,0.5686274509803921,340,0.8781512605042017,0.39480810903053914,37
rosy-sweep-1283,2pyskfjb,37458,0.1,VJEPA2_SSV2,mean,0.9,5,0.3411625892129373,1,AdamW,step,6,extend_arm,256,1024,119,0,True,False,0.00017326579864274656,no,69,119,1770247661.4086702,0.7666666666666667,0.8335018654764811,0.631578947368421,0.4720258739259508,0.7794117647058824,0.8307381776239907,0.6231155778894473,0.8353909465020576,102,0.6391752577319587,0.6078431372549019,340,0.8529411764705882,0.3591360115214606,69
dulcet-sweep-103,9xhr66g4,5534,0.1,VJEPA2_SSV2,mean,0.9,4,0.400055956887717,1,AdamW,reduce,5,extend_arm,256,768,53,0,True,False,0.00014029177866229278,no,35,53,1770160559.8944924,0.7638888888888888,0.8334669967572091,0.6473029045643154,0.4792379664050208,0.7705882352941177,0.8281842148624156,0.6176470588235294,0.8361344537815126,102,0.6176470588235294,0.6176470588235294,340,0.8361344537815126,0.4160332219376749,35
hopeful-sweep-1471,ozhb4ef6,59128,0.1,VJEPA2_SSV2,mean,0.9,5,0.17146295992099808,1,AdamW,reduce,6,extend_arm,256,256,194,0,True,False,3.738104658557209e-05,no,91,194,1770261493.4043422,0.7666666666666667,0.8334321280379372,0.6585365853658537,0.4883190082179176,0.7764705882352941,0.8267424616905586,0.6415094339622641,0.8521739130434782,102,0.6181818181818182,0.6666666666666666,340,0.8235294117647058,0.3816205867087643,91
expert-sweep-1192,m0n172it,37207,0.1,VJEPA2_SSV2,mean,0.9,5,0.4744159425591671,1,AdamW,step,3,extend_arm,256,512,104,0,True,False,5.551927686170233e-05,no,55,104,1770241177.3983805,0.7722222222222223,0.8334321280379371,0.6495726495726496,0.47696105970276725,0.7852941176470588,0.8323035096391498,0.6294416243654822,0.8367346938775511,102,0.6526315789473685,0.6078431372549019,340,0.8613445378151261,0.40031251098898896,55
giddy-sweep-375,wiojvzkm,76141,0.1,VJEPA2_SSV2,mean,0.9,5,0.4353737311372437,1,AdamW,step,6,extend_arm,256,1024,187,0,True,False,8.161931209057313e-05,no,83,187,1770182060.5500376,0.775,0.8333972593186653,0.6367713004484304,0.47375464571846854,0.7764705882352941,0.8320563519525457,0.6122448979591837,0.8292682926829268,102,0.6382978723404256,0.5882352941176471,340,0.8571428571428571,0.3300880393929244,83
sandy-sweep-1473,xjhipa2f,83453,0.1,VJEPA2_SSV2,mean,0.9,4,0.2599959741504485,1,AdamW,reduce,10,extend_arm,256,256,91,0,True,False,0.00029883277622446124,no,52,91,1770261592.823746,0.7805555555555556,0.8333623905993933,0.6550218340611353,0.4776195148626963,0.7647058823529411,0.8257538309441425,0.6078431372549019,0.8319327731092437,102,0.6078431372549019,0.6078431372549019,340,0.8319327731092437,0.42557075949005,52
ethereal-sweep-765,cq6g8rzu,70966,0.1,VJEPA2_SSV2,mean,0.9,4,0.2147409111777291,1,AdamW,step,6,extend_arm,256,1024,96,0,True,False,0.00012631049936938588,no,54,96,1770210932.9285629,0.7666666666666667,0.8333275218801214,0.6146788990825688,0.4730684512191349,0.7735294117647059,0.8263305322128852,0.5925925925925926,0.8181818181818182,102,0.6436781609195402,0.5490196078431373,340,0.8697478991596639,0.46952187356369274,54
peach-sweep-1846,2f5dj3z9,86306,0.1,VJEPA2_SSV2,mean,0.9,4,0.30930743687989165,1,AdamW,step,10,extend_arm,256,512,124,0,True,False,6.698514580044683e-05,no,64,124,1770288580.6093917,0.7611111111111111,0.8333275218801214,0.6324786324786325,0.47678229212760925,0.7823529411764706,0.8314384577360355,0.6336633663366337,0.8416666666666667,102,0.64,0.6274509803921569,340,0.8487394957983193,0.37053804328428447,64
vital-sweep-983,gzinvsol,66466,0.1,VJEPA2_SSV2,mean,0.9,5,0.2561353683264321,1,AdamW,reduce,6,extend_arm,256,1024,87,0,True,False,0.00012978692979960326,no,48,87,1770226362.6859095,0.7805555555555556,0.8333275218801214,0.6359447004608295,0.47401190400123594,0.7823529411764706,0.8261245674740484,0.6145833333333334,0.828,102,0.6555555555555556,0.5784313725490197,340,0.8697478991596639,0.36012652608571133,48
elated-sweep-1029,k2j0wtw8,34823,0.1,VJEPA2_SSV2,mean,0.9,3,0.2601366248639103,1,AdamW,reduce,8,extend_arm,256,512,77,0,True,False,0.0007353783937974697,no,47,77,1770229406.5810988,0.7833333333333333,0.8332926531608494,0.6578947368421053,0.4731426331732008,0.7647058823529411,0.8140962267259846,0.5918367346938775,0.8211382113821138,102,0.6170212765957447,0.5686274509803921,340,0.8487394957983193,0.4437912370947843,47
clear-sweep-796,ms8ti7nr,50823,0.1,VJEPA2_SSV2,mean,0.9,5,0.20231680024347576,1,AdamW,reduce,6,extend_arm,256,256,82,0,True,False,0.0004354457137391021,no,52,82,1770213144.8066902,0.7722222222222223,0.8332926531608493,0.6203703703703703,0.4720053050253126,0.7764705882352941,0.8299555116164112,0.6041666666666666,0.824,102,0.6444444444444445,0.5686274509803921,340,0.865546218487395,0.4754941467092841,52
scarlet-sweep-1844,2216ykfw,29538,0.1,VJEPA2_SSV2,mean,0.9,4,0.2009227367444111,1,AdamW,reduce,3,extend_arm,256,1024,75,0,True,False,3.887136958485326e-05,no,48,75,1770288460.8751729,0.7722222222222223,0.8332577844415775,0.6583333333333333,0.48016992807388303,0.7794117647058824,0.8304498269896193,0.6268656716417911,0.8381742738589212,102,0.6363636363636364,0.6176470588235294,340,0.8487394957983193,0.4098669048501642,48
playful-sweep-1540,hgy72m1d,90535,0.1,VJEPA2_SSV2,mean,0.9,4,0.30775012289992887,1,AdamW,step,9,extend_arm,256,768,128,0,True,False,9.30581600216083e-05,no,69,128,1770266376.0971289,0.7777777777777778,0.8331183095644897,0.6116504854368932,0.4731749918725755,0.7852941176470588,0.8270720052726973,0.5921787709497207,0.8136882129277566,102,0.6883116883116883,0.5196078431372549,340,0.8991596638655462,0.4618841356006117,69
lunar-sweep-676,gy547c4l,57954,0.1,VJEPA2_SSV2,mean,0.9,5,0.3705604111220513,1,AdamW,reduce,7,extend_arm,256,768,197,0,True,False,0.0001932907400333579,no,106,197,1770204329.0767803,0.7777777777777778,0.8331183095644897,0.6296296296296297,0.4677289128303528,0.788235294117647,0.8296259680342726,0.6086956521739131,0.8217054263565892,102,0.6829268292682927,0.5490196078431373,340,0.8907563025210085,0.4699013398497144,106
cool-sweep-1418,anjtkypo,6223,0.1,VJEPA2_SSV2,mean,0.9,4,0.34379465141523313,1,AdamW,reduce,10,extend_arm,256,512,90,0,True,False,0.0003098210060828999,no,51,90,1770257391.8424504,0.7722222222222223,0.8330485721259459,0.6611570247933884,0.4769792139530182,0.7617647058823529,0.8243532707200528,0.6009852216748769,0.8284518828451883,102,0.6039603960396039,0.5980392156862745,340,0.8319327731092437,0.3890727118563257,51
rich-sweep-1696,40h4fn7c,79094,0.1,VJEPA2_SSV2,mean,0.9,4,0.3246708437668027,1,AdamW,reduce,7,extend_arm,256,512,73,0,True,False,0.00010625191944586077,no,43,73,1770277637.1198502,0.775,0.8330485721259459,0.6493506493506493,0.473417788081699,0.788235294117647,0.8357225243038392,0.6326530612244898,0.8373983739837398,102,0.6595744680851063,0.6078431372549019,340,0.865546218487395,0.36865106929731634,43
sandy-sweep-1800,1m3e6oqx,80396,0.1,VJEPA2_SSV2,mean,0.9,5,0.31948640780584325,1,AdamW,reduce,3,extend_arm,256,512,158,0,True,False,7.021655865363219e-05,no,82,158,1770285228.0155785,0.7611111111111111,0.8330485721259459,0.6416666666666667,0.4802864803208245,0.7794117647058824,0.8315208436315703,0.6376811594202898,0.8468085106382979,102,0.6285714285714286,0.6470588235294118,340,0.8361344537815126,0.34977408779260205,82
elated-sweep-1996,hziffdvr,32274,0.1,VJEPA2_SSV2,mean,0.9,5,0.4863830099601877,1,AdamW,reduce,3,extend_arm,256,1024,187,0,True,False,2.2759837761665328e-05,no,96,187,1770299605.1932404,0.7666666666666667,0.8330137034066739,0.664,0.48932071990436976,0.7941176470588235,0.8340336134453781,0.6666666666666666,0.8620689655172413,102,0.6481481481481481,0.6862745098039216,340,0.8403361344537815,0.399194178989579,96
deep-sweep-1430,ebey0wlh,51621,0.1,VJEPA2_SSV2,mean,0.9,3,0.2114248996157867,1,AdamW,reduce,3,extend_arm,256,768,190,0,True,False,0.0002248160723783743,no,97,190,1770258344.510709,0.7805555555555556,0.8330137034066738,0.6146341463414634,0.4740914152728187,0.7735294117647059,0.8322623166913824,0.5925925925925926,0.8181818181818182,102,0.6436781609195402,0.5490196078431373,340,0.8697478991596639,0.3730572758458596,97
glowing-sweep-1905,r36bp3ak,48276,0.1,VJEPA2_SSV2,mean,0.9,5,0.20575110434727276,1,AdamW,step,8,extend_arm,256,768,194,0,True,False,5.3799220955738086e-05,no,101,194,1770292811.1147606,0.7666666666666667,0.832978834687402,0.6440677966101694,0.47723332312372,0.7823529411764706,0.8348162794529576,0.6336633663366337,0.8416666666666667,102,0.64,0.6274509803921569,340,0.8487394957983193,0.3851009294473005,101
glamorous-sweep-1991,zu9rp1od,71307,0.1,VJEPA2_SSV2,mean,0.9,3,0.4637361148363546,1,AdamW,step,7,extend_arm,256,256,126,0,True,False,3.2685621634410664e-05,no,63,126,1770299192.9477978,0.7638888888888888,0.83294396596813,0.6718146718146718,0.4954289164808061,0.7764705882352941,0.8323035096391498,0.6576576576576577,0.8681818181818182,102,0.6083333333333333,0.7156862745098039,340,0.8025210084033614,0.4207591090577742,63
polished-sweep-763,art3fav4,25996,0.1,VJEPA2_SSV2,mean,0.9,4,0.3924015780712117,1,AdamW,reduce,6,extend_arm,256,512,167,0,True,False,0.00011315431358775543,no,83,167,1770210813.8345718,0.7694444444444445,0.8329439659681299,0.6210045662100456,0.4725714385509491,0.7764705882352941,0.8263305322128852,0.6122448979591837,0.8292682926829268,102,0.6382978723404256,0.5882352941176471,340,0.8571428571428571,0.39235284575441265,83
still-sweep-1970,jed3lj3x,94782,0.1,VJEPA2_SSV2,mean,0.9,4,0.3131686744503046,1,AdamW,step,6,extend_arm,256,1024,194,0,True,False,6.37167793587205e-05,no,105,194,1770297830.9836464,0.7722222222222223,0.8329439659681299,0.652542372881356,0.47873463299539354,0.7823529411764706,0.8272779700115341,0.63,0.8388429752066116,102,0.6428571428571429,0.6176470588235294,340,0.8529411764705882,0.3998271174193746,105
bumbling-sweep-514,4xocb4g6,50869,0.1,VJEPA2_SSV2,mean,0.9,5,0.42377361147345816,1,AdamW,step,5,extend_arm,256,768,163,0,True,False,0.0006421327534758444,no,89,163,1770192531.16273,0.775,0.8329090972488581,0.6367713004484304,0.4690396693017747,0.7647058823529411,0.8239413412423793,0.5876288659793815,0.8185483870967742,102,0.6195652173913043,0.5588235294117647,340,0.8529411764705882,0.4719602532149678,89
splendid-sweep-1292,rya6hx2r,15866,0.1,VJEPA2_SSV2,mean,0.9,4,0.4374638404293473,1,AdamW,reduce,10,extend_arm,256,512,98,0,True,False,0.0002293333753534437,no,59,98,1770248311.1333048,0.775,0.832874228529586,0.6523605150214592,0.47595380743344623,0.788235294117647,0.8279370571758115,0.625,0.832,102,0.6666666666666666,0.5882352941176471,340,0.8739495798319328,0.4107979014598204,59
likely-sweep-904,bcei3t25,87388,0.1,VJEPA2_SSV2,mean,0.9,5,0.35995995449608154,1,AdamW,reduce,10,extend_arm,256,768,131,0,True,False,3.999048783960512e-05,no,71,131,1770220595.220888,0.7694444444444445,0.8328393598103143,0.6639676113360324,0.47909759084383646,0.788235294117647,0.8273191629593013,0.6470588235294118,0.8487394957983193,102,0.6470588235294118,0.6470588235294118,340,0.8487394957983193,0.34744852656158953,71
glowing-sweep-1640,d87wicg3,8789,0.1,VJEPA2_SSV2,mean,0.9,4,0.4304141935412209,1,AdamW,step,9,extend_arm,256,256,136,0,True,False,0.00014692829144695912,no,66,136,1770273690.5115635,0.7694444444444445,0.8328393598103142,0.5990338164251208,0.47095542152722675,0.7794117647058824,0.8263305322128852,0.5901639344262295,0.8146718146718147,102,0.6666666666666666,0.5294117647058824,340,0.8865546218487395,0.429960954255162,66
laced-sweep-438,ste82ms2,23542,0.1,VJEPA2_SSV2,mean,0.9,3,0.46622197661289977,1,AdamW,reduce,7,extend_arm,256,1024,80,0,True,False,2.075747479062407e-05,no,50,80,1770186684.981978,0.7472222222222222,0.8328393598103142,0.6566037735849056,0.5056816399097442,0.7823529411764706,0.8312324929971989,0.672566371681416,0.8796296296296297,102,0.6129032258064516,0.7450980392156863,340,0.7983193277310925,0.454098336176319,50
solar-sweep-1316,mx2o25zj,84496,0.1,VJEPA2_SSV2,mean,0.9,3,0.4689607765147601,1,AdamW,step,10,extend_arm,256,1024,150,0,True,False,0.001050840502213926,no,83,150,1770250041.4976757,0.7833333333333333,0.8328393598103142,0.6388888888888888,0.48417085607846577,0.7794117647058824,0.8289256879222276,0.6031746031746031,0.8221343873517787,102,0.6551724137931034,0.5588235294117647,340,0.8739495798319328,0.3561579645338638,83
firm-sweep-269,mdjtjq0r,50937,0.1,VJEPA2_SSV2,mean,0.9,4,0.32228736774130085,1,AdamW,reduce,6,extend_arm,256,512,100,0,True,False,8.556670779112573e-05,no,58,100,1770173708.7627404,0.7694444444444445,0.8328044910910423,0.6343612334801763,0.47371128598848977,0.7911764705882353,0.827277970011534,0.6432160804020101,0.8436213991769548,102,0.6597938144329897,0.6274509803921569,340,0.8613445378151261,0.3958241384990966,58
super-sweep-755,ahhaxb7e,57907,0.1,VideoPrism,mean,0.9,3,0.19269872961306628,1,AdamW,reduce,4,eye_gaze,256,512,110,0,True,False,0.006796723191182931,no,29,110,1770193842.0460017,0.7785977859778598,0.8430099771607165,0.7058823529411765,0.5398682408667138,0.75,0.8037098560354374,0.6404494382022472,0.8333333333333334,84,0.6063829787234043,0.6785714285714286,256,0.7848837209302325,0.2040381654946491,29
glad-sweep-2049,i4plm41u,7546,0.1,VideoPrism,mean,0.9,4,0.20790815904458235,1,AdamW,reduce,6,eye_gaze,256,256,110,0,True,False,0.005743881617779977,no,27,110,1770265059.2593367,0.7712177121771218,0.8394638778699363,0.696078431372549,0.5410781322370156,0.7421875,0.8043327796234773,0.6292134831460674,0.8271604938271605,84,0.5957446808510638,0.6666666666666666,256,0.7790697674418605,0.2063146443078012,27
copper-sweep-1632,3x8peshx,16127,0.1,VideoPrism,mean,0.9,5,0.499308917080567,1,AdamW,step,3,eye_gaze,256,768,163,0,True,False,0.0019577803029416693,no,42,163,1770242285.060042,0.7785977859778598,0.838502223824979,0.7,0.531849506156471,0.7578125,0.8047480620155039,0.6395348837209303,0.8273809523809523,84,0.625,0.6547619047619048,256,0.8081395348837209,0.2063601621172645,42
rural-sweep-2227,tn6lwdl7,15950,0.1,VideoPrism,mean,0.9,5,0.3456248505360726,1,AdamW,step,9,eye_gaze,256,256,189,0,True,False,0.005517578866564561,no,54,189,1770274720.9961133,0.7712177121771218,0.8379612934246906,0.6990291262135923,0.5364364077684184,0.72265625,0.8073781838316721,0.6120218579234973,0.821656050955414,84,0.5656565656565656,0.6666666666666666,256,0.75,0.23199410089338668,54
legendary-sweep-2639,htl6pt19,55594,0.1,VideoPrism,mean,0.9,3,0.26228449213420924,1,AdamW,reduce,5,eye_gaze,256,1024,158,0,True,False,0.00226973798060308,no,43,158,1770296670.0936737,0.7675276752767528,0.837420363024402,0.6896551724137931,0.5285438899624392,0.75,0.8043327796234774,0.6404494382022472,0.8333333333333334,84,0.6063829787234043,0.6785714285714286,256,0.7848837209302325,0.2090413397309756,43
fiery-sweep-744,xgqw7tyl,76152,0.1,VideoPrism,mean,0.9,4,0.3978862650278352,1,AdamW,reduce,7,eye_gaze,256,768,139,0,True,False,0.0032825826888045564,no,39,139,1770193236.1262832,0.7675276752767528,0.8372400528909725,0.6896551724137931,0.5249309832319562,0.75,0.8059939091915836,0.632183908045977,0.8253012048192772,84,0.6111111111111112,0.6547619047619048,256,0.7965116279069767,0.23422329495049488,39
confused-sweep-2673,pkc0xzfp,55698,0.1,VideoPrism,mean,0.9,4,0.22042251928365864,1,AdamW,reduce,8,eye_gaze,256,512,188,0,True,False,0.0035573861044276064,no,53,188,1770298410.89824,0.7749077490774908,0.8371198461353528,0.6839378238341969,0.5378300360647955,0.765625,0.8053017718715392,0.625,0.8111111111111111,84,0.6578947368421053,0.5952380952380952,256,0.8488372093023255,0.2000038284544993,53
jolly-sweep-1652,pg3u5c0f,55744,0.1,VideoPrism,mean,0.9,5,0.33176178572815085,1,AdamW,reduce,4,eye_gaze,256,768,140,0,True,False,0.004785375737508808,no,44,140,1770243395.5629988,0.7490774907749077,0.8364587089794446,0.6822429906542056,0.5444322591338211,0.75,0.8133305647840531,0.6595744680851063,0.8552631578947368,84,0.5961538461538461,0.7380952380952381,256,0.7558139534883721,0.2503372316408639,44
sandy-sweep-366,b2q0ya1j,71025,0.1,VideoPrism,mean,0.9,4,0.2683596449814934,1,AdamW,reduce,7,eye_gaze,256,256,177,0,True,False,0.005195787444706349,no,40,177,1770171789.4309137,0.7749077490774908,0.8356172616901069,0.6995073891625616,0.5384029592095266,0.7421875,0.8076550387596899,0.625,0.823170731707317,84,0.5978260869565217,0.6547619047619048,256,0.7848837209302325,0.22976542651051224,40
silvery-sweep-1565,m7l2o4lt,42421,0.1,VideoPrism,mean,0.9,5,0.4203848224842194,1,AdamW,reduce,8,eye_gaze,256,512,182,0,True,False,0.004325123677161943,no,53,182,1770238513.994109,0.7712177121771218,0.8347157110229595,0.7047619047619048,0.5367680788040161,0.7421875,0.810908084163898,0.6451612903225806,0.8441558441558441,84,0.5882352941176471,0.7142857142857143,256,0.7558139534883721,0.24983204061334785,53
polar-sweep-2326,8rh4cd3n,68431,0.1,VideoPrism,mean,0.9,4,0.2596356766829817,1,AdamW,reduce,10,eye_gaze,256,768,120,0,True,False,0.0022450983434357647,no,39,120,1770280165.7976887,0.7564575645756457,0.8343550907561005,0.6826923076923077,0.5398049631681829,0.7421875,0.8064091915836101,0.6333333333333333,0.83125,84,0.59375,0.6785714285714286,256,0.7732558139534884,0.2319867782821559,39
skilled-sweep-1033,aic52t2z,46298,0.1,VideoPrism,mean,0.9,4,0.22486453273178447,1,AdamW,reduce,6,eye_gaze,256,512,113,0,True,False,0.008080049658537477,no,30,113,1770209338.6203146,0.7712177121771218,0.8342348840004808,0.696078431372549,0.5383391626646598,0.734375,0.8053017718715394,0.6046511627906976,0.8095238095238095,84,0.5909090909090909,0.6190476190476191,256,0.7906976744186046,0.2631636844740974,30
solar-sweep-770,nu5ra84g,79239,0.1,VideoPrism,mean,0.9,4,0.23702844921253136,1,AdamW,reduce,8,eye_gaze,256,768,191,0,True,False,0.004093028327178239,no,51,191,1770194685.251316,0.7785977859778598,0.8340545738670514,0.7087378640776699,0.5490010959195915,0.73828125,0.8082087486157254,0.6298342541436464,0.8301886792452831,84,0.5876288659793815,0.6785714285714286,256,0.7674418604651163,0.22806875227075635,51
neat-sweep-1268,cmy42ew6,33899,0.1,VideoPrism,mean,0.9,4,0.1054118108735477,1,AdamW,reduce,9,eye_gaze,256,512,193,0,True,False,0.008541690422565211,no,53,193,1770222165.9198785,0.7712177121771218,0.8339944704892415,0.6836734693877551,0.5433598932744832,0.7578125,0.8074473975636767,0.6075949367088608,0.8021978021978022,84,0.6486486486486487,0.5714285714285714,256,0.8488372093023255,0.2396951040535262,53
fanciful-sweep-385,skvt9b8l,41875,0.1,VideoPrism,mean,0.9,5,0.1929766873784989,1,AdamW,reduce,5,eye_gaze,256,768,194,0,True,False,0.004377320955834872,no,53,194,1770172860.7059798,0.7490774907749077,0.832732299555235,0.6936936936936937,0.5391223514212014,0.71875,0.8052325581395349,0.6288659793814433,0.8424657534246576,84,0.5545454545454546,0.7261904761904762,256,0.7151162790697675,0.278953625758489,53
stilted-sweep-2179,2g8rlgm5,74546,0.1,VideoPrism,mean,0.9,4,0.2724604055335601,1,AdamW,step,8,eye_gaze,256,1024,180,0,True,False,0.003409370952105574,no,49,180,1770272112.0786188,0.7785977859778598,0.8326120927996153,0.696969696969697,0.5397388156489692,0.7421875,0.8057170542635659,0.5975609756097561,0.8011363636363636,84,0.6125,0.5833333333333334,256,0.8197674418604651,0.23625695347183884,49
different-sweep-634,05wcq364,87339,0.1,VideoPrism,mean,0.9,3,0.4086889097821643,1,AdamW,reduce,5,eye_gaze,256,512,136,0,True,False,0.003694079071898945,no,38,136,1770187010.228777,0.7749077490774908,0.8324317826661859,0.6995073891625616,0.551560776040123,0.75390625,0.8102851605758582,0.631578947368421,0.8224852071005917,84,0.6206896551724138,0.6428571428571429,256,0.8081395348837209,0.2395257996489303,38
chocolate-sweep-1786,ip7tpj56,65903,0.1,VideoPrism,mean,0.9,4,0.2220432604806379,1,AdamW,reduce,4,eye_gaze,256,512,144,0,True,False,0.00860260162581915,no,43,144,1770250794.009887,0.7675276752767528,0.8323115759105663,0.6926829268292682,0.5256436212036443,0.75,0.810562015503876,0.6144578313253012,0.8103448275862069,84,0.6219512195121951,0.6071428571428571,256,0.8197674418604651,0.3043102719567039,43
graceful-sweep-2251,ot1jdvjb,59705,0.1,VideoPrism,mean,0.9,3,0.19423300433180188,1,AdamW,reduce,5,eye_gaze,256,256,114,0,True,False,0.006505085111798174,no,31,114,1770275966.3005128,0.7638376383763837,0.8322514725327563,0.7037037037037037,0.5492219207911474,0.73828125,0.8086240310077519,0.6455026455026455,0.847682119205298,84,0.580952380952381,0.7261904761904762,256,0.7441860465116279,0.27456164859762094,31
confused-sweep-1130,6isj2akp,56980,0.1,VideoPrism,mean,0.9,5,0.4011909628027751,1,AdamW,reduce,7,eye_gaze,256,1024,74,0,True,False,0.001911730140362331,no,15,74,1770214748.3544605,0.7564575645756457,0.8320711623993269,0.6826923076923077,0.5387228432616624,0.75390625,0.8087624584717608,0.64,0.8303030303030303,84,0.6153846153846154,0.6666666666666666,256,0.7965116279069767,0.24335141166894125,15
dulcet-sweep-2330,u0jo2bn1,68932,0.1,VideoPrism,mean,0.9,4,0.21466204115811052,1,AdamW,reduce,5,eye_gaze,256,1024,106,0,True,False,0.0016808787451373943,no,32,106,1770280323.9441397,0.7675276752767528,0.831289818487799,0.6896551724137931,0.5306420051303736,0.73046875,0.8077242524916944,0.5964912280701754,0.8047337278106509,84,0.5862068965517241,0.6071428571428571,256,0.7906976744186046,0.250202456086573,32
ethereal-sweep-1142,ym4knb61,86189,0.1,VideoPrism,mean,0.9,5,0.4843084154424251,1,AdamW,reduce,3,eye_gaze,256,1024,104,0,True,False,0.002481855022091421,no,33,104,1770215403.5404787,0.7675276752767528,0.8312297151099892,0.676923076923077,0.5383072477865043,0.75390625,0.8065476190476191,0.6086956521739131,0.8044692737430168,84,0.6363636363636364,0.5833333333333334,256,0.8372093023255814,0.2278689539793766,33
youthful-sweep-1626,tjmzxt89,43824,0.1,VideoPrism,mean,0.9,4,0.440771151568753,1,AdamW,reduce,6,eye_gaze,256,1024,88,0,True,False,0.002325770327936058,no,21,88,1770241935.034106,0.7675276752767528,0.8310494049765597,0.6896551724137931,0.5269282842914117,0.75390625,0.8124307862679955,0.6272189349112426,0.8187134502923976,84,0.6235294117647059,0.6309523809523809,256,0.813953488372093,0.26160766307753747,21
crimson-sweep-1801,peer5dba,52347,0.1,VideoPrism,mean,0.9,4,0.4111694983430758,1,AdamW,reduce,4,eye_gaze,256,1024,146,0,True,False,0.0010045833679255085,no,41,146,1770251653.780537,0.7601476014760148,0.8309291982209399,0.6829268292682927,0.5279214100644157,0.73828125,0.809593023255814,0.6171428571428571,0.8181818181818182,84,0.5934065934065934,0.6428571428571429,256,0.7848837209302325,0.2475762654434551,41
earnest-sweep-2679,kbabc393,7223,0.1,VideoPrism,mean,0.9,4,0.1915840223501701,1,AdamW,reduce,6,eye_gaze,256,768,178,0,True,False,0.003132062264297084,no,48,178,1770298745.7780423,0.7749077490774908,0.8303882678206516,0.6934673366834171,0.5347213738518888,0.76171875,0.8113925802879292,0.6163522012578616,0.8066298342541437,84,0.6533333333333333,0.5833333333333334,256,0.8488372093023255,0.2620952785617173,48
sleek-sweep-749,amheu36p,64778,0.1,VideoPrism,mean,0.9,3,0.38507730176422805,1,AdamW,reduce,10,eye_gaze,256,512,115,0,True,False,0.005043061307681573,no,35,115,1770193508.9957662,0.7749077490774908,0.8299074407981728,0.7053140096618358,0.5341249655973428,0.76171875,0.8140227021040976,0.6303030303030303,0.8171428571428572,84,0.6419753086419753,0.6190476190476191,256,0.8313953488372093,0.29445553229312704,35
fine-sweep-1847,ro1o1sk2,14884,0.1,VideoPrism,mean,0.9,5,0.46644543230795055,1,AdamW,reduce,5,eye_gaze,256,1024,193,0,True,False,0.002841131364548125,no,44,193,1770254051.360854,0.7601476014760148,0.8298473374203631,0.6859903381642513,0.5362793770223526,0.7421875,0.808970099667774,0.6292134831460674,0.8271604938271605,84,0.5957446808510638,0.6666666666666666,256,0.7790697674418605,0.2622557073530525,44
ancient-sweep-2685,0h3q71fw,56846,0.1,VideoPrism,mean,0.9,4,0.2559261291759687,1,AdamW,reduce,7,eye_gaze,256,1024,186,0,True,False,0.0013332788623653914,no,54,186,1770299081.008106,0.7675276752767528,0.8297872340425532,0.6834170854271356,0.5239825873357343,0.73828125,0.8109080841638981,0.588957055214724,0.7966101694915254,84,0.6075949367088608,0.5714285714285714,256,0.8197674418604651,0.26645509311647125,54
pleasant-sweep-263,tzbf7fkl,50233,0.1,VideoPrism,mean,0.9,3,0.33523294144834337,1,AdamW,reduce,3,eye_gaze,256,256,124,0,True,False,0.00772206420875388,no,35,124,1770165955.2653463,0.7601476014760148,0.8297271306647434,0.6889952153110048,0.5395958865700613,0.734375,0.8068244739756367,0.6263736263736264,0.8291139240506329,84,0.5816326530612245,0.6785714285714286,256,0.7616279069767442,0.2722634360043689,35
morning-sweep-1798,fccvgswy,30510,0.1,VideoPrism,mean,0.9,4,0.34226080621032917,1,AdamW,step,5,eye_gaze,256,768,170,0,True,False,0.002739649720539448,no,53,170,1770251491.0477183,0.7380073800738007,0.8297271306647434,0.6816143497757847,0.5357706089301303,0.71484375,0.8077934662236987,0.6256410256410256,0.8413793103448276,84,0.5495495495495496,0.7261904761904762,256,0.7093023255813954,0.3032969715619328,53
unique-sweep-1193,eqjlgmd5,27893,0.1,VideoPrism,mean,0.9,4,0.15556383873859683,1,AdamW,reduce,4,eye_gaze,256,768,184,0,True,False,0.0038570485788409783,no,50,184,1770218189.303882,0.7675276752767528,0.8297271306647432,0.6985645933014354,0.5452451903881622,0.76171875,0.8129844961240309,0.659217877094972,0.84472049689441,84,0.6210526315789474,0.7023809523809523,256,0.7906976744186046,0.25836190521115004,50
clear-sweep-872,i4l26k1p,59004,0.1,VideoPrism,mean,0.9,5,0.4456759478783951,1,AdamW,reduce,5,eye_gaze,256,1024,173,0,True,False,0.004337019741050041,no,47,173,1770200330.1386387,0.7564575645756457,0.8296670272869335,0.6944444444444444,0.5439483419995467,0.74609375,0.8085548172757475,0.6285714285714286,0.8242424242424242,84,0.6043956043956044,0.6547619047619048,256,0.7906976744186046,0.30375230836145806,47
sandy-sweep-1583,zxnhy8d5,57922,0.1,VideoPrism,mean,0.9,4,0.14712482490959,1,AdamW,reduce,8,eye_gaze,256,1024,41,0,True,False,0.0014894196415990162,no,13,41,1770239522.8151016,0.7601476014760148,0.8296069239091237,0.6700507614213198,0.5372134462493812,0.75,0.8069629014396457,0.6049382716049383,0.8033707865168539,84,0.6282051282051282,0.5833333333333334,256,0.8313953488372093,0.2596715327465173,13
ruby-sweep-1754,163xbwz2,92455,0.1,VideoPrism,mean,0.9,4,0.3957319938326985,1,AdamW,reduce,4,eye_gaze,256,768,189,0,True,False,0.0010619423001875562,no,48,189,1770249053.413585,0.7527675276752768,0.8296069239091237,0.6731707317073171,0.5236529454973791,0.73828125,0.8059939091915836,0.6127167630057804,0.8143712574850299,84,0.5955056179775281,0.6309523809523809,256,0.7906976744186046,0.27459074680251305,48
devout-sweep-1756,9ir6jb9x,16985,0.1,VideoPrism,mean,0.9,5,0.1410091462778611,1,AdamW,reduce,7,eye_gaze,256,512,151,0,True,False,0.004165417809612801,no,36,151,1770249128.434738,0.7785977859778598,0.8295468205313139,0.7058823529411765,0.5452686178728223,0.7578125,0.8082087486157252,0.6352941176470588,0.8235294117647058,84,0.627906976744186,0.6428571428571429,256,0.813953488372093,0.2682939623943483,36
devoted-sweep-2366,r8dl2de3,58773,0.1,VideoPrism,mean,0.9,5,0.43639844337819433,1,AdamW,reduce,9,eye_gaze,256,1024,108,0,True,False,0.002353470640180647,no,25,108,1770282291.631828,0.7712177121771218,0.8291862002644549,0.696078431372549,0.526547246973453,0.75390625,0.8098698781838317,0.6181818181818182,0.8114285714285714,84,0.6296296296296297,0.6071428571428571,256,0.8255813953488372,0.29392786495613327,25
fine-sweep-271,gwm5efrp,87528,0.1,VideoPrism,mean,0.9,5,0.4433994163499,1,AdamW,reduce,10,eye_gaze,256,512,112,0,True,False,0.0021274092743458505,no,28,112,1770166389.61417,0.7712177121771218,0.8291862002644548,0.6770833333333334,0.5356830886369262,0.7578125,0.8066168327796235,0.6125,0.8055555555555556,84,0.6447368421052632,0.5833333333333334,256,0.8430232558139535,0.25455317807317984,28
fanciful-sweep-1151,tryb3hf4,30176,0.1,VideoPrism,mean,0.9,4,0.3198159261604996,1,AdamW,reduce,6,eye_gaze,256,768,58,0,True,False,0.0006808302847146808,no,16,58,1770215894.593414,0.7564575645756457,0.8291260968866451,0.6666666666666666,0.5273338413326503,0.73828125,0.8028100775193798,0.5838509316770186,0.7932960893854749,84,0.6103896103896104,0.5595238095238095,256,0.8255813953488372,0.25381808473606304,16
rural-sweep-817,jxbarjt9,48122,0.1,VideoPrism,mean,0.9,4,0.37893403984286533,1,AdamW,reduce,9,eye_gaze,256,1024,199,0,True,False,0.002756207781687398,no,55,199,1770197276.3165011,0.7712177121771218,0.8290659935088351,0.7019230769230769,0.5373094666927943,0.75,0.8110465116279071,0.627906976744186,0.8214285714285714,84,0.6136363636363636,0.6428571428571429,256,0.8023255813953488,0.28208183694367456,55
upbeat-sweep-553,2xrovbwg,85968,0.1,VideoPrism,mean,0.9,4,0.21209624292971485,1,AdamW,step,7,eye_gaze,256,1024,184,0,True,False,0.001991590147830592,no,54,184,1770182525.972005,0.7564575645756457,0.8288856833754057,0.6666666666666666,0.5245989989970443,0.75390625,0.8113233665559246,0.6086956521739131,0.8044692737430168,84,0.6363636363636364,0.5833333333333334,256,0.8372093023255814,0.29497590089085124,54
light-sweep-2051,87xowewq,84458,0.1,VideoPrism,mean,0.9,3,0.10841546021771352,1,AdamW,reduce,3,eye_gaze,256,768,147,0,True,False,0.005204081216267042,no,42,147,1770265181.500947,0.7564575645756457,0.8287053732419762,0.6915887850467289,0.5543117345039255,0.75,0.807170542635659,0.6444444444444445,0.8375,84,0.6041666666666666,0.6904761904761905,256,0.7790697674418605,0.27581120807715137,42
atomic-sweep-1552,z1zurlak,20004,0.1,VideoPrism,mean,0.9,5,0.15974824119111403,1,AdamW,reduce,7,eye_gaze,256,768,168,0,True,False,0.0004469695825873039,no,50,168,1770237781.808436,0.7601476014760148,0.8286452698641664,0.6798029556650246,0.5347674640782205,0.7265625,0.80218715393134,0.5882352941176471,0.8,84,0.5813953488372093,0.5952380952380952,256,0.7906976744186046,0.25096693102157475,50
wobbly-sweep-2012,5gd7ts4j,97742,0.1,VideoPrism,mean,0.9,3,0.13467449168889783,1,AdamW,reduce,5,eye_gaze,256,768,87,0,True,False,0.001451230343512385,no,25,87,1770263150.5285213,0.7564575645756457,0.8283447529751171,0.6764705882352942,0.5321508252312777,0.73046875,0.8065476190476191,0.6011560693641619,0.8083832335329342,84,0.5842696629213483,0.6190476190476191,256,0.7848837209302325,0.24430675006876088,25
glowing-sweep-1157,00vl0w69,75125,0.1,VideoPrism,mean,0.9,5,0.34112992607582504,1,AdamW,reduce,10,eye_gaze,256,512,151,0,True,False,0.0020707778492405327,no,44,151,1770216191.4424,0.7749077490774908,0.8282846495973074,0.6995073891625616,0.542152160428107,0.74609375,0.8085548172757475,0.6153846153846154,0.8128654970760234,84,0.611764705882353,0.6190476190476191,256,0.8081395348837209,0.24144180043779237,44
clean-sweep-2726,id0b1fch,4715,0.1,VideoPrism,mean,0.9,4,0.3154674375847417,1,AdamW,reduce,10,eye_gaze,256,768,168,0,True,False,0.002026572086824538,no,46,168,1770301382.3963883,0.7712177121771218,0.8282846495973074,0.69,0.5297441124036303,0.73828125,0.8063399778516057,0.6127167630057804,0.8143712574850299,84,0.5955056179775281,0.6309523809523809,256,0.7906976744186046,0.25948250155256253,46
distinctive-sweep-1405,ubxmoqo7,48550,0.1,VideoPrism,mean,0.9,4,0.24506580352936547,1,AdamW,reduce,10,eye_gaze,256,1024,157,0,True,False,0.0002776596794409608,no,35,157,1770229697.2268937,0.7527675276752768,0.8282846495973073,0.6731707317073171,0.527209801647496,0.7265625,0.804125138427464,0.5882352941176471,0.8,84,0.5813953488372093,0.5952380952380952,256,0.7906976744186046,0.26288863119452893,35
splendid-sweep-679,99jl70ul,70761,0.1,VideoPrism,mean,0.9,5,0.2730012618830958,1,AdamW,reduce,5,eye_gaze,256,768,156,0,True,False,0.00021259185474519884,no,48,156,1770189670.545997,0.7564575645756457,0.8282846495973073,0.6796116504854369,0.5278278527664523,0.73828125,0.8018410852713178,0.6171428571428571,0.8181818181818182,84,0.5934065934065934,0.6428571428571429,256,0.7848837209302325,0.2654474159683844,48
dazzling-sweep-2449,bzuflwd7,84801,0.1,VideoPrism,mean,0.9,4,0.16929738658963892,1,AdamW,step,5,eye_gaze,256,1024,157,0,True,False,0.003835101890337267,no,46,157,1770286769.884591,0.7675276752767528,0.8282245462194975,0.6956521739130435,0.5478049294535084,0.7578125,0.8073089700996677,0.6395348837209303,0.8273809523809523,84,0.625,0.6547619047619048,256,0.8081395348837209,0.25846866026069176,46
polar-sweep-383,onnuf6ie,21816,0.1,VideoPrism,mean,0.9,5,0.14828628765995916,1,AdamW,reduce,5,eye_gaze,256,1024,135,0,True,False,0.0027800132272497043,no,47,135,1770172740.676483,0.7712177121771218,0.8282245462194975,0.6868686868686869,0.5451125203463424,0.75,0.8053709856035438,0.6,0.8,84,0.631578947368421,0.5714285714285714,256,0.8372093023255814,0.24834547163260104,47
cosmic-sweep-1922,o76xx8e9,13313,0.1,VideoPrism,mean,0.9,5,0.26180969018719635,1,AdamW,reduce,3,eye_gaze,256,768,59,0,True,False,0.0005298310065474676,no,17,59,1770258214.5164485,0.7564575645756457,0.8281043394638778,0.6796116504854369,0.5331102792187371,0.7421875,0.802048726467331,0.6206896551724138,0.8192771084337349,84,0.6,0.6428571428571429,256,0.7906976744186046,0.2553489719978487,17
lunar-sweep-1987,w8whyx6f,47329,0.1,VideoPrism,mean,0.9,5,0.3832693572753605,1,AdamW,reduce,6,eye_gaze,256,768,184,0,True,False,0.0015003736419044044,no,40,184,1770261854.0973122,0.7601476014760148,0.8278639259526386,0.6798029556650246,0.5311514612053593,0.734375,0.8060631229235881,0.6,0.8058823529411765,84,0.5930232558139535,0.6071428571428571,256,0.7965116279069767,0.25765114420592183,40
warm-sweep-1961,044s0zea,45019,0.1,VideoPrism,mean,0.9,5,0.3102233152642866,1,AdamW,reduce,4,eye_gaze,256,1024,192,0,True,False,0.00029750724281994733,no,53,192,1770260359.5366254,0.7564575645756457,0.8278639259526386,0.6796116504854369,0.5279180114999469,0.73828125,0.804609634551495,0.6127167630057804,0.8143712574850299,84,0.5955056179775281,0.6309523809523809,256,0.7906976744186046,0.2599869419830014,53
earthy-sweep-1226,lvm169bu,75271,0.1,VideoPrism,mean,0.9,5,0.3045359167743059,1,AdamW,step,6,eye_gaze,256,1024,117,0,True,False,0.000536657623317712,no,40,117,1770220091.4153366,0.7601476014760148,0.8278639259526385,0.6798029556650246,0.5310559624675455,0.73828125,0.8035022148394242,0.6081871345029239,0.8106508875739645,84,0.5977011494252874,0.6190476190476191,256,0.7965116279069767,0.25849222570958763,40
brisk-sweep-1499,32nlz6bl,10407,0.1,VideoPrism,mean,0.9,4,0.3842743900390476,1,AdamW,reduce,3,eye_gaze,256,1024,109,0,True,False,0.00034205414039338534,no,32,109,1770234843.5763009,0.7490774907749077,0.827743719197019,0.6633663366336634,0.5280761162293354,0.7421875,0.802671650055371,0.611764705882353,0.8117647058823529,84,0.6046511627906976,0.6190476190476191,256,0.8023255813953488,0.26227937533397866,32
divine-sweep-496,ermw1hmi,19262,0.1,VideoPrism,mean,0.9,4,0.261993563646427,1,AdamW,reduce,3,eye_gaze,256,256,163,0,True,False,0.006070045017305163,no,48,163,1770179288.0093262,0.7601476014760148,0.8277437191970188,0.7031963470319634,0.5538671153057986,0.734375,0.8057170542635659,0.6344086021505376,0.8376623376623377,84,0.5784313725490197,0.7023809523809523,256,0.75,0.29960050396244936,48
twilight-sweep-1809,r9lfwp7v,31534,0.1,VideoPrism,mean,0.9,4,0.19878305043548444,1,AdamW,reduce,4,eye_gaze,256,512,65,0,True,False,0.0037601000263559714,no,19,65,1770252088.2712436,0.7527675276752768,0.827683615819209,0.6854460093896714,0.5521236884637952,0.75390625,0.8094545957918051,0.6519337016574586,0.8427672955974843,84,0.6082474226804123,0.7023809523809523,256,0.7790697674418605,0.27384447256724037,19
decent-sweep-828,skuk4c96,88655,0.1,VideoPrism,mean,0.9,5,0.2032506503880785,1,AdamW,reduce,9,eye_gaze,256,512,135,0,True,False,0.003128533214766473,no,38,135,1770197859.4722214,0.7675276752767528,0.8275033056857796,0.6834170854271356,0.5473044422279865,0.75390625,0.8102159468438538,0.6086956521739131,0.8044692737430168,84,0.6363636363636364,0.5833333333333334,256,0.8372093023255814,0.27146818360897024,38
avid-sweep-1249,2gi6pkfe,3235,0.1,VideoPrism,mean,0.9,5,0.29130439178326994,1,AdamW,step,8,eye_gaze,256,1024,192,0,True,False,0.00013045426408254257,no,49,192,1770221209.4746175,0.7564575645756457,0.8274432023079696,0.6796116504854369,0.5279342791691037,0.73828125,0.803640642303433,0.6171428571428571,0.8181818181818182,84,0.5934065934065934,0.6428571428571429,256,0.7848837209302325,0.26198271037352205,49
crisp-sweep-1616,0iegh3ji,75872,0.1,VideoPrism,mean,0.9,4,0.4421590219167191,1,AdamW,reduce,4,eye_gaze,256,1024,136,0,True,False,0.00035728123229756664,no,39,136,1770241337.491582,0.7601476014760148,0.8274432023079696,0.6859903381642513,0.530239064755035,0.73828125,0.8041943521594684,0.6171428571428571,0.8181818181818182,84,0.5934065934065934,0.6428571428571429,256,0.7848837209302325,0.2691460427009698,39
gentle-sweep-1688,4uv8k84e,52555,0.1,VideoPrism,mean,0.9,4,0.28578899585127016,1,AdamW,reduce,3,eye_gaze,256,256,149,0,True,False,0.004988936181648748,no,37,149,1770245468.7106194,0.7601476014760148,0.8271426854189206,0.6976744186046512,0.5454828563211589,0.73046875,0.8067552602436323,0.6270270270270271,0.832258064516129,84,0.5742574257425742,0.6904761904761905,256,0.75,0.30090221142528034,37
neat-sweep-2398,gmd9aias,62661,0.1,VideoPrism,mean,0.9,3,0.47615647516217063,1,AdamW,step,7,eye_gaze,256,768,132,0,True,False,0.0004299578977136832,no,40,132,1770284009.168096,0.7564575645756457,0.8271426854189206,0.6796116504854369,0.5253354335183147,0.734375,0.8054401993355482,0.6091954022988506,0.8132530120481928,84,0.5888888888888889,0.6309523809523809,256,0.7848837209302325,0.27994820806715226,40
graceful-sweep-2678,svzntggn,72350,0.1,VideoPrism,mean,0.9,4,0.29090457255613655,1,AdamW,reduce,8,eye_gaze,256,1024,164,0,True,False,0.00034447977803650655,no,40,164,1770298685.7029572,0.7601476014760148,0.8270825820411107,0.6859903381642513,0.5299747038591391,0.73828125,0.8035714285714286,0.6171428571428571,0.8181818181818182,84,0.5934065934065934,0.6428571428571429,256,0.7848837209302325,0.27043085122349286,40
radiant-sweep-2359,m3s53ziy,23686,0.1,VideoPrism,mean,0.9,4,0.36907930925595744,1,AdamW,reduce,6,eye_gaze,256,768,146,0,True,False,0.0058072130630074945,no,36,146,1770281896.346357,0.7527675276752768,0.8270825820411106,0.6854460093896714,0.5541096736584202,0.7578125,0.8077934662236987,0.6436781609195402,0.8313253012048193,84,0.6222222222222222,0.6666666666666666,256,0.8023255813953488,0.29553258599657,36
swift-sweep-624,6434neu1,58670,0.1,VideoPrism,mean,0.9,5,0.32131212513203355,1,AdamW,reduce,6,eye_gaze,256,768,165,0,True,False,0.0002555216772591543,no,48,165,1770186475.3283815,0.7564575645756457,0.8270224786633008,0.6796116504854369,0.5264780048514645,0.734375,0.8046788482834996,0.6046511627906976,0.8095238095238095,84,0.5909090909090909,0.6190476190476191,256,0.7906976744186046,0.2658996476669504,48
different-sweep-2095,mizrp2gs,27455,0.1,VideoPrism,mean,0.9,5,0.2117243202044432,1,AdamW,reduce,5,eye_gaze,256,768,59,0,True,False,0.0031710736118531944,no,15,59,1770267526.9552228,0.7564575645756457,0.8269623752854911,0.6886792452830188,0.5486837365970401,0.74609375,0.8100083056478404,0.6408839779005525,0.8364779874213837,84,0.5979381443298969,0.6904761904761905,256,0.7732558139534884,0.2705551521946685,15
vocal-sweep-655,60qyronq,5268,0.1,VideoPrism,mean,0.9,4,0.1813281197459945,1,AdamW,reduce,7,eye_gaze,256,1024,142,0,True,False,0.0002190749049738618,no,39,142,1770188251.829338,0.7490774907749077,0.826962375285491,0.6666666666666666,0.5258078293606804,0.73828125,0.8047480620155039,0.6127167630057804,0.8143712574850299,84,0.5955056179775281,0.6309523809523809,256,0.7906976744186046,0.2700328430744133,39
stellar-sweep-1543,hmejvljl,42383,0.1,VideoPrism,mean,0.9,5,0.16499214344543872,1,AdamW,reduce,5,eye_gaze,256,1024,156,0,True,False,0.00023928746779511504,no,45,156,1770237283.070748,0.7527675276752768,0.8268421685298714,0.6699507389162561,0.5271486870917007,0.73828125,0.803779069767442,0.6127167630057804,0.8143712574850299,84,0.5955056179775281,0.6309523809523809,256,0.7906976744186046,0.2706425877532574,45
light-sweep-303,sk42dvn3,63934,0.1,VideoPrism,mean,0.9,5,0.26350952439964753,1,AdamW,reduce,6,eye_gaze,256,1024,194,0,True,False,0.0009266367562508522,no,55,194,1770168130.9643085,0.7638376383763837,0.8266618583964418,0.68,0.5287005441655093,0.7421875,0.8090393133997784,0.5975609756097561,0.8011363636363636,84,0.6125,0.5833333333333334,256,0.8197674418604651,0.2684046220899832,55
dulcet-sweep-1234,21wyef4m,49863,0.1,VideoPrism,mean,0.9,5,0.31010362631980104,1,AdamW,reduce,5,eye_gaze,256,512,174,0,True,False,0.002288562293109978,no,47,174,1770220487.0377514,0.7675276752767528,0.8264815482630123,0.6956521739130435,0.5373400326584538,0.7578125,0.8111157253599114,0.651685393258427,0.8395061728395061,84,0.6170212765957447,0.6904761904761905,256,0.7906976744186046,0.26280361540389785,47
fallen-sweep-1840,77kv86w0,31815,0.1,VideoPrism,mean,0.9,5,0.36575402419580294,1,AdamW,reduce,7,eye_gaze,256,768,141,0,True,False,0.00046528538362151104,no,40,141,1770253707.5998847,0.7527675276752768,0.8264815482630123,0.6731707317073171,0.5329017073905776,0.734375,0.8045404208194906,0.6046511627906976,0.8095238095238095,84,0.5909090909090909,0.6190476190476191,256,0.7906976744186046,0.27478577452476577,40
atomic-sweep-2208,kfec49a2,39622,0.1,VideoPrism,mean,0.9,5,0.3219931788793784,1,AdamW,step,6,eye_gaze,256,256,92,0,True,False,0.0015095706326294157,no,25,92,1770273624.774901,0.7453874538745388,0.8264214448852025,0.6567164179104478,0.5315457118393311,0.734375,0.8033637873754153,0.5952380952380952,0.8023255813953488,84,0.5952380952380952,0.5952380952380952,256,0.8023255813953488,0.27459124441098687,25
magic-sweep-237,f1xcr3r7,25064,0.1,VideoPrism,mean,0.9,5,0.2420980930648552,1,AdamW,reduce,4,eye_gaze,256,768,131,0,True,False,0.00011876260035497264,no,32,131,1770164602.0361707,0.7601476014760148,0.8263613415073927,0.6859903381642513,0.5255451464125152,0.734375,0.8030177187153932,0.6091954022988506,0.8132530120481928,84,0.5888888888888889,0.6309523809523809,256,0.7848837209302325,0.2801599986324407,32
true-sweep-2134,40ee9ur8,9978,0.1,VideoPrism,mean,0.9,5,0.29557812131127437,1,AdamW,reduce,6,eye_gaze,256,768,120,0,True,False,0.00019862017834084783,no,34,120,1770269692.9168918,0.7490774907749077,0.8263012381295829,0.6666666666666666,0.5275414843400906,0.734375,0.8017718715393134,0.6091954022988506,0.8132530120481928,84,0.5888888888888889,0.6309523809523809,256,0.7848837209302325,0.27814212465527083,34
lively-sweep-2082,6zb5vbaz,17096,0.1,VideoPrism,mean,0.9,5,0.13451652315148094,1,AdamW,reduce,3,eye_gaze,256,512,122,0,True,False,0.0008966408221416617,no,38,122,1770266827.0589848,0.7490774907749077,0.8263012381295829,0.66,0.5235493537244762,0.73828125,0.8048172757475083,0.593939393939394,0.8,84,0.6049382716049383,0.5833333333333334,256,0.813953488372093,0.2839935304540576,38
generous-sweep-707,ug1ob2wi,90096,0.1,VideoPrism,mean,0.9,5,0.16085132324874452,1,AdamW,step,7,eye_gaze,256,1024,172,0,True,False,0.0005226829029437507,no,47,172,1770191256.3068104,0.7638376383763837,0.8262411347517731,0.6923076923076923,0.5372619463948746,0.7421875,0.8044712070874862,0.6206896551724138,0.8192771084337349,84,0.6,0.6428571428571429,256,0.7906976744186046,0.25961419349969034,47
prime-sweep-1700,css14feb,22914,0.1,VideoPrism,mean,0.9,3,0.4495227550216755,1,AdamW,reduce,4,eye_gaze,256,768,159,0,True,False,0.000902572862153924,no,38,159,1770246148.520419,0.7527675276752768,0.8261810313739633,0.6699507389162561,0.5271927252466828,0.7421875,0.8059246954595791,0.611764705882353,0.8117647058823529,84,0.6046511627906976,0.6190476190476191,256,0.8023255813953488,0.28059438858369384,38
summer-sweep-1876,dndi7srw,64078,0.1,VideoPrism,mean,0.9,3,0.22443025911575076,1,AdamW,reduce,3,eye_gaze,256,1024,182,0,True,False,0.0052379350689580936,no,59,182,1770255754.8408694,0.7638376383763837,0.8261810313739633,0.6862745098039216,0.5560637606905835,0.7578125,0.8082087486157253,0.6265060240963856,0.8160919540229885,84,0.6341463414634146,0.6190476190476191,256,0.8255813953488372,0.28114304867657747,59
scarlet-sweep-1377,2c0lqxkq,41879,0.1,VideoPrism,mean,0.9,5,0.3867538215302656,1,AdamW,reduce,6,eye_gaze,256,256,183,0,True,False,0.003816083889148376,no,46,183,1770228049.7543285,0.7601476014760148,0.8261810313739631,0.6889952153110048,0.5497467436473747,0.74609375,0.8081395348837209,0.6408839779005525,0.8364779874213837,84,0.5979381443298969,0.6904761904761905,256,0.7732558139534884,0.27352197754262675,46
wandering-sweep-2517,3plxh9l1,20985,0.1,VideoPrism,mean,0.9,4,0.4508054564349124,1,AdamW,reduce,8,eye_gaze,256,512,165,0,True,False,0.002138358393945058,no,49,165,1770290411.8500817,0.7638376383763837,0.8261209279961533,0.6893203883495146,0.5334710186258014,0.75390625,0.8060631229235881,0.631578947368421,0.8224852071005917,84,0.6206896551724138,0.6428571428571429,256,0.8081395348837209,0.28941012488471135,49
sweet-sweep-2499,43ukankf,3857,0.1,VideoPrism,mean,0.9,5,0.10657154000266394,1,AdamW,reduce,6,eye_gaze,256,256,158,0,True,False,0.00027222548198091445,no,44,158,1770289501.1751256,0.7564575645756457,0.8260608246183436,0.6796116504854369,0.5292855956457638,0.73828125,0.8033637873754153,0.6171428571428571,0.8181818181818182,84,0.5934065934065934,0.6428571428571429,256,0.7848837209302325,0.2783851622933089,44
fragrant-sweep-1559,llzpcdjm,43048,0.1,VideoPrism,mean,0.9,5,0.3347480410206241,1,AdamW,step,9,eye_gaze,256,256,198,0,True,False,0.0008391593687426709,no,58,198,1770238150.041144,0.7527675276752768,0.8260007212405337,0.6794258373205742,0.5323795029597969,0.734375,0.804263565891473,0.6091954022988506,0.8132530120481928,84,0.5888888888888889,0.6309523809523809,256,0.7848837209302325,0.27886984721578734,58
still-sweep-687,v25ndo0h,64983,0.1,VideoPrism,mean,0.9,3,0.2054221319478228,1,AdamW,reduce,3,eye_gaze,256,768,173,0,True,False,0.0019408571046946677,no,44,173,1770190103.2647386,0.7527675276752768,0.8259406178627239,0.6763285024154589,0.5237045877534086,0.7421875,0.808485603543743,0.6162790697674418,0.8154761904761905,84,0.6022727272727273,0.6309523809523809,256,0.7965116279069767,0.2954045250560298,44
comic-sweep-2597,zldylk6y,76378,0.1,VideoPrism,mean,0.9,4,0.470582278569352,1,AdamW,reduce,7,eye_gaze,256,256,135,0,True,False,0.0004878786638534907,no,34,135,1770294590.699448,0.7564575645756457,0.8259406178627239,0.6796116504854369,0.5321197637332762,0.734375,0.8028100775193799,0.6091954022988506,0.8132530120481928,84,0.5888888888888889,0.6309523809523809,256,0.7848837209302325,0.27842500342263116,34
swift-sweep-1135,k38agjvi,69445,0.1,VideoPrism,mean,0.9,4,0.22695515253811735,1,AdamW,reduce,9,eye_gaze,256,1024,200,0,True,False,0.000643999016908202,no,50,200,1770215055.5988226,0.7601476014760148,0.8259406178627239,0.6596858638743456,0.5226716476172979,0.75,0.8063399778516058,0.6,0.8,84,0.631578947368421,0.5714285714285714,256,0.8372093023255814,0.29194751372843075,50
fragrant-sweep-2436,nfzdb988,14965,0.1,VideoPrism,mean,0.9,5,0.29408417571028145,1,AdamW,reduce,7,eye_gaze,256,512,101,0,True,False,0.00023723940050751505,no,28,101,1770286067.8550775,0.7601476014760148,0.825880514484914,0.6859903381642513,0.5318184242037389,0.73828125,0.8027408637873754,0.6171428571428571,0.8181818181818182,84,0.5934065934065934,0.6428571428571429,256,0.7848837209302325,0.2746787968308035,28
blooming-sweep-2306,xrzlgmj2,62082,0.1,VideoPrism,mean,0.9,3,0.24785026652391415,1,AdamW,reduce,7,eye_gaze,256,768,110,0,True,False,0.00016357163583793138,no,32,110,1770279073.4842722,0.7564575645756457,0.8257603077292943,0.6796116504854369,0.5281462194294947,0.734375,0.8039174972314508,0.6091954022988506,0.8132530120481928,84,0.5888888888888889,0.6309523809523809,256,0.7848837209302325,0.2791508916050497,32
lemon-sweep-2086,xm3xkx88,8878,0.1,VideoPrism,mean,0.9,5,0.4045725951012158,1,AdamW,reduce,8,eye_gaze,256,1024,105,0,True,False,0.0004418995700595865,no,34,105,1770267033.3864734,0.7490774907749077,0.8257603077292943,0.6666666666666666,0.5293724244371112,0.75,0.8034330011074197,0.6235294117647059,0.8176470588235294,84,0.6162790697674418,0.6309523809523809,256,0.8081395348837209,0.2789023159730314,34
golden-sweep-2077,rdm11blk,44784,0.1,VideoPrism,mean,0.9,5,0.21218808706436196,1,AdamW,reduce,9,eye_gaze,256,512,185,0,True,False,0.0005744363032458866,no,43,185,1770266579.9194744,0.7601476014760148,0.8255799975958649,0.6919431279620853,0.5339557618672558,0.734375,0.8049557032115171,0.6091954022988506,0.8132530120481928,84,0.5888888888888889,0.6309523809523809,256,0.7848837209302325,0.2860433942741818,43
icy-sweep-525,5wnmxidg,11060,0.1,VideoPrism,mean,0.9,5,0.27262160722894757,1,AdamW,reduce,6,eye_gaze,256,1024,148,0,True,False,0.003387454132640442,no,49,148,1770180873.8526187,0.7675276752767528,0.825519894218055,0.6896551724137931,0.538992978989858,0.75,0.8067552602436324,0.6097560975609756,0.8068181818181818,84,0.625,0.5952380952380952,256,0.8255813953488372,0.3076432319000514,49
good-sweep-2514,npaqg7hq,43342,0.1,VideoPrism,mean,0.9,5,0.473302489880935,1,AdamW,reduce,10,eye_gaze,256,1024,186,0,True,False,0.0004576376199118837,no,47,186,1770290230.2699723,0.7416974169741697,0.8254597908402452,0.6534653465346535,0.5327043825849835,0.73046875,0.8036406423034331,0.5818181818181818,0.7942857142857143,84,0.5925925925925926,0.5714285714285714,256,0.8081395348837209,0.2675239728556739,47
elated-sweep-618,xuon0874,92253,0.1,VideoPrism,mean,0.9,3,0.4687310828734813,1,AdamW,step,4,eye_gaze,256,256,148,0,True,False,0.003480195608597131,no,43,148,1770186117.4914086,0.7675276752767528,0.8254597908402452,0.704225352112676,0.5315465271692874,0.7578125,0.8089008859357697,0.6395348837209303,0.8273809523809523,84,0.625,0.6547619047619048,256,0.8081395348837209,0.3107133043534828,43
daily-sweep-1244,u6nigz9o,56507,0.1,VideoPrism,mean,0.9,3,0.4261482034249971,1,AdamW,reduce,4,eye_gaze,256,512,176,0,True,False,0.0003763083683964273,no,53,176,1770220961.729162,0.7601476014760148,0.8253996874624354,0.6859903381642513,0.5324553255665346,0.73828125,0.8041943521594684,0.6171428571428571,0.8181818181818182,84,0.5934065934065934,0.6428571428571429,256,0.7848837209302325,0.2787669113790146,53
noble-sweep-714,cugnl1ym,62849,0.1,VideoPrism,mean,0.9,3,0.18437183989615616,1,AdamW,reduce,3,eye_gaze,256,512,152,0,True,False,0.00022584842782193568,no,41,152,1770191630.5576415,0.7564575645756457,0.8253996874624353,0.6796116504854369,0.5338530718620413,0.73828125,0.8028100775193798,0.6171428571428571,0.8181818181818182,84,0.5934065934065934,0.6428571428571429,256,0.7848837209302325,0.27109247464122194,41
sage-sweep-311,6pgfrhdp,22166,0.1,VideoPrism,mean,0.9,4,0.3699081867893915,1,AdamW,reduce,7,eye_gaze,256,768,190,0,True,False,0.00010160082198440904,no,58,190,1770168570.447673,0.7638376383763837,0.8253395840846256,0.6952380952380952,0.5301773345778349,0.734375,0.8029485049833887,0.6091954022988506,0.8132530120481928,84,0.5888888888888889,0.6309523809523809,256,0.7848837209302325,0.28264016177919177,58
denim-sweep-902,2fijrvls,98566,0.1,VideoPrism,mean,0.9,5,0.3733998652492204,1,AdamW,reduce,5,eye_gaze,256,512,104,0,True,False,0.005130205219227084,no,30,104,1770202022.741505,0.7490774907749077,0.8253395840846255,0.6822429906542056,0.5421180760288591,0.75,0.8058554817275747,0.632183908045977,0.8253012048192772,84,0.6111111111111112,0.6547619047619048,256,0.7965116279069767,0.3138507422172662,30
dark-sweep-709,la7o9y80,31468,0.1,VideoPrism,mean,0.9,5,0.1784967800491753,1,AdamW,reduce,4,eye_gaze,256,768,100,0,True,False,0.0020784036292000097,no,27,100,1770191348.822454,0.7638376383763837,0.8252794807068158,0.6923076923076923,0.5510895258826083,0.76171875,0.8082779623477299,0.6432748538011696,0.8284023668639053,84,0.632183908045977,0.6547619047619048,256,0.813953488372093,0.2743360975776056,27
electric-sweep-564,qzjs3zcj,61283,0.1,VideoPrism,mean,0.9,5,0.49222570341990624,1,AdamW,reduce,4,eye_gaze,256,512,183,0,True,False,0.002225141720511025,no,55,183,1770183116.9606974,0.7638376383763837,0.8252794807068157,0.6923076923076923,0.5476351787243382,0.75390625,0.8082087486157254,0.631578947368421,0.8224852071005917,84,0.6206896551724138,0.6428571428571429,256,0.8081395348837209,0.26945788800114334,55
wild-sweep-1519,5vnj7q8t,10232,0.1,VideoPrism,mean,0.9,4,0.4673024938980991,1,AdamW,reduce,4,eye_gaze,256,1024,180,0,True,False,0.0005689074662505891,no,53,180,1770235929.1426485,0.7601476014760148,0.825159273951196,0.6859903381642513,0.5300641662520236,0.734375,0.8039867109634552,0.6091954022988506,0.8132530120481928,84,0.5888888888888889,0.6309523809523809,256,0.7848837209302325,0.28694122758778656,53
fallen-sweep-1300,9s563lpx,13773,0.1,VideoPrism,mean,0.9,5,0.19821582446081276,1,AdamW,reduce,9,eye_gaze,256,768,106,0,True,False,0.004835371451983309,no,29,106,1770223864.4325,0.7601476014760148,0.8251592739511959,0.6948356807511737,0.5344319156615057,0.75,0.8074473975636767,0.6235294117647059,0.8176470588235294,84,0.6162790697674418,0.6309523809523809,256,0.8081395348837209,0.31256572273042466,29
earthy-sweep-1272,wus30x6z,77377,0.1,VideoPrism,mean,0.9,4,0.2087547314603327,1,AdamW,reduce,4,eye_gaze,256,768,188,0,True,False,0.00032721432558221797,no,55,188,1770222410.0054877,0.7490774907749077,0.8250991705733862,0.6633663366336634,0.5301513911613239,0.7421875,0.8019795127353266,0.6162790697674418,0.8154761904761905,84,0.6022727272727273,0.6309523809523809,256,0.7965116279069767,0.28298551464321636,55
legendary-sweep-28,z93647h8,20455,0.1,TimeSformer,max,0.9,5,0.3685700461384306,1,SGD,step,8,finger_tapping,256,768,149,0,True,False,0.003527848773811069,no,82,149,1770153729.6515267,0.7707182320441989,0.8194163437467851,0.6103286384976526,0.48456603453304226,0.7426900584795322,0.7668684242596581,0.4698795180722892,0.7706093189964157,103,0.6190476190476191,0.3786407766990291,342,0.899581589958159,0.5414497179255097,82
light-sweep-268,h0aj5bvk,74466,0.1,TimeSformer,mean,0.9,4,0.3605046250629356,1,AdamW,step,6,finger_tapping,256,512,171,0,True,False,8.91411906088988e-05,no,97,171,1770176122.38836,0.7348066298342542,0.8179760639209904,0.6546762589928058,0.523398199792725,0.7222222222222222,0.7814112198886949,0.5701357466063348,0.8214285714285714,103,0.5338983050847458,0.6116504854368932,342,0.7698744769874477,0.4045153774513639,97
upbeat-sweep-100,6a3t4pid,18507,0.1,TimeSformer,mean,0.9,4,0.4538720525562585,1,SGD,step,8,finger_tapping,256,512,176,0,True,False,0.005913314704542725,no,98,176,1770159920.117363,0.7375690607734806,0.8129350845307088,0.6415094339622641,0.510558571604734,0.7251461988304093,0.7805987732055084,0.5648148148148148,0.8165938864628821,103,0.5398230088495575,0.5922330097087378,342,0.7824267782426778,0.468980226910138,98
fragrant-sweep-1622,zky1nyiz,82455,0.1,TimeSformer,mean,0.9,4,0.11008051268377668,1,AdamW,reduce,9,finger_tapping,256,512,186,0,True,False,2.943553122704945e-05,no,114,186,1770301199.0286343,0.7237569060773481,0.8123521141250301,0.6575342465753424,0.5426285668631285,0.7192982456140351,0.7835642035991388,0.5932203389830508,0.8421052631578947,103,0.5263157894736842,0.6796116504854369,342,0.7364016736401674,0.4056319001891741,114
stellar-sweep-670,ivw020cg,55388,0.1,TimeSformer,mean,0.9,5,0.2238492292899867,1,SGD,step,8,finger_tapping,256,768,147,0,True,False,0.003914463980278156,no,85,147,1770214666.6791918,0.7403314917127072,0.8116662665889373,0.6618705035971223,0.5270725524886537,0.7222222222222222,0.7823049112401999,0.5777777777777777,0.8272727272727273,103,0.5327868852459017,0.6310679611650486,342,0.7615062761506276,0.4591635533165979,85
rural-sweep-363,3vluq8yt,57121,0.1,TimeSformer,mean,0.9,4,0.4268910875316214,1,SGD,reduce,4,finger_tapping,256,256,165,0,True,False,0.005981586409258007,no,92,165,1770185474.6501737,0.7348066298342542,0.811323342820891,0.6444444444444445,0.522899751175833,0.7456140350877193,0.783970426940732,0.6098654708520179,0.8423423423423423,103,0.5666666666666667,0.6601941747572816,342,0.7824267782426778,0.4732002646738208,92
dry-sweep-1358,fqrvfs5y,6112,0.1,TimeSformer,mean,0.9,5,0.4549846289345836,1,SGD,reduce,5,finger_tapping,256,256,199,0,True,False,0.001115546766430415,no,110,199,1770276931.010696,0.7320441988950276,0.8107746647920168,0.6596491228070176,0.5443624399643576,0.7251461988304093,0.7756834707722308,0.6050420168067226,0.8502415458937198,103,0.5333333333333333,0.6990291262135923,342,0.7364016736401674,0.473855568625581,110
fast-sweep-1628,mjtmrepx,51679,0.1,TimeSformer,mean,0.9,4,0.3881479354556471,1,AdamW,reduce,5,finger_tapping,256,512,150,0,True,False,0.00010469374966330638,no,95,150,1770301798.6691213,0.7375690607734806,0.8107060800384075,0.6494464944649446,0.5273651783637578,0.7485380116959064,0.7917699150993216,0.6126126126126126,0.8430493273542601,103,0.5714285714285714,0.6601941747572816,342,0.7866108786610879,0.4441373514133703,95
giddy-sweep-1171,5b3k0stp,59532,0.1,TimeSformer,mean,0.9,5,0.12772155744199776,1,AdamW,reduce,10,finger_tapping,256,256,194,0,True,False,3.679612654405142e-05,no,112,194,1770260198.896263,0.7237569060773481,0.8105346181543844,0.6453900709219859,0.5407823959766831,0.7222222222222222,0.7810049965471015,0.5887445887445888,0.8364485981308412,103,0.53125,0.6601941747572816,342,0.7489539748953975,0.46339135111918744,112
splendid-sweep-950,ck4gzjuo,5755,0.1,TimeSformer,mean,0.9,5,0.2722814887776713,1,AdamW,step,3,finger_tapping,256,1024,103,0,True,False,2.7289365534864573e-05,no,64,103,1770240405.2131722,0.7099447513812155,0.8102945715167519,0.6341463414634146,0.5459756465906597,0.7222222222222222,0.7818580655644474,0.5887445887445888,0.8364485981308412,103,0.53125,0.6601941747572816,342,0.7489539748953975,0.4047502295871378,64
likely-sweep-94,m22vojir,13746,0.1,TimeSformer,mean,0.9,5,0.4315845937663154,1,SGD,reduce,6,finger_tapping,256,512,138,0,True,False,0.007726039483776529,no,70,138,1770159350.2396662,0.7403314917127072,0.8102602791399471,0.6466165413533834,0.5149174918785938,0.7426900584795322,0.7758865824430271,0.5887850467289719,0.8268398268398268,103,0.5675675675675675,0.6116504854368932,342,0.799163179916318,0.45745226545314904,70
woven-sweep-312,sfgu0zc2,57570,0.1,TimeSformer,mean,0.9,3,0.10274153542885396,1,AdamW,step,9,finger_tapping,256,256,124,0,True,False,0.0003674643527470226,no,80,124,1770180521.5199444,0.7375690607734806,0.8101574020095333,0.6441947565543071,0.5147714180182357,0.7222222222222222,0.7805987732055084,0.5539906103286385,0.8103448275862069,103,0.5363636363636364,0.5728155339805825,342,0.7866108786610879,0.4433160191383324,80
misty-sweep-1229,vbd6ggp5,30983,0.1,TimeSformer,mean,0.9,5,0.1602245247048747,1,AdamW,reduce,7,finger_tapping,256,512,191,0,True,False,0.00025361802276748516,no,103,191,1770265019.3946676,0.7348066298342542,0.8100202325023148,0.6546762589928058,0.5215460269490658,0.7280701754385965,0.7832798472600235,0.5753424657534246,0.8230088495575221,103,0.5431034482758621,0.6116504854368932,342,0.7782426778242678,0.35709562654760674,103
serene-sweep-586,szbxnau8,70028,0.1,TimeSformer,mean,0.9,4,0.18107112944585957,1,AdamW,step,8,finger_tapping,256,768,176,0,True,False,0.00012201431774758232,no,103,176,1770207094.0904684,0.7458563535911602,0.8098487706182916,0.6349206349206349,0.5125018065146978,0.7397660818713451,0.7823455335743591,0.5821596244131455,0.8232758620689655,103,0.5636363636363636,0.6019417475728155,342,0.799163179916318,0.43370037459236965,103
major-sweep-1110,iarbhxk3,56717,0.1,TimeSformer,mean,0.9,5,0.13424013042705735,1,AdamW,reduce,8,finger_tapping,256,1024,61,0,True,False,0.00013960303049137537,no,44,61,1770254384.7489593,0.7430939226519337,0.8097801858646823,0.6593406593406593,0.5212722535950044,0.7251461988304093,0.7749522687573629,0.5688073394495413,0.8193832599118943,103,0.5391304347826087,0.6019417475728155,342,0.7782426778242678,0.33724119536445346,44
robust-sweep-322,1uyfsvsr,13949,0.1,VideoPrism,mean,0.9,5,0.2713930532408546,1,AdamW,step,5,finger_tapping,256,512,166,0,True,False,0.00033204268510876703,no,90,166,1770181416.3797815,0.7486187845303868,0.8097458934878776,0.6431372549019608,0.5095436566442416,0.7667638483965015,0.8300566343042072,0.5918367346938775,0.82,103,0.6236559139784946,0.5631067961165048,343,0.8541666666666666,0.38498569583561026,90
young-sweep-430,0mizlx5d,17375,0.1,TimeSformer,mean,0.9,5,0.2134156776302748,1,AdamW,reduce,5,finger_tapping,256,512,146,0,True,False,0.0004570660376914497,no,89,146,1770191929.0716696,0.7209944751381215,0.8095744316038544,0.63003663003663,0.5289958679215025,0.7456140350877193,0.7881951496933014,0.6098654708520179,0.8423423423423423,103,0.5666666666666667,0.6601941747572816,342,0.7824267782426778,0.44300089109963026,89
clear-sweep-712,ce2lrz1v,96901,0.1,TimeSformer,mean,0.9,5,0.44065400581702174,1,AdamW,step,9,finger_tapping,256,256,25,0,True,False,0.000423864958626368,no,22,25,1770218576.929235,0.7403314917127072,0.8095401392270497,0.6356589147286822,0.5169986901362298,0.7485380116959064,0.787138969005159,0.5981308411214953,0.8311688311688312,103,0.5765765765765766,0.6213592233009708,342,0.803347280334728,0.4770797301476329,22
different-sweep-859,vch4bcx7,63472,0.1,TimeSformer,max,0.9,5,0.10785429315880496,1,AdamW,reduce,6,finger_tapping,256,1024,199,0,True,False,1.095265778045596e-05,no,108,199,1770232066.4426224,0.712707182320442,0.8094715544734407,0.6363636363636364,0.5510669900567492,0.716374269005848,0.7766584067920542,0.5836909871244635,0.8349056603773585,103,0.5230769230769231,0.6601941747572816,342,0.7405857740585774,0.5377943101033539,108
unique-sweep-162,6l68pee3,34891,0.1,TimeSformer,mean,0.9,5,0.36644497754182814,1,AdamW,reduce,5,finger_tapping,256,256,200,0,True,False,0.0005519799528972174,no,116,200,1770165945.0399668,0.7513812154696132,0.8093686773430266,0.6311475409836066,0.5003912537796062,0.7514619883040936,0.7890075963764878,0.5685279187817259,0.8104838709677419,103,0.5957446808510638,0.5436893203883495,342,0.8410041841004184,0.475331764038704,116
toasty-sweep-315,gkdpbke8,26970,0.1,TimeSformer,mean,0.9,5,0.2348550884243964,1,AdamW,reduce,9,finger_tapping,256,768,167,0,True,False,1.8087108524753147e-05,no,99,167,1770180760.037797,0.7209944751381215,0.8093000925894174,0.6456140350877193,0.5433190889780034,0.7222222222222222,0.7863265223219726,0.592274678111588,0.839622641509434,103,0.5307692307692308,0.6699029126213593,342,0.7447698744769874,0.4215789817081057,99
brisk-sweep-1450,x0oxyuzv,91513,0.1,TimeSformer,mean,0.9,5,0.2764551692396823,1,AdamW,reduce,5,finger_tapping,256,768,178,0,True,False,1.700817601462153e-05,no,105,178,1770285444.3976622,0.7209944751381215,0.8091629230821988,0.6431095406360424,0.5474650955331918,0.7192982456140351,0.7838485599382541,0.5826086956521739,0.8325581395348837,103,0.5275590551181102,0.6504854368932039,342,0.7489539748953975,0.41877401449808305,105
fluent-sweep-400,oo53v9q3,67170,0.1,VideoPrism,mean,0.9,5,0.10677059785451476,1,AdamW,step,8,finger_tapping,256,768,197,0,True,False,0.0006300801216907622,no,110,197,1770189022.973315,0.7430939226519337,0.8091629230821988,0.6324110671936759,0.5095958357357847,0.7667638483965015,0.8317556634304207,0.5876288659793815,0.8174603174603174,103,0.6263736263736264,0.5533980582524272,343,0.8583333333333333,0.39658124617506446,110
vital-sweep-1324,defkn59l,28694,0.1,TimeSformer,mean,0.9,5,0.24084064075766615,1,AdamW,step,8,finger_tapping,256,512,169,0,True,False,8.285232711370154e-05,no,106,169,1770273809.726791,0.7348066298342542,0.8091286307053942,0.6470588235294118,0.5323518218256492,0.7309941520467836,0.7856765649754235,0.5855855855855856,0.8295964125560538,103,0.5462184873949579,0.6310679611650486,342,0.7740585774058577,0.42607071172171984,106
vibrant-sweep-214,dgepp88q,11385,0.1,TimeSformer,mean,0.9,5,0.4187581684127175,1,AdamW,reduce,5,finger_tapping,256,512,126,0,True,False,0.00020691201935645143,no,73,126,1770171013.506641,0.7430939226519337,0.8090943383285896,0.6463878326996197,0.522703684825265,0.7514619883040936,0.7843766502823253,0.6046511627906976,0.8347826086956521,103,0.5803571428571429,0.6310679611650486,342,0.803347280334728,0.4475203316443957,73
colorful-sweep-1292,45oqf3h4,38651,0.1,TimeSformer,mean,0.9,5,0.23180330279236308,1,AdamW,step,7,finger_tapping,256,1024,176,0,True,False,5.230655163745805e-05,no,102,176,1770270747.1336462,0.7182320441988951,0.8090600459517849,0.6408450704225352,0.5338787637362823,0.7309941520467836,0.7807612625421456,0.603448275862069,0.8450704225352113,103,0.5426356589147286,0.6796116504854369,342,0.7531380753138075,0.37246901401231586,102
stoic-sweep-1317,n80basoi,38801,0.1,TimeSformer,mean,0.9,5,0.3234271841304164,1,AdamW,reduce,4,finger_tapping,256,512,184,0,True,False,0.0001913759086628825,no,106,184,1770273098.2338524,0.7292817679558011,0.8090257535749803,0.65,0.5367509571228238,0.7368421052631579,0.7889263517081692,0.6052631578947368,0.8433179723502304,103,0.552,0.6699029126213593,342,0.7656903765690377,0.44132475593455034,106
earthy-sweep-733,beyajlim,20908,0.1,VideoPrism,mean,0.9,4,0.128091498690383,1,AdamW,step,7,finger_tapping,256,1024,188,0,True,False,0.0012885361625184972,no,92,188,1770220517.6589143,0.7569060773480663,0.8089228764445664,0.6507936507936508,0.5121641073437685,0.7696793002915452,0.8330906148867314,0.5906735751295337,0.8181818181818182,103,0.6333333333333333,0.5533980582524272,343,0.8625,0.38981679786981693,92
giddy-sweep-849,qq6mzwxt,56549,0.1,TimeSformer,mean,0.9,5,0.3197898682750441,1,AdamW,step,4,finger_tapping,256,512,147,0,True,False,0.0002096589345510387,no,88,147,1770231247.475649,0.7430939226519337,0.8088885840677618,0.640926640926641,0.5139710320293575,0.7368421052631579,0.7848641182922371,0.5754716981132075,0.8197424892703863,103,0.5596330275229358,0.5922330097087378,342,0.799163179916318,0.4076133812990625,88
splendid-sweep-134,d4l3qk1z,38222,0.1,TimeSformer,mean,0.9,5,0.12910795021256571,1,AdamW,reduce,7,finger_tapping,256,768,158,0,True,False,1.2562681425474869e-05,no,98,158,1770163271.9228954,0.7154696132596685,0.8088199993141526,0.6460481099656358,0.553301964675524,0.7251461988304093,0.7886419953690539,0.6016949152542372,0.84688995215311,103,0.5338345864661654,0.6893203883495146,342,0.7405857740585774,0.47345553228916754,98
true-sweep-584,uzyq3crk,2216,0.1,TimeSformer,mean,0.9,5,0.2595836503255231,1,AdamW,reduce,8,finger_tapping,256,1024,144,0,True,False,1.4481841871173318e-05,no,82,144,1770206903.4082448,0.7071823204419889,0.8086485374301293,0.6293706293706294,0.5501131365971011,0.7251461988304093,0.7913636917577285,0.5982905982905983,0.8436018957345972,103,0.5343511450381679,0.6796116504854369,342,0.7447698744769874,0.4658799089683927,82
lyric-sweep-387,hj1cbadr,49532,0.1,TimeSformer,mean,0.9,5,0.16397574605329837,1,AdamW,reduce,10,finger_tapping,256,256,158,0,True,False,3.384342455372892e-05,no,91,158,1770187710.2650917,0.7154696132596685,0.8084084907924969,0.6411149825783972,0.5458374438364861,0.7076023391812866,0.7812487305520576,0.5726495726495726,0.8293838862559242,103,0.5114503816793893,0.6504854368932039,342,0.7322175732217573,0.4161658020427165,91
glorious-sweep-289,x2p41gk2,19793,0.1,VideoPrism,mean,0.9,5,0.19082503060104772,1,AdamW,step,5,finger_tapping,256,1024,36,0,True,False,0.001721541408509,no,22,36,1770178216.8602805,0.7679558011049724,0.8083741984156922,0.6557377049180327,0.5186849582261144,0.7667638483965015,0.834668284789644,0.5698924731182796,0.8076923076923077,103,0.6385542168674698,0.5145631067961165,343,0.875,0.3871922479353653,22
golden-sweep-1519,u3m40ksq,25748,0.1,VideoPrism,mean,0.9,5,0.13108688769926383,1,AdamW,reduce,6,finger_tapping,256,1024,90,0,True,False,0.000653683280175774,no,46,90,1770291658.691487,0.7541436464088398,0.8082713212852782,0.611353711790393,0.5066727011243283,0.7696793002915452,0.8297330097087379,0.56353591160221,0.8037735849056604,103,0.6538461538461539,0.4951456310679612,343,0.8875,0.39703371712038105,46
daily-sweep-79,1g2n88ls,85605,0.1,TimeSformer,mean,0.9,5,0.29054120520184545,1,AdamW,reduce,7,finger_tapping,256,512,177,0,True,False,2.381409082688269e-05,no,107,177,1770157739.2236032,0.7209944751381215,0.8082027365316691,0.6456140350877193,0.5492996359398352,0.7076023391812866,0.7831173579233862,0.576271186440678,0.8325358851674641,103,0.5112781954887218,0.6601941747572816,342,0.7280334728033473,0.42127886059032993,107
radiant-sweep-1615,nxl6mint,56697,0.1,TimeSformer,mean,0.9,5,0.18001983652184209,1,AdamW,reduce,7,finger_tapping,256,768,151,0,True,False,3.380334052199972e-05,no,96,151,1770300454.8986554,0.7209944751381215,0.8080998594012551,0.6456140350877193,0.5418243856061229,0.7192982456140351,0.7868139903318844,0.5826086956521739,0.8325581395348837,103,0.5275590551181102,0.6504854368932039,342,0.7489539748953975,0.4158237866213023,96
crisp-sweep-1285,57uru6j6,41087,0.1,TimeSformer,mean,0.9,5,0.3145230939078567,1,AdamW,reduce,9,finger_tapping,256,512,112,0,True,False,2.8910450377131452e-05,no,69,112,1770270045.3611164,0.7209944751381215,0.8080655670244505,0.6529209621993127,0.5464731039921882,0.7251461988304093,0.7865702563269286,0.6016949152542372,0.84688995215311,103,0.5338345864661654,0.6893203883495146,342,0.7405857740585774,0.4315451528158624,69
light-sweep-599,gmva2h15,36293,0.1,TimeSformer,mean,0.9,4,0.4483845469028286,1,AdamW,reduce,5,finger_tapping,256,1024,148,0,True,False,1.4799369850893432e-05,no,86,148,1770208359.0529356,0.7182320441988951,0.8080655670244505,0.6506849315068494,0.5512091030073429,0.7309941520467836,0.7867733679977252,0.603448275862069,0.8450704225352113,103,0.5426356589147286,0.6796116504854369,342,0.7531380753138075,0.437722301506854,86
ancient-sweep-570,h7jqt4v6,19815,0.1,VideoPrism,mean,0.9,5,0.1472080690559322,1,AdamW,reduce,9,finger_tapping,256,512,60,0,True,False,0.00041318463797930646,no,36,60,1770205549.1993515,0.7513812154696132,0.8080312746476459,0.6370967741935484,0.5095210368462031,0.7667638483965015,0.8320792880258899,0.5833333333333334,0.8149606299212598,103,0.6292134831460674,0.5436893203883495,343,0.8625,0.397214466072693,36
worthy-sweep-1260,jtmah3lg,4281,0.1,TimeSformer,mean,0.9,4,0.31643752357190313,1,AdamW,reduce,6,finger_tapping,256,256,186,0,True,False,9.929351235688125e-05,no,112,186,1770267655.871266,0.7182320441988951,0.8079969822708413,0.6330935251798561,0.5306596057849694,0.7192982456140351,0.7779176991509932,0.5789473684210527,0.8294930875576036,103,0.528,0.6407766990291263,342,0.7531380753138075,0.38834228122210646,112
cool-sweep-265,uu07u2n3,54861,0.1,VideoPrism,mean,0.9,5,0.3928867672249824,1,AdamW,step,3,finger_tapping,256,768,185,0,True,False,0.0005930409042221765,no,103,185,1770175847.6027436,0.7513812154696132,0.8079969822708413,0.64,0.5074193988057131,0.7638483965014577,0.834789644012945,0.592964824120603,0.8218623481781376,103,0.6145833333333334,0.5728155339805825,343,0.8458333333333333,0.39986309249168833,103
dazzling-sweep-1328,2lc0rvio,43693,0.1,TimeSformer,mean,0.9,5,0.3574127334642502,1,AdamW,reduce,8,finger_tapping,256,1024,156,0,True,False,0.00025353803361184826,no,89,156,1770274149.9820406,0.7375690607734806,0.8079969822708412,0.6245059288537549,0.5103311130355076,0.7426900584795322,0.7856359426412642,0.5728155339805825,0.8158995815899581,103,0.5728155339805825,0.5728155339805825,342,0.8158995815899581,0.364307989775542,89
grateful-sweep-1379,4jp4d4l2,82118,0.1,VideoPrism,mean,0.9,5,0.12886328169488304,1,AdamW,reduce,10,finger_tapping,256,512,193,0,True,False,0.0008723987059299907,no,104,193,1770278932.4044414,0.7513812154696132,0.8078598127636227,0.6311475409836066,0.5189651570267441,0.7580174927113703,0.8321601941747573,0.5608465608465608,0.8054474708171206,103,0.6162790697674418,0.5145631067961165,343,0.8625,0.3624427822190772,104
fallen-sweep-1194,kpqb10cj,87776,0.1,VideoPrism,mean,0.9,3,0.37008101592701126,1,AdamW,reduce,5,finger_tapping,256,1024,194,0,True,False,7.579145844545363e-05,no,99,194,1770262262.4632392,0.7375690607734806,0.8078255203868181,0.6387832699619772,0.5174789952309751,0.7755102040816326,0.8310275080906149,0.6384976525821596,0.8497854077253219,103,0.6181818181818182,0.6601941747572816,343,0.825,0.39461160908873466,99
mild-sweep-1294,45iewhpf,56946,0.1,VideoPrism,mean,0.9,5,0.20559690692308585,1,AdamW,reduce,10,finger_tapping,256,512,133,0,True,False,0.0003198709427029787,no,69,133,1770270929.9236107,0.7569060773480663,0.8077912280100134,0.6451612903225806,0.5096734301161371,0.7725947521865889,0.8343042071197411,0.5894736842105263,0.81640625,103,0.6436781609195402,0.5436893203883495,343,0.8708333333333333,0.39133916454571144,69
vivid-sweep-337,k9obxvtk,91285,0.1,TimeSformer,mean,0.9,5,0.4740166791823649,1,AdamW,step,6,finger_tapping,256,512,197,0,True,False,0.00010559174385639914,no,111,197,1770182900.4388657,0.7292817679558011,0.8076883508795994,0.6397058823529411,0.5234669812476438,0.7397660818713451,0.7847828736239184,0.5972850678733032,0.8348214285714286,103,0.559322033898305,0.6407766990291263,342,0.7824267782426778,0.3845391234986587,111
zany-sweep-1465,f5s1wda4,95015,0.1,VideoPrism,mean,0.9,3,0.48331648195314314,1,AdamW,reduce,8,finger_tapping,256,1024,160,0,True,False,0.00023190479239966428,no,91,160,1770286796.1720142,0.7513812154696132,0.8075854737491857,0.6370967741935484,0.5047493283919866,0.7638483965014577,0.8317152103559871,0.5714285714285714,0.8093385214007782,103,0.627906976744186,0.5242718446601942,343,0.8666666666666667,0.4044464290379056,91
peachy-sweep-175,uw7tq8we,47460,0.1,TimeSformer,mean,0.9,5,0.20639078672140193,1,AdamW,reduce,8,finger_tapping,256,256,145,0,True,False,0.0006244082286742102,no,91,145,1770167239.9337027,0.7375690607734806,0.8075854737491855,0.652014652014652,0.520096171956036,0.7368421052631579,0.7836454482674574,0.5833333333333334,0.8253275109170306,103,0.5575221238938053,0.6116504854368932,342,0.7907949790794979,0.4114460193850174,91
noble-sweep-745,f70g6c24,2642,0.1,VideoPrism,mean,0.9,5,0.17619568068154573,1,AdamW,reduce,7,finger_tapping,256,1024,172,0,True,False,0.0003969535496875572,no,95,172,1770221670.704313,0.7486187845303868,0.8073797194883577,0.6403162055335968,0.5083823414797283,0.760932944606414,0.8300566343042072,0.5729166666666666,0.8110236220472441,103,0.6179775280898876,0.5339805825242718,343,0.8583333333333333,0.4008529947007864,95
lyric-sweep-1587,vqmcl7kf,49942,0.1,VideoPrism,mean,0.9,5,0.24599687322296468,1,AdamW,reduce,4,finger_tapping,256,1024,195,0,True,False,9.47525525238906e-05,no,102,195,1770297794.0200877,0.7430939226519337,0.8073454271115531,0.6436781609195402,0.5170580204679163,0.7696793002915452,0.8326456310679612,0.6220095693779905,0.8396624472573839,103,0.6132075471698113,0.6310679611650486,343,0.8291666666666667,0.39117633141058816,102
bright-sweep-1556,d56st092,32547,0.1,TimeSformer,mean,0.9,5,0.12176050862644255,1,AdamW,reduce,3,finger_tapping,256,256,147,0,True,False,3.238101063401379e-05,no,85,147,1770295135.424689,0.7099447513812155,0.8072425499811393,0.631578947368421,0.5401984881300953,0.7192982456140351,0.7840516716090506,0.5789473684210527,0.8294930875576036,103,0.528,0.6407766990291263,342,0.7531380753138075,0.4411510379603558,85
iconic-sweep-1407,ejyxeevw,54067,0.1,VideoPrism,mean,0.9,3,0.4875216564594126,1,AdamW,step,8,finger_tapping,256,1024,190,0,True,False,0.00039846042912585345,no,104,190,1770281504.918681,0.7486187845303868,0.8072425499811391,0.6345381526104418,0.5031093250322078,0.760932944606414,0.833616504854369,0.5729166666666666,0.8110236220472441,103,0.6179775280898876,0.5339805825242718,343,0.8583333333333333,0.42471787665283706,104
snowy-sweep-945,gn9yq8az,97491,0.1,TimeSformer,mean,0.9,5,0.4874593333884373,1,SGD,step,6,finger_tapping,256,768,169,0,True,False,0.0021504458848903988,no,99,169,1770239909.961177,0.7182320441988951,0.8072082576043346,0.6382978723404256,0.5404369778396017,0.7368421052631579,0.775358492098956,0.6120689655172413,0.8497652582159625,103,0.5503875968992248,0.6893203883495146,342,0.7573221757322176,0.4239843987209896,99
sunny-sweep-716,nzozzwfz,68183,0.1,TimeSformer,mean,0.9,3,0.2527692725836145,1,AdamW,reduce,6,finger_tapping,256,256,185,0,True,False,2.879046826775859e-05,no,106,185,1770218924.270226,0.7044198895027625,0.8072082576043346,0.6348122866894198,0.5502703183263705,0.7076023391812866,0.7812487305520575,0.576271186440678,0.8325358851674641,103,0.5112781954887218,0.6601941747572816,342,0.7280334728033473,0.4439545122695491,106
eager-sweep-817,i58lzpc8,60041,0.1,TimeSformer,mean,0.9,5,0.3848368297450051,1,AdamW,reduce,4,finger_tapping,256,512,144,0,True,False,4.292482009884189e-05,no,81,144,1770228346.2219918,0.7099447513812155,0.8071739652275299,0.631578947368421,0.541769141979639,0.7251461988304093,0.7860827883170166,0.5877192982456141,0.8341013824884793,103,0.536,0.6504854368932039,342,0.7573221757322176,0.4065777776729515,81
azure-sweep-738,5yqcgd1t,82899,0.1,TimeSformer,mean,0.9,5,0.4110271169938119,1,AdamW,reduce,3,finger_tapping,256,512,170,0,True,False,0.00043330987600588664,no,107,170,1770221008.0873387,0.7513812154696132,0.8071396728507254,0.6370967741935484,0.5079840461193528,0.7602339181286549,0.7913230694235691,0.5858585858585859,0.8178137651821862,103,0.6105263157894737,0.5631067961165048,342,0.8451882845188284,0.497858091922214,107
wise-sweep-973,8q78eg8m,34173,0.1,TimeSformer,mean,0.9,5,0.3407507930366366,1,AdamW,reduce,4,finger_tapping,256,768,139,0,True,False,0.0003700718484916731,no,82,139,1770242457.1347668,0.7375690607734806,0.8071396728507253,0.6332046332046332,0.5155627091945205,0.7426900584795322,0.7849859852947151,0.5849056603773585,0.8240343347639485,103,0.5688073394495413,0.6019417475728155,342,0.803347280334728,0.4409179903759397,82
wise-sweep-460,47p61aci,56516,0.1,VideoPrism,mean,0.9,5,0.4512516754266306,1,AdamW,reduce,8,finger_tapping,256,256,117,0,True,False,0.0004553519015338099,no,66,117,1770194776.9652605,0.7403314917127072,0.8071053804739208,0.6115702479338843,0.5058454502353352,0.7580174927113703,0.8298948220064725,0.5561497326203209,0.803088803088803,103,0.6190476190476191,0.5048543689320388,343,0.8666666666666667,0.4150278117974283,66
robust-sweep-1611,ihmawfb5,21773,0.1,TimeSformer,mean,0.9,5,0.2998676827386235,1,AdamW,step,10,finger_tapping,256,1024,199,0,True,False,2.103586101940511e-05,no,107,199,1770300051.738631,0.7182320441988951,0.8071053804739207,0.6357142857142857,0.5444772144707527,0.7105263157894737,0.7797457041881626,0.575107296137339,0.8301886792452831,103,0.5153846153846153,0.6504854368932039,342,0.7364016736401674,0.3981087738074081,107
colorful-sweep-1121,i4p79n0a,14412,0.1,TimeSformer,mean,0.9,5,0.2631216376421462,1,AdamW,reduce,9,finger_tapping,256,512,190,0,True,False,0.00027516319276415027,no,109,190,1770255517.0143237,0.7403314917127072,0.8070025033435068,0.6299212598425197,0.5118466520177726,0.7485380116959064,0.7855140756387863,0.5784313725490197,0.8174273858921162,103,0.5841584158415841,0.5728155339805825,342,0.8242677824267782,0.4383424079086387,109
sandy-sweep-1275,76dsd3eb,62049,0.1,TimeSformer,mean,0.9,5,0.18414975039495096,1,AdamW,reduce,9,finger_tapping,256,256,117,0,True,False,0.0002260025989715701,no,71,117,1770269218.4612443,0.7209944751381215,0.8070025033435068,0.6217228464419475,0.5240737384195486,0.7368421052631579,0.7830361132550676,0.5794392523364486,0.8225108225108225,103,0.5585585585585585,0.6019417475728155,342,0.7949790794979079,0.45846700840157495,71
celestial-sweep-1387,1oh2id4p,79865,0.1,TimeSformer,mean,0.9,5,0.2169447963244916,1,AdamW,reduce,9,finger_tapping,256,1024,150,0,True,False,0.00010665989843784528,no,90,150,1770279609.007629,0.7237569060773481,0.8070025033435068,0.6153846153846154,0.5141536534161858,0.7280701754385965,0.7819799325669253,0.5592417061611374,0.811965811965812,103,0.5462962962962963,0.5728155339805825,342,0.7949790794979079,0.3896123398961888,90
good-sweep-235,fu2ewcra,47854,0.1,TimeSformer,mean,0.9,5,0.109851950769365,1,AdamW,reduce,10,finger_tapping,256,512,118,0,True,False,0.00016495468092081076,no,73,118,1770173001.0040102,0.7375690607734806,0.806796749082679,0.6468401486988847,0.5254309098364899,0.7426900584795322,0.790429378072064,0.5887850467289719,0.8268398268398268,103,0.5675675675675675,0.6116504854368932,342,0.799163179916318,0.4583044760743856,73
lucky-sweep-1575,rthkntb3,48155,0.1,TimeSformer,mean,0.9,5,0.38044866061381055,1,AdamW,reduce,7,finger_tapping,256,512,74,0,True,False,7.072880038198954e-05,no,47,74,1770296714.3577898,0.7292817679558011,0.806693871952265,0.644927536231884,0.5301182349083832,0.7309941520467836,0.7818986878986067,0.5818181818181818,0.8266666666666667,103,0.5470085470085471,0.6213592233009708,342,0.7782426778242678,0.4080654008843553,47
azure-sweep-707,zyijp4nv,49725,0.1,VideoPrism,mean,0.9,5,0.42541752611949424,1,AdamW,reduce,7,finger_tapping,256,512,121,0,True,False,0.0011105723194718893,no,65,121,1770218150.080011,0.7375690607734806,0.8066595795754604,0.6332046332046332,0.5165096261224694,0.7696793002915452,0.8286812297734627,0.6108374384236454,0.831275720164609,103,0.62,0.6019417475728155,343,0.8416666666666667,0.40200189946896986,65
rose-sweep-1520,q7lf3ts7,879,0.1,TimeSformer,mean,0.9,5,0.4348331663453549,1,AdamW,reduce,6,finger_tapping,256,768,169,0,True,False,0.000130837340767021,no,100,169,1770291768.6289618,0.7292817679558011,0.8066595795754604,0.631578947368421,0.5303999340336626,0.7339181286549707,0.7851078522971929,0.5844748858447488,0.827433628318584,103,0.5517241379310345,0.6213592233009708,342,0.7824267782426778,0.4358590693170461,100
golden-sweep-1181,ltwyvnmg,483,0.1,VideoPrism,mean,0.9,4,0.4317001861856127,1,AdamW,reduce,4,finger_tapping,256,512,120,0,True,False,0.0009249803892029692,no,67,120,1770261135.434826,0.7486187845303868,0.8066595795754603,0.6374501992031872,0.5075621252560484,0.760932944606414,0.8301779935275081,0.5858585858585859,0.8185483870967742,103,0.6105263157894737,0.5631067961165048,343,0.8458333333333333,0.4074586088922815,67
polar-sweep-1079,2ch8lh6y,67186,0.1,VideoPrism,mean,0.9,4,0.4826321713099849,1,AdamW,reduce,9,finger_tapping,256,256,183,0,True,False,0.0014779636259778974,no,91,183,1770251915.0409057,0.7486187845303868,0.8064881176914372,0.6285714285714286,0.5082205425309871,0.7696793002915452,0.8347491909385114,0.572972972972973,0.8084291187739464,103,0.6463414634146342,0.5145631067961165,343,0.8791666666666667,0.4152686123701024,91
deep-sweep-74,tsc2mqt8,19465,0.1,TimeSformer,mean,0.9,5,0.21764512691366675,1,SGD,reduce,8,finger_tapping,256,1024,110,0,True,False,0.005377969113729431,no,64,110,1770157307.093199,0.7541436464088398,0.806419532937828,0.6396761133603239,0.5078721349410589,0.7485380116959064,0.7827923792501117,0.5612244897959183,0.8072289156626506,103,0.5913978494623656,0.5339805825242718,342,0.8410041841004184,0.4919340566659779,64
blooming-sweep-1464,h1frzk9s,12962,0.1,TimeSformer,mean,0.9,5,0.2695589765032092,1,AdamW,step,6,finger_tapping,256,256,190,0,True,False,1.62305918484218e-05,no,106,190,1770286693.4316168,0.712707182320442,0.8063852405610233,0.6338028169014085,0.5491181747030817,0.7222222222222222,0.7879514156883455,0.5957446808510638,0.8428571428571429,103,0.5303030303030303,0.6796116504854369,342,0.7405857740585774,0.4880553313325461,106
solar-sweep-1538,qc73rxhb,33986,0.1,VideoPrism,mean,0.9,3,0.24238621349907288,1,AdamW,step,6,finger_tapping,256,768,181,0,True,False,8.848816880758413e-05,no,95,181,1770293470.346006,0.7348066298342542,0.8063166558074141,0.6363636363636364,0.5219751612916177,0.7784256559766763,0.8308656957928803,0.6481481481481481,0.8565217391304348,103,0.6194690265486725,0.6796116504854369,343,0.8208333333333333,0.3902022718316755,95
stoic-sweep-1453,fykj96xx,26492,0.1,TimeSformer,mean,0.9,5,0.14448418724818943,1,AdamW,step,4,finger_tapping,256,768,200,0,True,False,1.7760117786880797e-05,no,117,200,1770285776.1169667,0.7209944751381215,0.806316655807414,0.6456140350877193,0.5455324998876666,0.716374269005848,0.7805987732055085,0.5800865800865801,0.8317757009345794,103,0.5234375,0.6504854368932039,342,0.7447698744769874,0.389728813356244,117
autumn-sweep-193,yt7ww8oo,9972,0.1,VideoPrism,mean,0.9,5,0.4696165334956601,1,AdamW,reduce,3,finger_tapping,256,1024,157,0,True,False,0.0004901235551547958,no,84,157,1770169026.7590926,0.7458563535911602,0.8062480710538048,0.6434108527131783,0.5140355222791598,0.7696793002915452,0.8300161812297736,0.6108374384236454,0.831275720164609,103,0.62,0.6019417475728155,343,0.8416666666666667,0.3978891907700487,84
dulcet-sweep-1497,1q2yx5c7,2361,0.1,TimeSformer,mean,0.9,5,0.2366185507023607,1,AdamW,reduce,8,finger_tapping,256,1024,116,0,True,False,0.00034388825658908097,no,69,116,1770289842.8072476,0.7320441988950276,0.8062137786770002,0.6367041198501873,0.5227780299292085,0.7309941520467836,0.7843360279481659,0.5779816513761468,0.8237885462555066,103,0.5478260869565217,0.6116504854368932,342,0.7824267782426778,0.3925478956689891,69
feasible-sweep-770,lh00jaxr,50261,0.1,TimeSformer,mean,0.9,4,0.48637133519628106,1,AdamW,step,3,finger_tapping,256,512,168,0,True,False,5.731095265379675e-05,no,100,168,1770223990.986974,0.712707182320442,0.8061451939233909,0.6312056737588653,0.5374318795968156,0.7222222222222222,0.7764146727870983,0.5851528384279476,0.8333333333333334,103,0.5317460317460317,0.6504854368932039,342,0.7531380753138075,0.33664707836526525,100
solar-sweep-275,9klgjg75,34049,0.1,TimeSformer,mean,0.9,5,0.16771014926412753,1,AdamW,reduce,3,finger_tapping,256,256,121,0,True,False,0.00026760443304741434,no,75,121,1770176808.9085474,0.7348066298342542,0.8061451939233908,0.6546762589928058,0.5301120916782822,0.7309941520467836,0.7825892675793151,0.5892857142857143,0.832579185520362,103,0.5454545454545454,0.6407766990291263,342,0.7698744769874477,0.38285952113257726,75
kind-sweep-176,4futjoyo,21316,0.1,VideoPrism,mean,0.9,5,0.1743786313300048,1,AdamW,reduce,7,finger_tapping,256,1024,163,0,True,False,0.0001167968778521069,no,90,163,1770167341.2825398,0.7430939226519337,0.8061109015465863,0.6324110671936759,0.5112218069766766,0.7696793002915452,0.8311488673139159,0.6030150753768844,0.8259109311740891,103,0.625,0.5825242718446602,343,0.85,0.39853687089669776,90
distinctive-sweep-449,i6831hmm,83194,0.1,VideoPrism,mean,0.9,4,0.24257340697203017,1,AdamW,step,6,finger_tapping,256,256,123,0,True,False,0.0003901899670399846,no,65,123,1770193799.9790049,0.7430939226519337,0.8060766091697815,0.6234817813765182,0.508921461210725,0.7638483965014577,0.8282362459546925,0.5668449197860963,0.806949806949807,103,0.6309523809523809,0.5145631067961165,343,0.8708333333333333,0.41203894322482537,65
magic-sweep-626,qciqmy47,47105,0.1,VJEPA2_SSV2,mean,0.9,5,0.2021475721000788,1,AdamW,step,8,finger_tapping,256,512,116,0,True,False,0.005364320472528499,no,74,116,1770210789.3356116,0.7458563535911602,0.806042316792977,0.6461538461538462,0.5064548734801909,0.793002915451895,0.8492718446601941,0.6602870813397129,0.8565400843881856,103,0.6509433962264151,0.6699029126213593,343,0.8458333333333333,0.45772259574287216,74
cosmic-sweep-980,xnge1zvm,2731,0.1,TimeSformer,mean,0.9,5,0.14012172717364804,1,AdamW,reduce,9,finger_tapping,256,1024,100,0,True,False,1.3505722339765724e-05,no,67,100,1770243157.8459673,0.7071823204419889,0.8060080244161724,0.6344827586206897,0.5555323974862283,0.7309941520467836,0.7893731973839218,0.6101694915254238,0.8516746411483254,103,0.5413533834586466,0.6990291262135923,342,0.7447698744769874,0.505251366504381,67
autumn-sweep-727,0aqrigtm,21190,0.1,TimeSformer,mean,0.9,5,0.34807968637224984,1,AdamW,reduce,8,finger_tapping,256,1024,192,0,True,False,4.807591430819768e-05,no,113,192,1770219944.602067,0.7292817679558011,0.8060080244161723,0.6524822695035462,0.5324278928298318,0.7280701754385965,0.7773489864727628,0.5866666666666667,0.8318181818181818,103,0.5409836065573771,0.6407766990291263,342,0.7656903765690377,0.336833638829692,113
major-sweep-1093,qldlhjuh,45548,0.1,VideoPrism,mean,0.9,3,0.32535755278489936,1,AdamW,reduce,7,finger_tapping,256,768,114,0,True,False,9.063285544123068e-05,no,53,114,1770253069.0244586,0.7292817679558011,0.8058708549089537,0.6343283582089553,0.5231915564168224,0.760932944606414,0.8285598705501618,0.6339285714285714,0.8558558558558559,103,0.5867768595041323,0.6893203883495146,343,0.7916666666666666,0.4082188741942761,53
copper-sweep-1071,a91132hn,51039,0.1,TimeSformer,mean,0.9,5,0.4199637754836836,1,AdamW,reduce,5,finger_tapping,256,256,149,0,True,False,0.00018239043125242284,no,84,149,1770251085.1037428,0.7486187845303868,0.8058708549089537,0.6642066420664207,0.5303365449879051,0.7456140350877193,0.7868139903318845,0.5953488372093023,0.8304347826086956,103,0.5714285714285714,0.6213592233009708,342,0.799163179916318,0.4861758017160783,84
jolly-sweep-1156,1axwf7is,69875,0.1,VideoPrism,mean,0.9,3,0.31548304387768933,1,AdamW,reduce,5,finger_tapping,256,768,153,0,True,False,8.1991111457921e-05,no,79,153,1770258702.7565515,0.7375690607734806,0.8058365625321492,0.6415094339622641,0.5189156361047734,0.7696793002915452,0.8298139158576051,0.6325581395348837,0.8484848484848485,103,0.6071428571428571,0.6601941747572816,343,0.8166666666666667,0.4060304346781365,79
happy-sweep-735,vl2nfiyf,6764,0.1,TimeSformer,mean,0.9,5,0.15466587492425,1,AdamW,reduce,5,finger_tapping,256,256,135,0,True,False,3.2989530587962494e-05,no,74,135,1770220698.3419514,0.7154696132596685,0.8057679777785399,0.643598615916955,0.5498236121393699,0.7309941520467836,0.7838891822724133,0.5964912280701754,0.8387096774193549,103,0.544,0.6601941747572816,342,0.7615062761506276,0.47517403267012914,74
tough-sweep-583,7qhr8m4s,11232,0.1,TimeSformer,mean,0.9,5,0.4597334981711393,1,AdamW,reduce,6,finger_tapping,256,1024,148,0,True,False,0.0005744109363095915,no,82,148,1770206812.448594,0.7375690607734806,0.8057679777785398,0.6303501945525292,0.52014766806397,0.7426900584795322,0.7912824470894098,0.5925925925925926,0.8296943231441049,103,0.5663716814159292,0.6213592233009708,342,0.7949790794979079,0.4318994717379925,82
olive-sweep-1018,hcbgjq96,60050,0.1,VideoPrism,mean,0.9,4,0.11203786679152294,1,AdamW,reduce,9,finger_tapping,256,256,197,0,True,False,0.0001240643571498012,no,107,197,1770246660.030192,0.7458563535911602,0.8057679777785398,0.648854961832061,0.5238291957101769,0.760932944606414,0.8307443365695794,0.6203703703703703,0.8434782608695652,103,0.5929203539823009,0.6504854368932039,343,0.8083333333333333,0.40208414540613147,107
robust-sweep-1026,f4utyf8y,42167,0.1,VideoPrism,mean,0.9,4,0.18720799899898183,1,AdamW,step,7,finger_tapping,256,768,138,0,True,False,9.749659003030104e-05,no,76,138,1770247365.7246685,0.7348066298342542,0.8057679777785398,0.6363636363636364,0.5190024214554887,0.7667638483965015,0.8315533980582525,0.6261682242990654,0.8448275862068966,103,0.6036036036036037,0.6504854368932039,343,0.8166666666666667,0.4004955268048387,76
swift-sweep-630,kfnzbo32,17594,0.1,VideoPrism,mean,0.9,5,0.1322265895850296,1,AdamW,reduce,7,finger_tapping,256,768,112,0,True,False,9.458676685438868e-05,no,55,112,1770211037.077809,0.7375690607734806,0.8057679777785398,0.6387832699619772,0.5177258704248713,0.7638483965014577,0.8296521035598705,0.6197183098591549,0.8412017167381974,103,0.6,0.6407766990291263,343,0.8166666666666667,0.4119448411772787,55
dry-sweep-1565,h4vp393e,61134,0.1,TimeSformer,mean,0.9,4,0.4018007520029746,1,AdamW,step,3,finger_tapping,256,768,130,0,True,False,2.8054680833015277e-05,no,78,130,1770295901.22175,0.7154696132596685,0.8057679777785398,0.6360424028268551,0.5457994427470213,0.7251461988304093,0.7823049112401999,0.5948275862068966,0.8403755868544601,103,0.5348837209302325,0.6699029126213593,342,0.7489539748953975,0.41532781803110247,78
eager-sweep-143,xmktpmg5,53362,0.1,TimeSformer,mean,0.9,5,0.35512724196198275,1,AdamW,reduce,4,finger_tapping,256,256,196,0,True,False,1.25651584400393e-05,no,121,196,1770164218.2201035,0.7071823204419889,0.8057336854017352,0.6344827586206897,0.5563436265808442,0.7192982456140351,0.7857578096437421,0.5932203389830508,0.8421052631578947,103,0.5263157894736842,0.6796116504854369,342,0.7364016736401674,0.514976367561765,121
classic-sweep-306,6fg8b60d,520,0.1,TimeSformer,mean,0.9,5,0.31245276698384616,1,AdamW,reduce,6,finger_tapping,256,1024,153,0,True,False,2.655230552945405e-05,no,88,153,1770179951.6730676,0.712707182320442,0.8057336854017352,0.6363636363636364,0.5466944087934758,0.7134502923976608,0.788154527359142,0.5775862068965517,0.8309859154929577,103,0.5193798449612403,0.6504854368932039,342,0.7405857740585774,0.408293266834369,88
treasured-sweep-1619,c7vll1bs,93255,0.1,VideoPrism,mean,0.9,5,0.1874663289805797,1,AdamW,reduce,5,finger_tapping,256,768,200,0,True,False,0.0005090957216058941,no,106,200,1770300894.2494285,0.7486187845303868,0.8056308082713213,0.6285714285714286,0.5043234828427352,0.7638483965014577,0.8309466019417476,0.5668449197860963,0.806949806949807,103,0.6309523809523809,0.5145631067961165,343,0.8708333333333333,0.42961692573061994,106
different-sweep-147,6ae0ej5o,76419,0.1,VideoPrism,mean,0.9,5,0.21240537577610544,1,AdamW,reduce,8,finger_tapping,256,256,120,0,True,False,0.0008071729169233741,no,70,120,1770164606.7228892,0.7348066298342542,0.8056308082713213,0.5966386554621849,0.5070793381712054,0.7667638483965015,0.8301375404530744,0.5652173913043478,0.8053435114503816,103,0.6419753086419753,0.5048543689320388,343,0.8791666666666667,0.4245368959770998,70
ruby-sweep-966,07epf4mv,31873,0.1,VideoPrism,mean,0.9,5,0.13965135152041525,1,AdamW,reduce,9,finger_tapping,256,1024,195,0,True,False,0.002108218948413051,no,80,195,1770241805.5008962,0.7596685082872928,0.805562223517712,0.6477732793522267,0.5130662733678659,0.7521865889212828,0.8344660194174758,0.5641025641025641,0.8087649402390438,103,0.5978260869565217,0.5339805825242718,343,0.8458333333333333,0.41691366709013344,80
winter-sweep-949,tf08wgqo,89273,0.1,TimeSformer,mean,0.9,5,0.28986724161427724,1,SGD,step,6,finger_tapping,256,256,166,0,True,False,0.002352182151807324,no,89,166,1770240333.55116,0.7403314917127072,0.8054936387641027,0.6518518518518519,0.5274787871218518,0.7222222222222222,0.7738554657350613,0.5701357466063348,0.8214285714285714,103,0.5338983050847458,0.6116504854368932,342,0.7698744769874477,0.4265458649005852,89
magic-sweep-942,2q2b12o2,79567,0.1,VideoPrism,mean,0.9,5,0.4941384558636649,1,AdamW,step,5,finger_tapping,256,768,180,0,True,False,7.4029360907242e-05,no,97,180,1770239602.0515049,0.7320441988950276,0.8054250540104936,0.6394052044609665,0.5226406978638791,0.7725947521865889,0.8291666666666666,0.6454545454545455,0.8584070796460177,103,0.6068376068376068,0.6893203883495146,343,0.8083333333333333,0.4153219367827383,97
major-sweep-581,ikcrsfh1,23260,0.1,VideoPrism,mean,0.9,5,0.3410780444684576,1,AdamW,reduce,4,finger_tapping,256,512,109,0,True,False,0.0007022026596028394,no,57,109,1770206598.188957,0.7458563535911602,0.8054250540104935,0.640625,0.5135404207429833,0.760932944606414,0.830784789644013,0.5858585858585859,0.8185483870967742,103,0.6105263157894737,0.5631067961165048,343,0.8458333333333333,0.4036201999391287,57
cosmic-sweep-1404,727v58vd,26379,0.1,TimeSformer,mean,0.9,5,0.41165765890324313,1,AdamW,reduce,6,finger_tapping,256,512,122,0,True,False,0.000393042463358301,no,67,122,1770281171.5140176,0.7265193370165746,0.8053564692568842,0.623574144486692,0.5262917994794266,0.7397660818713451,0.7884388836982573,0.5972850678733032,0.8348214285714286,103,0.559322033898305,0.6407766990291263,342,0.7824267782426778,0.42480254119954575,67
snowy-sweep-293,u1ty3yg8,13580,0.1,TimeSformer,mean,0.9,5,0.47469350543959143,1,SGD,step,9,finger_tapping,256,768,153,0,True,False,0.006704504950139266,no,93,153,1770178645.7364674,0.7458563535911602,0.8052535921264704,0.6349206349206349,0.5210716296296093,0.7426900584795322,0.7866921233294064,0.5925925925925926,0.8296943231441049,103,0.5663716814159292,0.6213592233009708,342,0.7949790794979079,0.5108630147653356,93
desert-sweep-408,nhqv0d99,77130,0.1,VJEPA2_SSV2,mean,0.9,3,0.22748651765167083,1,AdamW,reduce,4,flip_palm,256,512,72,0,True,False,4.373951634732376e-05,no,49,72,1770181567.176024,0.7712609970674487,0.8462511863334388,0.6454545454545455,0.44816372261718573,0.7993630573248408,0.8587265917602995,0.6358381502890174,0.8521739130434782,89,0.6547619047619048,0.6179775280898876,314,0.8711111111111111,0.3539688275173796,49
fearless-sweep-522,ikyvhn63,9847,0.1,VJEPA2_SSV2,mean,0.9,4,0.30512197442147937,1,AdamW,reduce,8,flip_palm,256,256,157,0,True,False,4.324788144211911e-05,no,83,157,1770190715.0355415,0.7624633431085044,0.8455393862701678,0.6693877551020408,0.4678609939264762,0.7707006369426752,0.8557303370786516,0.625,0.8625592417061612,89,0.5825242718446602,0.6741573033707865,314,0.8088888888888889,0.3265189759328332,83
generous-sweep-1841,nddv5q1m,74685,0.1,VJEPA2_SSV2,mean,0.9,4,0.3761426130165611,1,AdamW,step,8,flip_palm,256,768,131,0,True,False,3.861561719129787e-05,no,81,131,1770290782.8940284,0.7683284457478006,0.8444321417273015,0.6638297872340425,0.46217254249930734,0.7866242038216561,0.8583770287141075,0.6378378378378379,0.8623853211009175,89,0.6145833333333334,0.6629213483146067,314,0.8355555555555556,0.32130248138042683,81
resilient-sweep-1154,cfb3umhr,25946,0.1,VJEPA2_SSV2,mean,0.9,3,0.23753783797487815,1,AdamW,reduce,3,flip_palm,256,1024,68,0,True,False,4.877775598673687e-05,no,38,68,1770238800.9722824,0.7653958944281525,0.844155330591585,0.6460176991150443,0.45768342409665286,0.7961783439490446,0.857478152309613,0.6404494382022472,0.8577777777777778,89,0.6404494382022472,0.6404494382022472,314,0.8577777777777778,0.35568698275257166,38
graceful-sweep-1311,ww04qhym,42954,0.1,VJEPA2_SSV2,mean,0.9,5,0.4903035614545319,1,AdamW,reduce,5,flip_palm,256,768,163,0,True,False,2.302550427446773e-05,no,74,163,1770250820.974183,0.7683284457478006,0.844076241695666,0.6721991701244814,0.47119282120483713,0.7770700636942676,0.8615730337078651,0.631578947368421,0.863849765258216,89,0.594059405940594,0.6741573033707865,314,0.8177777777777778,0.31448690362379583,74
spring-sweep-562,m6gxlbkj,97074,0.1,VJEPA2_SSV2,mean,0.9,3,0.11595523997632344,1,AdamW,reduce,5,flip_palm,256,256,179,0,True,False,3.0519023601848446e-05,no,98,179,1770193626.187987,0.7565982404692082,0.8437203416640304,0.6639676113360324,0.47557969299579295,0.7834394904458599,0.8559300873907616,0.6458333333333334,0.8720379146919431,89,0.6019417475728155,0.6966292134831461,314,0.8177777777777778,0.3565637249621987,98
pious-sweep-811,rufvfxzk,68224,0.1,VJEPA2_SSV2,mean,0.9,5,0.12221797212428363,1,AdamW,reduce,5,flip_palm,256,1024,152,0,True,False,1.924504470343696e-05,no,79,152,1770213172.8293748,0.7712609970674487,0.8436807972160708,0.6694915254237288,0.4696191909376128,0.7738853503184714,0.8592759051186017,0.6203208556149733,0.8564814814814815,89,0.5918367346938775,0.651685393258427,314,0.8222222222222222,0.30516283388988513,79
vibrant-sweep-1688,y2v37fco,21905,0.1,VJEPA2_SSV2,mean,0.9,5,0.27408145212344365,1,AdamW,step,10,flip_palm,256,1024,133,0,True,False,1.8363849517779253e-05,no,70,133,1770278973.3279562,0.7624633431085044,0.8434830749762733,0.6610878661087866,0.46614323508354927,0.7802547770700637,0.8547315855181024,0.6387434554973822,0.8679245283018868,89,0.5980392156862745,0.6853932584269663,314,0.8177777777777778,0.34917048081545765,70
brisk-sweep-1348,9t3c7pv6,4459,0.1,VJEPA2_SSV2,mean,0.9,5,0.3246207003498611,1,AdamW,reduce,5,flip_palm,256,1024,74,0,True,False,6.177874922636363e-05,no,44,74,1770253312.612223,0.7712609970674487,0.8433644416323948,0.6388888888888888,0.4475498409215306,0.802547770700637,0.8592759051186019,0.6309523809523809,0.8468085106382979,89,0.6708860759493671,0.5955056179775281,314,0.8844444444444445,0.35156082729218713,44
solar-sweep-1833,sd19qoeq,27895,0.1,VJEPA2_SSV2,mean,0.9,4,0.23116089453945957,1,AdamW,reduce,10,flip_palm,256,256,185,0,True,False,1.4950495254983748e-05,no,89,185,1770290160.5978987,0.750733137829912,0.8432062638405569,0.6613545816733067,0.4844720215042316,0.7770700636942676,0.85103620474407,0.6391752577319587,0.8708133971291866,89,0.5904761904761905,0.6966292134831461,314,0.8088888888888889,0.41108123881156455,89
solar-sweep-984,db5ya6fh,39592,0.1,VJEPA2_SSV2,mean,0.9,5,0.461057348489869,1,AdamW,reduce,3,flip_palm,256,512,162,0,True,False,4.1529681635672854e-05,no,80,162,1770226071.4668062,0.7683284457478006,0.8432062638405569,0.6488888888888888,0.4576789090011127,0.7929936305732485,0.8597752808988763,0.6408839779005525,0.8603603603603603,89,0.6304347826086957,0.651685393258427,314,0.8488888888888889,0.31053433311937,80
vague-sweep-369,eg9qjjwg,29085,0.1,VJEPA2_SSV2,mean,0.9,4,0.24593742199054247,1,AdamW,reduce,6,flip_palm,256,256,116,0,True,False,0.00011544401281988644,no,62,116,1770178503.6834934,0.7683284457478006,0.8432062638405567,0.6550218340611353,0.45974641898510393,0.7929936305732485,0.8570287141073658,0.6408839779005525,0.8603603603603603,89,0.6304347826086957,0.651685393258427,314,0.8488888888888889,0.31422485879889117,62
devoted-sweep-1027,7iszbm2k,86548,0.1,VJEPA2_SSV2,mean,0.9,4,0.42102834068643424,1,AdamW,reduce,9,flip_palm,256,1024,158,0,True,False,1.3807410978103696e-05,no,79,158,1770229443.892941,0.7595307917888563,0.8431667193925974,0.6666666666666666,0.477931251274176,0.7770700636942676,0.8595755305867665,0.6391752577319587,0.8708133971291866,89,0.5904761904761905,0.6966292134831461,314,0.8088888888888889,0.3269422433465859,79
comic-sweep-316,ulqpgc7p,33160,0.1,VJEPA2_SSV2,mean,0.9,5,0.4894025939168478,1,AdamW,step,9,flip_palm,256,512,187,0,True,False,3.1305911928589865e-05,no,94,187,1770174544.190125,0.7683284457478006,0.8431667193925972,0.6694560669456067,0.4734509826755244,0.7707006369426752,0.8599250936329588,0.6210526315789474,0.8591549295774648,89,0.5841584158415841,0.6629213483146067,314,0.8133333333333334,0.32510361677044436,94
visionary-sweep-1816,761e3epy,84063,0.1,VJEPA2_SSV2,mean,0.9,4,0.35445163086146525,1,AdamW,reduce,5,flip_palm,256,1024,161,0,True,False,3.8814360221872226e-05,no,84,161,1770288910.1687784,0.7712609970674487,0.8431271749446377,0.6548672566371682,0.4594613741919442,0.7898089171974523,0.8631210986267166,0.6373626373626373,0.8597285067873304,89,0.6236559139784946,0.651685393258427,314,0.8444444444444444,0.30604569439037305,84
splendid-sweep-164,2ax1xifi,22796,0.1,VJEPA2_SSV2,mean,0.9,4,0.4480129636482765,1,AdamW,reduce,7,flip_palm,256,1024,179,0,True,False,2.394884577159996e-05,no,99,179,1770163006.6749742,0.7565982404692082,0.8429689971527998,0.6527196652719666,0.4720602469010787,0.7738853503184714,0.8596754057428214,0.6282722513089005,0.8632075471698113,89,0.5882352941176471,0.6741573033707865,314,0.8133333333333334,0.29841052254600703,99
usual-sweep-1709,ujcltsx9,59975,0.1,VJEPA2_SSV2,mean,0.9,4,0.22979174975891797,1,AdamW,reduce,6,flip_palm,256,1024,162,0,True,False,2.8335902853329915e-05,no,85,162,1770280561.5921383,0.7683284457478006,0.8429689971527998,0.6638297872340425,0.4698853436802839,0.7770700636942676,0.858976279650437,0.6236559139784946,0.8571428571428571,89,0.5979381443298969,0.651685393258427,314,0.8266666666666667,0.2902803977890194,85
stellar-sweep-965,m21n8sln,36749,0.1,VJEPA2_SSV2,mean,0.9,3,0.36286807082424954,1,AdamW,step,9,flip_palm,256,256,62,0,True,False,7.80212226626589e-05,no,36,62,1770224679.2587898,0.7741935483870968,0.8429689971527997,0.6666666666666666,0.4644551458946071,0.7834394904458599,0.8617228464419475,0.6344086021505376,0.8617511520737328,89,0.6082474226804123,0.6629213483146067,314,0.8311111111111111,0.3348110189460253,36
pleasant-sweep-1905,jyjc8a5q,51948,0.1,VJEPA2_SSV2,mean,0.9,5,0.4228318152884779,1,AdamW,step,6,flip_palm,256,1024,136,0,True,False,1.6626544418993214e-05,no,70,136,1770295275.4844832,0.7683284457478006,0.8428899082568808,0.6721991701244814,0.47383657456143513,0.7802547770700637,0.860274656679151,0.6424870466321243,0.8714285714285714,89,0.5961538461538461,0.6966292134831461,314,0.8133333333333334,0.3352269818525359,70
unique-sweep-305,oqu8el08,91566,0.1,VJEPA2_SSV2,mean,0.9,4,0.10391968247833512,1,AdamW,reduce,5,flip_palm,256,1024,149,0,True,False,1.3962171338404766e-05,no,75,149,1770173721.7419765,0.7595307917888563,0.8428503638089213,0.6639344262295082,0.4738863285335977,0.7802547770700637,0.8556803995006241,0.6424870466321243,0.8714285714285714,89,0.5961538461538461,0.6966292134831461,314,0.8133333333333334,0.35933364654930544,75
eternal-sweep-1574,cr0dbnfs,90709,0.1,VJEPA2_SSV2,mean,0.9,4,0.17990792683805854,1,AdamW,reduce,9,flip_palm,256,256,90,0,True,False,4.418581959092102e-05,no,49,90,1770270183.4951746,0.7536656891495601,0.8428108193609618,0.6666666666666666,0.4793509271137875,0.7738853503184714,0.855980024968789,0.6395939086294417,0.8737864077669902,89,0.5833333333333334,0.7078651685393258,314,0.8,0.348455612788178,49
dazzling-sweep-1035,dgioxjlg,45504,0.1,VJEPA2_SSV2,mean,0.9,5,0.4898450970742898,1,AdamW,step,7,flip_palm,256,256,116,0,True,False,8.076613541534206e-05,no,66,116,1770230024.0273528,0.7683284457478006,0.8427712749130022,0.6550218340611353,0.4590301763626837,0.7961783439490446,0.8584769038701623,0.6444444444444445,0.8609865470852018,89,0.6373626373626373,0.651685393258427,314,0.8533333333333334,0.3373673437906543,66
autumn-sweep-106,vfu1pv2o,77745,0.1,VJEPA2_SSV2,mean,0.9,5,0.23724505768477824,1,AdamW,reduce,7,flip_palm,256,768,170,0,True,False,4.570121274880219e-05,no,92,170,1770158395.9971569,0.7653958944281525,0.8427317304650427,0.6551724137931034,0.4640405454244082,0.7866242038216561,0.8608239700374531,0.6338797814207651,0.8590909090909091,89,0.6170212765957447,0.651685393258427,314,0.84,0.30341440243340434,92
dashing-sweep-1621,mxajlrdg,3874,0.1,VJEPA2_SSV2,mean,0.9,4,0.3551954507517652,1,AdamW,reduce,6,flip_palm,256,768,184,0,True,False,1.3464291882691152e-05,no,98,184,1770273994.4330292,0.7565982404692082,0.8426921860170832,0.6612244897959184,0.4760605535549153,0.7770700636942676,0.8562796504369538,0.6428571428571429,0.8743961352657005,89,0.5887850467289719,0.7078651685393258,314,0.8044444444444444,0.3508382330478077,98
fast-sweep-1560,9p5kkeja,74825,0.1,VJEPA2_SSV2,mean,0.9,4,0.27920484697979053,1,AdamW,reduce,8,flip_palm,256,768,137,0,True,False,1.603277178725011e-05,no,71,137,1770269207.201897,0.7653958944281525,0.8426526415691238,0.6721311475409836,0.4746467436164006,0.7770700636942676,0.8535330836454432,0.6354166666666666,0.8672985781990521,89,0.5922330097087378,0.6853932584269663,314,0.8133333333333334,0.35847747479805925,71
morning-sweep-72,9dt9tp5z,53337,0.1,VJEPA2_SSV2,mean,0.9,5,0.43418834847170806,1,AdamW,step,10,flip_palm,256,768,198,0,True,False,1.8354531709223604e-05,no,116,198,1770155783.034833,0.7712609970674487,0.8426526415691238,0.6722689075630253,0.4717008487220384,0.7770700636942676,0.8597253433208489,0.6276595744680851,0.8604651162790697,89,0.5959595959595959,0.6629213483146067,314,0.8222222222222222,0.29570831519337326,116
playful-sweep-1339,2x92lpyj,95623,0.1,VJEPA2_SSV2,mean,0.9,4,0.2402674379916497,1,AdamW,reduce,5,flip_palm,256,1024,199,0,True,False,1.5266374834655975e-05,no,93,199,1770252685.5665128,0.7741935483870968,0.8426526415691237,0.6723404255319149,0.46555814382967015,0.7834394904458599,0.8598252184769039,0.6382978723404256,0.8651162790697674,89,0.6060606060606061,0.6741573033707865,314,0.8266666666666667,0.29790833550439755,93
blooming-sweep-1865,1y7r9uah,11170,0.1,VJEPA2_SSV2,mean,0.9,5,0.20479421176875687,1,AdamW,step,6,flip_palm,256,256,158,0,True,False,2.1361570227937403e-05,no,88,158,1770292450.922453,0.7419354838709677,0.8426130971211643,0.648,0.4806587426893173,0.7738853503184714,0.8522846441947566,0.6358974358974359,0.8701923076923077,89,0.5849056603773585,0.6966292134831461,314,0.8044444444444444,0.3736392154660023,88
woven-sweep-1667,shmrz82e,50486,0.1,VJEPA2_SSV2,mean,0.9,5,0.11135499874924548,1,AdamW,reduce,3,flip_palm,256,256,178,0,True,False,2.1016483158208663e-05,no,89,178,1770277508.514987,0.750733137829912,0.8426130971211642,0.6586345381526104,0.4777622486838846,0.7770700636942676,0.8543320848938827,0.6391752577319587,0.8708133971291866,89,0.5904761904761905,0.6966292134831461,314,0.8088888888888889,0.36321281547277745,89
different-sweep-693,hy2ukttj,4158,0.1,VJEPA2_SSV2,mean,0.9,4,0.2481240524467225,1,AdamW,reduce,3,flip_palm,256,512,196,0,True,False,0.00013476317198138577,no,96,196,1770204002.1204913,0.7624633431085044,0.8425340082252453,0.6462882096069869,0.46066984018622253,0.7770700636942676,0.8584769038701623,0.6111111111111112,0.8475336322869955,89,0.6043956043956044,0.6179775280898876,314,0.84,0.32571602847094827,96
feasible-sweep-763,5toyl5uq,42392,0.1,VJEPA2_SSV2,mean,0.9,5,0.38718563083137425,1,AdamW,step,5,flip_palm,256,1024,54,0,True,False,3.842809638699873e-05,no,36,54,1770209425.128513,0.7536656891495601,0.8425340082252452,0.6528925619834711,0.4748386616580997,0.7834394904458599,0.8582771535580525,0.6458333333333334,0.8720379146919431,89,0.6019417475728155,0.6966292134831461,314,0.8177777777777778,0.3623825090591896,36
tough-sweep-877,zuxsvbqk,4465,0.1,VJEPA2_SSV2,mean,0.9,4,0.22433703824195664,1,AdamW,reduce,6,flip_palm,256,768,168,0,True,False,2.4745433076253896e-05,no,78,168,1770218086.0993173,0.7624633431085044,0.8424944637772857,0.6610878661087866,0.4724410761835987,0.7834394904458599,0.8543820224719101,0.6421052631578947,0.8685446009389671,89,0.6039603960396039,0.6853932584269663,314,0.8222222222222222,0.3385532964283312,78
quiet-sweep-1299,g6p3dax8,86838,0.1,VJEPA2_SSV2,mean,0.9,5,0.3428872118616365,1,AdamW,reduce,8,flip_palm,256,1024,178,0,True,False,2.4699797916414163e-05,no,80,178,1770250001.583367,0.7683284457478006,0.8424549193293261,0.6609442060085837,0.4678388695912627,0.7770700636942676,0.8583770287141074,0.6276595744680851,0.8604651162790697,89,0.5959595959595959,0.6629213483146067,314,0.8222222222222222,0.29405671246174914,80
logical-sweep-1146,olvajf26,50444,0.1,VJEPA2_SSV2,mean,0.9,4,0.3270359134782924,1,AdamW,reduce,8,flip_palm,256,512,118,0,True,False,0.00021105686211318135,no,65,118,1770238177.3549864,0.7800586510263929,0.8424153748813666,0.6543778801843319,0.449561688732192,0.802547770700637,0.8550811485642946,0.6436781609195402,0.8558951965065502,89,0.6588235294117647,0.6292134831460674,314,0.8711111111111111,0.3511462329139172,65
rose-sweep-200,5c46cik2,57216,0.1,VJEPA2_SSV2,mean,0.9,5,0.23851408539746172,1,AdamW,reduce,6,flip_palm,256,1024,155,0,True,False,8.605934778946475e-05,no,88,155,1770165790.7507162,0.7741935483870968,0.8423758304334071,0.6695278969957081,0.4662180111205473,0.7961783439490446,0.8621722846441948,0.6444444444444445,0.8609865470852018,89,0.6373626373626373,0.651685393258427,314,0.8533333333333334,0.29346009291393654,88
dazzling-sweep-542,zftito8p,2458,0.1,VJEPA2_SSV2,mean,0.9,3,0.449145756389571,1,AdamW,step,5,flip_palm,256,768,173,0,True,False,2.4883815788109752e-05,no,88,173,1770192202.1690333,0.7624633431085044,0.8423362859854477,0.6639004149377593,0.4729809229674577,0.7834394904458599,0.8597253433208489,0.6421052631578947,0.8685446009389671,89,0.6039603960396039,0.6853932584269663,314,0.8222222222222222,0.2797017035909662,88
logical-sweep-1171,fb9tctq8,81117,0.1,VJEPA2_SSV2,mean,0.9,5,0.2077693985174772,1,AdamW,step,8,flip_palm,256,512,144,0,True,False,1.670365816481802e-05,no,80,144,1770240092.703152,0.7536656891495601,0.8422571970895287,0.664,0.48358758051724027,0.7770700636942676,0.8531335830212234,0.6391752577319587,0.8708133971291866,89,0.5904761904761905,0.6966292134831461,314,0.8088888888888889,0.370450303867949,80
trim-sweep-105,mswaf99y,69216,0.1,VJEPA2_SSV2,mean,0.9,5,0.34557092562865843,1,AdamW,reduce,5,flip_palm,256,768,77,0,True,False,7.099702444843659e-05,no,43,77,1770158293.9903932,0.7653958944281525,0.8422176526415691,0.6610169491525424,0.4684948234264452,0.7738853503184714,0.8588264669163546,0.6243386243386243,0.8598130841121495,89,0.59,0.6629213483146067,314,0.8177777777777778,0.3185461577675152,43
icy-sweep-1760,ymaivwp2,4463,0.1,VJEPA2_SSV2,mean,0.9,3,0.4626792184553749,1,AdamW,reduce,5,flip_palm,256,256,165,0,True,False,3.59163607539535e-05,no,90,165,1770284424.7603445,0.7565982404692082,0.8422176526415691,0.6693227091633466,0.4803921055933597,0.7738853503184714,0.8574781523096131,0.6243386243386243,0.8598130841121495,89,0.59,0.6629213483146067,314,0.8177777777777778,0.31753082426500995,90
divine-sweep-691,9dbdm7gi,22805,0.1,VJEPA2_SSV2,mean,0.9,4,0.47159934507548096,1,AdamW,step,5,flip_palm,256,512,168,0,True,False,0.00012988191474663254,no,87,168,1770203860.7516158,0.7741935483870968,0.8421781081936096,0.6637554585152838,0.45881753408314546,0.7961783439490446,0.8603745318352061,0.6404494382022472,0.8577777777777778,89,0.6404494382022472,0.6404494382022472,314,0.8577777777777778,0.3341141481634597,87
serene-sweep-1262,2ynlbe2q,53191,0.1,VJEPA2_SSV2,mean,0.9,3,0.23589609589940017,1,AdamW,reduce,6,flip_palm,256,768,98,0,True,False,2.2520629027384777e-05,no,60,98,1770247000.2394834,0.7448680351906158,0.8421781081936096,0.6533864541832669,0.4808864761307792,0.7707006369426752,0.8571285892634208,0.6326530612244898,0.8695652173913043,89,0.5794392523364486,0.6966292134831461,314,0.8,0.3504498816431968,60
fanciful-sweep-1031,3as27w5x,64854,0.1,VJEPA2_SSV2,mean,0.9,4,0.46175415043443824,1,AdamW,reduce,8,flip_palm,256,768,113,0,True,False,3.3173622048990655e-05,no,60,113,1770229731.8582177,0.7653958944281525,0.8420990192976906,0.6551724137931034,0.4678413139060795,0.7770700636942676,0.8644694132334582,0.6276595744680851,0.8604651162790697,89,0.5959595959595959,0.6629213483146067,314,0.8222222222222222,0.3025520942020864,60
logical-sweep-921,c6cd2axk,31410,0.1,VJEPA2_SSV2,mean,0.9,5,0.47073110101267257,1,AdamW,reduce,5,flip_palm,256,768,87,0,True,False,6.862409683900226e-05,no,52,87,1770221440.628013,0.7624633431085044,0.8420990192976906,0.6462882096069869,0.4601051844110237,0.7866242038216561,0.8613732833957553,0.6298342541436464,0.8558558558558559,89,0.6195652173913043,0.6404494382022472,314,0.8444444444444444,0.32390961764563975,52
resilient-sweep-1682,qxtgwieh,38232,0.1,VJEPA2_SSV2,mean,0.9,5,0.38556719698820874,1,AdamW,step,4,flip_palm,256,512,119,0,True,False,6.275446744597817e-05,no,64,119,1770278537.634029,0.7624633431085044,0.8420594748497312,0.6523605150214592,0.4671749264613624,0.7834394904458599,0.8613732833957553,0.6263736263736264,0.8552036199095022,89,0.6129032258064516,0.6404494382022472,314,0.84,0.3289854085781205,64
efficient-sweep-235,4hf8hcbz,59695,0.1,VJEPA2_SSV2,mean,0.9,3,0.36211300396163726,1,AdamW,reduce,8,flip_palm,256,256,106,0,True,False,0.00011680578235859957,no,65,106,1770168526.008041,0.7683284457478006,0.8420199304017716,0.658008658008658,0.46178533359706575,0.7929936305732485,0.8580774032459426,0.6368715083798883,0.8571428571428571,89,0.6333333333333333,0.6404494382022472,314,0.8533333333333334,0.349667982596187,65
resilient-sweep-1362,m77uqz38,73377,0.1,VJEPA2_SSV2,mean,0.9,4,0.3639302616735242,1,AdamW,step,3,flip_palm,256,256,189,0,True,False,0.00015469839917823475,no,88,189,1770254313.872759,0.7624633431085044,0.8419803859538121,0.6301369863013698,0.45138386337638253,0.8121019108280255,0.8610736579275905,0.6549707602339181,0.8577586206896551,89,0.6829268292682927,0.6292134831460674,314,0.8844444444444445,0.3537461200790226,88
sweet-sweep-1002,d4f70dpj,6925,0.1,VJEPA2_SSV2,mean,0.9,5,0.27910568294330196,1,AdamW,reduce,4,flip_palm,256,1024,181,0,True,False,1.1598136235225347e-05,no,95,181,1770227535.6815605,0.7448680351906158,0.8419803859538121,0.6448979591836734,0.4793163990694757,0.7738853503184714,0.8532334581772785,0.6321243523316062,0.8666666666666667,89,0.5865384615384616,0.6853932584269663,314,0.8088888888888889,0.3763406280900391,95
comic-sweep-1863,v0r6fhzq,25542,0.1,VJEPA2_SSV2,mean,0.9,5,0.36220975483024453,1,AdamW,reduce,4,flip_palm,256,1024,60,0,True,False,0.00010764886014853495,no,33,60,1770292302.9941475,0.7741935483870968,0.8419012970578931,0.6515837104072398,0.4541935946934384,0.7961783439490446,0.8580274656679151,0.6404494382022472,0.8577777777777778,89,0.6404494382022472,0.6404494382022472,314,0.8577777777777778,0.3146463536040884,33
divine-sweep-1632,9vk14212,54501,0.1,VJEPA2_SSV2,mean,0.9,5,0.19767278750236988,1,AdamW,reduce,8,flip_palm,256,256,193,0,True,False,1.5346525745772037e-05,no,102,193,1770274880.1436772,0.7448680351906158,0.8418617526099336,0.6533864541832669,0.4841938915490405,0.767515923566879,0.8521847690387017,0.6294416243654822,0.8689320388349514,89,0.5740740740740741,0.6966292134831461,314,0.7955555555555556,0.3903413708780853,102
wise-sweep-378,ma593kce,18162,0.1,VJEPA2_SSV2,mean,0.9,5,0.2660607013167733,1,AdamW,step,8,flip_palm,256,256,184,0,True,False,1.972266279558133e-05,no,92,184,1770179184.9688213,0.750733137829912,0.8418222081619741,0.6558704453441295,0.4787775992997581,0.7707006369426752,0.8607240948813982,0.6326530612244898,0.8695652173913043,89,0.5794392523364486,0.6966292134831461,314,0.8,0.3537412442511796,92
solar-sweep-489,124t1bj4,68944,0.1,VJEPA2_SSV2,mean,0.9,5,0.49290258002086274,1,AdamW,step,9,flip_palm,256,768,69,0,True,False,5.78119926939213e-05,no,41,69,1770187883.6700222,0.7565982404692082,0.8417826637140147,0.6468085106382979,0.46662001421025073,0.7866242038216561,0.8575780274656679,0.6378378378378379,0.8623853211009175,89,0.6145833333333334,0.6629213483146067,314,0.8355555555555556,0.3209519107856661,41
vibrant-sweep-1003,5fsxbeiq,45866,0.1,VJEPA2_SSV2,mean,0.9,4,0.24245140305990673,1,AdamW,reduce,6,flip_palm,256,256,145,0,True,False,4.3534643806242686e-05,no,68,145,1770227614.114846,0.7595307917888563,0.8417826637140146,0.6639344262295082,0.477971385301383,0.7707006369426752,0.8578776529338328,0.625,0.8625592417061612,89,0.5825242718446602,0.6741573033707865,314,0.8088888888888889,0.3447748812991129,68
dark-sweep-1011,zaicson7,59439,0.1,VJEPA2_SSV2,mean,0.9,5,0.3590354740551237,1,AdamW,reduce,3,flip_palm,256,512,156,0,True,False,6.682693768599181e-05,no,79,156,1770228194.7348888,0.7653958944281525,0.8417826637140146,0.6396396396396397,0.4576087613259592,0.7866242038216561,0.8526841448189764,0.6214689265536724,0.8495575221238938,89,0.625,0.6179775280898876,314,0.8533333333333334,0.40125071470726265,79
genial-sweep-1201,3c1ywoiu,32401,0.1,VJEPA2_SSV2,mean,0.9,5,0.43892179795381014,1,AdamW,step,7,flip_palm,256,256,141,0,True,False,0.00011623300600520742,no,72,141,1770242425.423184,0.7653958944281525,0.8417826637140146,0.6610169491525424,0.46593833004624263,0.7802547770700637,0.8532334581772785,0.6270270270270271,0.8577981651376146,89,0.6041666666666666,0.651685393258427,314,0.8311111111111111,0.3772813073346313,72
neat-sweep-1980,tw688djv,21583,0.1,VJEPA2_SSV2,mean,0.9,5,0.3706002387606332,1,AdamW,reduce,7,flip_palm,256,1024,158,0,True,False,1.8307821430237933e-05,no,89,158,1770300853.4817815,0.7712609970674487,0.8417826637140146,0.675,0.47356863140710287,0.7802547770700637,0.8594756554307116,0.6310160427807486,0.8611111111111112,89,0.6020408163265306,0.6629213483146067,314,0.8266666666666667,0.3069266104642214,89
charmed-sweep-1631,qcgvar7f,12120,0.1,VJEPA2_SSV2,mean,0.9,5,0.13296659317557116,1,AdamW,reduce,7,flip_palm,256,1024,175,0,True,False,4.930518300182468e-05,no,97,175,1770274766.8789148,0.7712609970674487,0.8417035748180955,0.6578947368421053,0.46132144760176585,0.7961783439490446,0.8541822721598002,0.6483516483516484,0.8642533936651584,89,0.6344086021505376,0.6629213483146067,314,0.8488888888888889,0.36280573072008127,97
misunderstood-sweep-926,eythxtru,89417,0.1,VJEPA2_SSV2,mean,0.9,5,0.34217114069260124,1,AdamW,step,10,flip_palm,256,512,175,0,True,False,1.9085410107332016e-05,no,85,175,1770221745.2144852,0.7536656891495601,0.8417035748180955,0.6557377049180327,0.4757620367136868,0.7802547770700637,0.8595755305867665,0.6424870466321243,0.8714285714285714,89,0.5961538461538461,0.6966292134831461,314,0.8133333333333334,0.34224357725309096,85
graceful-sweep-1176,4y1ezw4d,59731,0.1,VJEPA2_SSV2,mean,0.9,5,0.37591057463106825,1,AdamW,reduce,7,flip_palm,256,768,154,0,True,False,0.00016169438343881473,no,82,154,1770240546.287749,0.7771260997067448,0.841664030370136,0.6513761467889908,0.4524632185435365,0.7961783439490446,0.8567290886392009,0.6363636363636364,0.8546255506607929,89,0.6436781609195402,0.6292134831460674,314,0.8622222222222222,0.3430767894630701,82
crimson-sweep-1134,xboagl96,35053,0.1,VJEPA2_SSV2,mean,0.9,3,0.3318152709140936,1,AdamW,reduce,6,flip_palm,256,256,197,0,True,False,3.185950203533863e-05,no,93,197,1770237388.489747,0.7595307917888563,0.841664030370136,0.6639344262295082,0.47431388208943026,0.7866242038216561,0.8561298377028714,0.6492146596858639,0.8726415094339622,89,0.6078431372549019,0.6966292134831461,314,0.8222222222222222,0.3447421030819136,93
confused-sweep-1240,wsvjggb7,6291,0.1,VJEPA2_SSV2,mean,0.9,5,0.35367126424435646,1,AdamW,reduce,9,flip_palm,256,768,146,0,True,False,1.635513187095243e-05,no,70,146,1770245436.2175047,0.750733137829912,0.841664030370136,0.6558704453441295,0.48019520802931354,0.7770700636942676,0.860374531835206,0.6391752577319587,0.8708133971291866,89,0.5904761904761905,0.6966292134831461,314,0.8088888888888889,0.34731928479503577,70
faithful-sweep-1036,n1bug3gn,37343,0.1,VJEPA2_SSV2,mean,0.9,5,0.26792603117176816,1,AdamW,reduce,4,flip_palm,256,768,128,0,True,False,2.8141185855917377e-05,no,59,128,1770230094.6622033,0.7741935483870968,0.841664030370136,0.6882591093117408,0.476021413404571,0.7738853503184714,0.8598751560549314,0.6282722513089005,0.8632075471698113,89,0.5882352941176471,0.6741573033707865,314,0.8133333333333334,0.31724350455221434,59
fresh-sweep-946,dm03tsef,20273,0.1,VJEPA2_SSV2,mean,0.9,5,0.45442862485538493,1,AdamW,reduce,4,flip_palm,256,512,121,0,True,False,1.7169341192662967e-05,no,66,121,1770223179.2635665,0.7478005865102639,0.8416244859221766,0.6640625,0.4859416565237856,0.7707006369426752,0.853183520599251,0.6288659793814433,0.8660287081339713,89,0.580952380952381,0.6853932584269663,314,0.8044444444444444,0.3922733811425491,66
soft-sweep-352,adsvkczn,32778,0.1,VJEPA2_SSV2,mean,0.9,4,0.3191979657652865,1,AdamW,reduce,8,flip_palm,256,1024,129,0,True,False,2.1321146539648788e-05,no,76,129,1770177240.416687,0.7565982404692082,0.8416244859221765,0.6527196652719666,0.4730686802318718,0.7898089171974523,0.8577777777777778,0.6526315789473685,0.8732394366197183,89,0.6138613861386139,0.6966292134831461,314,0.8266666666666667,0.3392100647581575,76
eager-sweep-1987,sllwr8ww,39578,0.1,VJEPA2_SSV2,mean,0.9,4,0.3776672140588312,1,AdamW,reduce,10,flip_palm,256,512,191,0,True,False,2.174879873421978e-05,no,102,191,1770301432.306193,0.7653958944281525,0.8416244859221765,0.6638655462184874,0.4744549619137716,0.7802547770700637,0.8595755305867665,0.6349206349206349,0.8644859813084113,89,0.6,0.6741573033707865,314,0.8222222222222222,0.31159667439863714,102
bumbling-sweep-111,cdrw52qt,89935,0.1,VJEPA2_SSV2,mean,0.9,5,0.27468630443121234,1,AdamW,reduce,8,flip_palm,256,768,181,0,True,False,9.385208325809276e-05,no,105,181,1770158796.810527,0.7624633431085044,0.8415453970262575,0.6462882096069869,0.46216938415230896,0.7993630573248408,0.8562297128589264,0.6519337016574586,0.8648648648648649,89,0.6413043478260869,0.6629213483146067,314,0.8533333333333334,0.30841054239183524,105
lemon-sweep-1620,lciebdxm,33160,0.1,VJEPA2_SSV2,mean,0.9,3,0.2060734672564971,1,AdamW,reduce,7,flip_palm,256,768,93,0,True,False,3.634392786932887e-05,no,47,93,1770273887.9469008,0.7683284457478006,0.841505852578298,0.6694560669456067,0.4764735988857459,0.7738853503184714,0.8608739076154807,0.6282722513089005,0.8632075471698113,89,0.5882352941176471,0.6741573033707865,314,0.8133333333333334,0.30369830061572256,47
neat-sweep-331,68a648m5,68342,0.1,VJEPA2_SSV2,mean,0.9,5,0.42473436221764793,1,AdamW,step,3,flip_palm,256,768,92,0,True,False,2.7255555089777487e-05,no,55,92,1770175636.0571342,0.750733137829912,0.8414663081303386,0.6502057613168725,0.47763912104441625,0.7770700636942676,0.8562297128589262,0.6354166666666666,0.8672985781990521,89,0.5922330097087378,0.6853932584269663,314,0.8133333333333334,0.33762779090326156,55
splendid-sweep-1765,lzehdcwz,90409,0.1,VJEPA2_SSV2,mean,0.9,3,0.2388215072096044,1,AdamW,step,10,flip_palm,256,768,198,0,True,False,2.0923661241838505e-05,no,103,198,1770284802.556285,0.7712609970674487,0.8414663081303385,0.675,0.4730468242049567,0.7707006369426752,0.8561298377028714,0.6170212765957447,0.8558139534883721,89,0.5858585858585859,0.651685393258427,314,0.8177777777777778,0.3151126324850629,103
elated-sweep-1106,n7ktpvwo,43059,0.1,VJEPA2_SSV2,mean,0.9,3,0.24257271034249328,1,AdamW,reduce,7,flip_palm,256,256,164,0,True,False,0.00011470267062692952,no,90,164,1770235184.031049,0.7653958944281525,0.8414663081303385,0.6330275229357798,0.4542878778798839,0.8057324840764332,0.8601747815230962,0.6390532544378699,0.8504273504273504,89,0.675,0.6067415730337079,314,0.8844444444444445,0.34462012777306106,90
vivid-sweep-1836,afzxn5df,41396,0.1,VJEPA2_SSV2,mean,0.9,5,0.4533483503374981,1,AdamW,step,3,flip_palm,256,256,161,0,True,False,4.9207254812161936e-05,no,79,161,1770290360.9349873,0.7624633431085044,0.8414663081303384,0.6553191489361702,0.4675360732763744,0.7802547770700637,0.8576779026217228,0.6270270270270271,0.8577981651376146,89,0.6041666666666666,0.651685393258427,314,0.8311111111111111,0.32585156327681924,79
crimson-sweep-591,h0xybdm1,52979,0.1,VJEPA2_SSV2,mean,0.9,5,0.2882232228341448,1,AdamW,step,4,flip_palm,256,1024,97,0,True,False,3.642294210287233e-05,no,51,97,1770195908.5873687,0.7683284457478006,0.841426763682379,0.6550218340611353,0.4636938000354599,0.7866242038216561,0.861023720349563,0.6338797814207651,0.8590909090909091,89,0.6170212765957447,0.651685393258427,314,0.84,0.28608229910263994,51
winter-sweep-1894,w0qpbz9s,14310,0.1,VJEPA2_SSV2,mean,0.9,5,0.3760189469153517,1,AdamW,reduce,3,flip_palm,256,256,158,0,True,False,2.979220219017823e-05,no,82,158,1770294395.2313683,0.7595307917888563,0.8413872192344195,0.6693548387096774,0.4765332197863336,0.7770700636942676,0.8577278401997503,0.6354166666666666,0.8672985781990521,89,0.5922330097087378,0.6853932584269663,314,0.8133333333333334,0.3305253501229443,82
floral-sweep-1101,8d0k0v46,71668,0.1,VJEPA2_SSV2,mean,0.9,5,0.4056389931208818,1,AdamW,step,6,flip_palm,256,256,62,0,True,False,8.272828191839435e-05,no,36,62,1770234709.8613904,0.7624633431085044,0.8413872192344195,0.6582278481012658,0.4651643058771262,0.7898089171974523,0.8558302122347066,0.6413043478260869,0.863013698630137,89,0.6210526315789474,0.6629213483146067,314,0.84,0.346402044027624,36
fallen-sweep-385,nq5itmum,17275,0.1,VJEPA2_SSV2,mean,0.9,5,0.25178724607993686,1,AdamW,reduce,10,flip_palm,256,768,177,0,True,False,3.2025675972253005e-05,no,97,177,1770179759.4671578,0.7741935483870968,0.8413279025624802,0.6695278969957081,0.4664789436499744,0.7834394904458599,0.8591260923845193,0.6344086021505376,0.8617511520737328,89,0.6082474226804123,0.6629213483146067,314,0.8311111111111111,0.27793387655920826,97
lilac-sweep-243,4stavh5h,49682,0.1,VJEPA2_SSV2,mean,0.9,3,0.2271697163351187,1,AdamW,step,6,flip_palm,256,768,126,0,True,False,2.401326682777763e-05,no,62,126,1770169116.3803513,0.7683284457478006,0.8413081303385005,0.6666666666666666,0.4714406269037129,0.7834394904458599,0.8571285892634207,0.6382978723404256,0.8651162790697674,89,0.6060606060606061,0.6741573033707865,314,0.8266666666666667,0.3254650207192685,62
worthy-sweep-1065,v2o7st3o,8747,0.1,VJEPA2_SSV2,mean,0.9,4,0.4727383636320904,1,AdamW,reduce,8,flip_palm,256,256,70,0,True,False,4.206051355465603e-05,no,43,70,1770232023.8012176,0.7448680351906158,0.8413081303385005,0.6614785992217899,0.49004814212273295,0.7738853503184714,0.8536329588014981,0.6395939086294417,0.8737864077669902,89,0.5833333333333334,0.7078651685393258,314,0.8,0.40908094792858535,43
jolly-sweep-914,3twd3v0m,72115,0.1,VJEPA2_SSV2,mean,0.9,3,0.15659166429439494,1,AdamW,step,4,flip_palm,256,768,135,0,True,False,6.453903700540681e-05,no,65,135,1770220898.3060906,0.7624633431085044,0.8413081303385005,0.6582278481012658,0.467046383189316,0.7929936305732485,0.8555305867665418,0.6524064171122995,0.8703703703703703,89,0.6224489795918368,0.6853932584269663,314,0.8355555555555556,0.3596859402220014,65
fluent-sweep-71,8w5st05f,86415,0.1,VJEPA2_SSV2,mean,0.9,5,0.43792047171918413,1,AdamW,step,8,flip_palm,256,768,130,0,True,False,2.352436594345923e-05,no,75,130,1770155655.780495,0.7653958944281525,0.841268585890541,0.6694214876033058,0.4735992250204785,0.7802547770700637,0.8606242197253433,0.6387434554973822,0.8679245283018868,89,0.5980392156862745,0.6853932584269663,314,0.8177777777777778,0.3162556665604103,75
usual-sweep-1212,0dx5fs04,35125,0.1,VJEPA2_SSV2,mean,0.9,5,0.198449319379994,1,AdamW,reduce,7,flip_palm,256,1024,173,0,True,False,1.9848826580048616e-05,no,89,173,1770243206.0385966,0.7683284457478006,0.841268585890541,0.6609442060085837,0.4697216001074335,0.7834394904458599,0.8621223470661673,0.6304347826086957,0.8584474885844748,89,0.6105263157894737,0.651685393258427,314,0.8355555555555556,0.2802852537710342,89
bumbling-sweep-977,osmie4g0,95813,0.1,VJEPA2_SSV2,mean,0.9,4,0.21586664508793332,1,AdamW,step,6,flip_palm,256,512,143,0,True,False,2.6549911912471994e-05,no,69,143,1770225517.3621423,0.7595307917888563,0.8412290414425815,0.6611570247933884,0.4767227805604683,0.7738853503184714,0.8581772784019975,0.6321243523316062,0.8666666666666667,89,0.5865384615384616,0.6853932584269663,314,0.8088888888888889,0.310708954860347,69
logical-sweep-606,q3zi3veh,62606,0.1,VJEPA2_SSV2,mean,0.9,5,0.3751616006364017,1,AdamW,reduce,8,flip_palm,256,256,184,0,True,False,0.00021710217990244683,no,91,184,1770197231.596099,0.782991202346041,0.8412290414425815,0.6476190476190476,0.4528298711846651,0.8089171974522293,0.8594756554307116,0.6428571428571429,0.851063829787234,89,0.6835443037974683,0.6067415730337079,314,0.8888888888888888,0.3095242599366416,91
ruby-sweep-885,qow74qnp,23650,0.1,VJEPA2_SSV2,mean,0.9,5,0.48665050410761856,1,AdamW,step,7,flip_palm,256,256,163,0,True,False,3.2582134860210124e-05,no,80,163,1770218698.0735507,0.7653958944281525,0.841189496994622,0.6721311475409836,0.47224422179359143,0.7866242038216561,0.8596254681647941,0.6455026455026455,0.8691588785046729,89,0.61,0.6853932584269663,314,0.8266666666666667,0.341331851454408,80
dashing-sweep-1279,v8007b2p,8012,0.1,VJEPA2_SSV2,mean,0.9,4,0.11126125496028716,1,AdamW,step,8,flip_palm,256,256,190,0,True,False,4.7411335811225145e-05,no,92,190,1770248285.2235243,0.7595307917888563,0.841189496994622,0.652542372881356,0.466868511043336,0.7866242038216561,0.8626217228464419,0.6378378378378379,0.8623853211009175,89,0.6145833333333334,0.6629213483146067,314,0.8355555555555556,0.33850281003495336,92
fallen-sweep-1452,yqajdlvw,2496,0.1,VJEPA2_SSV2,mean,0.9,3,0.1603044414018034,1,AdamW,step,6,flip_palm,256,512,149,0,True,False,3.182817567852353e-05,no,74,149,1770260769.677794,0.750733137829912,0.841189496994622,0.6558704453441295,0.4779832737187137,0.7707006369426752,0.8576279650436954,0.6288659793814433,0.8660287081339713,89,0.580952380952381,0.6853932584269663,314,0.8044444444444444,0.32269094611557436,74
northern-sweep-893,grn7vyot,57174,0.1,VJEPA2_SSV2,mean,0.9,4,0.29264178900821103,1,AdamW,reduce,9,flip_palm,256,768,199,0,True,False,5.272466825294966e-05,no,99,199,1770219353.3754704,0.7683284457478006,0.8411104080987031,0.6550218340611353,0.463646488804971,0.7929936305732485,0.8624219725343322,0.6368715083798883,0.8571428571428571,89,0.6333333333333333,0.6404494382022472,314,0.8533333333333334,0.2771821147958997,99
true-sweep-1931,wuwh688s,59483,0.1,VJEPA2_SSV2,mean,0.9,3,0.4924473953665025,1,AdamW,step,5,flip_palm,256,256,119,0,True,False,3.432206325064871e-05,no,64,119,1770297007.6679676,0.7536656891495601,0.841110408098703,0.664,0.48437327548555614,0.7770700636942676,0.8545817727840199,0.6391752577319587,0.8708133971291866,89,0.5904761904761905,0.6966292134831461,314,0.8088888888888889,0.3597468262267225,64
dutiful-sweep-144,d4r4ewtd,69401,0.1,VJEPA2_SSV2,mean,0.9,5,0.4310910711796939,1,AdamW,reduce,4,flip_palm,256,512,182,0,True,False,0.00013056838703175995,no,97,182,1770161367.703517,0.7653958944281525,0.841110408098703,0.6363636363636364,0.45461045699385255,0.8089171974522293,0.8605243445692883,0.6428571428571429,0.851063829787234,89,0.6835443037974683,0.6067415730337079,314,0.8888888888888888,0.29192710076699235,97
likely-sweep-1547,z90pjcan,7778,0.1,VJEPA2_SSV2,mean,0.9,4,0.16876556301992057,1,AdamW,reduce,6,flip_palm,256,1024,119,0,True,False,1.479229515908926e-05,no,67,119,1770268173.8371525,0.7448680351906158,0.8410708636507435,0.6533864541832669,0.4880487424187646,0.7707006369426752,0.8564294631710363,0.6363636363636364,0.8731707317073171,89,0.5779816513761468,0.7078651685393258,314,0.7955555555555556,0.3699622429872343,67
grateful-sweep-1955,5uxtucl3,2442,0.1,VJEPA2_SSV2,mean,0.9,5,0.35694446807577895,1,AdamW,step,6,flip_palm,256,256,164,0,True,False,4.647319738732183e-05,no,88,164,1770298853.0282376,0.7653958944281525,0.8410708636507435,0.6666666666666666,0.47462770561318945,0.7802547770700637,0.8597752808988763,0.6349206349206349,0.8644859813084113,89,0.6,0.6741573033707865,314,0.8222222222222222,0.30146287598520377,88
light-sweep-577,gy8xc7vv,57455,0.1,VJEPA2_SSV2,mean,0.9,5,0.1339223781954659,1,AdamW,reduce,4,flip_palm,256,1024,200,0,True,False,0.00017187043042595244,yes,105,200,1770194668.3838413,0.7712609970674487,0.8410708636507435,0.6454545454545455,0.4525596600823388,0.802547770700637,0.8596754057428213,0.6395348837209303,0.8528138528138528,89,0.6626506024096386,0.6179775280898876,314,0.8755555555555555,0.33758460356036263,105
charmed-sweep-1380,fa4orma7,85487,0.1,VJEPA2_SSV2,mean,0.9,3,0.43441674513953055,1,AdamW,reduce,8,flip_palm,256,256,179,0,True,False,1.888895448037594e-05,no,95,179,1770255759.8404596,0.7419354838709677,0.841031319202784,0.648,0.4815880100398469,0.7770700636942676,0.8575280898876405,0.6391752577319587,0.8708133971291866,89,0.5904761904761905,0.6966292134831461,314,0.8088888888888889,0.36887454147070226,95
blooming-sweep-1429,30nkqwke,19951,0.1,VJEPA2_SSV2,mean,0.9,5,0.27882814122185057,1,AdamW,reduce,8,flip_palm,256,256,114,0,True,False,3.5864259528099357e-05,no,62,114,1770259105.7782648,0.750733137829912,0.8409917747548245,0.6530612244897959,0.4810659665166458,0.7707006369426752,0.8535330836454432,0.6288659793814433,0.8660287081339713,89,0.580952380952381,0.6853932584269663,314,0.8044444444444444,0.349025224995725,62
dutiful-sweep-1875,qtwrluau,45990,0.1,VJEPA2_SSV2,mean,0.9,3,0.29200253846495655,1,AdamW,reduce,9,flip_palm,256,1024,176,0,True,False,1.120534580219469e-05,no,91,176,1770293141.4476197,0.750733137829912,0.8409917747548245,0.6473029045643154,0.47640330875374354,0.7770700636942676,0.8546317103620474,0.6391752577319587,0.8708133971291866,89,0.5904761904761905,0.6966292134831461,314,0.8088888888888889,0.3488197668057652,91
woven-sweep-1342,9zg4voo7,9551,0.1,VJEPA2_SSV2,mean,0.9,4,0.30366174117597244,1,AdamW,step,7,flip_palm,256,512,166,0,True,False,3.639473191162673e-05,no,87,166,1770252911.4366193,0.7683284457478006,0.8409917747548245,0.6638297872340425,0.4711891220461938,0.7834394904458599,0.8616229712858927,0.6344086021505376,0.8617511520737328,89,0.6082474226804123,0.6629213483146067,314,0.8311111111111111,0.2763021745032548,87
stoic-sweep-1829,9rnn3063,4676,0.1,VJEPA2_SSV2,mean,0.9,5,0.4885983266324868,1,AdamW,reduce,9,flip_palm,256,512,183,0,True,False,0.00019862743278534396,no,89,183,1770289899.3457568,0.7771260997067448,0.840952230306865,0.6637168141592921,0.4589665694670243,0.7866242038216561,0.8569787765293384,0.6256983240223464,0.8526785714285714,89,0.6222222222222222,0.6292134831460674,314,0.8488888888888889,0.3466908141201091,89
toasty-sweep-1649,xo9pyat9,28027,0.1,VJEPA2_SSV2,mean,0.9,5,0.396968543485669,1,AdamW,step,5,flip_palm,256,768,43,0,True,False,5.929217844198725e-05,no,27,43,1770276205.1146874,0.7595307917888563,0.840952230306865,0.6495726495726496,0.4707488877332805,0.7898089171974523,0.8571285892634207,0.6451612903225806,0.8663594470046083,89,0.6185567010309279,0.6741573033707865,314,0.8355555555555556,0.35389253525107117,27
young-sweep-770,9dehrkm7,93246,0.1,VJEPA2_SSV2,mean,0.9,5,0.29102827430130024,1,AdamW,step,5,flip_palm,256,1024,138,0,True,False,5.148529992303015e-05,no,77,138,1770209921.543564,0.7595307917888563,0.840952230306865,0.6434782608695652,0.4608631927596509,0.7866242038216561,0.8566791510611734,0.6256983240223464,0.8526785714285714,89,0.6222222222222222,0.6292134831460674,314,0.8488888888888889,0.30521483572436053,77
misty-sweep-787,3xosl0x8,72826,0.1,VJEPA2_SSV2,mean,0.9,5,0.3989623531716129,1,AdamW,reduce,4,flip_palm,256,768,167,0,True,False,1.5697709958526463e-05,no,87,167,1770211358.3024468,0.7565982404692082,0.840952230306865,0.6612244897959184,0.4754401116776676,0.7738853503184714,0.8566791510611735,0.6321243523316062,0.8666666666666667,89,0.5865384615384616,0.6853932584269663,314,0.8088888888888889,0.33018201841434963,87
worthy-sweep-112,3v3g9th5,76568,0.1,VJEPA2_SSV2,mean,0.9,5,0.4915085011506301,1,AdamW,reduce,6,flip_palm,256,1024,104,0,True,False,5.907615821797312e-05,no,59,104,1770158868.306036,0.7624633431085044,0.8408731414109459,0.6431718061674009,0.4604164702801411,0.7961783439490446,0.8595255930087391,0.6404494382022472,0.8577777777777778,89,0.6404494382022472,0.6404494382022472,314,0.8577777777777778,0.29259489651577014,59
glorious-sweep-825,x32jn1or,18030,0.1,VJEPA2_SSV2,mean,0.9,3,0.3535925568660614,1,AdamW,reduce,8,flip_palm,256,768,124,0,True,False,4.359216902790596e-05,no,70,124,1770214142.5914474,0.7595307917888563,0.8408731414109459,0.6371681415929203,0.4612161496168008,0.802547770700637,0.8609737827715356,0.651685393258427,0.8622222222222222,89,0.651685393258427,0.651685393258427,314,0.8622222222222222,0.312344448387343,70
hearty-sweep-1853,xlsqd9tf,76242,0.1,VideoPrism,mean,0.9,3,0.33131845046854536,1,AdamW,reduce,8,head_pose,256,1024,51,0,True,False,0.005696841627746557,no,14,51,1770241544.0525634,0.7875457875457875,0.8418095801301005,0.7211538461538461,0.5540746404574468,0.7254901960784313,0.802885962454469,0.5930232558139535,0.8072289156626506,83,0.5730337078651685,0.6144578313253012,255,0.7790697674418605,0.20195916282985857,14
major-sweep-1459,4bgd4df1,90751,0.1,VideoPrism,mean,0.9,3,0.27139214325301786,1,AdamW,reduce,6,head_pose,256,1024,102,0,True,False,0.0014222783224029562,no,28,102,1770221886.477805,0.7802197802197802,0.840508574807806,0.7058823529411765,0.5397606380693205,0.7490196078431373,0.7983328663491174,0.6097560975609756,0.8103448275862069,83,0.6172839506172839,0.6024096385542169,255,0.8197674418604651,0.18246640922569551,28
floral-sweep-2510,v2th2u4e,6582,0.1,VideoPrism,mean,0.9,5,0.29468113155249387,1,AdamW,reduce,7,head_pose,256,1024,67,0,True,False,0.0019782182850404564,no,22,67,1770275169.107221,0.7728937728937729,0.8403311649911295,0.6702127659574468,0.5500098508356255,0.7450980392156863,0.800154104791258,0.5806451612903226,0.7923497267759563,83,0.625,0.5421686746987951,255,0.8430232558139535,0.20043558913927811,22
likely-sweep-1274,44l5lc8c,67957,0.1,VideoPrism,mean,0.9,5,0.26721821288470743,1,AdamW,step,8,head_pose,256,768,37,0,True,False,0.005433701997208549,no,12,37,1770212631.802875,0.7875457875457875,0.8402128917800118,0.6947368421052632,0.5377332264687116,0.7294117647058823,0.7983328663491174,0.543046357615894,0.7754010695187166,83,0.6029411764705882,0.4939759036144578,255,0.8430232558139535,0.25104625130954544,12
distinctive-sweep-1041,b8dperbm,71534,0.1,VideoPrism,mean,0.9,3,0.2448776261760464,1,AdamW,step,8,head_pose,256,1024,150,0,True,False,0.0007886326033854483,no,40,150,1770201635.0407002,0.7582417582417582,0.8398580721466588,0.6764705882352942,0.5281108126535521,0.7411764705882353,0.8012748669094985,0.611764705882353,0.8154761904761905,83,0.5977011494252874,0.6265060240963856,255,0.7965116279069767,0.22075231753380192,40
copper-sweep-502,zdo9ge3x,81694,0.1,VideoPrism,mean,0.9,3,0.3722835611577184,1,AdamW,reduce,9,head_pose,256,768,23,0,True,False,0.0027079285997733036,no,10,23,1770175531.1895282,0.7838827838827839,0.8397989355411,0.700507614213198,0.5251079821761274,0.7137254901960784,0.7992434855701877,0.546583850931677,0.7796610169491526,83,0.5641025641025641,0.5301204819277109,255,0.8023255813953488,0.23246193891353453,10
glowing-sweep-114,s4b7fs7m,27404,0.1,VideoPrism,mean,0.9,3,0.21755928479098385,1,AdamW,reduce,6,head_pose,256,1024,112,0,True,False,0.004676839802506208,no,32,112,1770157245.9549696,0.7875457875457875,0.8389118864577173,0.7156862745098039,0.5376403838286906,0.7215686274509804,0.8003642476884281,0.5748502994011976,0.7953216374269005,83,0.5714285714285714,0.5783132530120482,255,0.7906976744186046,0.23011951715598705,32
autumn-sweep-478,xx8yjsdr,97178,0.1,VideoPrism,mean,0.9,4,0.3437266026724797,1,AdamW,reduce,9,head_pose,256,768,27,0,True,False,0.005698467484974784,no,10,27,1770174328.3979373,0.7838827838827839,0.8386162034299232,0.7064676616915423,0.5464568524570256,0.7254901960784313,0.7986130568786776,0.5833333333333334,0.8,83,0.5764705882352941,0.5903614457831325,255,0.7906976744186046,0.2146987279779033,10
usual-sweep-1583,vwawf63g,68646,0.1,VideoPrism,mean,0.9,5,0.3967364298762638,1,AdamW,reduce,8,head_pose,256,1024,76,0,True,False,0.004109950875242481,no,26,76,1770228098.779069,0.7912087912087912,0.8384387936132466,0.7298578199052133,0.5552206083095117,0.7137254901960784,0.7964415802745867,0.5780346820809249,0.8,83,0.5555555555555556,0.6024096385542169,255,0.7674418604651163,0.21325358609680223,26
visionary-sweep-2815,gtyeaai2,40229,0.1,VideoPrism,mean,0.9,4,0.4210580116049346,1,AdamW,reduce,6,head_pose,256,1024,104,0,True,False,0.0011953106418737323,no,32,104,1770290644.4356344,0.7545787545787546,0.8380248373743348,0.6633165829145728,0.5322591847989149,0.7490196078431373,0.8024656766601289,0.6049382716049383,0.8068181818181818,83,0.620253164556962,0.5903614457831325,255,0.8255813953488372,0.227543333522704,32
true-sweep-348,p5tm28ab,41106,0.1,VideoPrism,mean,0.9,3,0.2761140330610004,1,AdamW,reduce,4,head_pose,256,1024,135,0,True,False,0.0006295254390733833,no,34,135,1770168005.2483122,0.7509157509157509,0.8377291543465406,0.66,0.5254662318544073,0.7333333333333333,0.7990333426730177,0.5903614457831325,0.8023255813953488,83,0.5903614457831325,0.5903614457831325,255,0.8023255813953488,0.2324955512878866,34
drawn-sweep-1469,opgn6gfy,79313,0.1,VideoPrism,mean,0.9,3,0.277853106461121,1,AdamW,reduce,8,head_pose,256,1024,36,0,True,False,0.0011298043840158654,no,11,36,1770222390.6066618,0.7619047619047619,0.8377291543465405,0.6798029556650246,0.5335024259029291,0.7333333333333333,0.7997338189969179,0.5853658536585366,0.7988505747126436,83,0.5925925925925926,0.5783132530120482,255,0.8081395348837209,0.21934072021772025,11
graceful-sweep-2312,mgqxym47,22349,0.1,VideoPrism,mean,0.9,3,0.20374889346615463,1,AdamW,reduce,4,head_pose,256,1024,91,0,True,False,0.0006264275323929878,no,28,91,1770265201.7340937,0.7619047619047619,0.8376108811354228,0.6829268292682927,0.5300271460861513,0.7372549019607844,0.7994536284673579,0.6081871345029239,0.8143712574850299,83,0.5909090909090909,0.6265060240963856,255,0.7906976744186046,0.22357859115610235,28
pious-sweep-268,ordr1w7q,37474,0.1,VideoPrism,mean,0.9,5,0.3729031630010702,1,AdamW,reduce,4,head_pose,256,1024,125,0,True,False,0.0027593265664676895,no,42,125,1770164273.554108,0.7765567765567766,0.8375517445298639,0.7053140096618358,0.5364758409423269,0.7215686274509804,0.8030961053516391,0.5942857142857143,0.8098159509202454,83,0.5652173913043478,0.6265060240963856,255,0.7674418604651163,0.22403198281521736,42
absurd-sweep-2222,afx4eydx,44322,0.1,VideoPrism,mean,0.9,4,0.4210593795836424,1,AdamW,reduce,9,head_pose,256,1024,132,0,True,False,0.0015505065691390756,no,33,132,1770260521.8824053,0.7802197802197802,0.8374926079243051,0.7029702970297029,0.52875755689083,0.7411764705882353,0.8024656766601289,0.5975609756097561,0.8045977011494253,83,0.6049382716049383,0.5903614457831325,255,0.813953488372093,0.22747509501241,33
resilient-sweep-1965,8ejd82tf,12447,0.1,VideoPrism,mean,0.9,3,0.29816181145301535,1,AdamW,reduce,5,head_pose,256,1024,132,0,True,False,0.0008488138229644104,no,42,132,1770247471.9069924,0.7619047619047619,0.8372560615020698,0.6766169154228856,0.5288905341983278,0.7333333333333333,0.7982628187167274,0.5952380952380952,0.8058823529411765,83,0.5882352941176471,0.6024096385542169,255,0.7965116279069767,0.22127274125211152,42
twilight-sweep-1474,a2evgdk1,75129,0.1,VideoPrism,mean,0.9,3,0.369926078886471,1,AdamW,reduce,8,head_pose,256,768,178,0,True,False,0.00019464796270751383,no,49,178,1770222650.1257367,0.7472527472527473,0.8371377882909521,0.6634146341463415,0.5349827328007737,0.7333333333333333,0.7967918184365368,0.5952380952380952,0.8058823529411765,83,0.5882352941176471,0.6024096385542169,255,0.7965116279069767,0.22224556760266723,49
easy-sweep-1740,9uqisp0p,64280,0.1,VideoPrism,mean,0.9,4,0.12746517096222665,1,AdamW,reduce,9,head_pose,256,512,188,0,True,False,0.0023024067770297807,no,35,188,1770235670.3782835,0.7545787545787546,0.8370786516853933,0.6492146596858639,0.5382199841977913,0.7411764705882353,0.8006444382179883,0.5822784810126582,0.7944444444444444,83,0.6133333333333333,0.5542168674698795,255,0.8313953488372093,0.2345611247939137,35
electric-sweep-1670,ehqjn6rt,94653,0.1,VideoPrism,mean,0.9,4,0.24863011921044453,1,AdamW,reduce,5,head_pose,256,1024,161,0,True,False,0.0004066094324404672,no,39,161,1770232288.0787747,0.7582417582417582,0.8370786516853932,0.6732673267326733,0.535254030873924,0.7333333333333333,0.7965816755393668,0.5952380952380952,0.8058823529411765,83,0.5882352941176471,0.6024096385542169,255,0.7965116279069767,0.21498958706131832,39
distinctive-sweep-2063,12vitoy1,54731,0.1,VideoPrism,mean,0.9,3,0.41857733709767697,1,AdamW,reduce,10,head_pose,256,768,74,0,True,False,0.0005333195890749696,no,20,74,1770252543.491103,0.7619047619047619,0.8369012418687167,0.6700507614213198,0.5309708277821105,0.7372549019607844,0.797352199495657,0.593939393939394,0.8034682080924855,83,0.5975609756097561,0.5903614457831325,255,0.8081395348837209,0.22552268484584712,20
cool-sweep-1034,602xnvjl,52640,0.1,VideoPrism,mean,0.9,5,0.1998142139731062,1,AdamW,reduce,8,head_pose,256,1024,121,0,True,False,0.000659223419098552,no,31,121,1770201234.8591025,0.7582417582417582,0.8368421052631578,0.6632653061224489,0.5260912212696705,0.7333333333333333,0.802605771924909,0.5802469135802469,0.7954545454545454,83,0.5949367088607594,0.5662650602409639,255,0.813953488372093,0.2366420943365406,31
fancy-sweep-1772,4bosra2x,94032,0.1,VideoPrism,mean,0.9,5,0.11009855416403729,1,AdamW,reduce,8,head_pose,256,768,165,0,True,False,0.0008527881264512915,no,49,165,1770237350.775501,0.7692307692307693,0.8368421052631578,0.6802030456852792,0.5293973625361265,0.7333333333333333,0.8009246287475482,0.5853658536585366,0.7988505747126436,83,0.5925925925925926,0.5783132530120482,255,0.8081395348837209,0.23980818188142197,49
lunar-sweep-1787,3zmqgslt,32135,0.1,VideoPrism,mean,0.9,5,0.24213250817731957,1,AdamW,reduce,9,head_pose,256,768,45,0,True,False,0.002369159196056032,no,14,45,1770238122.8067894,0.7692307692307693,0.8368421052631578,0.7014218009478673,0.5437010830138629,0.7333333333333333,0.7995937237321379,0.6091954022988506,0.8170731707317073,83,0.5824175824175825,0.6385542168674698,255,0.7790697674418605,0.22681831076801548,14
faithful-sweep-360,jfv8aol2,69909,0.1,VideoPrism,mean,0.9,4,0.3188987706106394,1,AdamW,reduce,8,head_pose,256,768,64,0,True,False,0.0006907961074793952,no,23,64,1770168558.9518063,0.7582417582417582,0.836782968657599,0.6597938144329897,0.5331659068118085,0.7333333333333333,0.7981227234519473,0.5853658536585366,0.7988505747126436,83,0.5925925925925926,0.5783132530120482,255,0.8081395348837209,0.2269115987335622,23
laced-sweep-346,x522p0an,86608,0.1,VideoPrism,mean,0.9,3,0.22626085952776315,1,AdamW,reduce,8,head_pose,256,512,57,0,True,False,0.0026938001489500863,no,11,57,1770167890.776596,0.7692307692307693,0.8366646954464814,0.6594594594594595,0.5337578767821902,0.7450980392156863,0.8030260577192492,0.5751633986928104,0.7891891891891892,83,0.6285714285714286,0.5301204819277109,255,0.8488372093023255,0.26658804020900956,11
morning-sweep-38,j23rcs13,30539,0.1,VideoPrism,mean,0.9,4,0.28594091158497204,1,AdamW,reduce,7,head_pose,256,1024,145,0,True,False,0.0002508195273663626,no,36,145,1770153557.7373009,0.7582417582417582,0.8363690124186871,0.67,0.5236977155391986,0.7450980392156863,0.7992434855701877,0.6107784431137725,0.8128654970760234,83,0.6071428571428571,0.6144578313253012,255,0.8081395348837209,0.243191537526455,36
distinctive-sweep-1725,uk8co8zc,86392,0.1,VideoPrism,mean,0.9,4,0.3177129622758826,1,AdamW,reduce,10,head_pose,256,256,146,0,True,False,0.0002435636200149104,no,36,146,1770234907.692009,0.7582417582417582,0.8362507392075695,0.6796116504854369,0.5343725000108991,0.7372549019607844,0.797282151863267,0.6127167630057804,0.8181818181818182,83,0.5888888888888889,0.6385542168674698,255,0.7848837209302325,0.2421034738602426,36
dry-sweep-1197,f0hvyssv,81661,0.1,VideoPrism,mean,0.9,3,0.29789433791082187,1,AdamW,step,7,head_pose,256,768,92,0,True,False,0.0010280280192255886,no,21,92,1770209085.0308914,0.7655677655677655,0.8360141927853341,0.6862745098039216,0.5324397956058656,0.7411764705882353,0.8029560100868591,0.6071428571428571,0.8117647058823529,83,0.6,0.6144578313253012,255,0.8023255813953488,0.2339369527965422,21
northern-sweep-1383,6ums81lu,53224,0.1,VideoPrism,mean,0.9,4,0.21047617445220668,1,AdamW,reduce,5,head_pose,256,256,136,0,True,False,0.0027003257075707155,no,32,136,1770218191.1769333,0.7619047619047619,0.8360141927853341,0.6829268292682927,0.5431637178847205,0.7254901960784313,0.8023255813953488,0.5783132530120482,0.7965116279069767,83,0.5783132530120482,0.5783132530120482,255,0.7965116279069767,0.22966170057594051,32
fallen-sweep-1416,vjf47x3y,73732,0.1,VideoPrism,mean,0.9,4,0.3613321906852317,1,AdamW,reduce,10,head_pose,256,512,86,0,True,False,0.0006882513741638275,no,23,86,1770219773.8199492,0.7545787545787546,0.8358959195742165,0.6666666666666666,0.5347867852602249,0.7411764705882353,0.7984029139815073,0.6024096385542169,0.8081395348837209,83,0.6024096385542169,0.6024096385542169,255,0.8081395348837209,0.2243033555837778,23
stoic-sweep-909,xg9edsv6,53842,0.1,VideoPrism,mean,0.9,5,0.35358688329355226,1,AdamW,reduce,6,head_pose,256,1024,65,0,True,False,0.000540401156764789,no,19,65,1770195168.7251654,0.7582417582417582,0.8358367829686576,0.6666666666666666,0.5315889569865915,0.7294117647058823,0.799943961894088,0.5714285714285714,0.7909604519774012,83,0.5897435897435898,0.5542168674698795,255,0.813953488372093,0.2368297666190607,19
copper-sweep-388,5ld18kk0,82278,0.1,VideoPrism,mean,0.9,4,0.46883918267438784,1,AdamW,reduce,3,head_pose,256,512,129,0,True,False,0.0002940564322531595,no,38,129,1770169918.7902372,0.7619047619047619,0.8357776463630987,0.6829268292682927,0.5333829591999124,0.7333333333333333,0.7995937237321378,0.6091954022988506,0.8170731707317073,83,0.5824175824175825,0.6385542168674698,255,0.7790697674418605,0.24298305598347775,38
faithful-sweep-2565,v4vgl3z0,91556,0.1,VideoPrism,mean,0.9,5,0.27958119384437663,1,AdamW,reduce,7,head_pose,256,1024,199,0,True,False,0.0001091709870903728,no,57,199,1770277953.5136847,0.7509157509157509,0.8356593731519811,0.6666666666666666,0.5329228912517702,0.7333333333333333,0.7991734379377978,0.6091954022988506,0.8170731707317073,83,0.5824175824175825,0.6385542168674698,255,0.7790697674418605,0.23340308762754988,57
worthy-sweep-147,e0au6238,98576,0.1,VideoPrism,mean,0.9,5,0.30034270948548847,1,AdamW,reduce,7,head_pose,256,1024,48,0,True,False,0.004569093544521737,no,16,48,1770158728.1630344,0.7692307692307693,0.835659373151981,0.7014218009478673,0.5516801633677639,0.7333333333333333,0.8032362006164192,0.6222222222222222,0.8291139240506329,83,0.5773195876288659,0.6746987951807228,255,0.7616279069767442,0.2317260236513277,16
hearty-sweep-2402,lpgfsz47,59109,0.1,VideoPrism,mean,0.9,3,0.4073826550758334,1,AdamW,reduce,8,head_pose,256,1024,63,0,True,False,0.003008664560745337,no,18,63,1770269744.1391487,0.7802197802197802,0.835659373151981,0.7,0.5456687332072974,0.7176470588235294,0.7976323900252171,0.5555555555555556,0.7840909090909091,83,0.569620253164557,0.5421686746987951,255,0.8023255813953488,0.2163429763394329,18
zesty-sweep-2834,6c5kbvr7,76817,0.1,VideoPrism,mean,0.9,3,0.422617715996753,1,AdamW,reduce,8,head_pose,256,1024,159,0,True,False,0.0015606013887726237,no,38,159,1770291617.7026803,0.7692307692307693,0.8356002365464221,0.7014218009478673,0.5422962259896945,0.7333333333333333,0.8025357242925188,0.6091954022988506,0.8170731707317073,83,0.5824175824175825,0.6385542168674698,255,0.7790697674418605,0.22796895092556835,38
eternal-sweep-2840,w1bpo8zt,52731,0.1,VideoPrism,mean,0.9,4,0.15912889120528836,1,AdamW,reduce,6,head_pose,256,768,145,0,True,False,0.00024432229219738374,no,33,145,1770291952.5528998,0.7619047619047619,0.8355410999408633,0.6766169154228856,0.5254222185183794,0.7372549019607844,0.7975623423928272,0.5988023952095808,0.8070175438596491,83,0.5952380952380952,0.6024096385542169,255,0.8023255813953488,0.23853754019930296,33
fluent-sweep-1915,xdkud5hi,49026,0.1,VideoPrism,mean,0.9,5,0.20975573642819031,1,AdamW,reduce,10,head_pose,256,512,154,0,True,False,0.00034763010748782694,no,39,154,1770244920.352669,0.7619047619047619,0.8355410999408633,0.6766169154228856,0.5295554205174848,0.7450980392156863,0.7993135332025777,0.6153846153846154,0.8165680473372781,83,0.6046511627906976,0.6265060240963856,255,0.8023255813953488,0.2461913154434096,39
fearless-sweep-2915,1322hr3b,17160,0.1,VideoPrism,mean,0.9,3,0.1638445156809762,1,AdamW,reduce,4,head_pose,256,1024,102,0,True,False,0.000493401477345106,no,27,102,1770295935.3751955,0.7545787545787546,0.8354819633353044,0.6598984771573604,0.5264150814695673,0.7294117647058823,0.7991033903054077,0.5766871165644172,0.7942857142857143,83,0.5875,0.5662650602409639,255,0.8081395348837209,0.24043300011862628,27
cerulean-sweep-477,b74nu6pg,13689,0.1,VideoPrism,mean,0.9,3,0.4022477069390956,1,AdamW,reduce,8,head_pose,256,1024,187,0,True,False,0.0004597821305049798,no,49,187,1770174311.267552,0.7582417582417582,0.8354228267297457,0.67,0.533271367296631,0.7372549019607844,0.797842532922387,0.593939393939394,0.8034682080924855,83,0.5975609756097561,0.5903614457831325,255,0.8081395348837209,0.23171699734834525,49
driven-sweep-2906,oaqiov4j,62284,0.1,VideoPrism,mean,0.9,4,0.2993126095598948,1,AdamW,reduce,7,head_pose,256,768,75,0,True,False,0.0017077122223730183,no,22,75,1770295475.399746,0.7692307692307693,0.8354228267297457,0.6802030456852792,0.5411882719277462,0.7333333333333333,0.8015550574390585,0.5853658536585366,0.7988505747126436,83,0.5925925925925926,0.5783132530120482,255,0.8081395348837209,0.2308380436680095,22
colorful-sweep-2943,r3161nhr,37703,0.1,VideoPrism,mean,0.9,5,0.2512826245038723,1,AdamW,reduce,10,head_pose,256,512,159,0,True,False,0.00017745804202722997,no,45,159,1770297321.5541854,0.7545787545787546,0.8353045535186281,0.6699507389162561,0.532383069668934,0.7372549019607844,0.7972121042308771,0.6035502958579881,0.8106508875739645,83,0.5930232558139535,0.6144578313253012,255,0.7965116279069767,0.23494238318943303,45
silvery-sweep-731,utw67vy8,83358,0.1,VideoPrism,mean,0.9,5,0.1546203489852266,1,AdamW,step,9,head_pose,256,1024,93,0,True,False,0.0016712761155821408,no,28,93,1770186550.4070368,0.7802197802197802,0.8352454169130692,0.7029702970297029,0.5242898492586046,0.7333333333333333,0.802535724292519,0.5952380952380952,0.8058823529411765,83,0.5882352941176471,0.6024096385542169,255,0.7965116279069767,0.25238011698973806,28
rosy-sweep-2186,bih4ekyq,56142,0.1,VideoPrism,mean,0.9,3,0.3302254019704508,1,AdamW,reduce,6,head_pose,256,1024,160,0,True,False,0.0001458476041090461,no,40,160,1770258785.1743069,0.7545787545787546,0.8350088704908338,0.6731707317073171,0.5292730431853633,0.7294117647058823,0.8009946763799383,0.6057142857142858,0.8159509202453987,83,0.5760869565217391,0.6385542168674698,255,0.7732558139534884,0.2448335603663796,40
elated-sweep-1216,qh217c1h,45384,0.1,VideoPrism,mean,0.9,5,0.3415548186706149,1,AdamW,reduce,3,head_pose,256,1024,149,0,True,False,0.0004808598752699045,no,44,149,1770209978.315357,0.7545787545787546,0.834949733885275,0.6699507389162561,0.5317208880469912,0.7372549019607844,0.8007845334827682,0.6035502958579881,0.8106508875739645,83,0.5930232558139535,0.6144578313253012,255,0.7965116279069767,0.23621005278367263,44
upbeat-sweep-1541,1zjryldg,44334,0.1,VideoPrism,mean,0.9,4,0.21854774138584024,1,AdamW,reduce,9,head_pose,256,768,155,0,True,False,0.0014293503964184565,no,40,155,1770225984.6461997,0.7655677655677655,0.834949733885275,0.6923076923076923,0.5364442817020766,0.7450980392156863,0.802675819557299,0.6198830409356725,0.8203592814371258,83,0.6022727272727273,0.6385542168674698,255,0.7965116279069767,0.23800963012554385,40
youthful-sweep-1504,7bgjkf1k,92841,0.1,VideoPrism,mean,0.9,5,0.41307869973766,1,AdamW,reduce,5,head_pose,256,512,109,0,True,False,0.00067183769418661,no,34,109,1770224055.8301752,0.7545787545787546,0.8349497338852749,0.6699507389162561,0.5357454945316245,0.7411764705882353,0.7987531521434577,0.6024096385542169,0.8081395348837209,83,0.6024096385542169,0.6024096385542169,255,0.8081395348837209,0.2356775374065044,34
frosty-sweep-243,ghn3ke9g,94838,0.1,VideoPrism,mean,0.9,5,0.45739469392911514,1,AdamW,reduce,4,head_pose,256,768,86,0,True,False,0.0018976550037650647,no,31,86,1770163160.1979744,0.7765567765567766,0.8348905972797162,0.6965174129353234,0.5372994943852827,0.7333333333333333,0.802535724292519,0.5853658536585366,0.7988505747126436,83,0.5925925925925926,0.5783132530120482,255,0.8081395348837209,0.2394527540757106,31
dandy-sweep-695,2w81kao1,21650,0.1,VideoPrism,mean,0.9,4,0.3397596890725296,1,AdamW,reduce,7,head_pose,256,768,82,0,True,False,0.00038844351649572193,no,25,82,1770184920.811002,0.7619047619047619,0.834890597279716,0.6766169154228856,0.5258157882061634,0.7411764705882353,0.8002241524236481,0.611764705882353,0.8154761904761905,83,0.5977011494252874,0.6265060240963856,255,0.7965116279069767,0.2492065946100212,25
brisk-sweep-1019,uczfzt2f,79626,0.1,VideoPrism,mean,0.9,4,0.13664281143479606,1,AdamW,reduce,9,head_pose,256,256,125,0,True,False,0.0008652457774085321,no,35,125,1770200534.4079108,0.7545787545787546,0.8347723240685984,0.6666666666666666,0.5312170731279003,0.7411764705882353,0.7987531521434577,0.6024096385542169,0.8081395348837209,83,0.6024096385542169,0.6024096385542169,255,0.8081395348837209,0.24917676604469777,35
young-sweep-1544,uo3lbbn5,48196,0.1,VideoPrism,mean,0.9,4,0.2826288868318464,1,AdamW,reduce,8,head_pose,256,1024,104,0,True,False,0.0006416354320853057,no,31,104,1770226124.907616,0.7582417582417582,0.8346540508574808,0.6632653061224489,0.5306666006535401,0.7333333333333333,0.8009246287475483,0.575,0.7921348314606742,83,0.5974025974025974,0.5542168674698795,255,0.8197674418604651,0.2491966321883414,31
gallant-sweep-1393,a2amig91,52293,0.1,VideoPrism,mean,0.9,4,0.11845240150082909,1,AdamW,reduce,7,head_pose,256,1024,111,0,True,False,0.004138430832717727,no,33,111,1770218686.8103795,0.7728937728937729,0.834594914251922,0.693069306930693,0.5498093506355426,0.7058823529411765,0.7986831045110675,0.5508982035928144,0.783625730994152,83,0.5476190476190477,0.5542168674698795,255,0.7790697674418605,0.22658180478613385,33
royal-sweep-238,xuews0zm,86891,0.1,VideoPrism,mean,0.9,5,0.17793617738079087,1,AdamW,step,8,head_pose,256,1024,112,0,True,False,0.0003342182600824405,no,32,112,1770162939.3664496,0.7619047619047619,0.8345949142519219,0.6859903381642513,0.5293041124885336,0.7294117647058823,0.799803866629308,0.6057142857142858,0.8159509202453987,83,0.5760869565217391,0.6385542168674698,255,0.7732558139534884,0.24727448652147763,32
honest-sweep-1724,hcs7um4d,33304,0.1,VideoPrism,mean,0.9,4,0.29702285229395997,1,AdamW,reduce,10,head_pose,256,1024,189,0,True,False,0.0006582068894616672,no,51,189,1770234861.0257802,0.7655677655677655,0.8344766410408043,0.6893203883495146,0.5403013268669883,0.7294117647058823,0.8006444382179883,0.6057142857142858,0.8159509202453987,83,0.5760869565217391,0.6385542168674698,255,0.7732558139534884,0.2297689496626255,51
sparkling-sweep-2503,rlkc2fe3,38133,0.1,VideoPrism,mean,0.9,5,0.2289219050877424,1,AdamW,reduce,4,head_pose,256,1024,66,0,True,False,0.0007581734533295704,no,20,66,1770274812.1093807,0.7582417582417582,0.8344175044352454,0.6732673267326733,0.527310019666022,0.7490196078431373,0.7996637713645278,0.6097560975609756,0.8103448275862069,83,0.6172839506172839,0.6024096385542169,255,0.8197674418604651,0.24395991542078704,20
dazzling-sweep-764,h5azymgw,75790,0.1,VideoPrism,mean,0.9,5,0.3500050133329943,1,AdamW,reduce,9,head_pose,256,1024,57,0,True,False,0.0009630341899820336,no,16,57,1770187924.1700895,0.7545787545787546,0.8344175044352454,0.6455026455026455,0.5302424605512793,0.7372549019607844,0.802956010086859,0.5732484076433121,0.7900552486187845,83,0.6081081081081081,0.5421686746987951,255,0.8313953488372093,0.25010016645014527,16
robust-sweep-2994,esvdaevf,62669,0.1,VideoPrism,mean,0.9,3,0.4752175207580319,1,AdamW,reduce,6,head_pose,256,512,199,0,True,False,0.0001402675641398984,no,59,199,1770299843.6624424,0.7472527472527473,0.8344175044352453,0.6634146341463415,0.5356900443087568,0.7294117647058823,0.7974922947604371,0.6011560693641619,0.8121212121212121,83,0.5777777777777777,0.6265060240963856,255,0.7790697674418605,0.23180269851134375,59
polar-sweep-679,jf6kv9oq,8868,0.1,VideoPrism,mean,0.9,3,0.12552324236120824,1,AdamW,reduce,7,head_pose,256,768,65,0,True,False,0.0009300441108167462,no,17,65,1770184137.3829153,0.7619047619047619,0.8343583678296865,0.6733668341708543,0.5305614274936717,0.7411764705882353,0.8016951527038385,0.5975609756097561,0.8045977011494253,83,0.6049382716049383,0.5903614457831325,255,0.813953488372093,0.24387605150460231,17
likely-sweep-427,pooa8j2o,93639,0.1,VideoPrism,mean,0.9,4,0.2657083602225237,1,AdamW,reduce,5,head_pose,256,1024,184,0,True,False,0.00013655263123806005,no,58,184,1770171916.0286772,0.7582417582417582,0.8342992312241277,0.6826923076923077,0.5341384137943114,0.7294117647058823,0.799733818996918,0.6057142857142858,0.8159509202453987,83,0.5760869565217391,0.6385542168674698,255,0.7732558139534884,0.2390491062330331,58
hardy-sweep-2693,hjr17qe4,11811,0.1,VideoPrism,mean,0.9,5,0.11254756158344303,1,AdamW,reduce,3,head_pose,256,768,131,0,True,False,0.0001911075801738705,no,32,131,1770284329.7016914,0.7545787545787546,0.834240094618569,0.6699507389162561,0.5298172541153736,0.7294117647058823,0.7983328663491175,0.6011560693641619,0.8121212121212121,83,0.5777777777777777,0.6265060240963856,255,0.7790697674418605,0.243567197248038,32
confused-sweep-2685,5b5q1xgc,61414,0.1,VideoPrism,mean,0.9,4,0.3603766506333309,1,AdamW,reduce,6,head_pose,256,1024,151,0,True,False,0.00035236186916853487,no,45,151,1770283956.7018764,0.7545787545787546,0.8342400946185689,0.6699507389162561,0.5316503770622142,0.7254901960784313,0.8007144858503783,0.5882352941176471,0.8035714285714286,83,0.5747126436781609,0.6024096385542169,255,0.7848837209302325,0.24266642977592917,45
woven-sweep-2399,14lqxe8q,40196,0.1,VideoPrism,mean,0.9,3,0.4475541564172392,1,AdamW,reduce,6,head_pose,256,1024,142,0,True,False,0.0003283347212305875,no,35,142,1770269596.699359,0.7655677655677655,0.8342400946185689,0.6831683168316832,0.5266552255267188,0.7411764705882353,0.8001541047912581,0.611764705882353,0.8154761904761905,83,0.5977011494252874,0.6265060240963856,255,0.7965116279069767,0.2492940944698658,35
worthy-sweep-108,tf04e1fs,75618,0.1,VideoPrism,mean,0.9,5,0.2722663735152,1,AdamW,reduce,8,head_pose,256,1024,106,0,True,False,0.0004198229522456993,no,34,106,1770157005.5824003,0.7655677655677655,0.8342400946185689,0.6923076923076923,0.5325095646983975,0.7294117647058823,0.799873914261698,0.6057142857142858,0.8159509202453987,83,0.5760869565217391,0.6385542168674698,255,0.7732558139534884,0.24742303010423175,34
distinctive-sweep-1792,1vkql3n6,50821,0.1,VideoPrism,mean,0.9,3,0.2755839173755295,1,AdamW,reduce,4,head_pose,256,768,154,0,True,False,0.0006236937637553552,no,42,154,1770238413.9532475,0.7582417582417582,0.8341809580130101,0.6732673267326733,0.5290216873416971,0.7372549019607844,0.8010647240123284,0.5988023952095808,0.8070175438596491,83,0.5952380952380952,0.6024096385542169,255,0.8023255813953488,0.24815788684103657,42
snowy-sweep-337,rx1zaruc,25793,0.1,VideoPrism,mean,0.9,4,0.2493211663793643,1,AdamW,reduce,5,head_pose,256,768,155,0,True,False,0.0002761916290513156,no,40,155,1770167447.0025904,0.7582417582417582,0.8341809580130101,0.6764705882352942,0.5320376646824372,0.7372549019607844,0.7990333426730177,0.6081871345029239,0.8143712574850299,83,0.5909090909090909,0.6265060240963856,255,0.7906976744186046,0.24693912870970816,40
golden-sweep-1235,s2gufjwv,52167,0.1,VideoPrism,mean,0.9,4,0.2824087551628425,1,AdamW,reduce,5,head_pose,256,1024,130,0,True,False,0.0013168140738227918,no,37,130,1770210829.9408226,0.7619047619047619,0.8341809580130101,0.6632124352331606,0.5295576582024822,0.7333333333333333,0.8009946763799384,0.569620253164557,0.7888888888888889,83,0.6,0.5421686746987951,255,0.8255813953488372,0.2587553245818567,37
earthy-sweep-2394,a1d2tsyt,98863,0.1,VideoPrism,mean,0.9,5,0.20047775126948897,1,AdamW,reduce,9,head_pose,256,1024,143,0,True,False,0.00019688311651298615,no,39,143,1770269389.537725,0.7655677655677655,0.83418095801301,0.6831683168316832,0.5312910953284183,0.7411764705882353,0.7989632950406277,0.6071428571428571,0.8117647058823529,83,0.6,0.6144578313253012,255,0.8023255813953488,0.24042448021381008,39
efficient-sweep-967,mcnd2air,36818,0.1,VideoPrism,mean,0.9,3,0.12712725092438448,1,AdamW,step,9,head_pose,256,1024,100,0,True,False,0.0036040466619946658,no,27,100,1770197934.8169816,0.7802197802197802,0.8341218214074512,0.7058823529411765,0.5470824195788457,0.7215686274509804,0.8009246287475483,0.5748502994011976,0.7953216374269005,83,0.5714285714285714,0.5783132530120482,255,0.7906976744186046,0.24247093227228173,27
olive-sweep-584,8kzm10ui,78770,0.1,VideoPrism,mean,0.9,4,0.43467470684199994,1,AdamW,reduce,7,head_pose,256,1024,153,0,True,False,0.0006144106871324494,no,46,153,1770179408.0514507,0.7619047619047619,0.8340626848018924,0.6798029556650246,0.5291700616424337,0.7411764705882353,0.8007845334827683,0.6071428571428571,0.8117647058823529,83,0.6,0.6144578313253012,255,0.8023255813953488,0.2484143087979753,46
confused-sweep-2344,77v5ob4a,94249,0.1,VideoPrism,mean,0.9,4,0.13710760388060914,1,AdamW,reduce,9,head_pose,256,512,138,0,True,False,0.00029206909343417863,no,46,138,1770266746.2898808,0.7545787545787546,0.8340626848018923,0.6699507389162561,0.5305724115598769,0.7372549019607844,0.7984729616138975,0.6035502958579881,0.8106508875739645,83,0.5930232558139535,0.6144578313253012,255,0.7965116279069767,0.24688525081646104,46
stellar-sweep-785,slqx73cc,73815,0.1,VideoPrism,mean,0.9,4,0.11766483608591265,1,AdamW,step,4,head_pose,256,1024,123,0,True,False,0.0004694807551409303,no,29,123,1770188969.7419825,0.7619047619047619,0.8340035481963335,0.6766169154228856,0.5195860698982909,0.7411764705882353,0.8002942000560382,0.6024096385542169,0.8081395348837209,83,0.6024096385542169,0.6024096385542169,255,0.8081395348837209,0.2597254847708019,29
earnest-sweep-154,aidhkthl,58407,0.1,VideoPrism,mean,0.9,5,0.12030675654162414,1,AdamW,step,9,head_pose,256,1024,96,0,True,False,0.0004144134169110094,no,33,96,1770158988.8979778,0.7655677655677655,0.8339444115907746,0.6893203883495146,0.5285617855442313,0.7294117647058823,0.8023255813953488,0.6057142857142858,0.8159509202453987,83,0.5760869565217391,0.6385542168674698,255,0.7732558139534884,0.24872484586016852,33
vibrant-sweep-347,gzxzur2e,96045,0.1,VideoPrism,mean,0.9,5,0.2032443972118101,1,AdamW,reduce,6,head_pose,256,1024,196,0,True,False,0.00026475307321404513,no,59,196,1770167959.4626117,0.7582417582417582,0.8338852749852159,0.67,0.526163060149867,0.7372549019607844,0.7996637713645278,0.6035502958579881,0.8106508875739645,83,0.5930232558139535,0.6144578313253012,255,0.7965116279069767,0.2528223146793813,59
prime-sweep-2716,6x3fyjw4,54152,0.1,VideoPrism,mean,0.9,5,0.1727091744610997,1,AdamW,reduce,7,head_pose,256,768,121,0,True,False,0.00204140031262577,no,37,121,1770285473.4377534,0.7728937728937729,0.8338852749852158,0.7075471698113207,0.5308226231253628,0.7215686274509804,0.7988231997758477,0.5942857142857143,0.8098159509202454,83,0.5652173913043478,0.6265060240963856,255,0.7674418604651163,0.2517922477200929,37
unique-sweep-2664,npk6rxjw,46758,0.1,VideoPrism,mean,0.9,4,0.30917999741694757,1,AdamW,reduce,9,head_pose,256,512,117,0,True,False,0.0004617982120687235,no,35,117,1770282920.609581,0.7619047619047619,0.833826138379657,0.6798029556650246,0.535211410059597,0.7411764705882353,0.7991033903054078,0.611764705882353,0.8154761904761905,83,0.5977011494252874,0.6265060240963856,255,0.7965116279069767,0.24533450175152133,35
rose-sweep-314,wvz1mm7p,98469,0.1,VideoPrism,mean,0.9,3,0.10629364573259542,1,AdamW,reduce,4,head_pose,256,1024,143,0,True,False,0.0007752867602902003,no,41,143,1770166442.4767382,0.7655677655677655,0.833767001774098,0.6831683168316832,0.5340364682368743,0.7450980392156863,0.8019052956010086,0.6060606060606061,0.8092485549132948,83,0.6097560975609756,0.6024096385542169,255,0.813953488372093,0.2456283879424879,41
super-sweep-778,ecbh1obj,93629,0.1,VideoPrism,mean,0.9,5,0.3134969588883706,1,AdamW,step,9,head_pose,256,1024,127,0,True,False,0.0006783008568019609,no,37,127,1770188643.8336756,0.7582417582417582,0.8336487285629804,0.6732673267326733,0.5260870917376145,0.7529411764705882,0.8019052956010088,0.6272189349112426,0.8224852071005917,83,0.6162790697674418,0.6385542168674698,255,0.8081395348837209,0.25349538975399033,37
smooth-sweep-110,4su3cg8j,15542,0.1,VideoPrism,mean,0.9,3,0.30978755825056203,1,AdamW,step,5,head_pose,256,768,96,0,True,False,0.0009090529457836796,no,36,96,1770157120.62893,0.7582417582417582,0.8335304553518628,0.67,0.5340473717385597,0.7450980392156863,0.8011347716447184,0.6060606060606061,0.8092485549132948,83,0.6097560975609756,0.6024096385542169,255,0.813953488372093,0.24915317280089808,36
revived-sweep-2237,3kmus9xz,88286,0.1,VideoPrism,mean,0.9,4,0.24801911352801628,1,AdamW,step,8,head_pose,256,1024,191,0,True,False,0.0007212909905233328,no,50,191,1770261355.753191,0.7655677655677655,0.8334713187463039,0.6862745098039216,0.5326271393360236,0.7411764705882353,0.7998038666293079,0.6162790697674418,0.8192771084337349,83,0.5955056179775281,0.6385542168674698,255,0.7906976744186046,0.2408222247231827,50
azure-sweep-1854,plr0yf7w,68422,0.1,VideoPrism,mean,0.9,3,0.14705864792258572,1,AdamW,reduce,9,head_pose,256,1024,170,0,True,False,0.00013602742804899189,no,51,170,1770241606.4913275,0.7619047619047619,0.8334121821407451,0.6798029556650246,0.5306633892076793,0.7294117647058823,0.7993135332025778,0.6057142857142858,0.8159509202453987,83,0.5760869565217391,0.6385542168674698,255,0.7732558139534884,0.25035326478452335,51
serene-sweep-2863,qziyjx9b,5135,0.1,VideoPrism,mean,0.9,4,0.15781086655050275,1,AdamW,reduce,10,head_pose,256,1024,120,0,True,False,0.0002333082220236679,no,36,120,1770293246.538258,0.7655677655677655,0.8333530455351862,0.6831683168316832,0.5252339438204363,0.7411764705882353,0.7995937237321378,0.611764705882353,0.8154761904761905,83,0.5977011494252874,0.6265060240963856,255,0.7965116279069767,0.2574402887811545,36
solar-sweep-2674,u7o8bp0x,39618,0.1,VideoPrism,mean,0.9,5,0.2821068562122716,1,AdamW,step,9,head_pose,256,768,87,0,True,False,0.00023560387294846045,no,28,87,1770283393.063974,0.7545787545787546,0.8332939089296274,0.6731707317073171,0.5314014276742062,0.7294117647058823,0.8012048192771084,0.6057142857142858,0.8159509202453987,83,0.5760869565217391,0.6385542168674698,255,0.7732558139534884,0.24906280190355864,28
expert-sweep-1493,5lvvdqgj,23293,0.1,VideoPrism,mean,0.9,5,0.25611987721510304,1,AdamW,reduce,8,head_pose,256,1024,104,0,True,False,0.0006882541580939515,no,22,104,1770223524.9595578,0.7619047619047619,0.8332939089296274,0.6766169154228856,0.5277086843501081,0.7450980392156863,0.8016251050714486,0.6107784431137725,0.8128654970760234,83,0.6071428571428571,0.6144578313253012,255,0.8081395348837209,0.2509728729845541,22
comic-sweep-2924,4bckf7df,40453,0.1,VideoPrism,mean,0.9,4,0.36706816916160256,1,AdamW,reduce,6,head_pose,256,768,97,0,True,False,0.00029986362725911865,no,28,97,1770296397.0495372,0.7582417582417582,0.8332939089296273,0.67,0.526949432743338,0.7372549019607844,0.7996637713645278,0.5988023952095808,0.8070175438596491,83,0.5952380952380952,0.6024096385542169,255,0.8023255813953488,0.25428822347027086,28
twilight-sweep-2542,0aa3msrn,66464,0.1,VideoPrism,mean,0.9,4,0.2582037427188453,1,AdamW,reduce,4,head_pose,256,1024,85,0,True,False,0.0005864264368406077,no,23,85,1770276743.137383,0.7655677655677655,0.8332347723240685,0.6767676767676768,0.5223124811064193,0.7333333333333333,0.8005043429532082,0.575,0.7921348314606742,83,0.5974025974025974,0.5542168674698795,255,0.8197674418604651,0.25728792905324865,23
comfy-sweep-1515,f2jii23k,22931,0.1,VideoPrism,mean,0.9,4,0.16542997314295932,1,AdamW,step,9,head_pose,256,768,115,0,True,False,0.0014632458748163894,no,32,115,1770224635.8734434,0.7728937728937729,0.8331756357185098,0.693069306930693,0.5294774013124542,0.7176470588235294,0.8023255813953488,0.5714285714285714,0.7941176470588235,83,0.5647058823529412,0.5783132530120482,255,0.7848837209302325,0.2382941715389128,32
fine-sweep-1096,h7rl2inm,96034,0.1,VideoPrism,mean,0.9,3,0.29733376873113393,1,AdamW,reduce,7,head_pose,256,1024,147,0,True,False,0.0005202760801731661,no,42,147,1770204204.0737348,0.7582417582417582,0.8330573625073922,0.67,0.5300470191043812,0.7490196078431373,0.8009246287475483,0.6144578313253012,0.813953488372093,83,0.6144578313253012,0.6144578313253012,255,0.813953488372093,0.2491011248547056,42
polished-sweep-1108,da6jfga5,12477,0.1,VideoPrism,mean,0.9,3,0.4260562963698914,1,AdamW,reduce,5,head_pose,256,768,72,0,True,False,0.0006699735954993401,no,23,72,1770204841.9097729,0.7582417582417582,0.8330573625073922,0.67,0.5268187415905488,0.7333333333333333,0.8005043429532082,0.5903614457831325,0.8023255813953488,83,0.5903614457831325,0.5903614457831325,255,0.8023255813953488,0.25912164664461546,23
rosy-sweep-269,164tgza6,17470,0.1,VideoPrism,mean,0.9,5,0.21779999536137204,1,AdamW,reduce,5,head_pose,256,768,71,0,True,False,0.0003760576050503808,no,19,71,1770164300.6571398,0.7619047619047619,0.833057362507392,0.6766169154228856,0.5237718379541194,0.7450980392156863,0.799733818996918,0.6153846153846154,0.8165680473372781,83,0.6046511627906976,0.6265060240963856,255,0.8023255813953488,0.2667126994625277,19
glorious-sweep-1841,wkj0ni7u,49373,0.1,VideoPrism,mean,0.9,4,0.40883478366119463,1,AdamW,reduce,8,head_pose,256,1024,87,0,True,False,0.0011435717477466104,no,28,87,1770240953.926916,0.7692307692307693,0.833057362507392,0.6926829268292682,0.5324207777942057,0.7450980392156863,0.8018352479686187,0.6198830409356725,0.8203592814371258,83,0.6022727272727273,0.6385542168674698,255,0.7965116279069767,0.24436568333069805,28
autumn-sweep-2385,14tpntrp,23204,0.1,VideoPrism,mean,0.9,5,0.3147310461680082,1,AdamW,reduce,9,head_pose,256,1024,169,0,True,False,0.002821263279419268,no,47,169,1770268955.0557668,0.7875457875457875,0.8329982259018333,0.7070707070707071,0.5384983857036073,0.7176470588235294,0.7992434855701877,0.55,0.7808988764044944,83,0.5714285714285714,0.5301204819277109,255,0.8081395348837209,0.2486640934036811,47
chocolate-sweep-282,tpz0g4uh,77470,0.1,VideoPrism,mean,0.9,3,0.2402025503633972,1,AdamW,reduce,7,head_pose,256,256,76,0,True,False,0.0011185114980386149,no,23,76,1770164881.1781096,0.7582417582417582,0.8328799526907156,0.67,0.5266380720522814,0.7411764705882353,0.8014149621742784,0.6024096385542169,0.8081395348837209,83,0.6024096385542169,0.6024096385542169,255,0.8081395348837209,0.2617581141019157,23
fancy-sweep-2638,wipiy4sw,67023,0.1,VideoPrism,mean,0.9,3,0.3271573735414861,1,AdamW,reduce,7,head_pose,256,256,69,0,True,False,0.001372707942641632,no,18,69,1770281620.9308603,0.7619047619047619,0.8328799526907156,0.6733668341708543,0.5296381155213157,0.7372549019607844,0.8005743905855982,0.5838509316770186,0.7966101694915254,83,0.6025641025641025,0.5662650602409639,255,0.8197674418604651,0.26544506817694136,18
glamorous-sweep-503,fuy1dhmd,96681,0.1,VideoPrism,mean,0.9,4,0.19756280357631387,1,AdamW,reduce,5,head_pose,256,768,121,0,True,False,0.00022150891847105505,no,34,121,1770175575.605036,0.7582417582417582,0.8328799526907155,0.6764705882352942,0.5283109768406375,0.7254901960784313,0.8015550574390585,0.5977011494252874,0.8109756097560976,83,0.5714285714285714,0.6265060240963856,255,0.7732558139534884,0.26280994719339285,34
zany-sweep-2673,raddu7bp,26729,0.1,VideoPrism,mean,0.9,4,0.31717080246891693,1,AdamW,step,4,head_pose,256,768,161,0,True,False,0.00017178960278170852,no,35,161,1770283353.741692,0.7509157509157509,0.8328208160851568,0.6699029126213593,0.5309204083659274,0.7294117647058823,0.8008545811151583,0.6057142857142858,0.8159509202453987,83,0.5760869565217391,0.6385542168674698,255,0.7732558139534884,0.2574848005404839,35
fallen-sweep-88,rnvp6w52,23691,0.1,VideoPrism,mean,0.9,4,0.1455705001103208,1,AdamW,step,8,head_pose,256,512,47,0,True,False,0.0016826433813694965,no,18,47,1770156032.317361,0.7582417582417582,0.832702542874039,0.6666666666666666,0.5368863138960395,0.7450980392156863,0.8036564864107594,0.5962732919254659,0.8022598870056498,83,0.6153846153846154,0.5783132530120482,255,0.8255813953488372,0.25904498481557436,18
different-sweep-1255,0c8yzqg1,70950,0.1,VideoPrism,mean,0.9,5,0.28741076402355814,1,AdamW,reduce,10,head_pose,256,768,78,0,True,False,0.0013939979107063306,no,23,78,1770211701.9249854,0.7728937728937729,0.832702542874039,0.7047619047619048,0.5361996819248129,0.7254901960784313,0.8013449145418885,0.6022727272727273,0.8148148148148148,83,0.5698924731182796,0.6385542168674698,255,0.7674418604651163,0.25012856154789326,23
flowing-sweep-929,bps9bshg,24464,0.1,VideoPrism,mean,0.9,5,0.3234722309131667,1,AdamW,reduce,9,head_pose,256,1024,113,0,True,False,0.0007804031020741066,no,33,113,1770196124.762913,0.7582417582417582,0.8326434062684802,0.67,0.5331426009590372,0.7372549019607844,0.8016951527038386,0.588957055214724,0.8,83,0.6,0.5783132530120482,255,0.813953488372093,0.24277686885735283,33
dainty-sweep-92,6n31sbaw,71141,0.1,VideoPrism,mean,0.9,5,0.18381782553934187,1,AdamW,reduce,9,head_pose,256,1024,107,0,True,False,0.0007587099802787979,no,34,107,1770156198.1265347,0.7692307692307693,0.8325842696629214,0.6956521739130435,0.5265668552000444,0.7333333333333333,0.7998739142616978,0.6046511627906976,0.8132530120481928,83,0.5842696629213483,0.6265060240963856,255,0.7848837209302325,0.25857362838891834,34
silver-sweep-2868,wweb3evh,86633,0.1,VideoPrism,mean,0.9,4,0.4752239444221511,1,AdamW,reduce,7,head_pose,256,768,193,0,True,False,0.0004892157537591972,no,60,193,1770293497.3489134,0.7582417582417582,0.8325842696629213,0.6764705882352942,0.5259658713917156,0.7215686274509804,0.8014149621742784,0.5895953757225434,0.806060606060606,83,0.5666666666666667,0.6144578313253012,255,0.7732558139534884,0.26430671417761425,60
pleasant-sweep-989,52zuret5,42836,0.1,VJEPA2_SSV2,mean,0.9,4,0.3379463636898024,1,AdamW,reduce,5,nose_touch,256,512,185,0,True,False,0.0003193526294459857,no,82,185,1770214831.6904137,0.7905604719764012,0.8508786136529274,0.6666666666666666,0.45474505283839584,0.7891373801916933,0.8349217495987159,0.6071428571428571,0.8376068376068376,89,0.6455696202531646,0.5730337078651685,313,0.875,0.24722853160190011,82
dry-sweep-2038,f07epfzw,87680,0.1,VJEPA2_SSV2,mean,0.9,5,0.3277949706859957,1,AdamW,reduce,9,nose_touch,256,1024,174,0,True,False,0.00036406524996081795,yes,79,174,1770284062.102428,0.7817109144542773,0.8503522552433397,0.6636363636363637,0.45665707102919045,0.7955271565495208,0.8314606741573034,0.627906976744186,0.8478260869565217,89,0.6506024096385542,0.6067415730337079,313,0.8705357142857143,0.2699850697717267,79
golden-sweep-619,wc5rd5ts,56606,0.1,VJEPA2_SSV2,mean,0.9,3,0.4829626443982646,1,AdamW,step,7,nose_touch,256,1024,190,0,True,False,4.491537676197174e-05,no,83,190,1770191354.8545728,0.7817109144542773,0.849259049315734,0.6636363636363637,0.4646927951711469,0.7955271565495208,0.8369281701444623,0.6363636363636364,0.8539823008849557,89,0.6436781609195402,0.6292134831460674,313,0.8616071428571429,0.1891597744055137,83
spring-sweep-821,8qv9bldm,93548,0.1,VJEPA2_SSV2,mean,0.9,4,0.27642917410645623,1,AdamW,reduce,10,nose_touch,256,1024,67,0,True,False,0.0006382565272152615,no,33,67,1770204215.0442352,0.7935103244837758,0.8479633978459795,0.6391752577319587,0.46685902857850786,0.7955271565495208,0.8321629213483145,0.5949367088607594,0.8278688524590164,89,0.6811594202898551,0.5280898876404494,313,0.9017857142857144,0.22628384186122233,33
stoic-sweep-245,p5pyvi9t,57890,0.1,VJEPA2_SSV2,mean,0.9,4,0.4382839332412579,1,AdamW,reduce,3,nose_touch,256,512,110,0,True,False,0.00017844620048604903,no,48,110,1770167494.895382,0.7846607669616519,0.8479633978459794,0.669683257918552,0.4595308838340737,0.7987220447284346,0.8350722311396468,0.64,0.8546255506607929,89,0.6511627906976745,0.6292134831460674,313,0.8660714285714286,0.25585716730820207,48
amber-sweep-2289,ulcypt57,79772,0.1,VJEPA2_SSV2,mean,0.9,4,0.26966183985162273,1,AdamW,reduce,9,nose_touch,256,1024,185,0,True,False,1.9538582961360135e-05,no,84,185,1770300864.0421336,0.775811209439528,0.8479633978459794,0.6637168141592921,0.462558226951104,0.8019169329073482,0.8345204654895665,0.651685393258427,0.8616071428571429,89,0.651685393258427,0.651685393258427,313,0.8616071428571429,0.2391264972215641,84
sparkling-sweep-1007,fni1ymco,90062,0.1,VJEPA2_SSV2,mean,0.9,3,0.3680485380793461,1,AdamW,reduce,4,nose_touch,256,512,168,0,True,False,3.2543683235447754e-05,no,76,168,1770216010.802866,0.7728613569321534,0.8478824196291198,0.6515837104072398,0.4663323770582149,0.7955271565495208,0.8364767255216693,0.632183908045977,0.8508771929824561,89,0.6470588235294118,0.6179775280898876,313,0.8660714285714286,0.22002830860500563,76
confused-sweep-759,w5ypmjvc,47953,0.1,VJEPA2_SSV2,mean,0.9,3,0.20897240225832703,1,AdamW,reduce,3,nose_touch,256,1024,185,0,True,False,2.309892985197781e-05,no,83,185,1770200470.439422,0.7787610619469026,0.84780144141226,0.6606334841628959,0.46363391936001175,0.7987220447284346,0.8347211075441412,0.64,0.8546255506607929,89,0.6511627906976745,0.6292134831460674,313,0.8660714285714286,0.2138186047177115,83
vibrant-sweep-334,82jtpjp9,12071,0.1,VJEPA2_SSV2,mean,0.9,4,0.4785323939054661,1,AdamW,reduce,8,nose_touch,256,1024,89,0,True,False,0.00015467506874334934,no,41,89,1770173122.4921985,0.8053097345132744,0.8477204631954004,0.6732673267326733,0.4467527811857803,0.7763578274760383,0.8298053772070627,0.5569620253164557,0.8155737704918032,89,0.6376811594202898,0.4943820224719101,313,0.8883928571428571,0.33479381178667444,41
splendid-sweep-1755,zz84nlfx,96254,0.1,VJEPA2_SSV2,mean,0.9,5,0.47407199599174155,1,AdamW,reduce,10,nose_touch,256,1024,119,0,True,False,4.330384014524179e-05,no,57,119,1770265123.809715,0.7817109144542773,0.8475585067616813,0.6636363636363637,0.46436923795041785,0.8019169329073482,0.8342696629213483,0.6477272727272727,0.8584070796460177,89,0.6551724137931034,0.6404494382022472,313,0.8660714285714286,0.20428184879397204,57
quiet-sweep-533,ohbyqtjs,36999,0.1,VJEPA2_SSV2,mean,0.9,3,0.20360398797205384,1,AdamW,reduce,4,nose_touch,256,512,85,0,True,False,0.00018317383009377623,no,44,85,1770185511.281385,0.799410029498525,0.8475585067616812,0.6633663366336634,0.4529533948870184,0.7763578274760383,0.8311597110754414,0.5679012345679012,0.8208333333333333,89,0.6301369863013698,0.5168539325842697,313,0.8794642857142857,0.3209142659952541,44
rose-sweep-1486,6h5vur6e,60012,0.1,VJEPA2_SSV2,mean,0.9,5,0.1041818205072362,1,AdamW,reduce,8,nose_touch,256,768,191,0,True,False,5.441472393235681e-05,no,87,191,1770247662.53643,0.7787610619469026,0.8475180176532513,0.6666666666666666,0.46027542936415095,0.8115015974440895,0.8342195024077048,0.6703910614525139,0.8699551569506726,89,0.6666666666666666,0.6741573033707865,313,0.8660714285714286,0.24843599598207872,87
logical-sweep-1416,i1ed8wnw,27702,0.1,VJEPA2_SSV2,mean,0.9,3,0.4388007171286301,1,AdamW,reduce,8,nose_touch,256,256,128,0,True,False,8.339079938056303e-05,no,54,128,1770242828.7191246,0.7905604719764012,0.8475180176532513,0.6635071090047393,0.4652410114409298,0.805111821086262,0.8382825040128411,0.6473988439306358,0.8558951965065502,89,0.6666666666666666,0.6292134831460674,313,0.875,0.22799986779332876,54
devout-sweep-582,fetfaexu,68593,0.1,VJEPA2_SSV2,mean,0.9,5,0.4135276305068173,1,AdamW,step,10,nose_touch,256,1024,177,0,True,False,0.0002907719075647674,no,89,177,1770188885.490243,0.7935103244837758,0.8474775285448215,0.6728971962616822,0.4549979734561436,0.7987220447284346,0.8336677367576245,0.6227544910179641,0.8425531914893617,89,0.6666666666666666,0.5842696629213483,313,0.8839285714285714,0.25583822427395575,89
copper-sweep-454,07g6u7gh,70531,0.1,VJEPA2_SSV2,mean,0.9,5,0.2799398634063355,1,AdamW,reduce,5,nose_touch,256,1024,43,0,True,False,9.68114994932167e-05,no,28,43,1770180578.4335375,0.7905604719764012,0.8474370394363916,0.6602870813397129,0.45060084755793434,0.7955271565495208,0.83401886035313,0.6097560975609756,0.8361344537815126,89,0.6666666666666666,0.5617977528089888,313,0.8883928571428571,0.2627192260976323,28
lucky-sweep-1380,jnfyn2n9,72068,0.1,VJEPA2_SSV2,mean,0.9,5,0.46836609913622385,1,AdamW,reduce,10,nose_touch,256,1024,119,0,True,False,5.740313907969438e-05,no,53,119,1770240599.9657185,0.7935103244837758,0.8473560612195319,0.6759259259259259,0.45330797131434303,0.7955271565495208,0.8336677367576243,0.6190476190476191,0.8418803418803419,89,0.6582278481012658,0.5842696629213483,313,0.8794642857142857,0.24607738085135727,53
clear-sweep-1003,aq8qb2a4,13186,0.1,VJEPA2_SSV2,mean,0.9,5,0.40278197504220714,1,AdamW,reduce,8,nose_touch,256,1024,46,0,True,False,9.435794671500636e-05,no,29,46,1770215748.035987,0.775811209439528,0.8472345938942425,0.6545454545454545,0.46143194918787234,0.8083067092651757,0.8334670947030497,0.6511627906976745,0.8565217391304348,89,0.6746987951807228,0.6292134831460674,313,0.8794642857142857,0.22633047794510505,29
sweepy-sweep-778,rv87695f,16748,0.1,VJEPA2_SSV2,mean,0.9,3,0.14256850387002615,1,AdamW,reduce,4,nose_touch,256,1024,171,0,True,False,5.997056886382713e-05,no,77,171,1770201716.5534902,0.7787610619469026,0.8472345938942425,0.6606334841628959,0.4594691277956892,0.805111821086262,0.8357744783306581,0.6514285714285715,0.8590308370044053,89,0.6627906976744186,0.6404494382022472,313,0.8705357142857143,0.23749448492855368,77
denim-sweep-847,w7fcp9nr,68656,0.1,VJEPA2_SSV2,mean,0.9,3,0.4806912997246272,1,AdamW,step,4,nose_touch,256,768,122,0,True,False,0.00019276948004320392,no,59,122,1770206048.3096433,0.799410029498525,0.8471536156773828,0.6633663366336634,0.455815283773923,0.7827476038338658,0.8351725521669341,0.5802469135802469,0.825,89,0.6438356164383562,0.5280898876404494,313,0.8839285714285714,0.2646920956715852,59
deft-sweep-1113,g8ychcsx,15270,0.1,VJEPA2_SSV2,mean,0.9,3,0.3655180828624015,1,AdamW,step,3,nose_touch,256,512,159,0,True,False,2.5063942471952735e-05,no,78,159,1770222841.873268,0.775811209439528,0.8471536156773828,0.6637168141592921,0.4663862399647018,0.8083067092651757,0.8355738362760835,0.6703296703296703,0.8727272727272727,89,0.6559139784946236,0.6853932584269663,313,0.8571428571428571,0.2665190113161852,78
dauntless-sweep-150,j6agrutl,97025,0.1,VJEPA2_SSV2,mean,0.9,4,0.24441249290997705,1,AdamW,reduce,3,nose_touch,256,768,145,0,True,False,3.2232008599628644e-05,no,72,145,1770161675.9615452,0.7817109144542773,0.8471536156773828,0.6605504587155964,0.46585044308749624,0.8019169329073482,0.8372291332263242,0.6395348837209303,0.8521739130434782,89,0.6626506024096386,0.6179775280898876,313,0.875,0.203866272094007,72
deft-sweep-360,ti8cb3wt,31753,0.1,VJEPA2_SSV2,mean,0.9,3,0.3239146249925464,1,AdamW,step,10,nose_touch,256,1024,179,0,True,False,1.4460811224195436e-05,no,81,179,1770174777.3928342,0.7787610619469026,0.8471536156773828,0.6636771300448431,0.4635435719054006,0.8115015974440895,0.8311095505617977,0.6775956284153005,0.8767123287671232,89,0.6595744680851063,0.6966292134831461,313,0.8571428571428571,0.2804653319769991,81
icy-sweep-1621,aha5epft,74352,0.1,VJEPA2_SSV2,mean,0.9,4,0.43189949344690615,1,AdamW,reduce,6,nose_touch,256,1024,169,0,True,False,5.270404099674423e-05,no,79,169,1770256602.4111514,0.7787610619469026,0.8471131265689529,0.6543778801843319,0.45698803241274,0.7987220447284346,0.8339185393258427,0.6358381502890174,0.851528384279476,89,0.6547619047619048,0.6179775280898876,313,0.8705357142857143,0.2427195236532988,79
woven-sweep-429,3vrxmxo1,11208,0.1,VJEPA2_SSV2,mean,0.9,4,0.4049790722448817,1,AdamW,step,6,nose_touch,256,1024,78,0,True,False,0.00012638545098873287,no,40,78,1770179076.95113,0.7905604719764012,0.8471131265689529,0.6728110599078341,0.45334397955278377,0.792332268370607,0.834470304975923,0.6107784431137725,0.8382978723404255,89,0.6538461538461539,0.5730337078651685,313,0.8794642857142857,0.2810608691084171,40
polished-sweep-675,dzof1q6s,18768,0.1,VJEPA2_SSV2,mean,0.9,4,0.2163030720554261,1,AdamW,reduce,9,nose_touch,256,1024,128,0,True,False,3.4147384663594194e-05,no,63,128,1770194757.0648077,0.7876106194690266,0.8470726374605231,0.6666666666666666,0.4638239009893749,0.8019169329073482,0.8325140449438202,0.6352941176470588,0.8491379310344828,89,0.6666666666666666,0.6067415730337079,313,0.8794642857142857,0.1890018967811219,63
likely-sweep-2057,8unkin5c,9792,0.1,VJEPA2_SSV2,mean,0.9,5,0.245317794660901,1,AdamW,reduce,9,nose_touch,256,512,69,0,True,False,0.00039102565406225464,no,36,69,1770285330.6566744,0.7846607669616519,0.8470726374605231,0.6604651162790698,0.45722010406421,0.792332268370607,0.8295044141252007,0.6153846153846154,0.8412017167381974,89,0.65,0.5842696629213483,313,0.875,0.2709555747266301,36
restful-sweep-805,3t6ads49,23195,0.1,VJEPA2_SSV2,mean,0.9,4,0.20008441169691077,1,AdamW,reduce,5,nose_touch,256,512,161,0,True,False,0.00016962783094151982,no,71,161,1770203278.33735,0.7964601769911505,0.8470321483520933,0.6634146341463415,0.45996484503281854,0.7891373801916933,0.836526886035313,0.5975609756097561,0.8319327731092437,89,0.6533333333333333,0.550561797752809,313,0.8839285714285714,0.2385919248451016,71
classic-sweep-558,wpdpew09,2168,0.1,VJEPA2_SSV2,mean,0.9,5,0.36741649157942546,1,AdamW,step,9,nose_touch,256,768,118,0,True,False,5.40545589675712e-05,no,59,118,1770187307.2940753,0.7787610619469026,0.8469511701352335,0.6666666666666666,0.4584365124899378,0.8083067092651757,0.8327648475120384,0.6551724137931034,0.8596491228070176,89,0.6705882352941176,0.6404494382022472,313,0.875,0.2643709586944409,59
rural-sweep-468,kyfdjjcg,18985,0.1,VJEPA2_SSV2,mean,0.9,3,0.13604492831571388,1,AdamW,reduce,3,nose_touch,256,512,44,0,True,False,0.00018572396571146495,no,29,44,1770181572.458364,0.8053097345132744,0.8469106810268038,0.65625,0.45447849875706137,0.7859424920127795,0.838432985553772,0.567741935483871,0.8178137651821862,89,0.6666666666666666,0.4943820224719101,313,0.9017857142857144,0.26881706875241446,29
snowy-sweep-866,b6zo0uqi,8774,0.1,VJEPA2_SSV2,mean,0.9,5,0.10374630771366494,1,AdamW,step,8,nose_touch,256,1024,180,0,True,False,7.377150511786185e-05,no,83,180,1770207317.2027607,0.7935103244837758,0.8467892137015143,0.6728971962616822,0.45538284469143125,0.7987220447284346,0.8382825040128412,0.6272189349112426,0.8454935622317596,89,0.6625,0.5955056179775281,313,0.8794642857142857,0.23911094272921896,83
dashing-sweep-546,1izeamlb,8771,0.1,VJEPA2_SSV2,mean,0.9,5,0.3009074439238458,1,AdamW,reduce,10,nose_touch,256,1024,150,0,True,False,7.029420242145604e-05,no,74,150,1770186488.2660878,0.7905604719764012,0.8467487245930845,0.6666666666666666,0.4551950162139262,0.7891373801916933,0.8346709470304976,0.5975609756097561,0.8319327731092437,89,0.6533333333333333,0.550561797752809,313,0.8839285714285714,0.22954385205657185,74
dazzling-sweep-263,wfalqt8x,93439,0.1,VJEPA2_SSV2,mean,0.9,4,0.4918150133560074,1,AdamW,reduce,3,nose_touch,256,1024,106,0,True,False,8.416309815854157e-05,no,53,106,1770168525.4028974,0.7728613569321534,0.8467082354846547,0.6577777777777778,0.45804357229784176,0.7987220447284346,0.8283005617977528,0.6358381502890174,0.851528384279476,89,0.6547619047619048,0.6179775280898876,313,0.8705357142857143,0.26307432103656725,53
exalted-sweep-1332,ywmlxphu,37784,0.1,VJEPA2_SSV2,mean,0.9,4,0.3329472485278493,1,AdamW,reduce,10,nose_touch,256,1024,138,0,True,False,5.879949655900664e-05,no,59,138,1770237345.4630802,0.7935103244837758,0.8467082354846546,0.6666666666666666,0.4610716554619218,0.7891373801916933,0.8348214285714285,0.5975609756097561,0.8319327731092437,89,0.6533333333333333,0.550561797752809,313,0.8839285714285714,0.20704705281528885,59
helpful-sweep-386,nnypxgwx,3273,0.1,VJEPA2_SSV2,mean,0.9,3,0.3162921235855803,1,AdamW,step,8,nose_touch,256,768,65,0,True,False,6.677922971957834e-05,no,41,65,1770176251.2269034,0.7787610619469026,0.846627257267795,0.6666666666666666,0.4612350070019387,0.8146964856230032,0.8382323434991974,0.6704545454545454,0.8672566371681416,89,0.6781609195402298,0.6629213483146067,313,0.875,0.2650559039529926,41
rare-sweep-1482,6e0u2ae5,43720,0.1,VJEPA2_SSV2,mean,0.9,5,0.125946551855923,1,AdamW,step,8,nose_touch,256,1024,122,0,True,False,4.2182486804463355e-05,no,54,122,1770247307.5253778,0.7935103244837758,0.846627257267795,0.6788990825688074,0.4620984637983429,0.7987220447284346,0.8347712680577849,0.6272189349112426,0.8454935622317596,89,0.6625,0.5955056179775281,313,0.8794642857142857,0.2039506742340362,54
quiet-sweep-2081,kz628g4h,22654,0.1,VJEPA2_SSV2,mean,0.9,4,0.10283430697153464,1,AdamW,step,3,nose_touch,256,512,91,0,True,False,0.0002772832582913258,no,44,91,1770287055.361547,0.7787610619469026,0.8465867681593652,0.6543778801843319,0.4620208780674104,0.8083067092651757,0.8338182182985554,0.6511627906976745,0.8565217391304348,89,0.6746987951807228,0.6292134831460674,313,0.8794642857142857,0.26159810100843806,44
classic-sweep-1383,1y9je06h,58841,0.1,VJEPA2_SSV2,mean,0.9,3,0.16646445820456196,1,AdamW,reduce,3,nose_touch,256,768,64,0,True,False,0.000344568647515878,no,30,64,1770240757.778052,0.7905604719764012,0.8465867681593652,0.6697674418604651,0.4635078446351673,0.8019169329073482,0.8318619582664527,0.6219512195121951,0.8403361344537815,89,0.68,0.5730337078651685,313,0.8928571428571429,0.22561770106504064,30
major-sweep-556,wwqk3o27,47627,0.1,VJEPA2_SSV2,mean,0.9,4,0.21143045857160267,1,AdamW,reduce,7,nose_touch,256,1024,107,0,True,False,4.210733743108688e-05,no,40,107,1770187164.8900878,0.7728613569321534,0.8465867681593651,0.6547085201793722,0.46728899274955454,0.8083067092651757,0.8347712680577849,0.6590909090909091,0.8628318584070797,89,0.6666666666666666,0.651685393258427,313,0.8705357142857143,0.23040990040687745,40
crisp-sweep-2166,jk6rd7nt,38112,0.1,VJEPA2_SSV2,mean,0.9,4,0.12804375094134657,1,AdamW,reduce,5,nose_touch,256,768,187,0,True,False,0.0004007062446452618,no,91,187,1770292769.2696283,0.7817109144542773,0.846586768159365,0.6782608695652174,0.4670950937411778,0.792332268370607,0.826946227929374,0.6408839779005525,0.8597285067873304,89,0.6304347826086957,0.651685393258427,313,0.8482142857142857,0.31165234842700157,91
different-sweep-1998,ojw4kmwj,50013,0.1,VJEPA2_SSV2,mean,0.9,4,0.10573431596018432,1,AdamW,reduce,10,nose_touch,256,1024,127,0,True,False,9.721971266985638e-05,no,58,127,1770281276.1478436,0.7905604719764012,0.8465057899425055,0.6666666666666666,0.4490490490708028,0.792332268370607,0.8342195024077046,0.6060606060606061,0.8354430379746836,89,0.6578947368421053,0.5617977528089888,313,0.8839285714285714,0.28156960742202347,58
sage-sweep-608,ld7u9ixs,74081,0.1,VJEPA2_SSV2,mean,0.9,3,0.2314627188177505,1,AdamW,reduce,9,nose_touch,256,768,91,0,True,False,0.00013842928177057792,no,46,91,1770190624.8439918,0.775811209439528,0.8464653008340757,0.6513761467889908,0.46191741741512377,0.805111821086262,0.8367776886035313,0.6432748538011696,0.8528138528138528,89,0.6707317073170732,0.6179775280898876,313,0.8794642857142857,0.23157864389662255,46
solar-sweep-835,53q5y644,8900,0.1,VJEPA2_SSV2,mean,0.9,5,0.2329501719971636,1,AdamW,step,6,nose_touch,256,768,114,0,True,False,0.0002805327653492954,no,54,114,1770205162.9624016,0.7905604719764012,0.8464653008340757,0.6570048309178744,0.459750396839637,0.792332268370607,0.8373294542536117,0.5962732919254659,0.8298755186721992,89,0.6666666666666666,0.5393258426966292,313,0.8928571428571429,0.248463309453633,54
glorious-sweep-1176,l0b8ysfb,39728,0.1,VJEPA2_SSV2,mean,0.9,4,0.35476244608312757,1,AdamW,reduce,10,nose_touch,256,1024,105,0,True,False,4.371005957678365e-05,no,48,105,1770227265.0606186,0.7787610619469026,0.8464653008340756,0.6636771300448431,0.46332626286509465,0.8083067092651757,0.8324638844301765,0.6590909090909091,0.8628318584070797,89,0.6666666666666666,0.651685393258427,313,0.8705357142857143,0.24866423376663,48
graceful-sweep-622,xx20mae2,59470,0.1,VJEPA2_SSV2,mean,0.9,3,0.32200812478009305,1,AdamW,reduce,9,nose_touch,256,512,95,0,True,False,0.00019513482777309076,no,47,95,1770191565.1758971,0.7876106194690266,0.8464248117256458,0.6635514018691588,0.4610146168058952,0.7987220447284346,0.8375802568218298,0.6181818181818182,0.8396624472573839,89,0.6710526315789473,0.5730337078651685,313,0.8883928571428571,0.2352321472710478,47
fresh-sweep-1729,f2mhsyzz,27858,0.1,VJEPA2_SSV2,mean,0.9,4,0.402838920343747,1,AdamW,reduce,8,nose_touch,256,1024,188,0,True,False,5.320659407918026e-05,no,86,188,1770263440.0371275,0.775811209439528,0.8464248117256458,0.6576576576576577,0.4580032800854483,0.8115015974440895,0.8354233547351525,0.6589595375722543,0.8602620087336245,89,0.6785714285714286,0.6404494382022472,313,0.8794642857142857,0.26253697204732607,86
quiet-sweep-312,9fnr9ur0,30664,0.1,VJEPA2_SSV2,mean,0.9,3,0.19247657491035067,1,AdamW,reduce,7,nose_touch,256,768,166,0,True,False,5.5506056876470805e-05,no,81,166,1770171580.1178968,0.7905604719764012,0.8463843226172161,0.6697674418604651,0.465077474229807,0.7955271565495208,0.838733948635634,0.6190476190476191,0.8418803418803419,89,0.6582278481012658,0.5842696629213483,313,0.8794642857142857,0.20499398064113664,81
frosty-sweep-2199,m0q9875q,7436,0.1,VJEPA2_SSV2,mean,0.9,5,0.2023455347501754,1,AdamW,step,10,nose_touch,256,512,181,0,True,False,3.184612801426041e-05,no,76,181,1770295017.531906,0.7699115044247787,0.846384322617216,0.6548672566371682,0.4696273369423408,0.8115015974440895,0.8318117977528089,0.6740331491712708,0.8733031674208145,89,0.6630434782608695,0.6853932584269663,313,0.8616071428571429,0.24253674003178488,76
breezy-sweep-210,xtmi1jka,59899,0.1,VJEPA2_SSV2,mean,0.9,4,0.2297903227379745,1,AdamW,step,8,nose_touch,256,768,176,0,True,False,0.0002843131790120957,no,80,176,1770165504.610535,0.7935103244837758,0.846384322617216,0.6634615384615384,0.47068532114535305,0.8115015974440895,0.8386837881219903,0.6549707602339181,0.8571428571428571,89,0.6829268292682927,0.6292134831460674,313,0.8839285714285714,0.1842976278530623,80
dutiful-sweep-685,fito34ld,56463,0.1,VJEPA2_SSV2,mean,0.9,4,0.4914514333225821,1,AdamW,reduce,7,nose_touch,256,768,183,0,True,False,0.00011146037681820086,no,85,183,1770195459.8485878,0.7876106194690266,0.846384322617216,0.6635514018691588,0.4577429231289214,0.792332268370607,0.8355236757624398,0.6107784431137725,0.8382978723404255,89,0.6538461538461539,0.5730337078651685,313,0.8794642857142857,0.25104971863552483,85
graceful-sweep-1846,tqen2kpy,1751,0.1,VJEPA2_SSV2,mean,0.9,3,0.21955161541226023,1,AdamW,reduce,9,nose_touch,256,768,109,0,True,False,3.3090965890266305e-05,no,56,109,1770271338.0399928,0.775811209439528,0.8463843226172159,0.6607142857142857,0.4612635831213982,0.7987220447284346,0.8333166131621188,0.64,0.8546255506607929,89,0.6511627906976745,0.6292134831460674,313,0.8660714285714286,0.24864970022689795,56
amber-sweep-1565,budhjrmm,16084,0.1,VJEPA2_SSV2,mean,0.9,5,0.1473030281327955,1,AdamW,step,4,nose_touch,256,512,179,0,True,False,0.0003608956649993317,no,77,179,1770252815.89668,0.7787610619469026,0.8463438335087861,0.6575342465753424,0.45822599820331134,0.7891373801916933,0.8345706260032103,0.611764705882353,0.8405172413793104,89,0.6419753086419753,0.5842696629213483,313,0.8705357142857143,0.28898862762722427,77
rosy-sweep-1765,m9mbfl5q,22794,0.1,VJEPA2_SSV2,mean,0.9,3,0.19816391869872785,1,AdamW,reduce,9,nose_touch,256,768,179,0,True,False,0.0001751422706869768,no,83,179,1770265860.9813774,0.7699115044247787,0.8463033444003565,0.6355140186915887,0.45152871868955,0.7859424920127795,0.8276484751203852,0.593939393939394,0.8312236286919831,89,0.6447368421052632,0.550561797752809,313,0.8794642857142857,0.32146493706874507,83
curious-sweep-2080,syw5vyeh,17962,0.1,VJEPA2_SSV2,mean,0.9,5,0.3559678912543752,1,AdamW,step,8,nose_touch,256,512,183,0,True,False,2.9092681556061993e-05,no,87,183,1770287000.0099847,0.7669616519174042,0.8463033444003563,0.6457399103139013,0.4657095925646194,0.8019169329073482,0.8369783306581059,0.6395348837209303,0.8521739130434782,89,0.6626506024096386,0.6179775280898876,313,0.875,0.23629255566054477,87
swift-sweep-1019,zdkl3gnt,63826,0.1,VJEPA2_SSV2,mean,0.9,3,0.48430563717558217,1,AdamW,step,3,nose_touch,256,768,168,0,True,False,0.0002163914339705741,no,73,168,1770216796.3890245,0.7846607669616519,0.8462223661834967,0.663594470046083,0.45748617796771296,0.7795527156549521,0.8328150080256822,0.5868263473053892,0.8297872340425532,89,0.6282051282051282,0.550561797752809,313,0.8705357142857143,0.2522994179925519,73
spring-sweep-508,9dry8lcn,36978,0.1,VJEPA2_SSV2,mean,0.9,4,0.22674570710509157,1,AdamW,reduce,10,nose_touch,256,256,115,0,True,False,9.645436366589211e-05,no,52,115,1770184016.986754,0.7846607669616519,0.8462223661834966,0.663594470046083,0.4595836905603212,0.8019169329073482,0.8386336276083467,0.6436781609195402,0.8552631578947368,89,0.6588235294117647,0.6292134831460674,313,0.8705357142857143,0.25545654548499397,52
fresh-sweep-273,dj0a767c,61513,0.1,VJEPA2_SSV2,mean,0.9,4,0.36049210600445225,1,AdamW,reduce,6,nose_touch,256,768,114,0,True,False,0.0001682382037069117,no,52,114,1770169196.6487515,0.7964601769911505,0.8461818770750669,0.6424870466321243,0.4570831007662073,0.7859424920127795,0.8398876404494381,0.567741935483871,0.8178137651821862,89,0.6666666666666666,0.4943820224719101,313,0.9017857142857144,0.27028000577838124,52
tough-sweep-874,3s7ja4q5,46699,0.1,VJEPA2_SSV2,mean,0.9,3,0.2585654675017274,1,AdamW,reduce,7,nose_touch,256,768,78,0,True,False,0.00011342758074708364,no,41,78,1770207839.0910215,0.7787610619469026,0.8461818770750669,0.6575342465753424,0.4575523255848955,0.7955271565495208,0.8358246388443018,0.6235294117647059,0.8448275862068966,89,0.654320987654321,0.5955056179775281,313,0.875,0.25017639441404516,41
quiet-sweep-2295,bqmmxxn4,63240,0.1,VJEPA2_SSV2,mean,0.9,4,0.2661646258936206,1,AdamW,reduce,3,nose_touch,256,256,41,0,True,False,0.00017319020934813536,no,28,41,1770301254.2623997,0.7817109144542773,0.8461818770750669,0.6574074074074074,0.4559101068516396,0.792332268370607,0.835222712680578,0.6107784431137725,0.8382978723404255,89,0.6538461538461539,0.5730337078651685,313,0.8794642857142857,0.2717729273313534,28
vital-sweep-1402,79aanyfu,37589,0.1,VJEPA2_SSV2,mean,0.9,5,0.29568148676070805,1,AdamW,reduce,7,nose_touch,256,768,71,0,True,False,4.679237670039231e-05,no,33,71,1770242015.4149227,0.7728613569321534,0.8461818770750669,0.6577777777777778,0.4671094266362598,0.7955271565495208,0.8336175762439807,0.6404494382022472,0.8571428571428571,89,0.6404494382022472,0.6404494382022472,313,0.8571428571428571,0.28069217190771045,33
confused-sweep-464,dqqb69cq,63953,0.1,VJEPA2_SSV2,mean,0.9,3,0.435977949100724,1,AdamW,reduce,10,nose_touch,256,1024,189,0,True,False,4.837581741121677e-05,no,97,189,1770181354.842015,0.775811209439528,0.8461818770750669,0.6607142857142857,0.46835768011818946,0.8083067092651757,0.8339686998394863,0.6590909090909091,0.8628318584070797,89,0.6666666666666666,0.651685393258427,313,0.8705357142857143,0.23574983431193644,97
dauntless-sweep-1959,k7mn5e47,39428,0.1,VJEPA2_SSV2,mean,0.9,3,0.38266553350365096,1,AdamW,step,7,nose_touch,256,256,57,0,True,False,0.00014435029917154557,no,29,57,1770278697.6272025,0.7876106194690266,0.8461818770750668,0.6666666666666666,0.4619022802968995,0.792332268370607,0.8360754414125201,0.6107784431137725,0.8382978723404255,89,0.6538461538461539,0.5730337078651685,313,0.8794642857142857,0.2618847728489402,29
noble-sweep-1620,b2x2iqzu,14719,0.1,VJEPA2_SSV2,mean,0.9,5,0.3284538804813183,1,AdamW,reduce,5,nose_touch,256,1024,175,0,True,False,6.115247622730515e-05,no,79,175,1770256515.9381804,0.7964601769911505,0.846141387966637,0.6666666666666666,0.45224048078587625,0.7827476038338658,0.8360754414125201,0.5802469135802469,0.825,89,0.6438356164383562,0.5280898876404494,313,0.8839285714285714,0.27578866035638455,79
apricot-sweep-2071,7ejzh50w,17949,0.1,VJEPA2_SSV2,mean,0.9,5,0.24563459122938036,1,AdamW,reduce,5,nose_touch,256,1024,162,0,True,False,0.00024429236508451504,no,68,162,1770286291.3517115,0.8053097345132744,0.8461008988582073,0.6597938144329897,0.46294763024929353,0.7955271565495208,0.8391352327447833,0.5949367088607594,0.8278688524590164,89,0.6811594202898551,0.5280898876404494,313,0.9017857142857144,0.23061157040253372,68
woven-sweep-368,uaf30lux,20582,0.1,VJEPA2_SSV2,mean,0.9,5,0.4386473708105535,1,AdamW,reduce,3,nose_touch,256,1024,112,0,True,False,7.420990553842966e-05,no,56,112,1770175260.5419436,0.7787610619469026,0.8461008988582072,0.6606334841628959,0.46198695634318665,0.8019169329073482,0.8374799357945425,0.6352941176470588,0.8491379310344828,89,0.6666666666666666,0.6067415730337079,313,0.8794642857142857,0.2372577791799328,56
azure-sweep-507,sqxd6wss,2785,0.1,VJEPA2_SSV2,mean,0.9,3,0.26973308755780645,1,AdamW,reduce,7,nose_touch,256,768,153,0,True,False,1.5763079133662793e-05,no,65,153,1770183952.3144257,0.7846607669616519,0.846100898858207,0.6784140969162996,0.4672617739984068,0.7987220447284346,0.8296548956661315,0.6519337016574586,0.8642533936651584,89,0.6413043478260869,0.6629213483146067,313,0.8526785714285714,0.3102649837553858,65
divine-sweep-525,6r13zn77,65806,0.1,VJEPA2_SSV2,mean,0.9,5,0.35343991548721276,1,AdamW,reduce,4,nose_touch,256,768,162,0,True,False,4.483026226001195e-05,no,78,162,1770185061.73735,0.7787610619469026,0.8460604097497774,0.6606334841628959,0.4660513932022725,0.8019169329073482,0.8368278491171749,0.6436781609195402,0.8552631578947368,89,0.6588235294117647,0.6292134831460674,313,0.8705357142857143,0.20852111083661728,78
laced-sweep-1904,eetu7nrz,14557,0.1,VJEPA2_SSV2,mean,0.9,4,0.40659246895695333,1,AdamW,reduce,7,nose_touch,256,256,129,0,True,False,5.961068566321098e-05,no,60,129,1770275115.4046717,0.7846607669616519,0.8460199206413476,0.669683257918552,0.46505901718561626,0.8019169329073482,0.8368780096308186,0.6555555555555556,0.8648648648648649,89,0.6483516483516484,0.6629213483146067,313,0.8571428571428571,0.2470106908125792,60
dutiful-sweep-305,65l3ant5,51098,0.1,VJEPA2_SSV2,mean,0.9,5,0.15219680096406518,1,AdamW,reduce,3,nose_touch,256,768,104,0,True,False,5.093919793749259e-05,no,49,104,1770171077.8909664,0.7964601769911505,0.8460199206413476,0.676056338028169,0.4660041383234097,0.7987220447284346,0.8364265650080257,0.6227544910179641,0.8425531914893617,89,0.6666666666666666,0.5842696629213483,313,0.8839285714285714,0.2024505290085684,49
earnest-sweep-1558,ihtfxda8,38941,0.1,VJEPA2_SSV2,mean,0.9,5,0.25207994804577605,1,AdamW,reduce,8,nose_touch,256,768,90,0,True,False,0.00017795778600664412,no,39,90,1770252408.2432106,0.7699115044247787,0.8459794315329177,0.6454545454545455,0.45474476554049154,0.7987220447284346,0.8314606741573034,0.6272189349112426,0.8454935622317596,89,0.6625,0.5955056179775281,313,0.8794642857142857,0.2923591616981758,39
bumbling-sweep-1106,o7qw552h,89703,0.1,VJEPA2_SSV2,mean,0.9,4,0.262731437133919,1,AdamW,reduce,6,nose_touch,256,1024,110,0,True,False,2.9771319243962717e-05,no,55,110,1770222338.0262785,0.7787610619469026,0.8459794315329177,0.6666666666666666,0.4656637523729893,0.8083067092651757,0.8310092295345104,0.6629213483146067,0.8660714285714286,89,0.6629213483146067,0.6629213483146067,313,0.8660714285714286,0.24108023406145815,55
lucky-sweep-1424,z79jcag9,83544,0.1,VJEPA2_SSV2,mean,0.9,4,0.4121000413133553,1,AdamW,reduce,8,nose_touch,256,256,199,0,True,False,0.00010170843377386991,no,90,199,1770243518.6581182,0.7846607669616519,0.8459794315329177,0.663594470046083,0.45782565033189665,0.805111821086262,0.8377307383627608,0.6473988439306358,0.8558951965065502,89,0.6666666666666666,0.6292134831460674,313,0.875,0.2735822529136064,90
cerulean-sweep-1625,weba8i7x,37733,0.1,VJEPA2_SSV2,mean,0.9,5,0.4112572544253584,1,AdamW,step,6,nose_touch,256,1024,90,0,True,False,3.113738521774163e-05,no,47,90,1770256821.8793423,0.775811209439528,0.8459794315329177,0.6637168141592921,0.4649428447439255,0.805111821086262,0.8303571428571428,0.659217877094972,0.8654708520179372,89,0.6555555555555556,0.6629213483146067,313,0.8616071428571429,0.2750585498567113,47
resilient-sweep-1853,0bsu7prk,17889,0.1,VJEPA2_SSV2,mean,0.9,4,0.1626452603609057,1,AdamW,step,5,nose_touch,256,1024,172,0,True,False,4.6352541345343755e-05,no,73,172,1770271830.7301512,0.7876106194690266,0.8459794315329175,0.6727272727272727,0.4657641578916252,0.7987220447284346,0.8349217495987159,0.6358381502890174,0.851528384279476,89,0.6547619047619048,0.6179775280898876,313,0.8705357142857143,0.2091415647618071,73
quiet-sweep-1104,gkr2f8qw,61335,0.1,VJEPA2_SSV2,mean,0.9,5,0.4984317480877395,1,AdamW,reduce,5,nose_touch,256,512,191,0,True,False,1.699075775098201e-05,no,81,191,1770222199.3168895,0.7699115044247787,0.8459389424244876,0.6608695652173913,0.4734683086035174,0.7955271565495208,0.8308587479935794,0.6559139784946236,0.8703703703703703,89,0.6288659793814433,0.6853932584269663,313,0.8392857142857143,0.29186176530972213,81
smart-sweep-177,jyyb4j2g,50877,0.1,VJEPA2_SSV2,mean,0.9,4,0.40126067912202035,1,AdamW,reduce,7,nose_touch,256,256,125,0,True,False,9.0552805505606e-05,no,53,125,1770163399.3209212,0.7846607669616519,0.845898453316058,0.669683257918552,0.46523966585288706,0.7955271565495208,0.8357243178170144,0.6404494382022472,0.8571428571428571,89,0.6404494382022472,0.6404494382022472,313,0.8571428571428571,0.2540152298654625,53
silver-sweep-1492,3r1rxa59,72305,0.1,VJEPA2_SSV2,mean,0.9,4,0.15056174042663037,1,AdamW,step,8,nose_touch,256,1024,95,0,True,False,5.241248366980966e-05,no,49,95,1770248019.499216,0.7846607669616519,0.845898453316058,0.672645739910314,0.4637932698283575,0.8146964856230032,0.8351725521669342,0.6704545454545454,0.8672566371681416,89,0.6781609195402298,0.6629213483146067,313,0.875,0.23563443213522792,49
sweepy-sweep-683,zxjfjpy4,16713,0.1,VJEPA2_SSV2,mean,0.9,3,0.33946478638086475,1,AdamW,step,8,nose_touch,256,512,140,0,True,False,5.3376607025364075e-05,no,65,140,1770195322.4549406,0.7905604719764012,0.845898453316058,0.6728110599078341,0.4706080058331335,0.8146964856230032,0.8387339486356341,0.6777777777777778,0.8738738738738738,89,0.6703296703296703,0.6853932584269663,313,0.8660714285714286,0.1961292581643887,65
light-sweep-1918,6whslkba,7483,0.1,VJEPA2_SSV2,mean,0.9,5,0.11732953433940808,1,AdamW,step,3,nose_touch,256,1024,147,0,True,False,0.00010995263719364036,no,71,147,1770276048.2878664,0.775811209439528,0.845898453316058,0.6448598130841121,0.4547785070441817,0.7859424920127795,0.831510834670947,0.593939393939394,0.8312236286919831,89,0.6447368421052632,0.550561797752809,313,0.8794642857142857,0.28424481199886986,71
bright-sweep-838,rue5vgp1,56796,0.1,VJEPA2_SSV2,mean,0.9,4,0.3887271431716194,1,AdamW,reduce,8,nose_touch,256,1024,102,0,True,False,8.999394466286705e-05,no,49,102,1770205414.156768,0.7905604719764012,0.845898453316058,0.6757990867579908,0.46483377668358233,0.8019169329073482,0.831510834670947,0.6395348837209303,0.8521739130434782,89,0.6626506024096386,0.6179775280898876,313,0.875,0.22054824161672307,49
lilac-sweep-1860,liqw5h4p,50957,0.1,VJEPA2_SSV2,mean,0.9,5,0.1992813489216598,1,AdamW,step,3,nose_touch,256,1024,108,0,True,False,0.00022734952247745,no,48,108,1770272242.5437913,0.7817109144542773,0.8458579642076283,0.6636363636363637,0.45469743452944233,0.8019169329073482,0.8340690208667736,0.6352941176470588,0.8491379310344828,89,0.6666666666666666,0.6067415730337079,313,0.8794642857142857,0.2934641668539561,48
super-sweep-1290,0jkglxyj,70152,0.1,VJEPA2_SSV2,mean,0.9,4,0.34842601181197796,1,AdamW,reduce,9,nose_touch,256,768,105,0,True,False,0.00010969767043955334,no,50,105,1770234762.1967485,0.7787610619469026,0.8458579642076282,0.6543778801843319,0.4588410354996853,0.7987220447284346,0.8345204654895666,0.631578947368421,0.8484848484848485,89,0.6585365853658537,0.6067415730337079,313,0.875,0.24895362172298088,50
swept-sweep-1437,vpfaqevv,61536,0.1,VJEPA2_SSV2,mean,0.9,3,0.1411252622438576,1,AdamW,reduce,7,nose_touch,256,1024,170,0,True,False,6.89370987219116e-05,no,79,170,1770244362.8900602,0.7905604719764012,0.8458579642076282,0.6697674418604651,0.45598959219490887,0.7987220447284346,0.8334670947030498,0.631578947368421,0.8484848484848485,89,0.6585365853658537,0.6067415730337079,313,0.875,0.23705419844496037,79
silver-sweep-1667,pvp24964,10364,0.1,VJEPA2_SSV2,mean,0.9,5,0.1517634580213134,1,AdamW,reduce,9,nose_touch,256,1024,175,0,True,False,2.194314290370039e-05,no,81,175,1770259492.7664,0.7876106194690266,0.8458579642076282,0.6697247706422018,0.46607769854300846,0.8019169329073482,0.8328651685393258,0.6477272727272727,0.8584070796460177,89,0.6551724137931034,0.6404494382022472,313,0.8660714285714286,0.20949255706307415,81
warm-sweep-413,zfhqitx8,12881,0.1,VJEPA2_SSV2,mean,0.9,4,0.4984378925302394,1,AdamW,step,7,nose_touch,256,768,96,0,True,False,6.17457183105181e-05,no,46,96,1770178082.6400938,0.7787610619469026,0.8458579642076282,0.6575342465753424,0.45870415035602263,0.8083067092651757,0.8336677367576244,0.6511627906976745,0.8565217391304348,89,0.6746987951807228,0.6292134831460674,313,0.8794642857142857,0.23946350705837777,46
celestial-sweep-493,x9yh9dz7,13423,0.1,VJEPA2_SSV2,mean,0.9,4,0.36931694321716046,1,AdamW,reduce,3,nose_touch,256,768,144,0,True,False,0.00010873578726754875,no,63,144,1770183105.04235,0.7817109144542773,0.8458579642076282,0.6574074074074074,0.4620790291676479,0.7987220447284346,0.8351725521669342,0.6272189349112426,0.8454935622317596,89,0.6625,0.5955056179775281,313,0.8794642857142857,0.2360460605628476,63
frosty-sweep-2085,ta8zy5a5,77491,0.1,VJEPA2_SSV2,mean,0.9,4,0.3595938433016862,1,AdamW,step,9,nose_touch,256,256,181,0,True,False,5.8680876372409586e-05,no,89,181,1770287300.2327693,0.7787610619469026,0.8458579642076282,0.6636771300448431,0.46686620592719336,0.7987220447284346,0.8386837881219904,0.6440677966101694,0.8577777777777778,89,0.6477272727272727,0.6404494382022472,313,0.8616071428571429,0.24307135336413355,89
glowing-sweep-328,trpby1od,74296,0.1,VJEPA2_SSV2,mean,0.9,4,0.39196889575970306,1,AdamW,step,6,nose_touch,256,768,192,0,True,False,2.2943164092986456e-05,no,82,192,1770172778.6295044,0.7787610619469026,0.8458174750991984,0.6636771300448431,0.4652310077068025,0.8083067092651757,0.8328150080256822,0.6590909090909091,0.8628318584070797,89,0.6666666666666666,0.651685393258427,313,0.8705357142857143,0.22662829558649464,82
usual-sweep-1281,kpmdyyze,24669,0.1,VJEPA2_SSV2,mean,0.9,4,0.2931392538346027,1,AdamW,reduce,6,nose_touch,256,512,172,0,True,False,8.916128274727478e-05,no,76,172,1770234141.5767837,0.7817109144542773,0.8458174750991984,0.6636363636363637,0.4639095627101122,0.805111821086262,0.8382825040128411,0.6473988439306358,0.8558951965065502,89,0.6666666666666666,0.6292134831460674,313,0.875,0.23531282162238024,76
wild-sweep-2308,wahg6yzw,40871,0.1,VJEPA2_SSV2,mean,0.9,5,0.10192188376636324,1,AdamW,reduce,3,nose_touch,256,512,172,0,True,False,0.00782999298545369,no,82,172,1770302131.8175786,0.7964601769911505,0.8458174750991982,0.6600985221674877,0.4862975861470608,0.792332268370607,0.8305577849117176,0.6107784431137725,0.8382978723404255,89,0.6538461538461539,0.5730337078651685,313,0.8794642857142857,0.2532238394557359,82
desert-sweep-1680,mjmv7pb6,93246,0.1,VJEPA2_SSV2,mean,0.9,5,0.4013859671168796,1,AdamW,reduce,7,nose_touch,256,1024,51,0,True,False,8.540939562397212e-05,no,27,51,1770260272.301254,0.7699115044247787,0.8457769859907684,0.6388888888888888,0.45586434824276817,0.7859424920127795,0.8323635634028892,0.5988023952095808,0.8340425531914893,89,0.6410256410256411,0.5617977528089888,313,0.875,0.2671503815465345,27
fancy-sweep-1468,kq8v9djv,4272,0.1,VJEPA2_SSV2,mean,0.9,5,0.1525565152985324,1,AdamW,step,10,nose_touch,256,768,143,0,True,False,3.4837047211189296e-05,no,64,143,1770246441.830185,0.7728613569321534,0.8457769859907684,0.6547085201793722,0.45761422404145774,0.805111821086262,0.8348715890850723,0.655367231638418,0.8622222222222222,89,0.6590909090909091,0.651685393258427,313,0.8660714285714286,0.26761471939657977,64
ethereal-sweep-2141,a8oht3d2,36331,0.1,VJEPA2_SSV2,mean,0.9,5,0.122222897193139,1,AdamW,reduce,5,nose_touch,256,512,173,0,True,False,0.0004260685350827408,no,85,173,1770291161.5610163,0.799410029498525,0.8457769859907684,0.6494845360824743,0.4647386348353023,0.7859424920127795,0.8389345906902087,0.567741935483871,0.8178137651821862,89,0.6666666666666666,0.4943820224719101,313,0.9017857142857144,0.2581505176728357,85
golden-sweep-1770,7x9k1adw,34564,0.1,VJEPA2_SSV2,mean,0.9,4,0.4766391593426921,1,AdamW,reduce,7,nose_touch,256,1024,134,0,True,False,0.000459017283959811,no,57,134,1770266193.077855,0.8053097345132744,0.8457769859907684,0.67,0.4670693102487773,0.7955271565495208,0.8382323434991974,0.6049382716049383,0.8333333333333334,89,0.6712328767123288,0.550561797752809,313,0.8928571428571429,0.2405510329736207,57
fragrant-sweep-2180,alrzqbd4,25703,0.1,VJEPA2_SSV2,mean,0.9,4,0.155836911128106,1,AdamW,reduce,8,nose_touch,256,256,157,0,True,False,5.692416295695948e-05,no,67,157,1770293729.565939,0.7728613569321534,0.8457364968823388,0.6577777777777778,0.4684518645998299,0.8146964856230032,0.8356741573033707,0.6777777777777778,0.8738738738738738,89,0.6703296703296703,0.6853932584269663,313,0.8660714285714286,0.27154503941179037,67
driven-sweep-856,mtjq09bj,64787,0.1,VJEPA2_SSV2,mean,0.9,3,0.2727052240217357,1,AdamW,reduce,8,nose_touch,256,768,84,0,True,False,0.0001041899921348562,no,43,84,1770206666.6982431,0.7964601769911505,0.8457364968823385,0.6600985221674877,0.4526320613239367,0.792332268370607,0.8348715890850722,0.6012269938650306,0.8326359832635983,89,0.6621621621621622,0.550561797752809,313,0.8883928571428571,0.28147454443805947,43
laced-sweep-1634,sbznp4h6,52339,0.1,VJEPA2_SSV2,mean,0.9,5,0.1602482583860949,1,AdamW,step,9,nose_touch,256,768,111,0,True,False,9.014347948353592e-05,no,51,111,1770257415.2123928,0.7817109144542773,0.8456960077739087,0.6605504587155964,0.45109700101666744,0.8019169329073482,0.8304073033707864,0.6352941176470588,0.8491379310344828,89,0.6666666666666666,0.6067415730337079,313,0.8794642857142857,0.316985943360243,51
vague-sweep-1169,tlt15pvo,63763,0.1,VJEPA2_SSV2,mean,0.9,5,0.3298605947751381,1,AdamW,reduce,7,nose_touch,256,768,171,0,True,False,4.1409545515991614e-05,no,76,171,1770226797.0176852,0.7787610619469026,0.8456960077739087,0.6666666666666666,0.4667028123650227,0.8083067092651757,0.836376404494382,0.6590909090909091,0.8628318584070797,89,0.6666666666666666,0.651685393258427,313,0.8705357142857143,0.22642774264255683,76
cerulean-sweep-2293,tu8rcqiw,25574,0.1,VJEPA2_SSV2,mean,0.9,4,0.24612674657693911,1,AdamW,step,9,nose_touch,256,256,147,0,True,False,4.229547791533457e-05,no,76,147,1770301168.8555267,0.7787610619469026,0.8456555186654791,0.6666666666666666,0.4690028460679856,0.805111821086262,0.8340188603531301,0.659217877094972,0.8654708520179372,89,0.6555555555555556,0.6629213483146067,313,0.8616071428571429,0.2630688205450595,76
worthy-sweep-1081,gf9gtpwu,50445,0.1,VJEPA2_SSV2,mean,0.9,3,0.20461465708223192,1,AdamW,step,4,nose_touch,256,1024,80,0,True,False,0.00048113113925973426,no,39,80,1770220633.9218965,0.7935103244837758,0.8456555186654791,0.6698113207547169,0.4625779552094001,0.7859424920127795,0.8295044141252006,0.6035502958579881,0.8369098712446352,89,0.6375,0.5730337078651685,313,0.8705357142857143,0.23317554860771772,39
winter-sweep-1187,v7ax3tf0,76821,0.1,VJEPA2_SSV2,mean,0.9,4,0.24711296466425992,1,AdamW,reduce,5,nose_touch,256,256,193,0,True,False,5.3320401693362625e-05,no,78,193,1770227880.4033802,0.775811209439528,0.8456150295570493,0.6545454545454545,0.470657901777982,0.805111821086262,0.8340690208667736,0.655367231638418,0.8622222222222222,89,0.6590909090909091,0.651685393258427,313,0.8660714285714286,0.21982288646126935,78
fine-sweep-1245,6ixtfiw4,19210,0.1,VideoPrism,mean,0.9,4,0.26954337174548104,1,AdamW,reduce,10,open_fist,256,768,131,0,True,False,0.0007752586931615903,no,75,131,1770263908.393747,0.7848837209302325,0.837024087024087,0.672566371681416,0.46943800255309703,0.7738853503184714,0.8424107142857143,0.5942857142857143,0.834061135371179,90,0.611764705882353,0.5777777777777777,314,0.8526785714285714,0.3784634120801356,75
distinctive-sweep-283,rdrdd259,98027,0.1,VideoPrism,mean,0.9,5,0.2573749169957217,1,AdamW,reduce,10,open_fist,256,1024,194,0,True,False,0.004473114808385915,yes,106,194,1770179939.101084,0.7703488372093024,0.8370046620046621,0.6291079812206573,0.46803291453871615,0.7579617834394905,0.8478670634920634,0.5421686746987951,0.8109243697478992,90,0.5921052631578947,0.5,314,0.8616071428571429,0.39052282534344657,106
amber-sweep-1182,jwsl2g4i,31431,0.1,VideoPrism,mean,0.9,3,0.3175316418640539,1,AdamW,reduce,4,open_fist,256,256,80,0,True,False,0.001265187460803738,no,41,80,1770258507.589745,0.7761627906976745,0.8366355866355867,0.6607929515418502,0.4715050098507904,0.7707006369426752,0.8409722222222222,0.5955056179775281,0.8362831858407079,90,0.6022727272727273,0.5888888888888889,314,0.84375,0.3852510229143173,41
usual-sweep-1324,td6u3omp,90065,0.1,VideoPrism,mean,0.9,4,0.1947585833973056,1,AdamW,reduce,3,open_fist,256,256,159,0,True,False,0.009671510427444597,no,78,159,1770270680.6033285,0.7645348837209303,0.8365578865578865,0.6462882096069869,0.48106287385142127,0.7834394904458599,0.8483134920634922,0.6091954022988506,0.8391304347826087,90,0.6309523809523809,0.5888888888888889,314,0.8616071428571429,0.36575648594277066,78
smart-sweep-1477,2w53gfm4,99548,0.1,VideoPrism,mean,0.9,4,0.43687164875959583,1,AdamW,reduce,3,open_fist,256,768,199,0,True,False,0.00012400903494311677,no,109,199,1770283860.7861102,0.7761627906976745,0.8362859362859363,0.6778242677824268,0.4810525594755661,0.7770700636942676,0.8375496031746031,0.6153846153846154,0.8468468468468469,90,0.6086956521739131,0.6222222222222222,314,0.8392857142857143,0.32995092316447755,109
deft-sweep-910,zzxl0664,70347,0.1,VideoPrism,mean,0.9,4,0.4235041253997339,1,AdamW,reduce,3,open_fist,256,768,114,0,True,False,0.0002349645456664999,no,65,114,1770234860.717629,0.7790697674418605,0.8362470862470862,0.6935483870967742,0.4854371991268424,0.7770700636942676,0.838640873015873,0.6276595744680851,0.8564814814814815,90,0.6020408163265306,0.6555555555555556,314,0.8258928571428571,0.3606737695439324,65
wise-sweep-969,6qjuwhx1,36562,0.1,VideoPrism,mean,0.9,4,0.23590799181310249,1,AdamW,reduce,5,open_fist,256,768,198,0,True,False,0.00029200456760169124,no,113,198,1770239989.4734166,0.7819767441860465,0.8348096348096348,0.6781115879828327,0.4767808526061302,0.7770700636942676,0.8390376984126985,0.6195652173913043,0.85,90,0.6063829787234043,0.6333333333333333,314,0.8348214285714286,0.3747838373895715,113
deft-sweep-375,kz8d0901,84852,0.1,VideoPrism,mean,0.9,5,0.19399241391750024,1,AdamW,reduce,8,open_fist,256,1024,162,0,True,False,0.00012991486323052484,no,90,162,1770188177.5960758,0.7819767441860465,0.8342657342657342,0.6835443037974683,0.4807448879230854,0.7770700636942676,0.838640873015873,0.6195652173913043,0.85,90,0.6063829787234043,0.6333333333333333,314,0.8348214285714286,0.352736415725728,90
balmy-sweep-365,x2xxwhlm,25008,0.1,VideoPrism,mean,0.9,3,0.15239242073379178,1,AdamW,step,9,open_fist,256,256,196,0,True,False,0.005138500376443238,no,106,196,1770187242.5021117,0.7732558139534884,0.8341880341880341,0.6285714285714286,0.46861388794211456,0.767515923566879,0.8435515873015873,0.562874251497006,0.8185654008438819,90,0.6103896103896104,0.5222222222222223,314,0.8660714285714286,0.41001364204896057,106
helpful-sweep-1451,9quqakpo,71800,0.1,VideoPrism,mean,0.9,5,0.26545095770067595,1,AdamW,reduce,3,open_fist,256,256,136,0,True,False,0.0003710253594412856,no,77,136,1770281550.449086,0.7790697674418605,0.8335664335664337,0.6637168141592921,0.4752566093622252,0.7738853503184714,0.8382936507936507,0.6033519553072626,0.84,90,0.6067415730337079,0.6,314,0.84375,0.4015037481385376,77
silvery-sweep-1481,kv1gm8dd,20323,0.1,VideoPrism,mean,0.9,3,0.20324600863031195,1,AdamW,step,6,open_fist,256,256,196,0,True,False,0.0001860054672737851,no,107,196,1770284256.7170248,0.7732558139534884,0.8333333333333334,0.680327868852459,0.48678123535111895,0.7834394904458599,0.8362599206349207,0.6382978723404256,0.8611111111111112,90,0.6122448979591837,0.6666666666666666,314,0.8303571428571429,0.35645687889054184,107
vague-sweep-353,j2sw4u6j,91496,0.1,VideoPrism,mean,0.9,5,0.4724480879641224,1,AdamW,reduce,4,open_fist,256,1024,148,0,True,False,0.0007253862464830398,no,81,148,1770186149.0991974,0.7645348837209303,0.8330225330225332,0.6301369863013698,0.4734683716019919,0.767515923566879,0.8393849206349207,0.5680473372781065,0.8212765957446808,90,0.6075949367088608,0.5333333333333333,314,0.8616071428571429,0.36434865035311714,81
glamorous-sweep-736,cr9kvjkc,9475,0.1,VideoPrism,mean,0.9,5,0.3605026850789136,1,AdamW,step,5,open_fist,256,1024,145,0,True,False,6.93364484838018e-05,no,80,145,1770220030.3974128,0.7587209302325582,0.8325174825174826,0.6719367588932806,0.49401886518611465,0.7866242038216561,0.8375,0.6564102564102564,0.8755980861244019,90,0.6095238095238096,0.7111111111111111,314,0.8169642857142857,0.3879095322798684,80
vivid-sweep-1291,y8plu915,82675,0.1,VideoPrism,mean,0.9,5,0.1328883687500246,1,AdamW,step,6,open_fist,256,768,124,0,True,False,0.00010701144556633866,no,68,124,1770267736.4932673,0.7587209302325582,0.8324397824397824,0.6719367588932806,0.4943719804286957,0.7770700636942676,0.8344246031746032,0.6391752577319587,0.8666666666666667,90,0.5961538461538461,0.6888888888888889,314,0.8125,0.3878219286184661,68
sandy-sweep-216,qsvw7giz,22431,0.1,VideoPrism,mean,0.9,5,0.19818073229810507,1,AdamW,step,10,open_fist,256,256,148,0,True,False,0.0034543428462026917,no,82,148,1770173202.656579,0.7790697674418605,0.8324397824397824,0.638095238095238,0.47063389489817065,0.7515923566878981,0.8422619047619048,0.524390243902439,0.8041666666666667,90,0.581081081081081,0.4777777777777778,314,0.8616071428571429,0.3900782186947568,82
upbeat-sweep-215,nvg061do,9763,0.1,VideoPrism,mean,0.9,4,0.28155082214095684,1,AdamW,step,8,open_fist,256,256,185,0,True,False,0.006122427211299989,no,111,185,1770173109.780373,0.7703488372093024,0.8322066822066823,0.6291079812206573,0.4770268146381822,0.7738853503184714,0.8320436507936508,0.5534591194968553,0.8122448979591836,90,0.6376811594202898,0.4888888888888889,314,0.8883928571428571,0.3692344758523072,111
mild-sweep-105,93n9qasb,10428,0.1,VideoPrism,mean,0.9,3,0.2030405772643493,1,AdamW,step,10,open_fist,256,512,193,0,True,False,0.000139017922065579,no,116,193,1770161998.6001542,0.7703488372093024,0.832090132090132,0.6666666666666666,0.4829860184081765,0.767515923566879,0.8365079365079365,0.6054054054054054,0.8447488584474886,90,0.5894736842105263,0.6222222222222222,314,0.8258928571428571,0.3874682990044199,116
sage-sweep-1587,z4lz9htd,76551,0.1,VideoPrism,mean,0.9,5,0.2272483798483398,1,AdamW,reduce,3,open_fist,256,256,137,0,True,False,0.0002799225339489356,no,79,137,1770293243.832132,0.7732558139534884,0.831934731934732,0.6548672566371682,0.47695879811464353,0.767515923566879,0.8342261904761904,0.5966850828729282,0.8385650224215246,90,0.5934065934065934,0.6,314,0.8348214285714286,0.4097285364622845,79
copper-sweep-1654,c29ewpie,86468,0.1,VideoPrism,mean,0.9,3,0.49453048974887015,1,AdamW,reduce,8,open_fist,256,1024,160,0,True,False,0.002382345383849031,no,91,160,1770298819.135378,0.752906976744186,0.8316239316239316,0.6009389671361502,0.4711754890375359,0.7738853503184714,0.8484623015873016,0.5696969696969697,0.8200836820083682,90,0.6266666666666667,0.5222222222222223,314,0.875,0.3762539029433465,91
genial-sweep-1146,tixjqijb,31390,0.1,VideoPrism,mean,0.9,5,0.15906180772404302,1,AdamW,step,3,open_fist,256,1024,82,0,True,False,0.000329208266610072,no,40,82,1770255224.3450177,0.7761627906976745,0.8315462315462316,0.6547085201793722,0.47361877491307813,0.7707006369426752,0.8388392857142858,0.5909090909090909,0.8333333333333334,90,0.6046511627906976,0.5777777777777777,314,0.8482142857142857,0.3981493192193396,40
astral-sweep-1604,68t1n1u8,37268,0.1,VideoPrism,mean,0.9,4,0.28912230335883105,1,AdamW,reduce,6,open_fist,256,512,178,0,True,False,0.0003565276951661394,no,93,178,1770294514.7509997,0.7790697674418605,0.8313908313908315,0.680672268907563,0.48377685006274734,0.7611464968152867,0.8366567460317461,0.5901639344262295,0.8371040723981901,90,0.5806451612903226,0.6,314,0.8258928571428571,0.3824435843535119,93
true-sweep-1416,heod7q96,34061,0.1,VideoPrism,mean,0.9,4,0.48689225796636626,1,AdamW,reduce,3,open_fist,256,256,157,0,True,False,0.00012323873770010536,no,76,157,1770278522.5980792,0.752906976744186,0.8308857808857809,0.6718146718146718,0.5000197880489882,0.7834394904458599,0.8354662698412698,0.6565656565656566,0.8786407766990292,90,0.6018518518518519,0.7222222222222222,314,0.8080357142857143,0.38995073450173384,76
silver-sweep-1418,bji1qhi9,30486,0.1,VideoPrism,mean,0.9,4,0.46271919416184504,1,AdamW,reduce,5,open_fist,256,256,194,0,True,False,0.0005147798994397547,no,105,194,1770278746.8331738,0.7790697674418605,0.8307303807303807,0.6545454545454545,0.47414709523666737,0.767515923566879,0.8346230158730159,0.5780346820809249,0.8268398268398268,90,0.6024096385542169,0.5555555555555556,314,0.8526785714285714,0.3840959551446725,105
misty-sweep-1603,08hscve7,55825,0.1,VideoPrism,mean,0.9,5,0.344190407559496,1,AdamW,step,10,open_fist,256,512,200,0,True,False,0.00579014547350894,no,109,200,1770294413.9521296,0.7616279069767442,0.83003108003108,0.6371681415929203,0.47189534958018814,0.7770700636942676,0.8517857142857144,0.6111111111111112,0.84375,90,0.6111111111111112,0.6111111111111112,314,0.84375,0.3880591781663645,109
eternal-sweep-1573,x7ro2ypm,4700,0.1,VideoPrism,mean,0.9,3,0.4759455992370728,1,AdamW,reduce,8,open_fist,256,256,112,0,True,False,0.0006159449335131959,no,61,112,1770292173.0865324,0.7703488372093024,0.8295260295260296,0.639269406392694,0.47652538571246833,0.7643312101910829,0.8348710317460317,0.5842696629213483,0.831858407079646,90,0.5909090909090909,0.5777777777777777,314,0.8392857142857143,0.4262348639715404,61
honest-sweep-1450,7gb4j7je,16044,0.1,VideoPrism,mean,0.9,5,0.12852407344028652,1,AdamW,reduce,10,open_fist,256,256,187,0,True,False,0.0015297914167834888,no,108,187,1770281463.5549629,0.7674418604651163,0.8291375291375293,0.6428571428571429,0.4866207117258116,0.767515923566879,0.8384920634920635,0.5828571428571429,0.8296943231441049,90,0.6,0.5666666666666667,314,0.8482142857142857,0.3296568465794568,108
stoic-sweep-1543,71anzn5g,5254,0.1,VideoPrism,mean,0.9,5,0.40267627719075594,1,AdamW,step,8,open_fist,256,512,24,0,True,False,0.001126833681319689,no,15,24,1770289558.0349238,0.7674418604651163,0.8290598290598291,0.6296296296296297,0.47149796818577966,0.7611464968152867,0.8390376984126984,0.5454545454545454,0.8117154811715481,90,0.6,0.5,314,0.8660714285714286,0.43327464826444057,15
unique-sweep-819,pblk6898,8780,0.1,VideoPrism,mean,0.9,3,0.15481212524028712,1,AdamW,step,10,open_fist,256,1024,126,0,True,False,0.00018372444542306225,no,66,126,1770227184.8454866,0.7645348837209303,0.8289432789432789,0.6367713004484304,0.47779589198356454,0.767515923566879,0.8365575396825398,0.5921787709497207,0.8355555555555556,90,0.5955056179775281,0.5888888888888889,314,0.8392857142857143,0.4053776523205622,66
avid-sweep-170,q9w5zuse,2506,0.1,VideoPrism,mean,0.9,5,0.22369633296287283,1,AdamW,reduce,10,open_fist,256,768,126,0,True,False,8.478221191911429e-05,no,63,126,1770168591.1532245,0.752906976744186,0.8288655788655789,0.6640316205533597,0.4989131799964018,0.767515923566879,0.8360615079365079,0.6256410256410256,0.861244019138756,90,0.580952380952381,0.6777777777777778,314,0.8035714285714286,0.40815120186481174,63
ethereal-sweep-63,gq41b1os,55102,0.1,VideoPrism,mean,0.9,5,0.2347757145740025,1,AdamW,reduce,10,open_fist,256,1024,168,0,True,False,8.890609986453727e-05,no,94,168,1770157813.0898275,0.7587209302325582,0.8288655788655789,0.6666666666666666,0.49328956631726995,0.7738853503184714,0.8367559523809524,0.6321243523316062,0.8625592417061612,90,0.5922330097087378,0.6777777777777778,314,0.8125,0.412793491710543,94
woven-sweep-1047,cxnzeu9l,94999,0.1,VideoPrism,mean,0.9,4,0.14365069446327847,1,AdamW,step,4,open_fist,256,512,188,0,True,False,0.0008865302478947526,no,98,188,1770246715.7389436,0.7761627906976745,0.8278943278943279,0.6637554585152838,0.4801478164140569,0.7643312101910829,0.8362103174603175,0.5795454545454546,0.8289473684210527,90,0.5930232558139535,0.5666666666666667,314,0.84375,0.42071821574141216,98
stellar-sweep-1150,oadlmbze,71614,0.1,VideoPrism,mean,0.9,3,0.439006525742593,1,AdamW,reduce,5,open_fist,256,768,145,0,True,False,0.0003731502022079263,no,73,145,1770255622.249663,0.7674418604651163,0.8276612276612277,0.6491228070175439,0.48093221769776456,0.767515923566879,0.8363095238095238,0.5921787709497207,0.8355555555555556,90,0.5955056179775281,0.5888888888888889,314,0.8392857142857143,0.423482313330885,73
dark-sweep-1330,1mokuzxk,65675,0.1,VideoPrism,mean,0.9,5,0.1913508813588524,1,AdamW,step,6,open_fist,256,1024,174,0,True,False,0.005801148478082764,no,96,174,1770271260.1943097,0.7732558139534884,0.8267676767676767,0.6608695652173913,0.4774621323097584,0.7770700636942676,0.8382440476190476,0.6111111111111112,0.84375,90,0.6111111111111112,0.6111111111111112,314,0.84375,0.416310769257121,96
different-sweep-468,z6zdh5z0,3465,0.1,VideoPrism,mean,0.9,5,0.21913538723560183,1,AdamW,reduce,6,open_fist,256,1024,121,0,True,False,5.871569138726532e-05,no,70,121,1770196160.2706528,0.7441860465116279,0.8263403263403264,0.65625,0.501089564589567,0.7770700636942676,0.8363095238095238,0.6464646464646465,0.8737864077669902,90,0.5925925925925926,0.7111111111111111,314,0.8035714285714286,0.42458299819711615,70
magic-sweep-1596,6a5v7av2,98488,0.1,VideoPrism,mean,0.9,5,0.4713035765106641,1,AdamW,reduce,4,open_fist,256,1024,42,0,True,False,0.00022799786003522868,no,21,42,1770293836.5652838,0.7674418604651163,0.8261849261849262,0.6581196581196581,0.48846071057541424,0.7738853503184714,0.8350198412698413,0.6203208556149733,0.8525345622119815,90,0.5979381443298969,0.6444444444444445,314,0.8258928571428571,0.418093944844151,21
stilted-sweep-1109,etxukqw1,39720,0.1,VideoPrism,mean,0.9,5,0.12899890634885758,1,AdamW,reduce,10,open_fist,256,256,126,0,True,False,0.0005750706823958391,no,73,126,1770252211.199289,0.7645348837209303,0.8261849261849261,0.5846153846153846,0.4730129935020624,0.7452229299363057,0.8388392857142857,0.47368421052631576,0.7857142857142857,90,0.5806451612903226,0.4,314,0.8839285714285714,0.4735435735492806,73
avid-sweep-1185,iu6lc358,17301,0.1,VideoPrism,mean,0.9,4,0.21705137090413348,1,AdamW,step,10,open_fist,256,256,127,0,True,False,0.00032437807537840675,no,71,127,1770258772.770681,0.7645348837209303,0.8253302253302254,0.64,0.4838013427202092,0.7707006369426752,0.8325396825396826,0.6,0.8392857142857143,90,0.6,0.6,314,0.8392857142857143,0.4337473625912092,71
expert-sweep-163,9eqapzba,16937,0.1,VideoPrism,mean,0.9,5,0.30986898732761337,1,AdamW,step,10,open_fist,256,256,169,0,True,False,0.003469694411217863,no,86,169,1770167868.7233157,0.7616279069767442,0.8251359751359751,0.6203703703703703,0.4744447109311126,0.7611464968152867,0.8480158730158731,0.5454545454545454,0.8117154811715481,90,0.6,0.5,314,0.8660714285714286,0.4344001779693584,86
winter-sweep-566,8wj6t3ku,9173,0.1,VideoPrism,mean,0.9,3,0.2245626904069371,1,AdamW,step,9,open_fist,256,256,195,0,True,False,7.721153830425815e-05,no,107,195,1770205042.9047616,0.752906976744186,0.8244755244755245,0.6558704453441295,0.4957894128422404,0.767515923566879,0.832093253968254,0.6217616580310881,0.8578199052132701,90,0.5825242718446602,0.6666666666666666,314,0.8080357142857143,0.4356338062523547,107
drawn-sweep-1135,pqfc8he1,85276,0.1,VideoPrism,mean,0.9,3,0.13713840662514654,1,AdamW,reduce,3,open_fist,256,256,181,0,True,False,0.001342649952354839,no,97,181,1770254233.9720576,0.7645348837209303,0.8241647241647242,0.6367713004484304,0.4773781008498613,0.7707006369426752,0.8378968253968254,0.5862068965517241,0.8304347826086956,90,0.6071428571428571,0.5666666666666667,314,0.8526785714285714,0.43621326922122095,97
tough-sweep-516,tl7q7imw,86134,0.1,VJEPA2_SSV2,mean,0.9,3,0.3516398612085089,1,AdamW,step,4,open_fist,256,768,195,0,True,False,0.0013604588231286771,no,114,195,1770200606.6217628,0.75,0.824048174048174,0.6324786324786325,0.4833534914393758,0.7866242038216561,0.8127480158730158,0.6256983240223464,0.8488888888888889,90,0.6292134831460674,0.6222222222222222,314,0.8526785714285714,0.35065875949035763,114
brisk-sweep-1356,3f9sleef,92164,0.1,VideoPrism,mean,0.9,5,0.4837757365415743,1,AdamW,reduce,4,open_fist,256,1024,85,0,True,False,7.876625144425708e-05,no,42,85,1770273278.5166388,0.752906976744186,0.8229603729603729,0.6613545816733067,0.5037229310634525,0.767515923566879,0.8356646825396825,0.6256410256410256,0.861244019138756,90,0.580952380952381,0.6777777777777778,314,0.8035714285714286,0.4344246997883182,42
faithful-sweep-1036,e5o2hmcf,8514,0.1,VideoPrism,mean,0.9,3,0.2018257339332153,1,AdamW,reduce,10,open_fist,256,256,176,0,True,False,8.151390868048634e-05,no,95,176,1770245797.0021071,0.7412790697674418,0.822921522921523,0.6482213438735178,0.5036397714947545,0.767515923566879,0.833482142857143,0.6294416243654822,0.8647342995169082,90,0.5794392523364486,0.6888888888888889,314,0.7991071428571429,0.440267624748939,95
fallen-sweep-1674,51ncvhxs,43202,0.1,VideoPrism,mean,0.9,5,0.4669999973215765,1,AdamW,reduce,9,open_fist,256,512,120,0,True,False,7.984292630088962e-05,no,68,120,1770300526.143557,0.75,0.8227272727272728,0.6587301587301587,0.5047254728716474,0.7643312101910829,0.8340277777777778,0.6224489795918368,0.8605769230769231,90,0.5754716981132075,0.6777777777777778,314,0.7991071428571429,0.4337107274856867,68
graceful-sweep-879,61u3c405,57929,0.1,VJEPA2_SSV2,mean,0.9,3,0.12257472562404688,1,AdamW,step,4,open_fist,256,1024,192,0,True,False,0.00017541884398763417,no,108,192,1770232195.6809878,0.7703488372093024,0.8227272727272726,0.6550218340611353,0.48452271001283514,0.7961783439490446,0.8211309523809524,0.6363636363636364,0.8508771929824561,90,0.6511627906976745,0.6222222222222222,314,0.8660714285714286,0.37577671808098,108
bright-sweep-54,ja7fd9tt,604,0.1,VJEPA2_SSV2,mean,0.9,4,0.4139046806084342,1,AdamW,step,10,open_fist,256,1024,166,0,True,False,2.6467317967087355e-05,no,104,166,1770156959.4357345,0.7761627906976745,0.8226107226107225,0.6695278969957081,0.48435408431430194,0.7961783439490446,0.8256448412698413,0.627906976744186,0.8448275862068966,90,0.6585365853658537,0.6,314,0.875,0.34519457595510633,104
logical-sweep-517,bw62yc9y,87549,0.1,VideoPrism,mean,0.9,5,0.3618002849474422,1,AdamW,reduce,7,open_fist,256,256,121,0,True,False,9.96474613630237e-05,no,59,121,1770200674.8311007,0.747093023255814,0.8216394716394716,0.6533864541832669,0.5015895047853159,0.767515923566879,0.8342757936507936,0.6256410256410256,0.861244019138756,90,0.580952380952381,0.6777777777777778,314,0.8035714285714286,0.440699430129915,59
vibrant-sweep-1371,4lb1ln2w,78676,0.1,VideoPrism,mean,0.9,3,0.16483240318000691,1,AdamW,reduce,3,open_fist,256,512,27,0,True,False,0.0020112361542835816,no,15,27,1770274323.7606227,0.7587209302325582,0.8215229215229215,0.6210045662100456,0.47774096422417217,0.7707006369426752,0.8426587301587302,0.5714285714285714,0.8220338983050848,90,0.6153846153846154,0.5333333333333333,314,0.8660714285714286,0.449769173804378,15
hopeful-sweep-820,drgktrfx,22690,0.1,VJEPA2_SSV2,mean,0.9,5,0.1036260610483124,1,AdamW,reduce,8,open_fist,256,1024,150,0,True,False,2.376183735047656e-05,no,87,150,1770227283.2394726,0.7587209302325582,0.8214452214452214,0.6497890295358649,0.48778275972188906,0.7929936305732485,0.8230654761904763,0.6285714285714286,0.8471615720524017,90,0.6470588235294118,0.6111111111111112,314,0.8660714285714286,0.35951916332020184,87
serene-sweep-840,mtvtf60s,95795,0.1,VJEPA2_SSV2,mean,0.9,3,0.10104275676862252,1,AdamW,reduce,3,open_fist,256,512,146,0,True,False,0.005159769520946984,no,86,146,1770228949.3114123,0.752906976744186,0.8212509712509712,0.6222222222222222,0.4828074740809063,0.7834394904458599,0.8180555555555554,0.5903614457831325,0.8277310924369747,90,0.6447368421052632,0.5444444444444444,314,0.8794642857142857,0.424819134636075,86
still-sweep-1624,l1hiu6iz,28264,0.1,VideoPrism,mean,0.9,4,0.15354031611686347,1,AdamW,step,9,open_fist,256,256,197,0,True,False,6.439116784984302e-05,no,96,197,1770296364.4716344,0.747093023255814,0.8210567210567211,0.6506024096385542,0.5027321064194967,0.7611464968152867,0.8321924603174603,0.6153846153846154,0.8564593301435407,90,0.5714285714285714,0.6666666666666666,314,0.7991071428571429,0.4453932534337668,96
wobbly-sweep-1609,5zgbfrho,37639,0.1,VJEPA2_SSV2,mean,0.9,4,0.4431457764432647,1,AdamW,reduce,9,open_fist,256,768,188,0,True,False,0.00015574476917632485,no,106,188,1770294978.4589937,0.7558139534883721,0.8209013209013208,0.625,0.48298485473144886,0.802547770700637,0.8218253968253967,0.6309523809523809,0.8432203389830508,90,0.6794871794871795,0.5888888888888889,314,0.8883928571428571,0.3070122273492564,106
wise-sweep-1099,k5lvdoib,16923,0.1,VideoPrism,mean,0.9,3,0.3898971054625341,1,AdamW,reduce,7,open_fist,256,256,141,0,True,False,0.002743085501392336,no,78,141,1770251375.469206,0.7558139534883721,0.8209013209013208,0.5714285714285714,0.4765463069427845,0.7388535031847133,0.8402281746031746,0.4675324675324675,0.784,90,0.5625,0.4,314,0.875,0.47050757355090833,78
northern-sweep-186,x0ds5cmq,80070,0.1,VideoPrism,mean,0.9,5,0.12175085455897336,1,AdamW,reduce,6,open_fist,256,1024,193,0,True,False,3.1011557987089895e-05,no,111,193,1770170125.1848402,0.75,0.8207847707847709,0.656,0.5067919381829196,0.7707006369426752,0.8350198412698413,0.6326530612244898,0.8653846153846154,90,0.5849056603773585,0.6888888888888889,314,0.8035714285714286,0.4408489369909177,111
earthy-sweep-1016,vxqdzrpd,69571,0.1,VideoPrism,mean,0.9,5,0.3868980422393634,1,AdamW,reduce,8,open_fist,256,256,159,0,True,False,0.0003403419014626828,yes,86,159,1770243912.0477903,0.7587209302325582,0.8205128205128205,0.6244343891402715,0.4859300976575807,0.7770700636942676,0.832688492063492,0.6022727272727273,0.8377192982456141,90,0.6162790697674418,0.5888888888888889,314,0.8526785714285714,0.46160569996109807,86
floral-sweep-759,pjvgjhw9,5519,0.1,VJEPA2_SSV2,mean,0.9,5,0.31761610807862606,1,AdamW,reduce,3,open_fist,256,768,126,0,True,False,1.4907187315313732e-05,no,74,126,1770222137.4763863,0.7441860465116279,0.8204739704739705,0.639344262295082,0.5013459532759911,0.7993630573248408,0.8269841269841269,0.6557377049180327,0.8642533936651584,90,0.6451612903225806,0.6666666666666666,314,0.8526785714285714,0.41694353063693224,74
soft-sweep-557,evkwpa3k,41345,0.1,VJEPA2_SSV2,mean,0.9,5,0.1051219180672113,1,AdamW,step,9,open_fist,256,768,193,0,True,False,2.312801006821222e-05,no,110,193,1770204181.7985914,0.7587209302325582,0.8204351204351205,0.6527196652719666,0.4912462955297426,0.7929936305732485,0.8205357142857143,0.632768361581921,0.8502202643171806,90,0.6436781609195402,0.6222222222222222,314,0.8616071428571429,0.30046247231398576,110
breezy-sweep-1242,b84rpip4,20183,0.1,VJEPA2_SSV2,mean,0.9,5,0.23761413200745,1,AdamW,reduce,8,open_fist,256,512,169,0,True,False,0.0006496702495939966,no,97,169,1770263664.6904907,0.7790697674418605,0.8203962703962704,0.6237623762376238,0.48077874266824056,0.7707006369426752,0.8236111111111112,0.55,0.8114754098360656,90,0.6285714285714286,0.4888888888888889,314,0.8839285714285714,0.31176950073367016,97
efficient-sweep-1405,tx4phixr,73115,0.1,VJEPA2_SSV2,mean,0.9,4,0.35325697106055487,1,AdamW,reduce,10,open_fist,256,512,135,0,True,False,0.0001792293305143086,no,81,135,1770277531.7552507,0.7412790697674418,0.8203574203574203,0.6307053941908713,0.4880894256192584,0.7898089171974523,0.8263392857142857,0.6292134831460674,0.8495575221238938,90,0.6363636363636364,0.6222222222222222,314,0.8571428571428571,0.41631059063042647,81
comfy-sweep-650,6ojsf6ea,70595,0.1,VJEPA2_SSV2,mean,0.9,5,0.3163634906876768,1,AdamW,step,5,open_fist,256,1024,190,0,True,False,1.8229591050183197e-05,no,116,190,1770212403.4742725,0.7558139534883721,0.8201631701631701,0.6470588235294118,0.49470634238664496,0.7834394904458599,0.8260912698412699,0.6179775280898876,0.8451327433628318,90,0.625,0.6111111111111112,314,0.8526785714285714,0.33384214914281957,116
faithful-sweep-521,qlde96iv,71043,0.1,VJEPA2_SSV2,mean,0.9,5,0.3674455111733812,1,AdamW,step,3,open_fist,256,768,133,0,True,False,0.002873930242591465,no,78,133,1770200970.5026896,0.75,0.8200466200466201,0.6090909090909091,0.4804305240165356,0.767515923566879,0.8153769841269842,0.5521472392638037,0.8132780082987552,90,0.6164383561643836,0.5,314,0.875,0.41497714145021286,78
snowy-sweep-1206,u2no6ty9,45685,0.1,VJEPA2_SSV2,mean,0.9,5,0.2284993736861725,1,AdamW,reduce,6,open_fist,256,1024,125,0,True,False,5.349639889518055e-05,no,77,125,1770260596.7568998,0.7616279069767442,0.8199300699300699,0.6203703703703703,0.4792122813158257,0.7898089171974523,0.8260416666666667,0.6024096385542169,0.8319327731092437,90,0.6578947368421053,0.5555555555555556,314,0.8839285714285714,0.37419813219165304,77
hopeful-sweep-529,les6yxzt,79975,0.1,VJEPA2_SSV2,mean,0.9,5,0.4622855060512564,1,AdamW,reduce,8,open_fist,256,768,139,0,True,False,3.0479691031252352e-05,no,82,139,1770201670.0363483,0.7645348837209303,0.8197746697746697,0.6462882096069869,0.48746595549028976,0.7898089171974523,0.823561507936508,0.6206896551724138,0.8434782608695652,90,0.6428571428571429,0.6,314,0.8660714285714286,0.3266460680524716,82
vibrant-sweep-142,ggdqzzue,13552,0.1,VJEPA2_SSV2,mean,0.9,4,0.2873927939226225,1,AdamW,reduce,6,open_fist,256,768,195,0,True,False,0.00018894291297631043,no,111,195,1770165670.5180027,0.7616279069767442,0.8197358197358198,0.5684210526315789,0.4754109119260034,0.767515923566879,0.8269841269841269,0.5100671140939598,0.796078431372549,90,0.6440677966101694,0.4222222222222222,314,0.90625,0.4232842446933866,111
electric-sweep-930,b4n82x4n,66257,0.1,VJEPA2_SSV2,mean,0.9,3,0.4698542829040325,1,SGD,step,4,open_fist,256,256,135,0,True,False,0.0008722494926837097,no,84,135,1770236502.6197264,0.7645348837209303,0.8196192696192697,0.6086956521739131,0.4776278720345608,0.7866242038216561,0.8099702380952382,0.588957055214724,0.8257261410788381,90,0.6575342465753424,0.5333333333333333,314,0.8883928571428571,0.47010649417707434,84
spring-sweep-573,ve6ewqcg,64828,0.1,VJEPA2_SSV2,mean,0.9,3,0.1838359486590777,1,AdamW,reduce,7,open_fist,256,1024,181,0,True,False,1.2988867523776648e-05,no,115,181,1770205721.174081,0.75,0.8195804195804196,0.6416666666666667,0.4961448907852173,0.7929936305732485,0.8239583333333333,0.632768361581921,0.8502202643171806,90,0.6436781609195402,0.6222222222222222,314,0.8616071428571429,0.3989784135868412,115
azure-sweep-1523,myivz8rq,11439,0.1,VJEPA2_SSV2,mean,0.9,5,0.3603773867426865,1,AdamW,reduce,8,open_fist,256,768,111,0,True,False,0.00014974787633648817,no,62,111,1770287818.8605092,0.7558139534883721,0.8195804195804195,0.6283185840707964,0.4886764260225518,0.7707006369426752,0.8246031746031746,0.5862068965517241,0.8304347826086956,90,0.6071428571428571,0.5666666666666667,314,0.8526785714285714,0.2741258509652153,62
fiery-sweep-1695,digwx0x7,88164,0.1,VJEPA2_SSV2,mean,0.9,5,0.2409633208889806,1,AdamW,reduce,6,open_fist,256,768,66,0,True,False,0.007310099041337013,no,50,66,1770302292.9587522,0.7674418604651163,0.8195415695415695,0.6261682242990654,0.4820342881734981,0.7802547770700637,0.8204365079365079,0.5818181818181818,0.8242677824267782,90,0.64,0.5333333333333333,314,0.8794642857142857,0.39406460720207054,50
good-sweep-346,yg8z7lo1,46053,0.1,VideoPrism,mean,0.9,3,0.3681093097234315,1,SGD,step,10,open_fist,256,256,199,0,True,False,0.007877676332257885,no,111,199,1770185545.4416142,0.7616279069767442,0.8194250194250196,0.6095238095238096,0.4783599612324737,0.7515923566878981,0.8223214285714286,0.5063291139240507,0.7967479674796748,90,0.5882352941176471,0.4444444444444444,314,0.875,0.4933070276420154,111
generous-sweep-493,vrvg5h9k,63112,0.1,VJEPA2_SSV2,mean,0.9,3,0.4675750533565663,1,AdamW,step,6,open_fist,256,1024,199,0,True,False,2.0803800260187192e-05,no,117,199,1770198513.3144972,0.7441860465116279,0.8193861693861694,0.6173913043478261,0.49146029006603154,0.7802547770700637,0.8224702380952381,0.6057142857142858,0.8384279475982532,90,0.6235294117647059,0.5888888888888889,314,0.8571428571428571,0.25931309904727634,117
dashing-sweep-321,mf9n81d1,49499,0.1,VJEPA2_SSV2,mean,0.9,4,0.3611250072333011,1,AdamW,reduce,9,open_fist,256,1024,150,0,True,False,4.4271374243888046e-05,no,86,150,1770183427.9328847,0.752906976744186,0.8193473193473193,0.6153846153846154,0.4877927871637566,0.802547770700637,0.8256448412698412,0.6352941176470588,0.8461538461538461,90,0.675,0.6,314,0.8839285714285714,0.24591711825101165,86
cerulean-sweep-1243,2yjqvshg,26063,0.1,VJEPA2_SSV2,mean,0.9,4,0.16875758304389504,1,AdamW,reduce,5,open_fist,256,768,149,0,True,False,2.7850381710388655e-05,no,88,149,1770263763.2807229,0.7616279069767442,0.8192696192696193,0.646551724137931,0.48914943184963494,0.7961783439490446,0.8227678571428572,0.632183908045977,0.8478260869565217,90,0.6547619047619048,0.6111111111111112,314,0.8705357142857143,0.319112585633213,88
sandy-sweep-982,hetk2k0k,98946,0.1,VideoPrism,mean,0.9,5,0.25203972227057336,1,AdamW,reduce,9,open_fist,256,768,170,0,True,False,0.0009847192449089555,yes,90,170,1770244708.6055348,0.7616279069767442,0.8192696192696193,0.6495726495726496,0.49225119657294697,0.767515923566879,0.8310019841269841,0.6010928961748634,0.8416289592760181,90,0.5913978494623656,0.6111111111111112,314,0.8303571428571429,0.43423662394753304,90
bumbling-sweep-45,aud6elcc,10074,0.1,VJEPA2_SSV2,mean,0.9,5,0.3150037245498932,1,AdamW,reduce,10,open_fist,256,768,103,0,True,False,0.00022168468482914268,no,67,103,1770156065.3514884,0.7674418604651163,0.8192307692307692,0.6296296296296297,0.4832110848537711,0.7866242038216561,0.8204365079365079,0.6081871345029239,0.8369098712446352,90,0.6419753086419753,0.5777777777777777,314,0.8705357142857143,0.281846382917534,67
ancient-sweep-86,4jglm0or,17818,0.1,VJEPA2_SSV2,mean,0.9,5,0.4067389772838943,1,SGD,reduce,7,open_fist,256,768,149,0,True,False,0.007884938876459552,no,87,149,1770160312.4393764,0.7441860465116279,0.8191919191919192,0.5368421052631579,0.47645676136016846,0.7643312101910829,0.8197916666666666,0.4931506849315068,0.7906976744186046,90,0.6428571428571429,0.4,314,0.9107142857142856,0.4619867826631556,87
golden-sweep-122,9yy2yoyx,31902,0.1,VJEPA2_SSV2,mean,0.9,3,0.4685456445531413,1,AdamW,reduce,3,open_fist,256,1024,196,0,True,False,2.0528572205421223e-05,no,123,196,1770163767.7050643,0.7645348837209303,0.818997668997669,0.6582278481012658,0.4898069001907526,0.7961783439490446,0.8225198412698413,0.627906976744186,0.8448275862068966,90,0.6585365853658537,0.6,314,0.875,0.3428332621514485,123
lemon-sweep-465,d5aee7ma,27807,0.1,VJEPA2_SSV2,mean,0.9,3,0.32504205981582523,1,AdamW,step,6,open_fist,256,1024,166,0,True,False,1.8592954179564246e-05,no,96,166,1770195874.8551767,0.7703488372093024,0.8189976689976689,0.6666666666666666,0.4921648599380671,0.7929936305732485,0.8218253968253968,0.6285714285714286,0.8471615720524017,90,0.6470588235294118,0.6111111111111112,314,0.8660714285714286,0.3241477487286972,96
soft-sweep-68,dcucuipb,27614,0.1,VJEPA2_SSV2,mean,0.9,5,0.43421877957107546,1,AdamW,step,8,open_fist,256,256,193,0,True,False,0.00033735597278700195,no,110,193,1770158400.7855413,0.7674418604651163,0.8189588189588191,0.5918367346938775,0.48029747536016065,0.7738853503184714,0.817063492063492,0.5590062111801242,0.8148148148148148,90,0.6338028169014085,0.5,314,0.8839285714285714,0.3274170037027429,110
firm-sweep-723,4960pkvw,43078,0.1,VJEPA2_SSV2,mean,0.9,4,0.2919019436767052,1,AdamW,reduce,3,open_fist,256,768,180,0,True,False,2.633866417380321e-05,no,99,180,1770218800.5782592,0.7674418604651163,0.8189588189588191,0.6551724137931034,0.4901953367299812,0.7898089171974523,0.822718253968254,0.6206896551724138,0.8434782608695652,90,0.6428571428571429,0.6,314,0.8660714285714286,0.30112536749290547,99
lucky-sweep-65,np6yhg2z,29162,0.1,VJEPA2_SSV2,mean,0.9,5,0.24513045605945957,1,AdamW,reduce,8,open_fist,256,1024,198,0,True,False,3.611840950012048e-05,no,119,198,1770158052.7321649,0.7558139534883721,0.818958818958819,0.6347826086956522,0.48731007686881134,0.7961783439490446,0.8288690476190476,0.632183908045977,0.8478260869565217,90,0.6547619047619048,0.6111111111111112,314,0.8705357142857143,0.34670318917454224,119
giddy-sweep-1597,910hpn2s,17414,0.1,VJEPA2_SSV2,mean,0.9,3,0.3141033574572637,1,AdamW,reduce,8,open_fist,256,256,166,0,True,False,0.00012473559730943938,no,100,166,1770293946.2103596,0.7587209302325582,0.818958818958819,0.5990338164251208,0.47947840219320254,0.7738853503184714,0.8248511904761905,0.5590062111801242,0.8148148148148148,90,0.6338028169014085,0.5,314,0.8839285714285714,0.32174084679618553,100
sweet-sweep-1090,ntf4ofp8,17268,0.1,VJEPA2_SSV2,mean,0.9,4,0.4249339956645573,1,AdamW,reduce,5,open_fist,256,512,195,0,True,False,3.6617960019506774e-05,no,111,195,1770250556.7278397,0.7616279069767442,0.818919968919969,0.6019417475728155,0.4763366621594096,0.7866242038216561,0.8216765873015872,0.593939393939394,0.8284518828451883,90,0.6533333333333333,0.5444444444444444,314,0.8839285714285714,0.33758099001115527,111
laced-sweep-1045,2wripsfq,19609,0.1,VJEPA2_SSV2,mean,0.9,5,0.30522904416813224,1,AdamW,reduce,8,open_fist,256,768,123,0,True,False,0.00010772981425364906,no,65,123,1770246504.281645,0.7587209302325582,0.8188811188811189,0.6244343891402715,0.4820929848870566,0.7898089171974523,0.8248511904761904,0.6071428571428571,0.8347457627118644,90,0.6538461538461539,0.5666666666666667,314,0.8794642857142857,0.3827504749385474,65
solar-sweep-94,x6h95062,99636,0.1,VJEPA2_SSV2,mean,0.9,5,0.3360937575636156,1,AdamW,reduce,10,open_fist,256,512,138,0,True,False,3.463140820597847e-05,no,87,138,1770160957.5476458,0.747093023255814,0.8188422688422689,0.6390041493775933,0.4920712390611338,0.7898089171974523,0.8229166666666666,0.6292134831460674,0.8495575221238938,90,0.6363636363636364,0.6222222222222222,314,0.8571428571428571,0.3360904906432666,87
distinctive-sweep-9,331qatw7,9311,0.1,VJEPA2_SSV2,mean,0.9,4,0.4634838879445934,1,AdamW,reduce,10,open_fist,256,768,197,0,True,False,0.00026737242673010914,yes,110,197,1770152628.4605784,0.7761627906976745,0.8188422688422689,0.624390243902439,0.4799145390821058,0.7802547770700637,0.8228670634920635,0.5605095541401274,0.8137651821862348,90,0.6567164179104478,0.4888888888888889,314,0.8973214285714286,0.3101311087296271,110
genial-sweep-891,i86venyu,40057,0.1,VJEPA2_SSV2,mean,0.9,3,0.28885364498818583,1,AdamW,reduce,7,open_fist,256,1024,183,0,True,False,3.877072502511006e-05,no,108,183,1770233194.5514717,0.7645348837209303,0.8188034188034189,0.6232558139534884,0.4825333176657211,0.7866242038216561,0.8227182539682539,0.5988023952095808,0.8312236286919831,90,0.6493506493506493,0.5555555555555556,314,0.8794642857142857,0.333412955818376,108
dulcet-sweep-1306,u4a7g1b3,10640,0.1,VJEPA2_SSV2,mean,0.9,4,0.2151227845395751,1,AdamW,reduce,5,open_fist,256,768,138,0,True,False,3.2882207764127166e-05,no,79,138,1770269054.9533985,0.747093023255814,0.8188034188034188,0.6359832635983264,0.4902150922043379,0.7929936305732485,0.8253968253968254,0.6285714285714286,0.8471615720524017,90,0.6470588235294118,0.6111111111111112,314,0.8660714285714286,0.33963426938231706,79
daily-sweep-623,wk8hnaee,19742,0.1,VJEPA2_SSV2,mean,0.9,3,0.25591946585225156,1,SGD,reduce,3,open_fist,256,1024,117,0,True,False,0.0007125912772020798,no,68,117,1770210165.7772405,0.7616279069767442,0.8187645687645688,0.6019417475728155,0.47748814349950747,0.7866242038216561,0.8110119047619048,0.593939393939394,0.8284518828451883,90,0.6533333333333333,0.5444444444444444,314,0.8839285714285714,0.4686702728895617,68
worthy-sweep-1673,hvyanu9a,74682,0.1,VJEPA2_SSV2,mean,0.9,4,0.17428505081216797,1,AdamW,reduce,3,open_fist,256,256,176,0,True,False,0.00018424867173866068,no,105,176,1770300446.4168775,0.752906976744186,0.8187645687645687,0.5933014354066986,0.48036008241564726,0.7929936305732485,0.8238095238095238,0.6060606060606061,0.8326359832635983,90,0.6666666666666666,0.5555555555555556,314,0.8883928571428571,0.3263696640573871,105
twilight-sweep-937,v2p3vvoh,17356,0.1,VideoPrism,mean,0.9,4,0.4073500025376664,1,AdamW,reduce,8,open_fist,256,256,118,0,True,False,0.008444047642224083,no,65,118,1770237183.975553,0.75,0.8187257187257188,0.6160714285714286,0.48364846512328746,0.7866242038216561,0.8495535714285715,0.6171428571428571,0.8427947598253275,90,0.6352941176470588,0.6,314,0.8616071428571429,0.4271469598041155,65
misty-sweep-111,y8e2e6ta,16477,0.1,VJEPA2_SSV2,mean,0.9,5,0.4386951219323399,1,SGD,step,8,open_fist,256,256,176,0,True,False,0.0005698908357512032,no,110,176,1770162645.910333,0.7674418604651163,0.8187257187257188,0.5876288659793815,0.4794190179469974,0.7770700636942676,0.808531746031746,0.5512820512820513,0.8104838709677419,90,0.6515151515151515,0.4777777777777778,314,0.8973214285714286,0.48425874245104367,110
neat-sweep-1614,uz1og4fe,23837,0.1,VJEPA2_SSV2,mean,0.9,5,0.3788507069628058,1,AdamW,reduce,7,open_fist,256,512,152,0,True,False,0.00010413173849740384,no,87,152,1770295419.2789433,0.7732558139534884,0.8186868686868687,0.6422018348623854,0.4808232811994331,0.7993630573248408,0.8264384920634921,0.6227544910179641,0.8396624472573839,90,0.6753246753246753,0.5777777777777777,314,0.8883928571428571,0.398891401665373,87
sleek-sweep-958,w0bzuc7p,40535,0.1,VJEPA2_SSV2,mean,0.9,4,0.3575306930642873,1,AdamW,reduce,8,open_fist,256,768,101,0,True,False,5.989246343727092e-05,no,60,101,1770238909.4636989,0.7703488372093024,0.8185314685314685,0.6359447004608295,0.4797523063282634,0.7929936305732485,0.8247519841269841,0.6107784431137725,0.8354430379746836,90,0.6623376623376623,0.5666666666666667,314,0.8839285714285714,0.3263549598723806,60
warm-sweep-1069,ayzjlctj,52186,0.1,VJEPA2_SSV2,mean,0.9,5,0.42253220588125906,1,AdamW,reduce,10,open_fist,256,768,34,0,True,False,0.0007554960482292651,no,31,34,1770248539.5731287,0.7558139534883721,0.8185314685314684,0.6347826086956522,0.4812184932620026,0.7834394904458599,0.8197916666666666,0.6,0.8333333333333334,90,0.6375,0.5666666666666667,314,0.8705357142857143,0.400602430791755,31
firm-sweep-569,q5jye0su,29131,0.1,VJEPA2_SSV2,mean,0.9,4,0.3688455009885049,1,SGD,reduce,6,open_fist,256,768,159,0,True,False,0.0031168857215278897,no,85,159,1770205318.095473,0.7558139534883721,0.8184537684537685,0.5714285714285714,0.4742732616358025,0.7770700636942676,0.8180555555555555,0.5512820512820513,0.8104838709677419,90,0.6515151515151515,0.4777777777777778,314,0.8973214285714286,0.4604797279647508,85
usual-sweep-720,o3h2yrpe,23730,0.1,VJEPA2_SSV2,mean,0.9,5,0.26180614229755,1,AdamW,step,8,open_fist,256,512,121,0,True,False,0.0004144945349132324,no,74,121,1770218540.2131395,0.75,0.8182595182595183,0.6260869565217392,0.4880812084952066,0.7770700636942676,0.8188988095238096,0.6022727272727273,0.8377192982456141,90,0.6162790697674418,0.5888888888888889,314,0.8526785714285714,0.3704336632296677,74
amber-sweep-1559,487l8uxb,1170,0.1,VJEPA2_SSV2,mean,0.9,5,0.4528402449196647,1,AdamW,step,3,open_fist,256,1024,97,0,True,False,6.411292617498931e-05,no,60,97,1770290943.403714,0.7558139534883721,0.8181818181818183,0.6074766355140186,0.4803163700325545,0.7993630573248408,0.8241071428571429,0.6272189349112426,0.8425531914893617,90,0.6708860759493671,0.5888888888888889,314,0.8839285714285714,0.3323672911883649,60
robust-sweep-964,1s6lrcaj,39963,0.1,VJEPA2_SSV2,mean,0.9,5,0.17351583791912523,1,AdamW,step,5,open_fist,256,512,183,0,True,False,1.8022824126082364e-05,no,108,183,1770239448.6138184,0.7412790697674418,0.8180264180264181,0.636734693877551,0.4933066035425941,0.7929936305732485,0.8239087301587302,0.6285714285714286,0.8471615720524017,90,0.6470588235294118,0.6111111111111112,314,0.8660714285714286,0.362363749243202,108
drawn-sweep-763,j3g7kuhx,23062,0.1,VJEPA2_SSV2,mean,0.9,5,0.3824835761210784,1,AdamW,step,8,open_fist,256,512,86,0,True,False,6.574451355956759e-05,no,56,86,1770222396.503231,0.7616279069767442,0.818026418026418,0.594059405940594,0.478893191315407,0.7961783439490446,0.8242559523809524,0.6,0.8278688524590164,90,0.6857142857142857,0.5333333333333333,314,0.9017857142857144,0.4441067500264233,56
royal-sweep-629,b85rhqrk,56751,0.1,VideoPrism,mean,0.9,5,0.34827487764342857,1,SGD,step,10,open_fist,256,512,194,0,True,False,0.007941603345964115,no,108,194,1770210656.1037648,0.7587209302325582,0.817948717948718,0.5990338164251208,0.479915413745614,0.7547770700636943,0.827579365079365,0.5217391304347826,0.8024691358024691,90,0.5915492957746479,0.4666666666666667,314,0.8705357142857143,0.5057858852815877,108
pious-sweep-507,jvf7lxtk,11440,0.1,VideoPrism,mean,0.9,5,0.141454674757323,1,AdamW,reduce,4,pangram_utterance,256,1024,182,0,True,False,0.005920539624292872,no,85,182,1770185248.069833,0.7513513513513513,0.8032136351808482,0.6434108527131783,0.5359524172705573,0.7628571428571429,0.8278619528619529,0.6028708133971292,0.8192771084337349,108,0.6237623762376238,0.5833333333333334,350,0.8429752066115702,0.37123141596463616,85
major-sweep-724,9fj19nel,88951,0.1,VideoPrism,mean,0.9,4,0.3919793316648952,1,AdamW,reduce,6,pangram_utterance,256,256,49,0,True,False,0.004169168646513178,no,27,49,1770200109.4779985,0.7351351351351352,0.8031811085089773,0.6111111111111112,0.5565869529505034,0.7657142857142857,0.8318028772574227,0.594059405940594,0.8125,108,0.6382978723404256,0.5555555555555556,350,0.859504132231405,0.32877421752066677,27
usual-sweep-2133,h9sl27no,94483,0.1,VideoPrism,mean,0.9,5,0.2695634406244923,1,AdamW,reduce,5,pangram_utterance,256,768,120,0,True,False,0.006802066569320581,no,49,120,1770296770.5031133,0.745945945945946,0.7980418943533698,0.6115702479338843,0.545181849840525,0.7742857142857142,0.829315886134068,0.5775401069518716,0.8007380073800738,108,0.6835443037974683,0.5,350,0.8966942148760331,0.3867045204490244,49
iconic-sweep-1522,alrfxrxr,60296,0.1,VideoPrism,mean,0.9,5,0.2728381076343829,1,AdamW,reduce,6,pangram_utterance,256,1024,79,0,True,False,0.001551279882623257,no,34,79,1770253064.325029,0.7513513513513513,0.7979443143377569,0.632,0.5467727501650115,0.76,0.8236149372513007,0.5882352941176471,0.8110236220472441,108,0.625,0.5555555555555556,350,0.8512396694214877,0.33851092627045626,34
charmed-sweep-1597,kosksko4,34020,0.1,VideoPrism,mean,0.9,5,0.4385260822274624,1,AdamW,reduce,4,pangram_utterance,256,1024,137,0,True,False,0.0012765214300779243,no,65,137,1770258504.5501547,0.7432432432432432,0.7978792609940151,0.5777777777777777,0.5482609239784447,0.7771428571428571,0.8264845423936333,0.5617977528089888,0.7928571428571428,108,0.7142857142857143,0.46296296296296297,350,0.9173553719008264,0.3972860529534653,65
desert-sweep-785,c0g2zd96,53155,0.1,VideoPrism,mean,0.9,4,0.16691954326539632,1,AdamW,reduce,5,pangram_utterance,256,512,61,0,True,False,0.005623698782090098,no,28,61,1770204092.8496518,0.7405405405405405,0.7974889409315639,0.6129032258064516,0.5514958689341674,0.7742857142857142,0.8236531986531987,0.5948717948717949,0.8098859315589354,108,0.6666666666666666,0.5370370370370371,350,0.8801652892561983,0.3877897362990213,28
clear-sweep-1703,g13wjacx,64642,0.1,VideoPrism,mean,0.9,5,0.35505513965659485,1,AdamW,reduce,10,pangram_utterance,256,1024,121,0,True,False,0.0014715718839053362,no,53,121,1770265919.945504,0.7486486486486487,0.7970335675253708,0.6265060240963856,0.5405883708515683,0.7571428571428571,0.8186026936026937,0.5728643216080402,0.803088803088803,108,0.6263736263736264,0.5277777777777778,350,0.859504132231405,0.3873163990308805,53
iconic-sweep-569,1z5q24fv,71553,0.1,VideoPrism,mean,0.9,5,0.353425433878923,1,AdamW,reduce,5,pangram_utterance,256,768,72,0,True,False,0.0012125262055957386,no,33,72,1770189390.5661242,0.7405405405405405,0.7969359875097579,0.6220472440944882,0.5300083466478296,0.7542857142857143,0.8186026936026936,0.5742574257425742,0.8046875,108,0.6170212765957447,0.5370370370370371,350,0.8512396694214877,0.3987249900574575,33
lunar-sweep-1736,z382jfu6,1515,0.1,VideoPrism,mean,0.9,4,0.3712257488658537,1,AdamW,reduce,10,pangram_utterance,256,512,133,0,True,False,0.0008757236318171239,no,52,133,1770268087.979356,0.7513513513513513,0.7961228207129847,0.6377952755905512,0.5379725085722433,0.7628571428571429,0.8192531374349556,0.5990338164251208,0.8167330677290837,108,0.6262626262626263,0.5740740740740741,350,0.8471074380165289,0.3811570260714107,52
elated-sweep-588,4fnft5d9,30268,0.1,VideoPrism,mean,0.9,4,0.31455186843755634,1,AdamW,reduce,8,pangram_utterance,256,1024,54,0,True,False,0.0007926106552871676,no,25,54,1770190440.6177144,0.754054054054054,0.7960252406973718,0.6285714285714286,0.534778175805066,0.7571428571428571,0.8171104989286807,0.5549738219895288,0.7940074906367042,108,0.6385542168674698,0.4907407407407408,350,0.8760330578512396,0.4059189801898961,25
radiant-sweep-858,og731y40,53427,0.1,VideoPrism,mean,0.9,5,0.4798194835871765,1,AdamW,reduce,5,pangram_utterance,256,1024,150,0,True,False,0.001259659467510679,no,72,150,1770209051.873109,0.7378378378378379,0.7956674473067915,0.6339622641509434,0.5497670126927866,0.7571428571428571,0.8244566880930518,0.5971563981042654,0.8178137651821862,108,0.6116504854368932,0.5833333333333334,350,0.8347107438016529,0.36524720918544074,72
divine-sweep-737,wojyih7e,50777,0.1,VideoPrism,mean,0.9,4,0.4629656543949614,1,AdamW,step,6,pangram_utterance,256,1024,118,0,True,False,0.0016270811979943616,no,57,118,1770200969.765072,0.754054054054054,0.7956349206349206,0.6060606060606061,0.5348486231791006,0.7542857142857143,0.8210896847260483,0.5473684210526316,0.7910447761194029,108,0.6341463414634146,0.48148148148148145,350,0.8760330578512396,0.4036798788106829,57
fluent-sweep-2000,z2io0dd4,48603,0.1,VideoPrism,mean,0.9,5,0.36806477982326025,1,AdamW,reduce,9,pangram_utterance,256,768,45,0,True,False,0.00204094228193872,no,21,45,1770287067.993023,0.745945945945946,0.7952446005724694,0.591304347826087,0.5470381343686903,0.78,0.8241123354759717,0.5925925925925926,0.8066914498141264,108,0.691358024691358,0.5185185185185185,350,0.8966942148760331,0.3682245440001092,21
cosmic-sweep-1533,96ow96tr,68089,0.1,VideoPrism,mean,0.9,3,0.2476800739674554,1,AdamW,step,8,pangram_utterance,256,1024,151,0,True,False,0.0004007837880662216,no,65,151,1770253695.434568,0.7405405405405405,0.7946591204787926,0.6129032258064516,0.5323002285248525,0.7542857142857143,0.8200183654729108,0.5656565656565656,0.8,108,0.6222222222222222,0.5185185185185185,350,0.859504132231405,0.3859932760110687,65
gentle-sweep-1255,87ydj3p5,98424,0.1,VideoPrism,mean,0.9,4,0.23687568467525377,1,AdamW,step,10,pangram_utterance,256,1024,62,0,True,False,0.0008701144032467761,no,32,62,1770234749.6251285,0.7486486486486487,0.7944314337756961,0.5938864628820961,0.5429968392526782,0.7771428571428571,0.8238062442607897,0.5894736842105263,0.8059701492537313,108,0.6829268292682927,0.5185185185185185,350,0.8925619834710744,0.3839865398249184,32
usual-sweep-1724,kbtiwlqy,10042,0.1,VideoPrism,mean,0.9,3,0.28947035216583705,1,AdamW,reduce,7,pangram_utterance,256,1024,54,0,True,False,0.0003010068640412695,no,26,54,1770267274.8826094,0.7486486486486487,0.794008587041374,0.6294820717131474,0.5329284743682758,0.7457142857142857,0.8139348025711662,0.5615763546798029,0.8,108,0.6,0.5277777777777778,350,0.8429752066115702,0.398157179104579,26
dark-sweep-947,cvyd45nz,80769,0.1,VideoPrism,mean,0.9,5,0.39489975644224506,1,AdamW,reduce,10,pangram_utterance,256,512,129,0,True,False,0.00584977151943839,no,53,129,1770214587.5005703,0.727027027027027,0.794008587041374,0.5843621399176955,0.536757432608991,0.76,0.8160009182736456,0.5625,0.7969924812030075,108,0.6428571428571429,0.5,350,0.8760330578512396,0.4055700907136272,53
charmed-sweep-458,ug04gq27,77731,0.1,VideoPrism,mean,0.9,5,0.1843207265363411,1,AdamW,reduce,8,pangram_utterance,256,768,152,0,True,False,0.0002459666540309291,no,75,152,1770181987.4872146,0.7378378378378379,0.7939760603695029,0.6196078431372549,0.5407562067379823,0.7514285714285714,0.8187174778083869,0.583732057416268,0.8112449799196787,108,0.6039603960396039,0.5648148148148148,350,0.8347107438016529,0.3670798177896998,75
deft-sweep-1244,2hb86gzf,67653,0.1,VideoPrism,mean,0.9,3,0.256065532256903,1,AdamW,reduce,6,pangram_utterance,256,768,176,0,True,False,0.001548593054632017,no,84,176,1770234010.7556088,0.727027027027027,0.7936507936507937,0.61003861003861,0.5485629697103758,0.7542857142857143,0.8235766758494031,0.5825242718446602,0.8095238095238095,108,0.6122448979591837,0.5555555555555556,350,0.8429752066115702,0.37211970818171863,84
different-sweep-1331,u7l3ej3m,55166,0.1,VideoPrism,mean,0.9,5,0.23381023130720557,1,AdamW,reduce,10,pangram_utterance,256,768,163,0,True,False,0.0031236028621899107,no,81,163,1770240087.9086788,0.7324324324324324,0.7935857403070519,0.6177606177606177,0.5492846561444772,0.7457142857142857,0.8180287725742272,0.5741626794258373,0.8072289156626506,108,0.594059405940594,0.5555555555555556,350,0.8305785123966942,0.3796354001466404,81
robust-sweep-141,99de5f1v,53048,0.1,VideoPrism,mean,0.9,5,0.22164311154894195,1,AdamW,reduce,6,pangram_utterance,256,1024,58,0,True,False,0.00025553027375988636,no,35,58,1770161923.6675105,0.7351351351351352,0.7935532136351809,0.5983606557377049,0.5428484887690157,0.7571428571428571,0.8230027548209367,0.5728643216080402,0.803088803088803,108,0.6263736263736264,0.5277777777777778,350,0.859504132231405,0.362988392763046,35
balmy-sweep-2092,vmji96wk,53335,0.1,VideoPrism,mean,0.9,3,0.40415820388982815,1,AdamW,reduce,5,pangram_utterance,256,512,131,0,True,False,0.0002940707382269991,no,65,131,1770293832.513888,0.7486486486486487,0.7933255269320842,0.6234817813765182,0.5294542127364391,0.7457142857142857,0.8138965411692684,0.5482233502538071,0.7931034482758621,108,0.6067415730337079,0.5,350,0.8553719008264463,0.41286457201777527,65
expert-sweep-639,6rk4jmo4,16933,0.1,VideoPrism,mean,0.9,4,0.2753369824610566,1,AdamW,reduce,8,pangram_utterance,256,1024,92,0,True,False,0.0005872797464700238,no,46,92,1770194074.962932,0.7594594594594595,0.7930978402289878,0.6276150627615062,0.5365004760188026,0.76,0.8198270584634221,0.5714285714285714,0.8015267175572519,108,0.6363636363636364,0.5185185185185185,350,0.8677685950413223,0.3920584458019472,46
comfy-sweep-1604,j1uh33ry,5792,0.1,VideoPrism,mean,0.9,4,0.12351508106911996,1,AdamW,reduce,10,pangram_utterance,256,768,177,0,True,False,0.0005709652400626787,no,74,177,1770259045.8719995,0.7486486486486487,0.7930653135571168,0.6141078838174274,0.5318170091590366,0.7571428571428571,0.816727884909703,0.5728643216080402,0.803088803088803,108,0.6263736263736264,0.5277777777777778,350,0.859504132231405,0.3989891509573669,74
lively-sweep-1005,wxzdjwv3,74846,0.1,VideoPrism,mean,0.9,5,0.22669468630034673,1,AdamW,reduce,10,pangram_utterance,256,1024,46,0,True,False,0.0027518642648167845,no,21,46,1770218120.5782225,0.7162162162162162,0.7928051001821493,0.6125461254612546,0.54409563525303,0.7428571428571429,0.819674012855831,0.5754716981132075,0.8089430894308943,108,0.5865384615384616,0.5648148148148148,350,0.8223140495867769,0.39617968670727977,21
olive-sweep-768,2zoxma3m,40649,0.1,VideoPrism,mean,0.9,5,0.362776747573928,1,AdamW,reduce,8,pangram_utterance,256,1024,115,0,True,False,0.0008279454573875386,no,57,115,1770203040.7081912,0.7405405405405405,0.7926424668227947,0.6363636363636364,0.545650839805603,0.76,0.8198653198653199,0.5961538461538461,0.816,108,0.62,0.5740740740740741,350,0.8429752066115702,0.36980869021226354,57
whole-sweep-1922,uxrezucn,8934,0.1,VideoPrism,mean,0.9,5,0.38613943912345694,1,AdamW,reduce,6,pangram_utterance,256,768,149,0,True,False,0.00017675800707332855,no,62,149,1770281699.491336,0.7324324324324324,0.792544886807182,0.623574144486692,0.5395799889757826,0.7542857142857143,0.8208983777165596,0.5825242718446602,0.8095238095238095,108,0.6122448979591837,0.5555555555555556,350,0.8429752066115702,0.37513803331143303,62
devoted-sweep-1180,q3cm4mww,52794,0.1,VideoPrism,mean,0.9,3,0.4133850735921074,1,AdamW,reduce,8,pangram_utterance,256,256,27,0,True,False,0.0018037942216542883,no,13,27,1770229815.7960105,0.745945945945946,0.7925123601353109,0.624,0.5366087439897899,0.7542857142857143,0.816574839302112,0.5784313725490197,0.8070866141732284,108,0.6145833333333334,0.5462962962962963,350,0.8471074380165289,0.3980611600026614,13
ethereal-sweep-1530,1dm1z0k4,63851,0.1,VideoPrism,mean,0.9,5,0.3042347387487895,1,AdamW,reduce,3,pangram_utterance,256,1024,94,0,True,False,0.0016437043968228612,no,47,94,1770253533.453993,0.7378378378378379,0.7924798334634401,0.5836909871244635,0.5314282926353249,0.7542857142857143,0.8202096724823997,0.5376344086021505,0.7867647058823529,108,0.6410256410256411,0.46296296296296297,350,0.8842975206611571,0.40738722850556264,47
swift-sweep-589,tpmudxlk,61891,0.1,VideoPrism,mean,0.9,4,0.2835438564571918,1,AdamW,reduce,9,pangram_utterance,256,256,60,0,True,False,0.008486141151022003,no,31,60,1770190482.0846708,0.7351351351351352,0.792447306791569,0.5882352941176471,0.5392957511785869,0.7542857142857143,0.814967860422406,0.5656565656565656,0.8,108,0.6222222222222222,0.5185185185185185,350,0.859504132231405,0.3930370677464275,31
pretty-sweep-802,y8x3fsiz,52783,0.1,VideoPrism,mean,0.9,5,0.3684166605597846,1,AdamW,reduce,9,pangram_utterance,256,512,114,0,True,False,0.0014034293299048108,no,56,114,1770205253.2887628,0.7297297297297297,0.7924147801196982,0.6062992125984252,0.5569380338127549,0.76,0.8206305479032752,0.5922330097087378,0.8134920634920635,108,0.6224489795918368,0.5648148148148148,350,0.8471074380165289,0.3437110917232527,56
sparkling-sweep-1766,an7av466,36207,0.1,VideoPrism,mean,0.9,4,0.17066863377106428,1,AdamW,reduce,8,pangram_utterance,256,1024,181,0,True,False,0.0001121181580334244,no,79,181,1770270246.8525524,0.7243243243243244,0.7923822534478271,0.6330935251798561,0.5471739880136541,0.7371428571428571,0.816574839302112,0.5964912280701754,0.8260869565217391,108,0.5666666666666667,0.6296296296296297,350,0.7851239669421488,0.37409377087324536,79
azure-sweep-1003,ku7cr90m,31178,0.1,VideoPrism,mean,0.9,4,0.49655435597171016,1,AdamW,reduce,6,pangram_utterance,256,512,108,0,True,False,0.0003687211790939654,no,50,108,1770217984.3873832,0.727027027027027,0.791959406713505,0.6159695817490495,0.5360477959787523,0.74,0.812174778083869,0.5645933014354066,0.8032128514056225,108,0.5841584158415841,0.5462962962962963,350,0.8264462809917356,0.39655653241165567,50
azure-sweep-930,eez0nktt,76949,0.1,VideoPrism,mean,0.9,5,0.33584959744075615,1,AdamW,reduce,7,pangram_utterance,256,768,66,0,True,False,0.0003465870853933456,no,30,66,1770213604.394694,0.7216216216216216,0.7917642466822794,0.6199261992619927,0.5435220610451054,0.7428571428571429,0.8164983164983164,0.5754716981132075,0.8089430894308943,108,0.5865384615384616,0.5648148148148148,350,0.8223140495867769,0.3753700737990483,30
rare-sweep-251,htmsvb92,23145,0.1,VideoPrism,mean,0.9,4,0.1836399581663597,1,AdamW,reduce,3,pangram_utterance,256,1024,144,0,True,False,0.00044819564306307667,no,71,144,1770168639.79873,0.7297297297297297,0.7917642466822794,0.6183206106870229,0.5364027466322925,0.7371428571428571,0.8122895622895623,0.5533980582524272,0.7976190476190477,108,0.5816326530612245,0.5277777777777778,350,0.8305785123966942,0.4001338858108085,71
floral-sweep-807,7wc0zlrr,9242,0.1,VideoPrism,mean,0.9,5,0.40164583647914254,1,AdamW,step,9,pangram_utterance,256,1024,74,0,True,False,0.0003368006094078934,no,37,74,1770205587.450116,0.7189189189189189,0.7916991933385377,0.6060606060606061,0.534141848538373,0.7428571428571429,0.8134756657483931,0.5673076923076923,0.804,108,0.59,0.5462962962962963,350,0.8305785123966942,0.399576618532268,37
earnest-sweep-174,r9csr08g,71948,0.1,VideoPrism,mean,0.9,4,0.4856639534164734,1,AdamW,reduce,8,pangram_utterance,256,512,26,0,True,False,0.001281350945215331,no,15,26,1770163750.2559614,0.7324324324324324,0.7916666666666667,0.6292134831460674,0.5353100758952063,0.7342857142857143,0.8186792164064891,0.5592417061611374,0.8016194331983806,108,0.5728155339805825,0.5462962962962963,350,0.8181818181818182,0.41179281426537623,15
frosty-sweep-572,3icv28i6,51373,0.1,VideoPrism,mean,0.9,5,0.48255625856142337,1,AdamW,reduce,4,pangram_utterance,256,768,128,0,True,False,0.0004011170253081567,no,58,128,1770189563.496688,0.7405405405405405,0.7916666666666666,0.6065573770491803,0.5354485349075214,0.7485714285714286,0.817378328741965,0.5463917525773195,0.7916666666666666,108,0.6162790697674418,0.4907407407407408,350,0.8636363636363636,0.4102927853054088,58
ancient-sweep-49,r3ozc3wr,12264,0.1,VideoPrism,mean,0.9,4,0.2813108212577883,1,AdamW,step,7,pangram_utterance,256,1024,109,0,True,False,0.0003023795221423881,no,55,109,1770155258.0093212,0.7189189189189189,0.7915365599791829,0.6119402985074627,0.538733406485738,0.7285714285714285,0.8151974288337924,0.5539906103286385,0.8,108,0.5619047619047619,0.5462962962962963,350,0.8099173553719008,0.4029181584913091,55
pious-sweep-1282,tu3hmpjt,82504,0.1,VideoPrism,mean,0.9,5,0.2655076597719467,1,AdamW,reduce,8,pangram_utterance,256,768,114,0,True,False,0.00015375012706143394,no,52,114,1770236535.0631795,0.7189189189189189,0.7912112932604736,0.6231884057971014,0.5451595895999187,0.7257142857142858,0.814126109580655,0.5826086956521739,0.8201754385964912,108,0.5491803278688525,0.6203703703703703,350,0.7727272727272727,0.3956434835380595,52
different-sweep-975,356pa9fv,17674,0.1,VideoPrism,mean,0.9,5,0.23267345705938175,1,AdamW,reduce,9,pangram_utterance,256,1024,157,0,True,False,0.0016151471261396156,no,75,157,1770216240.8679364,0.7297297297297297,0.7912112932604735,0.6183206106870229,0.5424449007253389,0.7485714285714286,0.8220079583715948,0.5686274509803921,0.8031496062992126,108,0.6041666666666666,0.5370370370370371,350,0.8429752066115702,0.3901904157926603,75
likely-sweep-1002,voxqc47m,88429,0.1,VideoPrism,mean,0.9,4,0.30330075716777494,1,AdamW,reduce,7,pangram_utterance,256,768,105,0,True,False,0.001133355850711435,no,54,105,1770217922.0780485,0.7189189189189189,0.7911787665886028,0.6,0.5366935515725935,0.7457142857142857,0.8125191307009488,0.5741626794258373,0.8072289156626506,108,0.594059405940594,0.5555555555555556,350,0.8305785123966942,0.4026814185611895,54
avid-sweep-2149,8b2gb8tj,74107,0.1,VideoPrism,mean,0.9,5,0.3894051847785669,1,AdamW,reduce,7,pangram_utterance,256,768,142,0,True,False,0.0005695539198412493,no,66,142,1770297988.9641123,0.7405405405405405,0.7911787665886026,0.6129032258064516,0.5390992519017812,0.7457142857142857,0.8168044077134986,0.5482233502538071,0.7931034482758621,108,0.6067415730337079,0.5,350,0.8553719008264463,0.3960841181906552,66
celestial-sweep-581,7njo87hm,12613,0.1,VideoPrism,mean,0.9,5,0.13907459769401426,1,AdamW,reduce,9,pangram_utterance,256,512,67,0,True,False,0.0014731941193465495,no,32,67,1770190011.2787693,0.754054054054054,0.7911787665886025,0.6060606060606061,0.5330103465028712,0.7657142857142857,0.8151591674318948,0.5638297872340425,0.7962962962962963,108,0.6625,0.4907407407407408,350,0.8884297520661157,0.4339147090696686,32
ancient-sweep-322,gu2ncnvr,49687,0.1,VideoPrism,mean,0.9,3,0.12112859426962348,1,AdamW,reduce,5,pangram_utterance,256,512,20,0,True,False,0.006299509294826636,no,11,20,1770173190.5000515,0.7324324324324324,0.7910811865729899,0.6292134831460674,0.5396400326007121,0.7314285714285714,0.8163452708907254,0.5607476635514018,0.8032786885245902,108,0.5660377358490566,0.5555555555555556,350,0.8099173553719008,0.41394862830280255,11
icy-sweep-1694,vreukujy,63343,0.1,VideoPrism,mean,0.9,3,0.28882491537201316,1,AdamW,reduce,5,pangram_utterance,256,1024,178,0,True,False,0.0008955949046566575,no,93,178,1770265241.867685,0.7594594594594595,0.791048659901119,0.611353711790393,0.5342385321050077,0.76,0.8171870217324763,0.5670103092783505,0.7992424242424242,108,0.6395348837209303,0.5092592592592593,350,0.871900826446281,0.4026424786889597,93
ethereal-sweep-1232,l74q3txu,80041,0.1,VideoPrism,mean,0.9,4,0.2424067319587039,1,AdamW,reduce,10,pangram_utterance,256,768,65,0,True,False,0.0004239989358246751,no,33,65,1770233133.2511325,0.7378378378378379,0.791016133229248,0.622568093385214,0.5356185201052073,0.7485714285714286,0.8145852464034282,0.5728155339805825,0.8055555555555556,108,0.6020408163265306,0.5462962962962963,350,0.8388429752066116,0.4076868616286598,33
vague-sweep-1984,oyiyv3tb,6124,0.1,VideoPrism,mean,0.9,4,0.4963529505695328,1,AdamW,reduce,8,pangram_utterance,256,1024,125,0,True,False,0.0002202620269745404,no,57,125,1770286165.3980465,0.7243243243243244,0.7910161332292479,0.6194029850746269,0.5399769807184065,0.7342857142857143,0.8158861340679522,0.5714285714285714,0.8091286307053942,108,0.5688073394495413,0.5740740740740741,350,0.8057851239669421,0.3882861557706886,57
decent-sweep-97,mbb3mdyp,20287,0.1,VideoPrism,mean,0.9,5,0.17067425851328571,1,AdamW,reduce,5,pangram_utterance,256,1024,113,0,True,False,0.0009821942684129844,no,60,113,1770158989.9215071,0.7162162162162162,0.7909510798855061,0.6263345195729537,0.5576819146001661,0.7342857142857143,0.8220462197734925,0.5903083700440529,0.8225108225108225,108,0.5630252100840336,0.6203703703703703,350,0.7851239669421488,0.35296593504261886,60
fast-sweep-1632,m6m555vr,47692,0.1,VideoPrism,mean,0.9,4,0.39993579466321016,1,AdamW,reduce,7,pangram_utterance,256,768,114,0,True,False,0.000249429473071638,no,52,114,1770260978.762001,0.7324324324324324,0.7909185532136351,0.6177606177606177,0.5378095045283035,0.76,0.8145087235996328,0.5922330097087378,0.8134920634920635,108,0.6224489795918368,0.5648148148148148,350,0.8471074380165289,0.3851489243954958,52
colorful-sweep-734,o4wcrbzl,52580,0.1,VideoPrism,mean,0.9,5,0.2820454976913363,1,AdamW,reduce,6,pangram_utterance,256,768,98,0,True,False,0.0011279696117200107,no,51,98,1770200769.7902892,0.7432432432432432,0.7908209731980224,0.6274509803921569,0.5438851026264397,0.76,0.8180670339761249,0.5922330097087378,0.8134920634920635,108,0.6224489795918368,0.5648148148148148,350,0.8471074380165289,0.3665555031290984,51
vocal-sweep-1678,tgdlhgl2,33277,0.1,VideoPrism,mean,0.9,4,0.2709412515142001,1,AdamW,reduce,6,pangram_utterance,256,1024,47,0,True,False,0.00026880940174929806,no,25,47,1770264169.5447905,0.7324324324324324,0.7907233931824096,0.6264150943396226,0.5380380359855859,0.7428571428571429,0.8132843587389041,0.5631067961165048,0.8015873015873016,108,0.5918367346938775,0.5370370370370371,350,0.8347107438016529,0.3966015724714052,25
summer-sweep-1202,3bf5jevl,66174,0.1,VideoPrism,mean,0.9,4,0.23859241995215325,1,AdamW,reduce,6,pangram_utterance,256,512,142,0,True,False,0.00021251570712089055,no,65,142,1770231141.105737,0.7297297297297297,0.7906583398386677,0.6183206106870229,0.5376021135497737,0.7514285714285714,0.8160391796755434,0.5756097560975609,0.8063241106719368,108,0.6082474226804123,0.5462962962962963,350,0.8429752066115702,0.39748308177315655,65
clear-sweep-1562,j2sbewy7,32746,0.1,VideoPrism,mean,0.9,5,0.2010704758971722,1,AdamW,reduce,7,pangram_utterance,256,768,200,0,True,False,0.0013830381661566777,no,97,200,1770255973.3773172,0.7189189189189189,0.7906583398386675,0.6060606060606061,0.536264691965,0.7342857142857143,0.814776553412917,0.5592417061611374,0.8016194331983806,108,0.5728155339805825,0.5462962962962963,350,0.8181818181818182,0.4080237394420679,97
different-sweep-925,l2d1ex1v,367,0.1,VideoPrism,mean,0.9,4,0.4606656030244046,1,AdamW,reduce,8,pangram_utterance,256,512,65,0,True,False,0.00039309556430638405,no,34,65,1770213351.5706446,0.7378378378378379,0.790528233151184,0.6104417670682731,0.5337665738286199,0.7428571428571429,0.8120599938781758,0.55,0.7945736434108527,108,0.5978260869565217,0.5092592592592593,350,0.8471074380165289,0.4104492436605814,34
fresh-sweep-1841,mr945qny,16365,0.1,VideoPrism,mean,0.9,4,0.22194187563105583,1,AdamW,reduce,5,pangram_utterance,256,1024,75,0,True,False,0.00019215063930603065,no,35,75,1770275882.022297,0.7243243243243244,0.790495706479313,0.6136363636363636,0.5379318066545435,0.74,0.8156565656565657,0.5687203791469194,0.805668016194332,108,0.5825242718446602,0.5555555555555556,350,0.8223140495867769,0.3925117714382107,35
fallen-sweep-236,o50e5kdq,57139,0.1,VideoPrism,mean,0.9,5,0.32755685869318507,1,AdamW,reduce,7,pangram_utterance,256,1024,120,0,True,False,0.00023962864186699383,no,53,120,1770167694.4907131,0.7378378378378379,0.7904631798074422,0.622568093385214,0.5364632305261251,0.7428571428571429,0.815771349862259,0.5588235294117647,0.7992125984251969,108,0.59375,0.5277777777777778,350,0.8388429752066116,0.4024184654981221,53
chocolate-sweep-2044,5c8co05e,92816,0.1,VideoPrism,mean,0.9,5,0.4182091655360115,1,AdamW,reduce,8,pangram_utterance,256,512,200,0,True,False,0.00013337454430729627,no,95,200,1770290340.818365,0.7297297297297297,0.7904631798074421,0.6428571428571429,0.5516437047236674,0.7314285714285714,0.8173018059381696,0.584070796460177,0.8189655172413793,108,0.559322033898305,0.6111111111111112,350,0.7851239669421488,0.37335719141288787,95
dutiful-sweep-1106,a2sqeile,71513,0.1,VideoPrism,mean,0.9,4,0.33262198954933053,1,AdamW,reduce,9,pangram_utterance,256,768,107,0,True,False,0.000529834154045484,no,49,107,1770224824.928291,0.7216216216216216,0.7904306531355713,0.6254545454545455,0.5474595595050502,0.7314285714285714,0.8157330884603612,0.5688073394495413,0.8083333333333333,108,0.5636363636363636,0.5740740740740741,350,0.8016528925619835,0.38274053126465973,49
lively-sweep-1613,qevtwcxn,58575,0.1,VideoPrism,mean,0.9,3,0.3808604996546726,1,AdamW,reduce,8,pangram_utterance,256,512,99,0,True,False,0.00019378397744298476,no,48,99,1770259689.037284,0.727027027027027,0.7904306531355711,0.6159695817490495,0.5474967497426111,0.7571428571428571,0.8159626568717477,0.5971563981042654,0.8178137651821862,108,0.6116504854368932,0.5833333333333334,350,0.8347107438016529,0.37152810109651474,48
warm-sweep-1227,ajx8eegw,69744,0.1,VideoPrism,mean,0.9,5,0.1485659896818663,1,AdamW,reduce,8,pangram_utterance,256,1024,113,0,True,False,0.000390089277983928,no,55,113,1770232833.0841606,0.7594594594594595,0.7904306531355711,0.6044444444444445,0.5296351822646889,0.7685714285714286,0.8148913376186103,0.5621621621621622,0.7948717948717948,108,0.6753246753246753,0.48148148148148145,350,0.8966942148760331,0.434946855949294,55
sandy-sweep-1344,dn5mlu2g,33860,0.1,VideoPrism,mean,0.9,5,0.2943395920607795,1,AdamW,step,5,pangram_utterance,256,768,121,0,True,False,0.0001409278667730258,no,57,121,1770241005.3545148,0.7189189189189189,0.7903981264637003,0.6231884057971014,0.5457183744456316,0.7285714285714285,0.8124808692990512,0.5887445887445888,0.8237885462555066,108,0.5528455284552846,0.6296296296296297,350,0.7727272727272727,0.39532622766695585,57
lucky-sweep-367,tgqdlt8l,20183,0.1,VideoPrism,mean,0.9,3,0.21400168697753397,1,AdamW,reduce,9,pangram_utterance,256,1024,178,0,True,False,6.0747741098292034e-05,no,94,178,1770176256.9063478,0.7108108108108108,0.7903981264637002,0.6137184115523465,0.5450896206739787,0.7257142857142858,0.8143939393939394,0.5826086956521739,0.8201754385964912,108,0.5491803278688525,0.6203703703703703,350,0.7727272727272727,0.3900787127075356,94
playful-sweep-2003,4xn5w5i0,32256,0.1,VideoPrism,mean,0.9,5,0.1653449197842608,1,AdamW,reduce,7,pangram_utterance,256,1024,173,0,True,False,0.0001311080053131211,no,90,173,1770287297.5085895,0.7216216216216216,0.7903981264637002,0.628158844765343,0.5496827376855387,0.74,0.8147000306091216,0.5919282511210763,0.8212765957446808,108,0.5739130434782609,0.6111111111111112,350,0.7975206611570248,0.3740636750463975,90
kind-sweep-1543,q435gbid,78553,0.1,VideoPrism,mean,0.9,4,0.24974874619336643,1,AdamW,step,3,pangram_utterance,256,256,114,0,True,False,0.003077069288236347,no,57,114,1770254444.9415202,0.7351351351351352,0.7903655997918293,0.6141732283464567,0.5304529182008795,0.74,0.8133608815426997,0.5517241379310345,0.796078431372549,108,0.5894736842105263,0.5185185185185185,350,0.8388429752066116,0.4201817441861695,57
gallant-sweep-1154,o2pk1r3v,8912,0.1,VideoPrism,mean,0.9,5,0.17970367300229204,1,AdamW,reduce,8,pangram_utterance,256,1024,158,0,True,False,0.0001976563765247494,no,77,158,1770227994.880245,0.7216216216216216,0.7902680197762165,0.6053639846743295,0.5387241875803148,0.7571428571428571,0.8148913376186103,0.5971563981042654,0.8178137651821862,108,0.6116504854368932,0.5833333333333334,350,0.8347107438016529,0.38461068373007606,77
unique-sweep-1018,joyatp8e,6615,0.1,VideoPrism,mean,0.9,5,0.2582552567119939,1,AdamW,reduce,10,pangram_utterance,256,1024,117,0,True,False,0.00040361510133596297,no,56,117,1770219042.8671982,0.7594594594594595,0.7902354931043455,0.6180257510729614,0.5366980064559628,0.76,0.8172635445362718,0.5670103092783505,0.7992424242424242,108,0.6395348837209303,0.5092592592592593,350,0.871900826446281,0.3955868599503766,56
fearless-sweep-475,i6tt0rj6,41978,0.1,VideoPrism,mean,0.9,3,0.4701077281416288,1,AdamW,reduce,4,pangram_utterance,256,768,124,0,True,False,0.00016424957181674325,no,61,124,1770183053.7515748,0.7216216216216216,0.7902029664324747,0.6199261992619927,0.5419177717453725,0.7257142857142858,0.8150826446280991,0.5636363636363636,0.8067226890756303,108,0.5535714285714286,0.5740740740740741,350,0.7933884297520661,0.3951107269661808,61
super-sweep-25,1w44ml8z,51183,0.1,VideoPrism,mean,0.9,4,0.39527313453533097,1,AdamW,reduce,3,pangram_utterance,256,512,157,0,True,False,0.0011836905142821822,no,68,157,1770153521.3609278,0.7432432432432432,0.7902029664324746,0.5662100456621004,0.5381116354787672,0.7685714285714286,0.8181818181818182,0.547486033519553,0.7885304659498208,108,0.6901408450704225,0.4537037037037037,350,0.9090909090909092,0.436955406741832,68
hopeful-sweep-364,e3iacnsj,23809,0.1,VideoPrism,mean,0.9,4,0.22469139944680927,1,AdamW,reduce,3,pangram_utterance,256,768,86,0,True,False,0.001087441732488374,no,42,86,1770176039.99376,0.7567567567567568,0.7901704397606037,0.5945945945945946,0.538754495736715,0.7714285714285715,0.8141643709825528,0.550561797752809,0.7892857142857143,108,0.7,0.4537037037037037,350,0.9132231404958676,0.43493998158279307,42
solar-sweep-1060,6cmpzvvs,45259,0.1,VideoPrism,mean,0.9,4,0.459497118927099,1,AdamW,reduce,4,pangram_utterance,256,512,84,0,True,False,0.0002173831501707373,no,44,84,1770221737.5258007,0.7297297297297297,0.7901379130887328,0.6183206106870229,0.5404400456596066,0.7485714285714286,0.8132460973370064,0.5769230769230769,0.808,108,0.6,0.5555555555555556,350,0.8347107438016529,0.3919548984397333,44
honest-sweep-2197,4w9zdxmx,31038,0.1,VideoPrism,mean,0.9,3,0.2094255764781483,1,AdamW,reduce,6,pangram_utterance,256,768,88,0,True,False,0.0005071428900740614,no,46,88,1770301262.7141228,0.7513513513513513,0.7901379130887327,0.6290322580645161,0.5335973082361994,0.7514285714285714,0.8148148148148148,0.5628140703517588,0.7992277992277992,108,0.6153846153846154,0.5185185185185185,350,0.8553719008264463,0.4049231525864699,46
fanciful-sweep-323,pc3rjrcd,5481,0.1,VideoPrism,mean,0.9,3,0.3440301201216638,1,AdamW,reduce,10,pangram_utterance,256,1024,180,0,True,False,0.0008863576513322124,no,86,180,1770173286.6719377,0.7351351351351352,0.7900728597449909,0.6287878787878788,0.5443269676453358,0.7457142857142857,0.8140113253749617,0.5741626794258373,0.8072289156626506,108,0.594059405940594,0.5555555555555556,350,0.8305785123966942,0.3922141280415256,86
sage-sweep-828,kpe8hpmg,78992,0.1,VideoPrism,mean,0.9,4,0.329214341515918,1,AdamW,reduce,5,pangram_utterance,256,256,119,0,True,False,0.0067090026926687075,no,58,119,1770207017.8740854,0.7297297297297297,0.7900403330731199,0.6212121212121212,0.5473792035837431,0.7514285714285714,0.8228497092133455,0.5714285714285714,0.803921568627451,108,0.6105263157894737,0.5370370370370371,350,0.8471074380165289,0.35900838190754686,58
peachy-sweep-1426,j27nskk5,66162,0.1,VideoPrism,mean,0.9,5,0.24446549554691216,1,AdamW,reduce,6,pangram_utterance,256,512,120,0,True,False,0.0013170298580188753,no,58,120,1770246304.2811685,0.7378378378378379,0.7899427530575072,0.6040816326530613,0.5349994810851845,0.7457142857142857,0.8137817569635752,0.5435897435897435,0.7908745247148289,108,0.6091954022988506,0.4907407407407408,350,0.859504132231405,0.41166452186632674,58
vivid-sweep-1720,9uqb3zvp,92522,0.1,VideoPrism,mean,0.9,5,0.1470538673433592,1,AdamW,reduce,5,pangram_utterance,256,512,120,0,True,False,0.000267662073887489,no,64,120,1770267034.12262,0.7405405405405405,0.789942753057507,0.6065573770491803,0.5380924414944004,0.7571428571428571,0.8164983164983165,0.5728643216080402,0.803088803088803,108,0.6263736263736264,0.5277777777777778,350,0.859504132231405,0.39175983890442784,64
golden-sweep-1047,0bm5uxfb,99554,0.1,VideoPrism,mean,0.9,5,0.3126158507279059,1,AdamW,reduce,10,pangram_utterance,256,768,53,0,True,False,0.002807595750655175,no,26,53,1770220876.290979,0.7378378378378379,0.789942753057507,0.6104417670682731,0.5420029657918054,0.7371428571428571,0.8128252219161309,0.5353535353535354,0.7884615384615384,108,0.5888888888888889,0.4907407407407408,350,0.8471074380165289,0.4213404797833462,26
copper-sweep-632,kw8piqkh,45286,0.1,VideoPrism,mean,0.9,5,0.2987469182736429,1,AdamW,reduce,6,pangram_utterance,256,1024,78,0,True,False,0.0005822649222098525,no,35,78,1770193607.9122913,0.7432432432432432,0.7899102263856363,0.6153846153846154,0.5359389901161193,0.7428571428571429,0.8130930517294155,0.5454545454545454,0.7923076923076923,108,0.6,0.5,350,0.8512396694214877,0.4044258519558843,35
divine-sweep-1561,3hnns8aa,50622,0.1,VideoPrism,mean,0.9,5,0.15997448394506955,1,AdamW,reduce,6,pangram_utterance,256,768,197,0,True,False,0.00014629248949360135,no,93,197,1770255867.314561,0.7189189189189189,0.7898451730418943,0.6148148148148148,0.5402896334996095,0.74,0.8160774410774411,0.5767441860465117,0.8106995884773662,108,0.5794392523364486,0.5740740740740741,350,0.8140495867768595,0.40040642682969496,93
smooth-sweep-2140,qxw2ouki,4257,0.1,VideoPrism,mean,0.9,4,0.47022561723039347,1,AdamW,reduce,10,pangram_utterance,256,768,85,0,True,False,0.00033026591221303574,no,44,85,1770297243.656996,0.7324324324324324,0.7897475930262816,0.623574144486692,0.5402611784032874,0.7514285714285714,0.8145852464034282,0.5876777251184834,0.8137651821862348,108,0.6019417475728155,0.5740740740740741,350,0.8305785123966942,0.4066687580982557,44
decent-sweep-2138,ezoapwoc,88797,0.1,VideoPrism,mean,0.9,5,0.29551134733833606,1,AdamW,reduce,8,pangram_utterance,256,1024,162,0,True,False,0.0005037505207282894,no,73,162,1770297087.905245,0.745945945945946,0.7897150663544107,0.6050420168067226,0.5353453913250485,0.7542857142857143,0.815618304254668,0.5520833333333334,0.793233082706767,108,0.6309523809523809,0.4907407407407408,350,0.871900826446281,0.4123029404742336,73
snowy-sweep-1220,mhe5hrts,69535,0.1,VideoPrism,mean,0.9,5,0.2299619364021627,1,AdamW,reduce,9,pangram_utterance,256,512,126,0,True,False,0.0005847489083226905,no,61,126,1770232290.4926443,0.745945945945946,0.7897150663544107,0.5948275862068966,0.5323431150333301,0.7685714285714286,0.8131695745332109,0.5714285714285714,0.7992565055762082,108,0.6666666666666666,0.5,350,0.8884297520661157,0.4333666630456881,61
chocolate-sweep-1763,in9lgxx0,36559,0.1,VideoPrism,mean,0.9,4,0.45461564270695864,1,AdamW,reduce,6,pangram_utterance,256,1024,111,0,True,False,0.00018084278214161164,no,56,111,1770270032.9502466,0.7081081081081081,0.7896825396825398,0.5877862595419847,0.5371398532712782,0.7428571428571429,0.8137817569635751,0.5673076923076923,0.804,108,0.59,0.5462962962962963,350,0.8305785123966942,0.39729698043581096,56
rural-sweep-772,dfg26usk,44847,0.1,VideoPrism,mean,0.9,3,0.28979959851645287,1,AdamW,reduce,10,pangram_utterance,256,512,79,0,True,False,0.0014795008528723102,no,38,79,1770203283.6392124,0.7297297297297297,0.7896500130106687,0.6031746031746031,0.5411738827421858,0.7628571428571429,0.813973063973064,0.5870646766169154,0.8093385214007782,108,0.6344086021505376,0.5462962962962963,350,0.859504132231405,0.3928563395777334,38
charmed-sweep-93,xp2bbqcx,49049,0.1,VideoPrism,mean,0.9,4,0.34672877277331127,1,AdamW,reduce,5,pangram_utterance,256,1024,153,0,True,False,0.00043563447125815897,no,73,153,1770158690.7836983,0.7189189189189189,0.7896500130106687,0.6148148148148148,0.5401301047286472,0.7314285714285714,0.8140113253749617,0.5648148148148148,0.8057851239669421,108,0.5648148148148148,0.5648148148148148,350,0.8057851239669421,0.39868799572817254,73
serene-sweep-44,gzfx4uua,15978,0.1,VideoPrism,mean,0.9,5,0.10838152067541185,1,AdamW,reduce,6,pangram_utterance,256,768,128,0,True,False,0.0002926299595270401,no,59,128,1770154929.3399615,0.7297297297297297,0.7896174863387979,0.6124031007751938,0.5355261541701651,0.7428571428571429,0.8129400061218243,0.5544554455445545,0.796875,108,0.5957446808510638,0.5185185185185185,350,0.8429752066115702,0.40711563050962096,59
fluent-sweep-2170,o28xes52,42704,0.1,VideoPrism,mean,0.9,3,0.18333894996507688,1,AdamW,reduce,8,pangram_utterance,256,256,99,0,True,False,0.0004625925060341755,no,47,99,1770299484.273258,0.7297297297297297,0.7896174863387978,0.6124031007751938,0.5415779299027211,0.7485714285714286,0.8116008570554026,0.580952380952381,0.8104838709677419,108,0.5980392156862745,0.5648148148148148,350,0.8305785123966942,0.3938278895494596,47
devout-sweep-2089,1k92ixvb,24540,0.1,VideoPrism,mean,0.9,4,0.18617722048580043,1,AdamW,reduce,7,pangram_utterance,256,256,173,0,True,False,0.0011103541987531214,no,74,173,1770293677.4814742,0.7405405405405405,0.789584959666927,0.6,0.5352287115277471,0.7542857142857143,0.8131695745332109,0.5520833333333334,0.793233082706767,108,0.6309523809523809,0.4907407407407408,350,0.871900826446281,0.42991748480877146,74
still-sweep-2204,hacypufx,24886,0.1,VideoPrism,mean,0.9,3,0.38839617385406056,1,AdamW,reduce,5,pangram_utterance,256,512,194,0,True,False,0.0004874258959358718,no,96,194,1770301737.5540774,0.7216216216216216,0.7895849596669269,0.6053639846743295,0.5362612532602774,0.7428571428571429,0.8135521885521886,0.5588235294117647,0.7992125984251969,108,0.59375,0.5277777777777778,350,0.8388429752066116,0.4155632055193078,96
quiet-sweep-1099,mat0azwl,18721,0.1,VideoPrism,mean,0.9,4,0.27074488354687565,1,AdamW,reduce,9,pangram_utterance,256,512,152,0,True,False,0.00039130940913867927,no,62,152,1770224381.7398922,0.7297297297297297,0.789552432995056,0.6153846153846154,0.5348725030551086,0.7457142857142857,0.8152356902356902,0.5658536585365853,0.8023715415019763,108,0.5979381443298969,0.5370370370370371,350,0.8388429752066116,0.4116849861635628,62
fancy-sweep-809,s3z2x7k7,23438,0.1,VideoPrism,mean,0.9,5,0.29940218895119514,1,AdamW,reduce,4,pangram_utterance,256,768,85,0,True,False,0.0016741970347853208,no,37,85,1770205720.8592515,0.727027027027027,0.789552432995056,0.6217228464419475,0.5459842902583045,0.7285714285714285,0.8158478726660545,0.5581395348837209,0.8024691358024691,108,0.5607476635514018,0.5555555555555556,350,0.8057851239669421,0.3865662314688112,37
comic-sweep-1650,vevc85t8,5471,0.1,VideoPrism,mean,0.9,5,0.19698676616092595,1,AdamW,reduce,7,pangram_utterance,256,1024,74,0,True,False,0.0003766787686380881,no,29,74,1770262115.2332668,0.7189189189189189,0.7895524329950558,0.5968992248062015,0.5385873612519857,0.74,0.8122130394857667,0.5727699530516432,0.8081632653061225,108,0.580952380952381,0.5648148148148148,350,0.8181818181818182,0.3908438463073345,29
lively-sweep-1499,k3cecpja,62615,0.1,VideoPrism,mean,0.9,5,0.16223007433193365,1,AdamW,reduce,7,pangram_utterance,256,512,149,0,True,False,0.0002914262661112576,no,68,149,1770251606.4457977,0.7297297297297297,0.789519906323185,0.6124031007751938,0.5424871794275336,0.7485714285714286,0.8158478726660545,0.5728155339805825,0.8055555555555556,108,0.6020408163265306,0.5462962962962963,350,0.8388429752066116,0.38256455468356826,68
graceful-sweep-1937,l4x1vac8,2806,0.1,VideoPrism,mean,0.9,5,0.1654459664295262,1,AdamW,reduce,6,pangram_utterance,256,256,126,0,True,False,0.0014686734186692956,no,61,126,1770282723.7627685,0.7324324324324324,0.7894873796513141,0.6055776892430279,0.5378879743653375,0.7457142857142857,0.8122895622895623,0.5572139303482587,0.7976653696498055,108,0.6021505376344086,0.5185185185185185,350,0.8471074380165289,0.4119985870003844,61
peach-sweep-1474,b3rhqe28,94663,0.1,VideoPrism,mean,0.9,5,0.4018591555080459,1,AdamW,reduce,9,pangram_utterance,256,1024,184,0,True,False,6.395540587667863e-05,no,89,184,1770249734.0537565,0.7162162162162162,0.7894548529794432,0.6181818181818182,0.5453236130443779,0.7257142857142858,0.8116391184573002,0.5826086956521739,0.8201754385964912,108,0.5491803278688525,0.6203703703703703,350,0.7727272727272727,0.3990473391490436,89
sage-sweep-460,29p9s1om,2300,0.1,VideoPrism,mean,0.9,4,0.43106085578617714,1,AdamW,reduce,5,pangram_utterance,256,1024,137,0,True,False,8.238028831876869e-05,no,67,137,1770182106.3740678,0.7189189189189189,0.7894223263075723,0.6258992805755396,0.547952232811902,0.7171428571428572,0.8133226201408019,0.5676855895196506,0.8122270742358079,108,0.5371900826446281,0.6018518518518519,350,0.768595041322314,0.3935176573075112,67
mild-sweep-922,c3y2y223,44543,0.1,VideoPrism,mean,0.9,5,0.4102004661564621,1,AdamW,reduce,5,pangram_utterance,256,1024,107,0,True,False,0.001249818722544086,no,51,107,1770213173.2126,0.727027027027027,0.7894223263075723,0.6188679245283019,0.5382171811284245,0.7257142857142858,0.8137817569635751,0.5471698113207547,0.7967479674796748,108,0.5576923076923077,0.5370370370370371,350,0.8099173553719008,0.4067176877017773,51
denim-sweep-1299,bb4k6xxr,24522,0.1,VideoPrism,mean,0.9,3,0.24659266476604175,1,AdamW,reduce,6,pangram_utterance,256,768,184,0,True,False,0.00041747410191598225,no,86,184,1770237763.992704,0.7243243243243244,0.7893897996357013,0.6106870229007634,0.5369615453320581,0.7285714285714285,0.8124426078971534,0.5454545454545454,0.7951807228915663,108,0.5643564356435643,0.5277777777777778,350,0.8181818181818182,0.4083274006126303,86
fancy-sweep-1635,hty6f1hl,78026,0.1,VideoPrism,mean,0.9,3,0.38962689275821305,1,AdamW,reduce,8,pangram_utterance,256,256,160,0,True,False,0.0007038436790269322,no,69,160,1770261196.5481544,0.745945945945946,0.7893897996357012,0.6209677419354839,0.5490413404799797,0.76,0.8141261095806551,0.5922330097087378,0.8134920634920635,108,0.6224489795918368,0.5648148148148148,350,0.8471074380165289,0.377586136225759,69
different-sweep-264,03v8e3vs,22599,0.1,VideoPrism,mean,0.9,3,0.17289379145049014,1,AdamW,reduce,5,pangram_utterance,256,1024,165,0,True,False,0.00027604630949981294,no,83,165,1770169553.023361,0.7216216216216216,0.7893572729638304,0.6053639846743295,0.5365448244520136,0.74,0.8153122130394858,0.5560975609756098,0.7984189723320159,108,0.5876288659793815,0.5277777777777778,350,0.8347107438016529,0.4017646755982823,83
fearless-sweep-1269,hwsmqf6y,48126,0.1,VJEPA2_SSV2,mean,0.9,5,0.1044819434858178,1,SGD,reduce,6,resting_face,256,1024,165,0,True,False,0.008128416243701489,no,80,165,1770244685.1790075,0.8271604938271605,0.8674242424242424,0.851063829787234,0.46142756938934326,0.6704545454545454,0.7611859838274934,0.7521367521367521,0.625,53,0.6875,0.8301886792452831,88,0.42857142857142855,0.039778023922727224,80
eager-sweep-684,5dsxvcea,9171,0.1,VJEPA2_SSV2,mean,0.9,5,0.3056630517150689,1,AdamW,reduce,7,resting_face,256,1024,42,0,True,False,0.0007787080573170116,no,23,42,1770200716.1669586,0.8148148148148148,0.8636363636363636,0.8421052631578947,0.4571644961833954,0.7159090909090909,0.783288409703504,0.7747747747747747,0.6666666666666666,53,0.7413793103448276,0.8113207547169812,88,0.5714285714285714,0.12707657657918475,23
stellar-sweep-1118,vf9fyaq9,76833,0.1,VJEPA2_SSV2,mean,0.9,3,0.3709801586533794,1,AdamW,reduce,10,resting_face,256,256,183,0,True,False,0.000602938584570357,no,89,183,1770233440.5992577,0.8024691358024691,0.8630050505050505,0.8367346938775511,0.4659037292003632,0.6931818181818182,0.7913746630727763,0.7652173913043478,0.6538461538461539,53,0.7096774193548387,0.8301886792452831,88,0.4857142857142857,0.12156669412340436,89
pious-sweep-786,9wgi7xin,54801,0.1,VJEPA2_SSV2,mean,0.9,5,0.15046755436630127,1,AdamW,step,9,resting_face,256,1024,96,0,True,False,0.0002481449105308529,no,57,96,1770208435.349529,0.8271604938271605,0.8623737373737375,0.851063829787234,0.4644901752471924,0.6931818181818182,0.783288409703504,0.7692307692307693,0.6666666666666666,53,0.703125,0.8490566037735849,88,0.45714285714285713,0.053231271924007506,57
silver-sweep-529,r5wmyzto,41285,0.1,VJEPA2_SSV2,mean,0.9,5,0.24457794186042647,1,AdamW,step,6,resting_face,256,1024,93,0,True,False,0.0002650448671913613,no,49,93,1770190072.4463725,0.8148148148148148,0.8611111111111112,0.845360824742268,0.4682755172252655,0.6704545454545454,0.7886792452830189,0.7521367521367521,0.625,53,0.6875,0.8301886792452831,88,0.42857142857142855,0.08006250301287288,49
dandy-sweep-1691,emrnky8c,18634,0.1,VJEPA2_SSV2,mean,0.9,3,0.2957273471573151,1,AdamW,step,9,resting_face,256,1024,179,0,True,False,0.0004346391040717836,no,93,179,1770276000.470064,0.7901234567901234,0.8611111111111112,0.8247422680412371,0.4864540100097656,0.6590909090909091,0.7773584905660378,0.7457627118644068,0.6086956521739131,53,0.676923076923077,0.8301886792452831,88,0.4,0.048247444948979784,93
celestial-sweep-586,c4vnsc4z,96536,0.1,VJEPA2_SSV2,mean,0.9,4,0.22179459483674033,1,SGD,reduce,4,resting_face,256,1024,175,0,True,False,0.00936029753212358,no,98,175,1770194043.340942,0.7654320987654321,0.861111111111111,0.8080808080808081,0.45580509305000305,0.6590909090909091,0.7293800539083558,0.75,0.6190476190476191,53,0.6716417910447762,0.8490566037735849,88,0.37142857142857144,0.1618793812536058,98
lively-sweep-1208,zmmw1bnx,48475,0.1,VJEPA2_SSV2,mean,0.9,5,0.17395671378103883,1,SGD,reduce,6,resting_face,256,256,154,0,True,False,0.0035467159594295143,no,71,154,1770240104.859881,0.8024691358024691,0.8598484848484849,0.8333333333333334,0.4687701463699341,0.6931818181818182,0.7644204851752022,0.7652173913043478,0.6538461538461539,53,0.7096774193548387,0.8301886792452831,88,0.4857142857142857,0.101664694079331,71
giddy-sweep-1015,u3rapm5t,4648,0.1,VJEPA2_SSV2,mean,0.9,5,0.1881882787241876,1,AdamW,reduce,6,resting_face,256,1024,164,0,True,False,0.0009087045163610048,no,80,164,1770225895.914895,0.7777777777777778,0.8598484848484849,0.8163265306122449,0.46380341053009033,0.6590909090909091,0.786522911051213,0.7413793103448276,0.6,53,0.6825396825396826,0.8113207547169812,88,0.42857142857142855,0.1367186983426412,80
soft-sweep-1557,n0p78vqk,98094,0.1,VJEPA2_SSV2,mean,0.9,5,0.1499816262807337,1,AdamW,reduce,5,resting_face,256,256,163,0,True,False,0.00036351548291973406,no,85,163,1770266049.0778365,0.8024691358024691,0.8598484848484849,0.8260869565217391,0.45812368392944336,0.6931818181818182,0.7822102425876011,0.7567567567567568,0.6333333333333333,53,0.7241379310344828,0.7924528301886793,88,0.5428571428571428,0.1387593387138276,85
cool-sweep-1770,ea7c2brk,25288,0.1,VJEPA2_SSV2,mean,0.9,3,0.1072028368579464,1,SGD,step,10,resting_face,256,768,179,0,True,False,0.007174955064956156,no,92,179,1770282138.0563655,0.8271604938271605,0.8592171717171717,0.851063829787234,0.46491190791130066,0.7045454545454546,0.7660377358490567,0.7796610169491526,0.6956521739130435,53,0.7076923076923077,0.8679245283018868,88,0.45714285714285713,0.08950616249016353,92
sandy-sweep-476,syspugas,87891,0.1,VJEPA2_SSV2,mean,0.9,4,0.2271783935598531,1,SGD,reduce,7,resting_face,256,512,135,0,True,False,0.006092585615775179,no,72,135,1770186164.7051432,0.7777777777777778,0.8592171717171716,0.8163265306122449,0.47105538845062256,0.7045454545454546,0.7816711590296496,0.7833333333333333,0.7142857142857143,53,0.7014925373134329,0.8867924528301887,88,0.42857142857142855,0.111406166496731,72
solar-sweep-1568,1kkg7cpe,35160,0.1,VJEPA2_SSV2,mean,0.9,3,0.19969199226597067,1,AdamW,reduce,10,resting_face,256,768,76,0,True,False,0.0003321740628836634,no,40,76,1770266690.2499352,0.7901234567901234,0.8585858585858586,0.8172043010752689,0.46647247672080994,0.6931818181818182,0.7876010781671159,0.7652173913043478,0.6538461538461539,53,0.7096774193548387,0.8301886792452831,88,0.4857142857142857,0.07729332922470002,40
wild-sweep-906,m74niwyq,40405,0.1,VJEPA2_SSV2,mean,0.9,5,0.42562969960616914,1,AdamW,step,7,resting_face,256,1024,138,0,True,False,0.0004199703111789933,no,73,138,1770217782.9016368,0.8024691358024691,0.8585858585858586,0.8297872340425532,0.4731418490409851,0.7045454545454546,0.7822102425876012,0.7678571428571429,0.6551724137931034,53,0.7288135593220338,0.8113207547169812,88,0.5428571428571428,0.05979313942648116,73
fancy-sweep-511,9gmxnwip,84779,0.1,VJEPA2_SSV2,mean,0.9,5,0.4658004054462844,1,AdamW,reduce,4,resting_face,256,768,117,0,True,False,0.00013928423956586402,no,63,117,1770188775.6510313,0.7901234567901234,0.8573232323232323,0.8247422680412371,0.4677675068378449,0.6818181818181818,0.7924528301886793,0.7586206896551724,0.64,53,0.6984126984126984,0.8301886792452831,88,0.45714285714285713,0.0934342853370167,63
colorful-sweep-747,3hev3g2q,93258,0.1,VJEPA2_SSV2,mean,0.9,3,0.3011695736206458,1,SGD,reduce,9,resting_face,256,1024,88,0,True,False,0.00658275017298256,no,47,88,1770205420.0526865,0.7777777777777778,0.8566919191919192,0.8085106382978723,0.46371331810951233,0.7045454545454546,0.7892183288409703,0.7758620689655172,0.68,53,0.7142857142857143,0.8490566037735849,88,0.4857142857142857,0.1356830569959822,47
pretty-sweep-295,8zsposg9,8546,0.1,VJEPA2_SSV2,mean,0.9,5,0.47941196469043634,1,AdamW,reduce,8,resting_face,256,768,126,0,True,False,0.001444140811768241,no,71,126,1770173070.259167,0.7530864197530864,0.8566919191919191,0.7959183673469388,0.4742550253868103,0.6818181818181818,0.7892183288409704,0.7627118644067796,0.6521739130434783,53,0.6923076923076923,0.8490566037735849,88,0.42857142857142855,0.09095632029431208,71
fancy-sweep-287,eftiwpxk,70198,0.1,VJEPA2_SSV2,mean,0.9,5,0.4559789028890397,1,SGD,reduce,3,resting_face,256,768,198,0,True,False,0.007615085254943677,no,109,198,1770172448.4728005,0.8148148148148148,0.8554292929292929,0.8351648351648352,0.4703894853591919,0.6704545454545454,0.7746630727762803,0.7387387387387387,0.6,53,0.7068965517241379,0.7735849056603774,88,0.5142857142857142,0.12037490088315238,109
vivid-sweep-1446,mq4ggf2c,4953,0.1,VJEPA2_SSV2,mean,0.9,5,0.3878891701469024,1,AdamW,reduce,8,resting_face,256,1024,133,0,True,False,0.00027583664663186514,no,71,133,1770257734.620951,0.7777777777777778,0.8554292929292929,0.8,0.47269099950790405,0.7272727272727273,0.7902964959568733,0.7894736842105263,0.7037037037037037,53,0.7377049180327869,0.8490566037735849,88,0.5428571428571428,0.11312256753444672,71
polar-sweep-1453,4ojl4o67,15636,0.1,VJEPA2_SSV2,mean,0.9,5,0.3034712427768994,1,SGD,step,9,resting_face,256,1024,171,0,True,False,0.0021558125921978745,no,88,171,1770258242.466098,0.8148148148148148,0.8547979797979799,0.845360824742268,0.4649188220500946,0.7272727272727273,0.786522911051213,0.7894736842105263,0.7037037037037037,53,0.7377049180327869,0.8490566037735849,88,0.5428571428571428,0.15149859048071362,88
northern-sweep-605,240zn9jd,9031,0.1,VJEPA2_SSV2,mean,0.9,4,0.37424655646212057,1,AdamW,step,4,resting_face,256,768,166,0,True,False,0.00031383930186307105,no,86,166,1770195140.14655,0.8024691358024691,0.8547979797979799,0.8260869565217391,0.4624985158443451,0.7045454545454546,0.7951482479784366,0.7678571428571429,0.6551724137931034,53,0.7288135593220338,0.8113207547169812,88,0.5428571428571428,0.11417615846509026,86
crimson-sweep-355,jcymkh3b,85330,0.1,VJEPA2_SSV2,mean,0.9,3,0.11309402365751987,1,SGD,reduce,4,resting_face,256,256,107,0,True,False,0.009016930728902422,no,68,107,1770177138.636484,0.8024691358024691,0.8547979797979798,0.8297872340425532,0.465105265378952,0.6931818181818182,0.7703504043126684,0.7522935779816514,0.625,53,0.7321428571428571,0.7735849056603774,88,0.5714285714285714,0.15833520477726346,68
drawn-sweep-1761,f31ueu8l,30699,0.1,VJEPA2_SSV2,mean,0.9,3,0.4491040643626285,1,AdamW,step,4,resting_face,256,1024,127,0,True,False,0.0003634833460100595,no,69,127,1770281411.997217,0.8024691358024691,0.8547979797979798,0.8333333333333334,0.4790814816951752,0.7159090909090909,0.7924528301886793,0.782608695652174,0.6923076923076923,53,0.7258064516129032,0.8490566037735849,88,0.5142857142857142,0.07637887121666045,69
smooth-sweep-1489,73f940gk,17263,0.1,VJEPA2_SSV2,mean,0.9,5,0.3484297728984378,1,AdamW,reduce,5,resting_face,256,1024,139,0,True,False,0.0005968922566602736,no,67,139,1770261153.921602,0.7777777777777778,0.8547979797979798,0.8163265306122449,0.47196584939956665,0.7045454545454546,0.8032345013477089,0.7758620689655172,0.68,53,0.7142857142857143,0.8490566037735849,88,0.4857142857142857,0.08837956459749313,67
sage-sweep-1281,93jebmo4,82151,0.1,VJEPA2_SSV2,mean,0.9,5,0.22739350712142412,1,AdamW,reduce,4,resting_face,256,1024,118,0,True,False,0.0001621389979838961,no,63,118,1770245610.587021,0.8024691358024691,0.8541666666666667,0.8333333333333334,0.4692056477069855,0.6931818181818182,0.7838274932614555,0.7652173913043478,0.6538461538461539,53,0.7096774193548387,0.8301886792452831,88,0.4857142857142857,0.11841311078696024,63
effortless-sweep-1362,ds8ffl40,77550,0.1,VJEPA2_SSV2,mean,0.9,4,0.4121565836225301,1,AdamW,reduce,6,resting_face,256,768,192,0,True,False,0.00043110320853791085,no,96,192,1770251697.0894268,0.8024691358024691,0.8541666666666667,0.8260869565217391,0.47900453209877014,0.6931818181818182,0.7999999999999999,0.7610619469026548,0.6428571428571429,53,0.7166666666666667,0.8113207547169812,88,0.5142857142857142,0.08599619837034317,96
playful-sweep-1258,oy5uc6kc,28574,0.1,VJEPA2_SSV2,mean,0.9,3,0.30066451866556343,1,AdamW,reduce,3,resting_face,256,1024,60,0,True,False,0.0008568490999434411,no,36,60,1770243890.9558375,0.7777777777777778,0.8541666666666666,0.8235294117647058,0.4761332869529724,0.6704545454545454,0.7865229110512129,0.7563025210084033,0.6363636363636364,53,0.6818181818181818,0.8490566037735849,88,0.4,0.12717151868911017,36
lunar-sweep-29,9dn7qyz3,91834,0.1,VJEPA2_SSV2,mean,0.9,5,0.4997662630559382,1,AdamW,reduce,9,resting_face,256,768,64,0,True,False,0.0005962788471396011,no,31,64,1770153955.875239,0.7901234567901234,0.8535353535353535,0.8210526315789474,0.4700022041797638,0.6818181818181818,0.7924528301886793,0.7586206896551724,0.64,53,0.6984126984126984,0.8301886792452831,88,0.45714285714285713,0.0842283573888597,31
young-sweep-158,rvqwkpbk,62423,0.1,VJEPA2_SSV2,mean,0.9,5,0.27786010890712876,1,AdamW,reduce,4,resting_face,256,256,71,0,True,False,0.00033977333806783086,no,39,71,1770163324.0585716,0.8024691358024691,0.8535353535353535,0.8333333333333334,0.4704263508319855,0.6931818181818182,0.7924528301886792,0.7567567567567568,0.6333333333333333,53,0.7241379310344828,0.7924528301886793,88,0.5428571428571428,0.08459811806678771,39
comic-sweep-1188,gtfx628h,77982,0.1,VJEPA2_SSV2,mean,0.9,5,0.4283430943989889,1,AdamW,reduce,9,resting_face,256,1024,182,0,True,False,0.000534708189883008,no,91,182,1770238540.7568846,0.8024691358024691,0.8535353535353535,0.84,0.4754246473312378,0.6590909090909091,0.7681940700808625,0.7457627118644068,0.6086956521739131,53,0.676923076923077,0.8301886792452831,88,0.4,0.11945172264462424,91
gentle-sweep-835,ptnsmkng,80081,0.1,VJEPA2_SSV2,mean,0.9,3,0.14318441832780873,1,AdamW,reduce,4,resting_face,256,1024,103,0,True,False,0.0001849210441751176,no,57,103,1770212040.2008667,0.8148148148148148,0.8529040404040403,0.8421052631578947,0.4694584906101227,0.6818181818181818,0.7946091644204852,0.7586206896551724,0.64,53,0.6984126984126984,0.8301886792452831,88,0.45714285714285713,0.07651210434380032,57
golden-sweep-1367,tl3mwtfs,19827,0.1,VJEPA2_SSV2,mean,0.9,5,0.33522463974146294,1,AdamW,reduce,8,resting_face,256,512,99,0,True,False,0.000620748487354973,no,54,99,1770252003.1862414,0.8024691358024691,0.8529040404040403,0.8333333333333334,0.47871437668800354,0.6818181818181818,0.7654986522911051,0.7586206896551724,0.64,53,0.6984126984126984,0.8301886792452831,88,0.45714285714285713,0.07455585975022543,54
fragrant-sweep-1043,w0o78uj4,71793,0.1,VJEPA2_SSV2,mean,0.9,5,0.2654389755079867,1,AdamW,step,8,resting_face,256,768,80,0,True,False,0.00028917745627734723,no,48,80,1770227942.7140298,0.8024691358024691,0.8529040404040403,0.8297872340425532,0.4683614671230316,0.7045454545454546,0.7886792452830188,0.7719298245614035,0.6666666666666666,53,0.7213114754098361,0.8301886792452831,88,0.5142857142857142,0.07933647157180877,48
logical-sweep-981,pug9993b,41101,0.1,VJEPA2_SSV2,mean,0.9,4,0.20002047334209633,1,SGD,reduce,5,resting_face,256,256,144,0,True,False,0.006613628279943344,no,74,144,1770223337.1110618,0.7654320987654321,0.8529040404040403,0.8080808080808081,0.47059133648872375,0.7386363636363636,0.8075471698113208,0.8034188034188035,0.75,53,0.734375,0.8867924528301887,88,0.5142857142857142,0.15397689881778898,74
dainty-sweep-1016,0kkjbuwl,39800,0.1,VJEPA2_SSV2,mean,0.9,4,0.34591882726711254,1,AdamW,step,5,resting_face,256,1024,174,0,True,False,9.543785848131163e-05,no,85,174,1770225992.7473955,0.7777777777777778,0.8522727272727273,0.8163265306122449,0.47840985655784607,0.6931818181818182,0.7946091644204851,0.7652173913043478,0.6538461538461539,53,0.7096774193548387,0.8301886792452831,88,0.4857142857142857,0.10690062187966846,85
celestial-sweep-1277,5zkx7kcr,4528,0.1,VJEPA2_SSV2,mean,0.9,4,0.4288181541077978,1,AdamW,reduce,4,resting_face,256,1024,155,0,True,False,0.00021920677515268575,no,71,155,1770245330.981352,0.7901234567901234,0.8522727272727273,0.8210526315789474,0.4706016778945923,0.6818181818181818,0.7870619946091645,0.7543859649122807,0.6296296296296297,53,0.7049180327868853,0.8113207547169812,88,0.4857142857142857,0.08200791825850805,71
fine-sweep-422,z5lufxcz,82465,0.1,VJEPA2_SSV2,mean,0.9,5,0.49099941981418704,1,AdamW,step,9,resting_face,256,512,103,0,True,False,0.0002844285197202139,no,62,103,1770182110.8000784,0.8024691358024691,0.8522727272727273,0.8333333333333334,0.46528205275535583,0.6818181818181818,0.7892183288409703,0.7586206896551724,0.64,53,0.6984126984126984,0.8301886792452831,88,0.45714285714285713,0.1156396169038046,62
worldly-sweep-429,izu7nn2o,20963,0.1,VJEPA2_SSV2,mean,0.9,5,0.348010159252905,1,AdamW,reduce,5,resting_face,256,1024,88,0,True,False,0.0018683494950821771,yes,50,88,1770182554.7411146,0.8148148148148148,0.8516414141414141,0.8484848484848485,0.48935121297836304,0.7045454545454546,0.8021563342318059,0.7758620689655172,0.68,53,0.7142857142857143,0.8490566037735849,88,0.4857142857142857,0.21243752794606344,50
crimson-sweep-1522,q2c4rtcp,17129,0.1,VJEPA2_SSV2,mean,0.9,5,0.14642829172208668,1,AdamW,reduce,5,resting_face,256,768,133,0,True,False,0.00013718308514298693,no,64,133,1770263341.378342,0.8148148148148148,0.8516414141414141,0.8387096774193549,0.47173798084259033,0.7045454545454546,0.7865229110512131,0.7719298245614035,0.6666666666666666,53,0.7213114754098361,0.8301886792452831,88,0.5142857142857142,0.12295579825128829,64
restful-sweep-340,4ptu94hb,43177,0.1,VJEPA2_SSV2,mean,0.9,4,0.24991950605142765,1,AdamW,reduce,6,resting_face,256,768,106,0,True,False,0.0001121238213045865,no,54,106,1770176151.899962,0.8271604938271605,0.8516414141414141,0.851063829787234,0.46975177526474,0.7045454545454546,0.7919137466307278,0.7719298245614035,0.6666666666666666,53,0.7213114754098361,0.8301886792452831,88,0.5142857142857142,0.11370591578029451,54
distinctive-sweep-1916,b9qlwsb1,8883,0.1,VJEPA2_SSV2,mean,0.9,5,0.13277845910964436,1,AdamW,reduce,10,resting_face,256,1024,122,0,True,False,0.0004475248624755423,no,64,122,1770293577.2271004,0.7901234567901234,0.851641414141414,0.8089887640449438,0.4764337539672851,0.6931818181818182,0.7859838274932615,0.7567567567567568,0.6333333333333333,53,0.7241379310344828,0.7924528301886793,88,0.5428571428571428,0.10167786663486844,64
misunderstood-sweep-1528,1jtsh9kn,93691,0.1,VJEPA2_SSV2,mean,0.9,3,0.3652001948205176,1,AdamW,reduce,8,resting_face,256,1024,160,0,True,False,0.0006214833405403301,no,82,160,1770263829.2177958,0.8024691358024691,0.851010101010101,0.8297872340425532,0.4845243096351623,0.6590909090909091,0.7919137466307279,0.7457627118644068,0.6086956521739131,53,0.676923076923077,0.8301886792452831,88,0.4,0.077271944355397,82
summer-sweep-1327,dra9tqbi,8509,0.1,VJEPA2_SSV2,mean,0.9,5,0.27070669153239646,1,AdamW,step,3,resting_face,256,1024,76,0,True,False,0.0002056735710131557,no,40,76,1770248995.291798,0.8148148148148148,0.851010101010101,0.8421052631578947,0.4720702171325683,0.6931818181818182,0.7994609164420484,0.773109243697479,0.6818181818181818,53,0.696969696969697,0.8679245283018868,88,0.42857142857142855,0.09666424038864316,40
mild-sweep-1968,kf9xnncc,70852,0.1,VJEPA2_SSV2,mean,0.9,5,0.4564575291548352,1,AdamW,reduce,6,resting_face,256,1024,73,0,True,False,0.00027907457448681465,no,43,73,1770297692.6689415,0.7901234567901234,0.851010101010101,0.8210526315789474,0.47097551822662354,0.7045454545454546,0.7902964959568733,0.7719298245614035,0.6666666666666666,53,0.7213114754098361,0.8301886792452831,88,0.5142857142857142,0.08438386377834138,43
sage-sweep-216,mw642ebd,16616,0.1,VJEPA2_SSV2,mean,0.9,3,0.45457713748697537,1,AdamW,step,3,resting_face,256,512,61,0,True,False,0.00024769412387110653,no,35,61,1770167684.643714,0.7530864197530864,0.850378787878788,0.8,0.4736232459545135,0.6590909090909091,0.7805929919137465,0.7457627118644068,0.6086956521739131,53,0.676923076923077,0.8301886792452831,88,0.4,0.1115534951999074,35
pious-sweep-539,tyc419hd,6555,0.1,VJEPA2_SSV2,mean,0.9,5,0.30569361905228776,1,AdamW,reduce,6,resting_face,256,256,164,0,True,False,0.0016319605770632774,no,84,164,1770190772.7791357,0.7777777777777778,0.8503787878787878,0.8125,0.4770999550819397,0.7045454545454546,0.8005390835579514,0.7678571428571429,0.6551724137931034,53,0.7288135593220338,0.8113207547169812,88,0.5428571428571428,0.1381377125070209,84
trim-sweep-489,yvqz73e6,13946,0.1,VJEPA2_SSV2,mean,0.9,4,0.4131948311726735,1,AdamW,reduce,6,resting_face,256,768,122,0,True,False,0.0002777714182561781,no,65,122,1770187126.672544,0.7901234567901234,0.8503787878787878,0.8172043010752689,0.4732619822025299,0.6818181818181818,0.7757412398921834,0.7543859649122807,0.6296296296296297,53,0.7049180327868853,0.8113207547169812,88,0.4857142857142857,0.07283318858771097,65
likely-sweep-1912,r1htcpr4,28864,0.1,VJEPA2_SSV2,mean,0.9,5,0.31221147076697997,1,AdamW,reduce,6,resting_face,256,512,150,0,True,False,0.000236567619628444,no,82,150,1770293262.185654,0.8024691358024691,0.8503787878787878,0.8333333333333334,0.47027587890625,0.7159090909090909,0.781132075471698,0.782608695652174,0.6923076923076923,53,0.7258064516129032,0.8490566037735849,88,0.5142857142857142,0.13960191224302565,82
smooth-sweep-1800,yf9m2305,57615,0.1,VJEPA2_SSV2,mean,0.9,3,0.4466333764319641,1,AdamW,reduce,9,resting_face,256,1024,197,0,True,False,0.00029879905615803366,no,103,197,1770284581.437606,0.8024691358024691,0.8503787878787877,0.8297872340425532,0.47875165939331055,0.7159090909090909,0.8043126684636118,0.7787610619469026,0.6785714285714286,53,0.7333333333333333,0.8301886792452831,88,0.5428571428571428,0.15828942784241268,103
twilight-sweep-1627,qabt9rgp,85211,0.1,VJEPA2_SSV2,mean,0.9,4,0.42093898984087,1,AdamW,reduce,3,resting_face,256,768,52,0,True,False,0.000919177101438425,no,34,52,1770271095.9403214,0.7901234567901234,0.8497474747474748,0.8131868131868132,0.48470109701156616,0.6590909090909091,0.7741239892183288,0.7368421052631579,0.5925925925925926,53,0.6885245901639344,0.7924528301886793,88,0.45714285714285713,0.06968472216810499,34
blooming-sweep-1615,xlfzhhre,26852,0.1,VJEPA2_SSV2,mean,0.9,4,0.2545356491776838,1,AdamW,reduce,4,resting_face,256,768,43,0,True,False,0.0004280036511021377,no,31,43,1770270172.146055,0.8148148148148148,0.8497474747474748,0.8421052631578947,0.47376593947410583,0.7045454545454546,0.802156334231806,0.7678571428571429,0.6551724137931034,53,0.7288135593220338,0.8113207547169812,88,0.5428571428571428,0.09542519343750816,31
dry-sweep-1698,10sj2moo,28284,0.1,VJEPA2_SSV2,mean,0.9,4,0.44965835703760904,1,AdamW,reduce,4,resting_face,256,512,37,0,True,False,0.0007203170306304204,no,26,37,1770276552.342116,0.7777777777777778,0.8497474747474748,0.8163265306122449,0.48261740803718567,0.6931818181818182,0.7859838274932615,0.7692307692307693,0.6666666666666666,53,0.703125,0.8490566037735849,88,0.45714285714285713,0.1416991127388818,26
gallant-sweep-976,7amdbr40,70928,0.1,VJEPA2_SSV2,mean,0.9,5,0.29709401195422563,1,AdamW,step,10,resting_face,256,512,176,0,True,False,0.0010849324812645595,no,95,176,1770222982.716378,0.7654320987654321,0.8497474747474748,0.8080808080808081,0.48924779891967773,0.6590909090909091,0.7762803234501348,0.7413793103448276,0.6,53,0.6825396825396826,0.8113207547169812,88,0.42857142857142855,0.12097712939693814,95
vague-sweep-967,2ikfna8n,14005,0.1,VJEPA2_SSV2,mean,0.9,5,0.1697708200445621,1,AdamW,reduce,6,resting_face,256,768,169,0,True,False,0.00017734531143383234,no,87,169,1770222162.1033576,0.7901234567901234,0.8497474747474747,0.8282828282828283,0.48231977224349976,0.7045454545454546,0.7859838274932615,0.7719298245614035,0.6666666666666666,53,0.7213114754098361,0.8301886792452831,88,0.5142857142857142,0.0882819699389594,87
eager-sweep-1833,62udt6uj,73362,0.1,VJEPA2_SSV2,mean,0.9,5,0.11038326267631704,1,AdamW,reduce,4,resting_face,256,512,175,0,True,False,0.0004189301741276508,no,92,175,1770287288.4783285,0.7530864197530864,0.8497474747474747,0.7916666666666666,0.4670056998729706,0.7272727272727273,0.7983827493261456,0.7894736842105263,0.7037037037037037,53,0.7377049180327869,0.8490566037735849,88,0.5428571428571428,0.14841619233290354,92
fresh-sweep-1861,tmblxi95,89483,0.1,VJEPA2_SSV2,mean,0.9,4,0.16830577249640472,1,AdamW,reduce,10,resting_face,256,1024,129,0,True,False,0.00011796492041992751,no,66,129,1770289463.4562683,0.8024691358024691,0.8497474747474747,0.8333333333333334,0.474721223115921,0.7045454545454546,0.7881401617250674,0.7719298245614035,0.6666666666666666,53,0.7213114754098361,0.8301886792452831,88,0.5142857142857142,0.14372296631336212,66
lunar-sweep-1899,eb82kdq2,46890,0.1,VJEPA2_SSV2,mean,0.9,5,0.4822172407878308,1,AdamW,reduce,4,resting_face,256,1024,86,0,True,False,0.0002264416062086365,no,49,86,1770292236.9772367,0.7777777777777778,0.8491161616161617,0.8085106382978723,0.4876585602760315,0.6931818181818182,0.7854447439353099,0.7610619469026548,0.6428571428571429,53,0.7166666666666667,0.8113207547169812,88,0.5142857142857142,0.04755131467467263,49
wild-sweep-394,go6gfq8h,30461,0.1,VJEPA2_SSV2,mean,0.9,4,0.32244705207445257,1,AdamW,reduce,3,resting_face,256,1024,122,0,True,False,0.0003146253973679769,no,66,122,1770179857.3734205,0.7901234567901234,0.8491161616161617,0.8172043010752689,0.4758334755897522,0.6931818181818182,0.7816711590296497,0.7567567567567568,0.6333333333333333,53,0.7241379310344828,0.7924528301886793,88,0.5428571428571428,0.08977339622520265,66
skilled-sweep-1301,wgwd3pfx,83702,0.1,VJEPA2_SSV2,mean,0.9,5,0.36499103310854775,1,AdamW,step,3,resting_face,256,1024,195,0,True,False,0.00013995839189639563,no,98,195,1770247199.652326,0.8271604938271605,0.8491161616161615,0.8541666666666666,0.4776926338672638,0.7272727272727273,0.7967654986522912,0.7894736842105263,0.7037037037037037,53,0.7377049180327869,0.8490566037735849,88,0.5428571428571428,0.08691577237276804,98
peach-sweep-1482,hpncvanp,34785,0.1,VJEPA2_SSV2,mean,0.9,5,0.3949481712895869,1,AdamW,reduce,4,resting_face,256,768,170,0,True,False,0.00045281480606941543,no,79,170,1770260669.307591,0.8024691358024691,0.8491161616161615,0.8260869565217391,0.4731543362140655,0.7159090909090909,0.7768194070080862,0.7787610619469026,0.6785714285714286,53,0.7333333333333333,0.8301886792452831,88,0.5428571428571428,0.14082454897108532,79
blooming-sweep-1930,fd0p3fn0,12629,0.1,VJEPA2_SSV2,mean,0.9,5,0.4000527829436896,1,SGD,reduce,9,resting_face,256,512,63,0,True,False,0.006976486192007954,no,33,63,1770294593.9243443,0.7407407407407407,0.8491161616161615,0.8,0.4888333976268768,0.6590909090909091,0.7768194070080863,0.7580645161290323,0.6470588235294118,53,0.6619718309859155,0.8867924528301887,88,0.3142857142857143,0.1852464707124801,33
cosmic-sweep-1077,usaa2qso,75971,0.1,VJEPA2_SSV2,mean,0.9,4,0.20820968247934793,1,AdamW,reduce,8,resting_face,256,1024,195,0,True,False,0.00042365512155362816,no,94,195,1770230326.7882888,0.8024691358024691,0.8484848484848485,0.8297872340425532,0.4713405072689056,0.7159090909090909,0.7886792452830188,0.7787610619469026,0.6785714285714286,53,0.7333333333333333,0.8301886792452831,88,0.5428571428571428,0.1311125528244745,94
eager-sweep-961,gbwyq1e0,10909,0.1,VJEPA2_SSV2,mean,0.9,4,0.30754771021143423,1,AdamW,reduce,8,resting_face,256,1024,182,0,True,False,0.0002168772412390435,no,81,182,1770221669.0087926,0.8024691358024691,0.8484848484848485,0.8297872340425532,0.4743674099445343,0.6704545454545454,0.7757412398921834,0.7478260869565218,0.6153846153846154,53,0.6935483870967742,0.8113207547169812,88,0.45714285714285713,0.083210308495022,81
whole-sweep-696,ew3dv8lq,38026,0.1,VJEPA2_SSV2,mean,0.9,3,0.11494112413684854,1,AdamW,reduce,3,resting_face,256,1024,58,0,True,False,0.0003847845016956631,no,37,58,1770201494.5195787,0.8024691358024691,0.8484848484848485,0.8333333333333334,0.478973388671875,0.7045454545454546,0.7816711590296497,0.7719298245614035,0.6666666666666666,53,0.7213114754098361,0.8301886792452831,88,0.5142857142857142,0.10654210490839822,37
cool-sweep-145,0sddipxp,82102,0.1,VJEPA2_SSV2,mean,0.9,4,0.10893240313337343,1,AdamW,step,6,resting_face,256,1024,194,0,True,False,3.71228028388735e-05,no,108,194,1770162203.3552732,0.7777777777777778,0.8484848484848485,0.8163265306122449,0.4814777076244354,0.7045454545454546,0.7973045822102427,0.7758620689655172,0.68,53,0.7142857142857143,0.8490566037735849,88,0.4857142857142857,0.12572850812049138,108
denim-sweep-736,rag18mr2,95462,0.1,VJEPA2_SSV2,mean,0.9,5,0.19630540658084433,1,AdamW,reduce,7,resting_face,256,768,118,0,True,False,0.00043729140243961215,yes,64,118,1770204557.5425436,0.8148148148148148,0.8484848484848485,0.8387096774193549,0.4768396019935608,0.7272727272727273,0.797843665768194,0.7894736842105263,0.7037037037037037,53,0.7377049180327869,0.8490566037735849,88,0.5428571428571428,0.07611669990278426,64
playful-sweep-1393,m5p3p5ao,26080,0.1,VJEPA2_SSV2,mean,0.9,5,0.422822151853961,1,AdamW,reduce,5,resting_face,256,1024,150,0,True,False,0.00018034785289644195,no,80,150,1770253969.4061809,0.7901234567901234,0.8484848484848485,0.8172043010752689,0.4753057658672333,0.6931818181818182,0.784366576819407,0.7652173913043478,0.6538461538461539,53,0.7096774193548387,0.8301886792452831,88,0.4857142857142857,0.09033944131363006,80
ethereal-sweep-38,csrwpt5z,81820,0.1,VJEPA2_SSV2,mean,0.9,5,0.41139944359783154,1,AdamW,reduce,9,resting_face,256,768,67,0,True,False,0.00021507414947893628,no,37,67,1770154453.2917304,0.7654320987654321,0.8484848484848485,0.8118811881188119,0.4825818240642547,0.6590909090909091,0.7832884097035041,0.7413793103448276,0.6,53,0.6825396825396826,0.8113207547169812,88,0.42857142857142855,0.09699059817053024,37
solar-sweep-1910,kqjwynne,81324,0.1,VJEPA2_SSV2,mean,0.9,3,0.4385934338227945,1,AdamW,reduce,9,resting_face,256,512,112,0,True,False,0.004908257210805585,no,61,112,1770293057.191148,0.8395061728395061,0.8478535353535355,0.8737864077669902,0.4985750913619995,0.7272727272727273,0.8070080862533693,0.7894736842105263,0.7037037037037037,53,0.7377049180327869,0.8490566037735849,88,0.5428571428571428,0.2688650625092643,61
giddy-sweep-1229,1om0g5fg,20264,0.1,VJEPA2_SSV2,mean,0.9,5,0.37086850692674334,1,AdamW,step,4,resting_face,256,1024,119,0,True,False,0.0001849581716958187,no,44,119,1770241770.1894877,0.7901234567901234,0.8478535353535355,0.8172043010752689,0.4860582649707794,0.7045454545454546,0.7778975741239892,0.7636363636363637,0.6451612903225806,53,0.7368421052631579,0.7924528301886793,88,0.5714285714285714,0.08552114807424091,44
rich-sweep-1165,fgyd78u9,88288,0.1,VJEPA2_SSV2,mean,0.9,5,0.32560559208189044,1,SGD,reduce,6,resting_face,256,512,52,0,True,False,0.00800153300508718,no,36,52,1770236794.1847165,0.8148148148148148,0.8478535353535354,0.8421052631578947,0.4777592718601227,0.6818181818181818,0.7471698113207548,0.7586206896551724,0.64,53,0.6984126984126984,0.8301886792452831,88,0.45714285714285713,0.1897432551497505,36
twilight-sweep-1830,vt9zu47z,85710,0.1,VJEPA2_SSV2,mean,0.9,5,0.17645403470976606,1,AdamW,reduce,5,resting_face,256,768,135,0,True,False,0.0002361352484422728,no,77,135,1770287018.2471554,0.8271604938271605,0.8478535353535354,0.851063829787234,0.4757111072540283,0.7159090909090909,0.7849056603773585,0.7787610619469026,0.6785714285714286,53,0.7333333333333333,0.8301886792452831,88,0.5428571428571428,0.10195443310907908,77
fresh-sweep-487,4o2d97p1,12501,0.1,VJEPA2_SSV2,mean,0.9,5,0.2141391628943276,1,AdamW,reduce,3,resting_face,256,768,89,0,True,False,0.0003103766021754232,no,49,89,1770187012.1956208,0.7777777777777778,0.8478535353535354,0.82,0.4843606948852539,0.6590909090909091,0.7886792452830189,0.7457627118644068,0.6086956521739131,53,0.676923076923077,0.8301886792452831,88,0.4,0.09647478716714042,49
stilted-sweep-1510,jpn8dvwh,35658,0.1,VJEPA2_SSV2,mean,0.9,5,0.4422474403266474,1,AdamW,reduce,5,resting_face,256,1024,135,0,True,False,0.00035086794333196515,no,68,135,1770262509.5128353,0.7777777777777778,0.8478535353535354,0.8085106382978723,0.4879420697689056,0.6704545454545454,0.7822102425876011,0.7521367521367521,0.625,53,0.6875,0.8301886792452831,88,0.42857142857142855,0.0782928792493684,68
splendid-sweep-656,m5iuujui,50366,0.1,VJEPA2_SSV2,mean,0.9,3,0.301273550260446,1,AdamW,reduce,5,resting_face,256,1024,133,0,True,False,0.0003487288135907877,no,65,133,1770198654.0275967,0.8024691358024691,0.8478535353535354,0.8333333333333334,0.4853952825069427,0.6704545454545454,0.7859838274932615,0.7521367521367521,0.625,53,0.6875,0.8301886792452831,88,0.42857142857142855,0.08753474674054555,65
glorious-sweep-279,i0qdktzo,53823,0.1,VJEPA2_SSV2,mean,0.9,4,0.2261684737198747,1,AdamW,reduce,4,resting_face,256,768,134,0,True,False,0.0002273532905982104,no,80,134,1770171810.9156682,0.7901234567901234,0.8478535353535354,0.8131868131868132,0.47590646147727966,0.7045454545454546,0.7978436657681941,0.7678571428571429,0.6551724137931034,53,0.7288135593220338,0.8113207547169812,88,0.5428571428571428,0.11084503290199098,80
azure-sweep-278,n371yobu,76863,0.1,VJEPA2_SSV2,mean,0.9,3,0.3706696228942611,1,AdamW,reduce,7,resting_face,256,512,108,0,True,False,0.00034547021357799476,no,60,108,1770171718.700383,0.7901234567901234,0.8478535353535354,0.8210526315789474,0.47844743728637695,0.7045454545454546,0.7876010781671159,0.7719298245614035,0.6666666666666666,53,0.7213114754098361,0.8301886792452831,88,0.5142857142857142,0.1066981886114393,60
usual-sweep-1340,4tduohtl,1956,0.1,VJEPA2_SSV2,mean,0.9,4,0.262009769410542,1,SGD,step,10,resting_face,256,1024,99,0,True,False,0.005982443840751617,no,55,99,1770250093.5369575,0.7901234567901234,0.8478535353535352,0.8172043010752689,0.476399838924408,0.6818181818181818,0.7714285714285715,0.75,0.6206896551724138,53,0.711864406779661,0.7924528301886793,88,0.5142857142857142,0.09320469888902846,55
exalted-sweep-717,a7i13yxd,14732,0.1,VJEPA2_SSV2,mean,0.9,5,0.257728430722614,1,AdamW,step,4,resting_face,256,1024,136,0,True,False,9.297772890593848e-05,no,74,136,1770203068.8580787,0.8024691358024691,0.8478535353535352,0.8333333333333334,0.4782171547412872,0.6818181818181818,0.7935309973045821,0.7586206896551724,0.64,53,0.6984126984126984,0.8301886792452831,88,0.45714285714285713,0.11827292229448046,74
dutiful-sweep-775,wlnmg17a,17139,0.1,VJEPA2_SSV2,mean,0.9,4,0.2946776050057072,1,AdamW,reduce,4,resting_face,256,512,172,0,True,False,0.00014974645781027387,no,87,172,1770207565.188916,0.8148148148148148,0.8472222222222223,0.8421052631578947,0.4777619242668152,0.6704545454545454,0.7983827493261456,0.7521367521367521,0.625,53,0.6875,0.8301886792452831,88,0.42857142857142855,0.10989045060816266,87
worldly-sweep-922,6cla723u,87181,0.1,VJEPA2_SSV2,mean,0.9,3,0.3534593065503975,1,AdamW,step,5,resting_face,256,768,123,0,True,False,0.00019221467787499131,no,69,123,1770218903.3748784,0.8024691358024691,0.8472222222222222,0.8333333333333334,0.4825168550014496,0.6818181818181818,0.7805929919137466,0.7543859649122807,0.6296296296296297,53,0.7049180327868853,0.8113207547169812,88,0.4857142857142857,0.06907185628300622,69
curious-sweep-921,61o3omd0,64149,0.1,VJEPA2_SSV2,mean,0.9,5,0.13336905923736603,1,AdamW,reduce,3,resting_face,256,768,124,0,True,False,0.0002305282651232547,no,67,124,1770218824.7410638,0.7901234567901234,0.8472222222222222,0.8172043010752689,0.4728820323944092,0.7386363636363636,0.795687331536388,0.7964601769911505,0.7142857142857143,53,0.75,0.8490566037735849,88,0.5714285714285714,0.09757949397677466,67
fallen-sweep-1529,fki9m22t,23768,0.1,VJEPA2_SSV2,mean,0.9,4,0.29593815182558947,1,AdamW,reduce,7,resting_face,256,1024,114,0,True,False,0.0001185933401930122,no,68,114,1770263908.2410626,0.7654320987654321,0.8472222222222222,0.8041237113402062,0.4890515804290771,0.6704545454545454,0.7805929919137466,0.7521367521367521,0.625,53,0.6875,0.8301886792452831,88,0.42857142857142855,0.09360090238707408,68
revived-sweep-1063,fbaea02r,16771,0.1,VJEPA2_SSV2,mean,0.9,5,0.2711277376167368,1,AdamW,step,9,resting_face,256,512,162,0,True,False,0.00021446938587083296,no,85,162,1770229339.4670255,0.7654320987654321,0.8472222222222222,0.8041237113402062,0.47494423389434814,0.7272727272727273,0.8075471698113207,0.7931034482758621,0.72,53,0.7301587301587301,0.8679245283018868,88,0.5142857142857142,0.09770081745726722,85
lunar-sweep-685,6ajptm8b,80035,0.1,VJEPA2_SSV2,mean,0.9,3,0.38610738038815307,1,AdamW,reduce,8,resting_face,256,1024,114,0,True,False,0.00012500441278683982,no,62,114,1770200785.4796183,0.7901234567901234,0.8472222222222222,0.8172043010752689,0.4785196781158447,0.7159090909090909,0.7849056603773585,0.7787610619469026,0.6785714285714286,53,0.7333333333333333,0.8301886792452831,88,0.5428571428571428,0.11809992570252646,62
dainty-sweep-574,0tl5bc8f,3803,0.1,VJEPA2_SSV2,mean,0.9,3,0.14841734193184453,1,AdamW,reduce,7,resting_face,256,1024,72,0,True,False,0.00015441546366070787,no,42,72,1770193173.0852485,0.8024691358024691,0.8472222222222222,0.8297872340425532,0.481527179479599,0.7045454545454546,0.7902964959568732,0.7719298245614035,0.6666666666666666,53,0.7213114754098361,0.8301886792452831,88,0.5142857142857142,0.11793183464379538,42
olive-sweep-464,bruku8x2,68544,0.1,VJEPA2_SSV2,mean,0.9,5,0.2476554620877172,1,AdamW,reduce,4,resting_face,256,512,162,0,True,False,0.0005361651318486994,no,82,162,1770185322.0381978,0.8024691358024691,0.8472222222222222,0.8333333333333334,0.4811403155326843,0.6931818181818182,0.7795148247978436,0.7567567567567568,0.6333333333333333,53,0.7241379310344828,0.7924528301886793,88,0.5428571428571428,0.1013509043625423,82
still-sweep-1550,oqpasmkv,44248,0.1,VJEPA2_SSV2,mean,0.9,3,0.1401218857676864,1,AdamW,step,10,resting_face,256,1024,193,0,True,False,0.00014834948820966411,no,98,193,1770265544.4567084,0.8271604938271605,0.8472222222222222,0.851063829787234,0.4735722541809082,0.7045454545454546,0.7989218328840971,0.7678571428571429,0.6551724137931034,53,0.7288135593220338,0.8113207547169812,88,0.5428571428571428,0.07268272035178684,98
proud-sweep-995,sdbr5qtp,90696,0.1,VJEPA2_SSV2,mean,0.9,4,0.25718197873785575,1,AdamW,reduce,3,resting_face,256,1024,83,0,True,False,0.00045348078034798873,no,50,83,1770224408.379352,0.7407407407407407,0.8472222222222221,0.8,0.4894139766693115,0.6590909090909091,0.7789757412398922,0.7457627118644068,0.6086956521739131,53,0.676923076923077,0.8301886792452831,88,0.4,0.11033512687399274,50
floral-sweep-1759,4qu7ftzw,5168,0.1,VJEPA2_SSV2,mean,0.9,3,0.12568332303102625,1,AdamW,step,9,resting_face,256,256,85,0,True,False,0.002181777659562419,no,48,85,1770281273.097006,0.7901234567901234,0.8465909090909092,0.8282828282828283,0.48122552037239075,0.7272727272727273,0.8064690026954178,0.7894736842105263,0.7037037037037037,53,0.7377049180327869,0.8490566037735849,88,0.5428571428571428,0.1492983795347668,48
icy-sweep-1234,alfl0u8x,33708,0.1,VJEPA2_SSV2,mean,0.9,5,0.31484784938402877,1,AdamW,reduce,5,resting_face,256,768,104,0,True,False,0.00051377624102161,yes,54,104,1770242094.8809922,0.7777777777777778,0.8465909090909092,0.8125,0.478741317987442,0.6590909090909091,0.7773584905660377,0.7413793103448276,0.6,53,0.6825396825396826,0.8113207547169812,88,0.42857142857142855,0.08652090565079734,54
floral-sweep-1966,obtmmjrm,85588,0.1,VJEPA2_SSV2,mean,0.9,5,0.24203536690716343,1,AdamW,reduce,7,resting_face,256,512,157,0,True,False,0.00048379752966271294,no,78,157,1770297548.2862394,0.8024691358024691,0.8465909090909091,0.8297872340425532,0.4770002067089081,0.7045454545454546,0.7924528301886793,0.7719298245614035,0.6666666666666666,53,0.7213114754098361,0.8301886792452831,88,0.5142857142857142,0.11430690473034268,78
rose-sweep-1384,bwh5p1o0,35432,0.1,VJEPA2_SSV2,mean,0.9,5,0.34480685374719167,1,AdamW,reduce,7,resting_face,256,512,73,0,True,False,0.000648339330789512,no,38,73,1770253250.9861364,0.8024691358024691,0.8465909090909091,0.8333333333333334,0.47292983531951904,0.6818181818181818,0.7676549865229111,0.7586206896551724,0.64,53,0.6984126984126984,0.8301886792452831,88,0.45714285714285713,0.09376250420297896,38
curious-sweep-386,qwo58p0n,49571,0.1,VJEPA2_SSV2,mean,0.9,4,0.2966935716094235,1,AdamW,reduce,4,resting_face,256,512,131,0,True,False,0.00014891384810606354,no,69,131,1770179300.190276,0.7901234567901234,0.8465909090909091,0.8282828282828283,0.4874072670936585,0.7045454545454546,0.8026954177897574,0.7758620689655172,0.68,53,0.7142857142857143,0.8490566037735849,88,0.4857142857142857,0.08850172020140148,69
vital-sweep-897,zdf01m3i,6482,0.1,VJEPA2_SSV2,mean,0.9,5,0.3279680453614023,1,AdamW,step,4,resting_face,256,1024,168,0,True,False,7.353518128762462e-05,no,84,168,1770217059.4749532,0.8024691358024691,0.8465909090909091,0.8333333333333334,0.4799943268299103,0.7159090909090909,0.7946091644204852,0.782608695652174,0.6923076923076923,53,0.7258064516129032,0.8490566037735849,88,0.5142857142857142,0.09434029630252291,84
stoic-sweep-256,n1gaty0f,74825,0.1,VJEPA2_SSV2,mean,0.9,4,0.4476999237507499,1,AdamW,reduce,3,resting_face,256,768,102,0,True,False,0.0002441935122949882,no,53,102,1770170253.326367,0.7901234567901234,0.8465909090909091,0.8210526315789474,0.4817414581775666,0.7159090909090909,0.786522911051213,0.7787610619469026,0.6785714285714286,53,0.7333333333333333,0.8301886792452831,88,0.5428571428571428,0.0846386553985732,53
generous-sweep-616,bqhnku9k,86193,0.1,VJEPA2_SSV2,mean,0.9,5,0.16457678040323231,1,AdamW,step,9,resting_face,256,1024,139,0,True,False,0.00015135123741689247,no,75,139,1770195999.0863516,0.8024691358024691,0.8465909090909091,0.8333333333333334,0.47404801845550537,0.7045454545454546,0.7956873315363882,0.7719298245614035,0.6666666666666666,53,0.7213114754098361,0.8301886792452831,88,0.5142857142857142,0.1311915289788019,75
noble-sweep-1993,dbqdavg4,45609,0.1,VJEPA2_SSV2,mean,0.9,3,0.2540149454517009,1,AdamW,reduce,7,resting_face,256,1024,145,0,True,False,0.0002398933868906386,no,76,145,1770299586.0290976,0.8148148148148148,0.8465909090909091,0.8387096774193549,0.4774220287799835,0.7272727272727273,0.7876010781671159,0.7857142857142857,0.6896551724137931,53,0.7457627118644068,0.8301886792452831,88,0.5714285714285714,0.10814308744101296,76
winter-sweep-451,kx3e3ked,50931,0.1,VJEPA2_SSV2,mean,0.9,5,0.22433566483492273,1,AdamW,reduce,5,resting_face,256,768,158,0,True,False,0.0003924693903403472,no,82,158,1770184179.5455942,0.8148148148148148,0.8465909090909091,0.8387096774193549,0.48869362473487854,0.7386363636363636,0.8048517520215633,0.7964601769911505,0.7142857142857143,53,0.75,0.8490566037735849,88,0.5714285714285714,0.11162325796626862,82
fearless-sweep-864,ku0qnazv,25299,0.1,VJEPA2_SSV2,mean,0.9,5,0.30268503662802737,1,AdamW,reduce,3,resting_face,256,1024,137,0,True,False,8.17022584928456e-05,no,70,137,1770214377.8582294,0.7901234567901234,0.845959595959596,0.8247422680412371,0.4739659726619721,0.7159090909090909,0.7908355795148247,0.782608695652174,0.6923076923076923,53,0.7258064516129032,0.8490566037735849,88,0.5142857142857142,0.0949651898372741,70
fancy-sweep-1816,5571smob,54850,0.1,VideoPrism,mean,0.9,5,0.14271053031159756,1,AdamW,reduce,7,reverse_count,256,256,55,0,True,False,0.004734195104278397,no,9,55,1770237024.046114,0.7720588235294118,0.8469997609371265,0.69,0.5312449511359719,0.7215686274509804,0.797282151863267,0.5847953216374269,0.8023952095808383,83,0.5681818181818182,0.6024096385542169,255,0.7790697674418605,0.20870844229512853,9
grateful-sweep-2362,qm5e2oqe,31948,0.1,VideoPrism,mean,0.9,5,0.412490555276539,1,AdamW,reduce,7,reverse_count,256,1024,166,0,True,False,0.0018247009178941464,no,45,166,1770262811.132666,0.7647058823529411,0.8464618694716711,0.6831683168316832,0.529374855406144,0.7176470588235294,0.7897870551975342,0.5764705882352941,0.7976190476190477,83,0.5632183908045977,0.5903614457831325,255,0.7790697674418605,0.17911452151503157,45
sparkling-sweep-167,22f3uecw,84278,0.1,VideoPrism,mean,0.9,5,0.1780493776155675,1,AdamW,reduce,9,reverse_count,256,512,145,0,True,False,0.0027804324257099194,no,45,145,1770159817.3833013,0.7757352941176471,0.8460435094429836,0.6839378238341969,0.5034602109123679,0.7254901960784313,0.8016251050714486,0.573170731707317,0.7931034482758621,83,0.5802469135802469,0.5662650602409639,255,0.8023255813953488,0.23064514608518313,45
serene-sweep-14,4l7mxza0,72969,0.1,VideoPrism,mean,0.9,5,0.25996884107334794,1,AdamW,reduce,5,reverse_count,256,768,146,0,True,False,0.0033111717890907627,yes,39,146,1770152411.7341373,0.7536764705882353,0.8453263208223764,0.6666666666666666,0.5105335712432861,0.7215686274509804,0.7985430092462875,0.5847953216374269,0.8023952095808383,83,0.5681818181818182,0.6024096385542169,255,0.7790697674418605,0.21860581636428833,39
cool-sweep-1303,9o411tcm,18786,0.1,VideoPrism,mean,0.9,5,0.1509509532593737,1,AdamW,reduce,10,reverse_count,256,256,88,0,True,False,0.0025401523907004064,yes,22,88,1770213108.7211256,0.7683823529411765,0.8449079607936887,0.6834170854271356,0.5118258981143727,0.7254901960784313,0.796931913701317,0.5783132530120482,0.7965116279069767,83,0.5783132530120482,0.5783132530120482,255,0.7965116279069767,0.21536098366324236,22
brisk-sweep-788,lonqe7ze,15060,0.1,VideoPrism,mean,0.9,5,0.11006243963530056,1,AdamW,reduce,10,reverse_count,256,256,30,0,True,False,0.009563832360717336,no,6,30,1770188196.4480743,0.7536764705882353,0.8444896007650012,0.6854460093896714,0.5280593738836401,0.7098039215686275,0.8005043429532082,0.5978260869565217,0.8181818181818182,83,0.5445544554455446,0.6626506024096386,255,0.7325581395348837,0.24345052549954851,6
misunderstood-sweep-2382,tc3guma8,56161,0.1,VideoPrism,mean,0.9,4,0.14684017577494932,1,AdamW,reduce,8,reverse_count,256,1024,167,0,True,False,0.0013281454180508942,no,41,167,1770263839.8441205,0.7610294117647058,0.8443103036098494,0.6733668341708543,0.521248971714693,0.7137254901960784,0.7937797702437658,0.5780346820809249,0.8,83,0.5555555555555556,0.6024096385542169,255,0.7674418604651163,0.20254016085433577,41
glad-sweep-1701,p8xx7o44,86633,0.1,VideoPrism,mean,0.9,5,0.14795634893474874,1,AdamW,reduce,4,reverse_count,256,768,155,0,True,False,0.003715111732345684,no,44,155,1770231667.3201644,0.7683823529411765,0.8442505378914654,0.6666666666666666,0.5259181015631732,0.7411764705882353,0.794550294200056,0.5875,0.797752808988764,83,0.6103896103896104,0.5662650602409639,255,0.8255813953488372,0.21653958847406904,44
royal-sweep-2274,dweurg7h,96527,0.1,VideoPrism,mean,0.9,4,0.2583934185195474,1,AdamW,reduce,8,reverse_count,256,512,154,0,True,False,0.0034450948417829386,no,39,154,1770258568.7726178,0.7830882352941176,0.8429954578054029,0.6810810810810811,0.5190203540465411,0.7254901960784313,0.7983328663491175,0.5512820512820513,0.7802197802197802,83,0.589041095890411,0.5180722891566265,255,0.8255813953488372,0.23835617521031183,39
clean-sweep-123,l2wp4n8y,87900,0.1,VideoPrism,mean,0.9,5,0.13817682732033726,1,AdamW,reduce,9,reverse_count,256,1024,188,0,True,False,0.0015498024605009966,no,55,188,1770157623.8539524,0.7610294117647058,0.8429954578054029,0.6700507614213198,0.5135924956377815,0.7294117647058823,0.7977024376576072,0.5868263473053892,0.8011695906432749,83,0.5833333333333334,0.5903614457831325,255,0.7965116279069767,0.23284058664974416,55
bright-sweep-2484,0t7gsyfx,13286,0.1,VideoPrism,mean,0.9,5,0.16391127719590448,1,AdamW,reduce,9,reverse_count,256,768,59,0,True,False,0.005683822496998449,no,16,59,1770268700.17032,0.7463235294117647,0.8429954578054027,0.6790697674418604,0.5219172239303589,0.7294117647058823,0.802885962454469,0.6057142857142858,0.8159509202453987,83,0.5760869565217391,0.6385542168674698,255,0.7732558139534884,0.24907650674885584,16
vocal-sweep-1531,5nj3xfkp,78561,0.1,VideoPrism,mean,0.9,4,0.11207909851922448,1,AdamW,step,9,reverse_count,256,1024,50,0,True,False,0.007690663047099044,no,15,50,1770223618.2582088,0.7794117647058824,0.842756394931867,0.6842105263157895,0.5073630599414601,0.7215686274509804,0.802815914822079,0.5590062111801242,0.7853107344632768,83,0.5769230769230769,0.5421686746987951,255,0.8081395348837209,0.2801066404774121,15
fancy-sweep-208,nzxibcad,72298,0.1,VideoPrism,mean,0.9,5,0.14362388790131614,1,AdamW,reduce,7,reverse_count,256,768,77,0,True,False,0.0026976078273779863,no,23,77,1770161796.6316638,0.7610294117647058,0.842756394931867,0.6859903381642513,0.5313989520072937,0.7137254901960784,0.7948304847296161,0.5780346820809249,0.8,83,0.5555555555555556,0.6024096385542169,255,0.7674418604651163,0.19884945048011748,23
woven-sweep-1997,9hqccwmd,79741,0.1,VideoPrism,mean,0.9,3,0.26288172816644806,1,AdamW,step,9,reverse_count,256,768,105,0,True,False,0.003564237869366928,no,30,105,1770245659.6591306,0.7867647058823529,0.8420392063112598,0.7070707070707071,0.5159212140476003,0.7294117647058823,0.8033762958811992,0.5868263473053892,0.8011695906432749,83,0.5833333333333334,0.5903614457831325,255,0.7965116279069767,0.2519900576788404,30
confused-sweep-181,timin0lo,67722,0.1,VideoPrism,mean,0.9,5,0.49202269452180847,1,AdamW,reduce,7,reverse_count,256,1024,181,0,True,False,0.00401294589122321,no,52,181,1770160402.7052526,0.7720588235294118,0.8417403777193401,0.6836734693877551,0.5082049229565788,0.7137254901960784,0.8037265340431492,0.5521472392638037,0.7828571428571428,83,0.5625,0.5421686746987951,255,0.7965116279069767,0.2595800990276491,52
peachy-sweep-2689,zdmvbeev,64955,0.1,VideoPrism,mean,0.9,5,0.46474613009689114,1,AdamW,reduce,10,reverse_count,256,1024,88,0,True,False,0.0024846176681877935,yes,27,88,1770278432.3893354,0.7573529411764706,0.8415610805641883,0.6732673267326733,0.5267176628112793,0.7333333333333333,0.7966517231717568,0.6046511627906976,0.8132530120481928,83,0.5842696629213483,0.6265060240963856,255,0.7848837209302325,0.22426338463659712,27
pretty-sweep-2712,u135n0zi,19661,0.1,VideoPrism,mean,0.9,4,0.40782470684659344,1,AdamW,reduce,7,reverse_count,256,1024,177,0,True,False,0.0036364503779970424,no,44,177,1770279506.062527,0.7794117647058824,0.8413220176906527,0.6808510638297872,0.5293630186249229,0.7294117647058823,0.7964415802745867,0.5490196078431373,0.7783783783783784,83,0.6,0.5060240963855421,255,0.8372093023255814,0.2420357547187612,44
autumn-sweep-359,943ak49e,88367,0.1,VideoPrism,mean,0.9,5,0.16737615240725068,1,AdamW,reduce,10,reverse_count,256,768,124,0,True,False,0.0034605405122809605,no,33,124,1770168639.9389548,0.7610294117647058,0.8411427205355008,0.6700507614213198,0.5339349297916188,0.7333333333333333,0.7881759596525638,0.5853658536585366,0.7988505747126436,83,0.5925925925925926,0.5783132530120482,255,0.8081395348837209,0.19460890469280817,33
worldly-sweep-2281,rxinsh0l,72214,0.1,VideoPrism,mean,0.9,4,0.18172632411769143,1,AdamW,reduce,10,reverse_count,256,1024,51,0,True,False,0.007144801916780547,no,10,51,1770258858.5155928,0.7830882352941176,0.8410829548171169,0.714975845410628,0.5310630132170284,0.7176470588235294,0.8051274866909499,0.5813953488372093,0.8012048192771084,83,0.5617977528089888,0.6024096385542169,255,0.7732558139534884,0.25024285104110655,10
cerulean-sweep-1381,imje1utj,37306,0.1,VideoPrism,mean,0.9,3,0.18409614439479127,1,AdamW,reduce,8,reverse_count,256,768,83,0,True,False,0.003636486519054747,no,25,83,1770216634.5054018,0.7720588235294118,0.8408438919435811,0.6804123711340206,0.5404017181957469,0.7137254901960784,0.7956010086859063,0.5521472392638037,0.7828571428571428,83,0.5625,0.5421686746987951,255,0.7965116279069767,0.22258131393054237,25
sage-sweep-1113,4uuga2im,54529,0.1,VideoPrism,mean,0.9,5,0.10622947975181624,1,AdamW,reduce,9,reverse_count,256,256,174,0,True,False,0.006979114908509258,no,50,174,1770203613.6792753,0.7573529411764706,0.8407841262251972,0.6764705882352942,0.5484662897446576,0.7294117647058823,0.7956710563182965,0.6057142857142858,0.8159509202453987,83,0.5760869565217391,0.6385542168674698,255,0.7732558139534884,0.22119655034802704,50
azure-sweep-1569,w3jxcnob,71566,0.1,VideoPrism,mean,0.9,5,0.44643237490367904,1,AdamW,reduce,3,reverse_count,256,1024,57,0,True,False,0.001594252710054439,no,18,57,1770225305.4394803,0.7647058823529411,0.8407243605068132,0.68,0.532044018016142,0.7215686274509804,0.7902773886242646,0.5895953757225434,0.806060606060606,83,0.5666666666666667,0.6144578313253012,255,0.7732558139534884,0.18413555435082207,18
stellar-sweep-854,kgyfybef,14006,0.1,VideoPrism,mean,0.9,5,0.4157723460716066,1,AdamW,reduce,10,reverse_count,256,1024,122,0,True,False,0.0031170712474750018,no,30,122,1770191434.9117172,0.7610294117647058,0.8405450633516615,0.6829268292682927,0.5427447031526005,0.7058823529411765,0.7961613897450266,0.5664739884393064,0.793939393939394,83,0.5444444444444444,0.5903614457831325,255,0.7616279069767442,0.2061343124279609,30
avid-sweep-314,sg5zlh2f,41236,0.1,VideoPrism,mean,0.9,5,0.35107710449959484,1,AdamW,reduce,4,reverse_count,256,1024,138,0,True,False,0.00041755670823856694,no,40,138,1770166594.4551404,0.7610294117647058,0.8403657661965097,0.6666666666666666,0.517566558192758,0.7372549019607844,0.7909078173157748,0.6081871345029239,0.8143712574850299,83,0.5909090909090909,0.6265060240963856,255,0.7906976744186046,0.20624594480885183,40
blooming-sweep-1142,e6uwpvh9,45735,0.1,VideoPrism,mean,0.9,4,0.29390461993435735,1,AdamW,reduce,6,reverse_count,256,768,112,0,True,False,0.005516799096929858,no,28,112,1770204990.02277,0.7647058823529411,0.8403060004781256,0.6893203883495146,0.5331765062668744,0.7254901960784313,0.8037965816755394,0.5977011494252874,0.8109756097560976,83,0.5714285714285714,0.6265060240963856,255,0.7732558139534884,0.23907645945606928,28
stilted-sweep-776,r17bztwm,59012,0.1,VideoPrism,mean,0.9,3,0.432727751844181,1,AdamW,reduce,7,reverse_count,256,1024,23,0,True,False,0.0017944195823367758,no,7,23,1770187703.4261224,0.7683823529411765,0.8402462347597418,0.676923076923077,0.5149898914729848,0.7294117647058823,0.794410198935276,0.5766871165644172,0.7942857142857143,83,0.5875,0.5662650602409639,255,0.8081395348837209,0.2372159109665797,7
snowy-sweep-2152,sly0t8qw,35225,0.1,VideoPrism,mean,0.9,5,0.313030406997197,1,AdamW,reduce,9,reverse_count,256,1024,119,0,True,False,0.00022371056251075923,no,38,119,1770253024.2563908,0.7536764705882353,0.8400071718862061,0.6666666666666666,0.5111689427319694,0.7372549019607844,0.7950406276267862,0.6081871345029239,0.8143712574850299,83,0.5909090909090909,0.6265060240963856,255,0.7906976744186046,0.23472599540403496,38
stilted-sweep-3038,sk7s9m08,14429,0.1,VideoPrism,mean,0.9,5,0.44971655289572865,1,AdamW,step,8,reverse_count,256,512,170,0,True,False,0.0008216326825393259,no,44,170,1770295528.7650964,0.7573529411764706,0.8397681090126704,0.6732673267326733,0.5151634356554817,0.7333333333333333,0.7960913421126367,0.6046511627906976,0.8132530120481928,83,0.5842696629213483,0.6265060240963856,255,0.7848837209302325,0.22248055535530756,44
morning-sweep-2926,9afau3tv,41532,0.1,VideoPrism,mean,0.9,3,0.43828944492765576,1,AdamW,reduce,8,reverse_count,256,1024,151,0,True,False,0.0020807920310226464,no,37,151,1770289941.409999,0.7610294117647058,0.8396485775759025,0.6666666666666666,0.5261610360706553,0.7254901960784313,0.7911179602129448,0.5625,0.7865168539325843,83,0.5844155844155844,0.5421686746987951,255,0.813953488372093,0.22402084730414729,37
desert-sweep-1413,khdpltfb,36979,0.1,VideoPrism,mean,0.9,5,0.37985729508402066,1,AdamW,reduce,9,reverse_count,256,768,176,0,True,False,0.00016298445482013026,no,47,176,1770218098.5082686,0.7573529411764706,0.8394692804207506,0.6732673267326733,0.5168887026169721,0.7254901960784313,0.7920285794340151,0.5977011494252874,0.8109756097560976,83,0.5714285714285714,0.6265060240963856,255,0.7732558139534884,0.2343871325616412,47
absurd-sweep-1171,6y7kyyy5,36967,0.1,VideoPrism,mean,0.9,5,0.41888324482182815,1,AdamW,reduce,5,reverse_count,256,1024,130,0,True,False,0.00019552694512868876,no,36,130,1770206483.4316683,0.7573529411764706,0.8392302175472149,0.6764705882352942,0.5147782143424539,0.7294117647058823,0.7923788175959652,0.6057142857142858,0.8159509202453987,83,0.5760869565217391,0.6385542168674698,255,0.7732558139534884,0.22847492480084963,36
dandy-sweep-2189,mg0j0oc0,44248,0.1,VideoPrism,mean,0.9,5,0.122310605256235,1,AdamW,reduce,5,reverse_count,256,1024,139,0,True,False,0.004338199033472325,no,37,139,1770254704.375675,0.7610294117647058,0.8391106861104471,0.6666666666666666,0.5368417361203361,0.7254901960784313,0.7969319137013169,0.573170731707317,0.7931034482758621,83,0.5802469135802469,0.5662650602409639,255,0.8023255813953488,0.2428268746808473,37
expert-sweep-1827,a7vfj0r5,45638,0.1,VideoPrism,mean,0.9,5,0.13481209066184097,1,AdamW,reduce,8,reverse_count,256,1024,175,0,True,False,0.0003976521682673724,no,41,175,1770237480.1356328,0.7647058823529411,0.8389911546736791,0.6831683168316832,0.5136550349347732,0.7254901960784313,0.7929391986550854,0.5930232558139535,0.8072289156626506,83,0.5730337078651685,0.6144578313253012,255,0.7790697674418605,0.2238085020167625,41
snowy-sweep-2498,njnqzt5j,83168,0.1,VideoPrism,mean,0.9,5,0.41880957542476105,1,AdamW,reduce,4,reverse_count,256,1024,179,0,True,False,0.00012971456868665602,no,48,179,1770269380.3070626,0.7536764705882353,0.8389313889552952,0.6699507389162561,0.5136090446920956,0.7294117647058823,0.7922387223311852,0.6057142857142858,0.8159509202453987,83,0.5760869565217391,0.6385542168674698,255,0.7732558139534884,0.232014946247402,48
fragrant-sweep-2014,kh5shzhy,53438,0.1,VideoPrism,mean,0.9,5,0.4323457240584456,1,AdamW,reduce,9,reverse_count,256,1024,188,0,True,False,0.00014321971624780297,no,52,188,1770246402.3498902,0.7573529411764706,0.8388716232369114,0.6796116504854369,0.515490216367385,0.7294117647058823,0.7934995797142056,0.6101694915254238,0.8198757763975155,83,0.574468085106383,0.6506024096385542,255,0.7674418604651163,0.2357687335989253,52
clean-sweep-1205,mz9bz4qm,6776,0.1,VideoPrism,mean,0.9,4,0.328854816288537,1,AdamW,reduce,9,reverse_count,256,512,106,0,True,False,0.001981055801386865,no,28,106,1770208253.8274996,0.7610294117647058,0.8388716232369113,0.6596858638743456,0.5314041025498334,0.7215686274509804,0.7940599607733259,0.5590062111801242,0.7853107344632768,83,0.5769230769230769,0.5421686746987951,255,0.8081395348837209,0.20426692840782737,28
swift-sweep-2858,5jutazjj,58197,0.1,VideoPrism,mean,0.9,5,0.23058960080626337,1,AdamW,reduce,9,reverse_count,256,1024,168,0,True,False,0.000849572614575402,no,46,168,1770286637.8186953,0.7426470588235294,0.8385130289266077,0.6534653465346535,0.518291291068582,0.7372549019607844,0.7956710563182965,0.6035502958579881,0.8106508875739645,83,0.5930232558139535,0.6144578313253012,255,0.7965116279069767,0.23128686815138289,46
lunar-sweep-952,5x5e4luz,42348,0.1,VideoPrism,mean,0.9,3,0.21446554687659605,1,AdamW,step,5,reverse_count,256,1024,86,0,True,False,0.0005203005727963023,no,22,86,1770195811.6221774,0.7573529411764706,0.8385130289266076,0.6597938144329897,0.5116836884442497,0.7254901960784313,0.7968618660689268,0.573170731707317,0.7931034482758621,83,0.5802469135802469,0.5662650602409639,255,0.8023255813953488,0.2385131828939384,22
polished-sweep-57,530u8nrv,61056,0.1,VideoPrism,mean,0.9,5,0.209887300096866,1,AdamW,reduce,6,reverse_count,256,1024,167,0,True,False,0.00035492293341378526,no,52,167,1770154496.0577984,0.7536764705882353,0.8384532632082238,0.6633165829145728,0.5151373218087589,0.7294117647058823,0.7921686746987951,0.591715976331361,0.8047337278106509,83,0.5813953488372093,0.6024096385542169,255,0.7906976744186046,0.224009219873772,52
ruby-sweep-818,nk1rfrub,45778,0.1,VideoPrism,mean,0.9,5,0.1559500806719215,1,AdamW,reduce,4,reverse_count,256,768,90,0,True,False,0.006385317489997275,no,27,90,1770189754.667729,0.7720588235294118,0.8384532632082238,0.6770833333333334,0.5421843563809114,0.7098039215686275,0.7959512468478565,0.5316455696202531,0.7722222222222223,83,0.56,0.5060240963855421,255,0.8081395348837209,0.2532796239563328,27
glorious-sweep-660,glrtrfvq,14664,0.1,VideoPrism,mean,0.9,5,0.33523712918290716,1,AdamW,step,7,reverse_count,256,1024,110,0,True,False,0.00024010031462915472,no,35,110,1770182635.8921254,0.7647058823529411,0.8383934974898398,0.6595744680851063,0.5109741898143992,0.7254901960784313,0.794480246567666,0.5679012345679012,0.7897727272727273,83,0.5822784810126582,0.5542168674698795,255,0.8081395348837209,0.24384642504004816,35
curious-sweep-1854,w4yuvcaa,67551,0.1,VideoPrism,mean,0.9,4,0.4164615171618594,1,AdamW,reduce,8,reverse_count,256,768,109,0,True,False,0.0005631848017849215,no,16,109,1770238736.4964805,0.7683823529411765,0.838273966053072,0.6631016042780749,0.514542323701522,0.7254901960784313,0.7955309610535165,0.5679012345679012,0.7897727272727273,83,0.5822784810126582,0.5542168674698795,255,0.8081395348837209,0.23653786505764796,16
vital-sweep-2337,uqg9jba6,81951,0.1,VideoPrism,mean,0.9,5,0.1064695511663023,1,AdamW,reduce,5,reverse_count,256,768,67,0,True,False,0.0015984519453380822,no,21,67,1770261567.4569516,0.7720588235294118,0.8382142003346881,0.6770833333333334,0.5175776902367087,0.7176470588235294,0.7967217708041467,0.5555555555555556,0.7840909090909091,83,0.569620253164557,0.5421686746987951,255,0.8023255813953488,0.2473028133875928,21
sweet-sweep-912,a335dkuz,95349,0.1,VideoPrism,mean,0.9,3,0.11985933454115844,1,AdamW,reduce,4,reverse_count,256,1024,146,0,True,False,0.004169428843673905,no,44,146,1770194044.172727,0.7830882352941176,0.838214200334688,0.6910994764397905,0.536711201948278,0.7333333333333333,0.797282151863267,0.5802469135802469,0.7954545454545454,83,0.5949367088607594,0.5662650602409639,255,0.813953488372093,0.23723274252192697,44
sunny-sweep-544,qwr6043u,80209,0.1,VideoPrism,mean,0.9,5,0.17791498530631988,1,AdamW,reduce,9,reverse_count,256,1024,99,0,True,False,0.000494349379458433,no,27,99,1770177267.8066585,0.7573529411764706,0.8381544346163041,0.6732673267326733,0.5141129914452048,0.7333333333333333,0.7947604370972261,0.6,0.8095238095238095,83,0.5862068965517241,0.6144578313253012,255,0.7906976744186046,0.23405486363389713,27
genial-sweep-2674,8yrhp8l8,84148,0.1,VideoPrism,mean,0.9,4,0.15915025197683874,1,AdamW,reduce,9,reverse_count,256,512,92,0,True,False,0.002336777808423382,no,26,92,1770277753.0348191,0.7720588235294118,0.8380349031795362,0.6868686868686869,0.513633833212011,0.7176470588235294,0.8030260577192491,0.5609756097560976,0.7873563218390804,83,0.5679012345679012,0.5542168674698795,255,0.7965116279069767,0.26093620647061694,26
celestial-sweep-2422,2czsus2i,43067,0.1,VideoPrism,mean,0.9,4,0.40462406909456416,1,AdamW,reduce,9,reverse_count,256,256,180,0,True,False,0.0009031142225562888,no,45,180,1770265671.0972729,0.7647058823529411,0.8379153717427684,0.6631578947368421,0.5133484111112707,0.7254901960784313,0.797072008966097,0.5679012345679012,0.7897727272727273,83,0.5822784810126582,0.5542168674698795,255,0.8081395348837209,0.23640680397570377,45
fearless-sweep-204,ufxr2sbq,93063,0.1,VideoPrism,mean,0.9,3,0.12487975596666928,1,AdamW,reduce,10,reverse_count,256,1024,132,0,True,False,0.00013839470485194912,no,36,132,1770161583.3193717,0.7573529411764706,0.8379153717427683,0.6764705882352942,0.5139870783861946,0.7215686274509804,0.7923788175959653,0.5895953757225434,0.806060606060606,83,0.5666666666666667,0.6144578313253012,255,0.7732558139534884,0.23461864936930932,36
winter-sweep-1125,conojh93,59818,0.1,VideoPrism,mean,0.9,5,0.4973033892252743,1,AdamW,step,8,reverse_count,256,1024,187,0,True,False,0.00037487951047506185,no,52,187,1770204241.5484293,0.7536764705882353,0.8377360745876166,0.6699507389162561,0.515438437461853,0.7333333333333333,0.7949005323620062,0.6046511627906976,0.8132530120481928,83,0.5842696629213483,0.6265060240963856,255,0.7848837209302325,0.23311183737357136,52
winter-sweep-1607,ld5v48es,47576,0.1,VideoPrism,mean,0.9,5,0.37925734063147754,1,AdamW,reduce,3,reverse_count,256,1024,133,0,True,False,0.0003365785947106596,no,39,133,1770227273.613056,0.7536764705882353,0.8376763088692327,0.6794258373205742,0.5129627339980182,0.7254901960784313,0.7937797702437658,0.6022727272727273,0.8148148148148148,83,0.5698924731182796,0.6385542168674698,255,0.7674418604651163,0.24512232194545297,39
dutiful-sweep-282,aoxk97v7,57678,0.1,VideoPrism,mean,0.9,5,0.4029585336825473,1,AdamW,reduce,8,reverse_count,256,768,176,0,True,False,0.0002308521808289248,no,50,176,1770165152.9750807,0.7573529411764706,0.8376165431508487,0.6732673267326733,0.5132836348870221,0.7372549019607844,0.7954609134211265,0.6127167630057804,0.8181818181818182,83,0.5888888888888889,0.6385542168674698,255,0.7848837209302325,0.2454789393102592,50
revived-sweep-114,v0a88zfy,82107,0.1,VideoPrism,mean,0.9,5,0.10355721180040148,1,AdamW,reduce,5,reverse_count,256,1024,188,0,True,False,0.0017642547165744873,no,52,188,1770157232.012237,0.7683823529411765,0.8375567774324648,0.6834170854271356,0.5175580242100883,0.7176470588235294,0.7995236760997477,0.5662650602409639,0.7906976744186046,83,0.5662650602409639,0.5662650602409639,255,0.7906976744186046,0.25422983830756984,52
dainty-sweep-2339,cek12es0,57065,0.1,VideoPrism,mean,0.9,5,0.339645826868519,1,AdamW,reduce,6,reverse_count,256,1024,95,0,True,False,0.00021816212745074393,no,29,95,1770261664.2725008,0.75,0.8373774802773131,0.6730769230769231,0.5148207545280457,0.7215686274509804,0.7939198655085458,0.5988700564971752,0.8136645962732919,83,0.5638297872340425,0.6385542168674698,255,0.7616279069767442,0.24692387124787457,29
toasty-sweep-1474,odndsa5u,49382,0.1,VideoPrism,mean,0.9,4,0.3332029737029819,1,AdamW,reduce,8,reverse_count,256,768,157,0,True,False,0.00043138051406958576,no,47,157,1770220977.6162086,0.7573529411764706,0.8370786516853932,0.67,0.5150268779081457,0.7411764705882353,0.7927991033903053,0.611764705882353,0.8154761904761905,83,0.5977011494252874,0.6265060240963856,255,0.7965116279069767,0.2470099234629257,47
dry-sweep-2615,68tmn41d,60726,0.1,VideoPrism,mean,0.9,5,0.11964525581763832,1,AdamW,reduce,9,reverse_count,256,1024,148,0,True,False,0.0008006148133794614,no,45,148,1770274769.1206586,0.7757352941176471,0.8370786516853932,0.680628272251309,0.5094477008370792,0.7254901960784313,0.7946903894648362,0.5679012345679012,0.7897727272727273,83,0.5822784810126582,0.5542168674698795,255,0.8081395348837209,0.2604057273039451,45
clear-sweep-39,u9jntgdx,75722,0.1,VideoPrism,mean,0.9,5,0.28962487096599243,1,AdamW,reduce,7,reverse_count,256,1024,56,0,True,False,0.0033935029975870564,no,18,56,1770153666.5078666,0.7610294117647058,0.8370188859670095,0.6948356807511737,0.5395237838520723,0.7450980392156863,0.7992434855701878,0.632768361581921,0.8322981366459627,83,0.5957446808510638,0.6746987951807228,255,0.7790697674418605,0.24193918686887997,18
colorful-sweep-2570,ktqi4brz,76198,0.1,VideoPrism,mean,0.9,5,0.1170058353968852,1,AdamW,reduce,8,reverse_count,256,768,103,0,True,False,0.00019761886749497935,no,31,103,1770272811.6824448,0.7610294117647058,0.8370188859670094,0.6766169154228856,0.5105113246861626,0.7294117647058823,0.7928691510226954,0.6011560693641619,0.8121212121212121,83,0.5777777777777777,0.6265060240963856,255,0.7790697674418605,0.2532726313903747,31
vivid-sweep-2619,5nogp63b,52456,0.1,VideoPrism,mean,0.9,4,0.11400811699286378,1,AdamW,reduce,9,reverse_count,256,768,94,0,True,False,0.0004283283938047718,no,25,94,1770274933.3764036,0.7536764705882353,0.8370188859670094,0.6699507389162561,0.5159461498260498,0.7333333333333333,0.794410198935276,0.6,0.8095238095238095,83,0.5862068965517241,0.6144578313253012,255,0.7906976744186046,0.2373047330480838,25
icy-sweep-1033,y2rd1dws,73142,0.1,VideoPrism,mean,0.9,5,0.3955025960500038,1,AdamW,reduce,4,reverse_count,256,1024,164,0,True,False,0.0002411082269653359,no,53,164,1770199731.4751902,0.7683823529411765,0.8370188859670094,0.6834170854271356,0.5084439586190617,0.7411764705882353,0.794480246567666,0.6071428571428571,0.8117647058823529,83,0.6,0.6144578313253012,255,0.8023255813953488,0.2510457750756731,53
balmy-sweep-3082,sjfq2rmg,96418,0.1,VideoPrism,mean,0.9,5,0.4133007350370416,1,AdamW,reduce,8,reverse_count,256,1024,72,0,True,False,0.00034075179951400836,no,19,72,1770297362.9097626,0.75,0.8370188859670094,0.6666666666666666,0.5115212692933924,0.7333333333333333,0.7935696273465956,0.6091954022988506,0.8170731707317073,83,0.5824175824175825,0.6385542168674698,255,0.7790697674418605,0.24427281893216649,19
vital-sweep-538,q1rht6a0,23662,0.1,VideoPrism,mean,0.9,5,0.47889301796583417,1,AdamW,reduce,8,reverse_count,256,1024,162,0,True,False,0.0004708506089365721,no,52,162,1770176981.6032133,0.75,0.8370188859670092,0.6699029126213593,0.5174364763147691,0.7254901960784313,0.7963715326421966,0.6022727272727273,0.8148148148148148,83,0.5698924731182796,0.6385542168674698,255,0.7674418604651163,0.23392329307702872,52
denim-sweep-2034,pvfpp5f5,50492,0.1,VideoPrism,mean,0.9,5,0.1816196134186741,1,AdamW,reduce,7,reverse_count,256,1024,165,0,True,False,0.002976612486981912,no,48,165,1770247375.939741,0.7683823529411765,0.8369591202486254,0.676923076923077,0.5293454738224254,0.7294117647058823,0.7958811992154665,0.5766871165644172,0.7942857142857143,83,0.5875,0.5662650602409639,255,0.8081395348837209,0.23472392631445815,48
fluent-sweep-1379,gz81ly5h,92561,0.1,VideoPrism,mean,0.9,5,0.23998077328256284,1,AdamW,reduce,10,reverse_count,256,768,25,0,True,False,0.002222731414397023,no,7,25,1770216528.7125611,0.7573529411764706,0.8369591202486253,0.6764705882352942,0.5217487671796013,0.7294117647058823,0.8038666293079294,0.5964912280701754,0.8083832335329342,83,0.5795454545454546,0.6144578313253012,255,0.7848837209302325,0.2630183266000709,7
visionary-sweep-641,jezgys75,84622,0.1,VideoPrism,mean,0.9,5,0.22435133106770017,1,AdamW,reduce,7,reverse_count,256,1024,171,0,True,False,0.0003901888778752039,no,50,171,1770181695.2328017,0.7536764705882353,0.8368395888118575,0.6699507389162561,0.5140103767899906,0.7333333333333333,0.794480246567666,0.6046511627906976,0.8132530120481928,83,0.5842696629213483,0.6265060240963856,255,0.7848837209302325,0.23562920214193553,50
decent-sweep-979,c3tw6d6o,52536,0.1,VideoPrism,mean,0.9,4,0.4459620360925152,1,AdamW,reduce,9,reverse_count,256,1024,115,0,True,False,0.0010409705639124725,no,28,115,1770197179.8822231,0.7610294117647058,0.8367798230934735,0.6700507614213198,0.5218006162082448,0.7254901960784313,0.7949005323620062,0.573170731707317,0.7931034482758621,83,0.5802469135802469,0.5662650602409639,255,0.8023255813953488,0.23560052730052575,28
stilted-sweep-3006,ulbwbsar,73221,0.1,VideoPrism,mean,0.9,3,0.23586682050895844,1,AdamW,reduce,7,reverse_count,256,768,36,0,True,False,0.004225779482831028,no,12,36,1770293817.1316216,0.7757352941176471,0.8367200573750897,0.6903553299492385,0.5340015432413887,0.7294117647058823,0.797142056598487,0.5766871165644172,0.7942857142857143,83,0.5875,0.5662650602409639,255,0.8081395348837209,0.2414518046958244,12
mild-sweep-576,xj3u2y6i,38138,0.1,VideoPrism,mean,0.9,4,0.16413368881950124,1,AdamW,step,5,reverse_count,256,1024,74,0,True,False,0.006401035018926991,no,21,74,1770178795.692324,0.7720588235294118,0.8367200573750896,0.6702127659574468,0.5481931742499856,0.7372549019607844,0.796861866068927,0.5838509316770186,0.7966101694915254,83,0.6025641025641025,0.5662650602409639,255,0.8197674418604651,0.24316881880586447,21
deep-sweep-962,jcof3tjk,10089,0.1,VideoPrism,mean,0.9,4,0.1541841210794299,1,AdamW,step,8,reverse_count,256,1024,72,0,True,False,0.0005835347596557429,no,19,72,1770196272.9179015,0.7683823529411765,0.8366005259383218,0.6701570680628273,0.505594369243173,0.7254901960784313,0.7960913421126367,0.5679012345679012,0.7897727272727273,83,0.5822784810126582,0.5542168674698795,255,0.8081395348837209,0.2644901699141452,19
rose-sweep-2549,hd8fq81k,4923,0.1,VideoPrism,mean,0.9,3,0.3163711307251055,1,AdamW,step,10,reverse_count,256,768,94,0,True,False,0.007030774612255552,no,25,94,1770271858.297455,0.7757352941176471,0.836540760219938,0.6772486772486772,0.5387009452371037,0.7254901960784313,0.8021854861305687,0.5569620253164557,0.7833333333333333,83,0.5866666666666667,0.5301204819277109,255,0.8197674418604651,0.25081869223822467,25
avid-sweep-1663,ruvedne6,6491,0.1,VideoPrism,mean,0.9,4,0.4353092323080968,1,AdamW,reduce,6,reverse_count,256,768,45,0,True,False,0.001710668055070295,no,13,45,1770229944.5422184,0.7647058823529411,0.8365407602199378,0.6701030927835051,0.5179261460023767,0.7333333333333333,0.7967918184365369,0.5853658536585366,0.7988505747126436,83,0.5925925925925926,0.5783132530120482,255,0.8081395348837209,0.25485489116265225,13
vivid-sweep-2466,n4bu32wy,29069,0.1,VideoPrism,mean,0.9,3,0.11841722977321156,1,AdamW,reduce,7,reverse_count,256,1024,77,0,True,False,0.0010317453896179691,no,20,77,1770267753.2455,0.7389705882352942,0.8365407602199378,0.6536585365853659,0.5147740069557639,0.7294117647058823,0.7981227234519473,0.5868263473053892,0.8011695906432749,83,0.5833333333333334,0.5903614457831325,255,0.7965116279069767,0.24287547490857392,20
blooming-sweep-1279,yyiz7mxb,16399,0.1,VideoPrism,mean,0.9,5,0.1540028899413981,1,AdamW,reduce,6,reverse_count,256,768,183,0,True,False,0.000938338849079324,no,47,183,1770211951.5861547,0.7536764705882353,0.8364809945015539,0.6763285024154589,0.5168547595248503,0.7411764705882353,0.7951106752591762,0.625,0.8271604938271605,83,0.5913978494623656,0.6626506024096386,255,0.7790697674418605,0.2428447343559883,47
splendid-sweep-895,53qv0p4h,57861,0.1,VideoPrism,mean,0.9,4,0.4289594382017669,1,AdamW,reduce,10,reverse_count,256,1024,28,0,True,False,0.006265686967166681,no,10,28,1770193274.0953922,0.7610294117647058,0.83642122878317,0.6889952153110048,0.5425645183114445,0.7450980392156863,0.8012748669094985,0.6285714285714286,0.8282208588957055,83,0.5978260869565217,0.6626506024096386,255,0.7848837209302325,0.25346285708037464,10
lilac-sweep-2421,u3hbyqap,47655,0.1,VideoPrism,mean,0.9,4,0.11083987386229484,1,AdamW,reduce,8,reverse_count,256,1024,113,0,True,False,0.0009566757456421672,no,33,113,1770265617.4370732,0.7573529411764706,0.83642122878317,0.67,0.5157000387416166,0.7372549019607844,0.797282151863267,0.6035502958579881,0.8106508875739645,83,0.5930232558139535,0.6144578313253012,255,0.7965116279069767,0.24272931937264045,33
earthy-sweep-947,d31qwg20,77933,0.1,VideoPrism,mean,0.9,4,0.3059499310892214,1,AdamW,reduce,10,reverse_count,256,1024,46,0,True,False,0.006306234676903945,no,15,46,1770195614.2749867,0.7316176470588235,0.8363614630647861,0.6755555555555556,0.5439561044468599,0.7372549019607844,0.7979125805547772,0.6378378378378379,0.8431372549019608,83,0.5784313725490197,0.7108433734939759,255,0.75,0.2620342321965376,15
playful-sweep-1716,pdl7cm40,90305,0.1,VideoPrism,mean,0.9,5,0.3732045592622749,1,AdamW,reduce,10,reverse_count,256,1024,192,0,True,False,0.0008214299296828198,no,51,192,1770232374.0078409,0.7573529411764706,0.8363614630647861,0.6666666666666666,0.5161419896518483,0.7176470588235294,0.7961613897450266,0.5609756097560976,0.7873563218390804,83,0.5679012345679012,0.5542168674698795,255,0.7965116279069767,0.2481305829667852,51
stoic-sweep-2326,alxl3rqc,73035,0.1,VideoPrism,mean,0.9,3,0.13858302050533056,1,AdamW,reduce,7,reverse_count,256,256,117,0,True,False,0.0004798632606780087,no,34,117,1770260968.9801502,0.75,0.8363614630647861,0.6761904761904762,0.5174070105833166,0.7215686274509804,0.7909778649481648,0.5942857142857143,0.8098159509202454,83,0.5652173913043478,0.6265060240963856,255,0.7674418604651163,0.2480810548250492,34
worthy-sweep-2441,d5wpdx21,97377,0.1,VideoPrism,mean,0.9,4,0.171223913031686,1,AdamW,reduce,9,reverse_count,256,256,167,0,True,False,0.00029401827781178275,no,47,167,1770266639.558417,0.7573529411764706,0.836361463064786,0.6764705882352942,0.5140792482039508,0.7254901960784313,0.791398150742505,0.5977011494252874,0.8109756097560976,83,0.5714285714285714,0.6265060240963856,255,0.7732558139534884,0.2577784238797933,47
blooming-sweep-1462,mmz8dl4m,57843,0.1,VideoPrism,mean,0.9,3,0.25798107010672555,1,AdamW,reduce,8,reverse_count,256,1024,129,0,True,False,0.0004306981542195073,no,38,129,1770220380.113398,0.7536764705882353,0.8363016973464021,0.6666666666666666,0.5120890421025893,0.7411764705882353,0.7953908657887364,0.611764705882353,0.8154761904761905,83,0.5977011494252874,0.6265060240963856,255,0.7965116279069767,0.24714707350923948,38
daily-sweep-828,2ynv4loh,89893,0.1,VideoPrism,mean,0.9,3,0.3747439212505778,1,AdamW,reduce,5,reverse_count,256,512,72,0,True,False,0.00485102688557716,no,22,72,1770190202.949519,0.7647058823529411,0.836301697346402,0.6952380952380952,0.5203342998729032,0.7333333333333333,0.8065984869711403,0.6091954022988506,0.8170731707317073,83,0.5824175824175825,0.6385542168674698,255,0.7790697674418605,0.27828908413045317,22
winter-sweep-2941,pcmlyst2,92948,0.1,VideoPrism,mean,0.9,4,0.4412791537303994,1,AdamW,reduce,9,reverse_count,256,1024,111,0,True,False,0.00030836123059898955,no,34,111,1770290675.0166886,0.7610294117647058,0.836301697346402,0.6798029556650246,0.5132231852587532,0.7333333333333333,0.794410198935276,0.6,0.8095238095238095,83,0.5862068965517241,0.6144578313253012,255,0.7906976744186046,0.2454148371692611,34
winter-sweep-2208,pqn9lcp4,69271,0.1,VideoPrism,mean,0.9,3,0.10641544372549436,1,AdamW,reduce,6,reverse_count,256,768,100,0,True,False,0.0008199112075539401,no,32,100,1770255569.510346,0.7610294117647058,0.8362419316280182,0.6666666666666666,0.5069611212786507,0.7215686274509804,0.7945502942000561,0.5644171779141104,0.7885714285714286,83,0.575,0.5542168674698795,255,0.8023255813953488,0.2564311980718543,32
faithful-sweep-3019,xsba5f49,21220,0.1,VideoPrism,mean,0.9,5,0.2704853028482817,1,AdamW,reduce,7,reverse_count,256,1024,179,0,True,False,0.0018973895451289305,no,48,179,1770294492.0237222,0.7683823529411765,0.8361224001912503,0.676923076923077,0.5258909078205333,0.7254901960784313,0.7995236760997478,0.573170731707317,0.7931034482758621,83,0.5802469135802469,0.5662650602409639,255,0.8023255813953488,0.25469572679233937,48
pretty-sweep-2666,qfuzurdc,88558,0.1,VideoPrism,mean,0.9,4,0.1864028435286782,1,AdamW,reduce,6,reverse_count,256,256,138,0,True,False,0.0006605533359951308,no,35,138,1770277375.5067325,0.7647058823529411,0.8360626344728663,0.673469387755102,0.514497227528516,0.7372549019607844,0.7949005323620063,0.5988023952095808,0.8070175438596491,83,0.5952380952380952,0.6024096385542169,255,0.8023255813953488,0.24992263558422503,35
major-sweep-3170,cv3r738l,35994,0.1,VideoPrism,mean,0.9,5,0.14246969871413967,1,AdamW,reduce,9,reverse_count,256,512,104,0,True,False,0.00023296839692887953,no,33,104,1770301714.2050176,0.7536764705882353,0.8360626344728663,0.6699507389162561,0.5168385716045604,0.7254901960784313,0.7933594844494256,0.5977011494252874,0.8109756097560976,83,0.5714285714285714,0.6265060240963856,255,0.7732558139534884,0.2471317362930128,33
lyric-sweep-107,2wqnhnoy,98013,0.1,VideoPrism,mean,0.9,4,0.1018033897636244,1,AdamW,step,9,reverse_count,256,1024,90,0,True,False,0.00143237623332222,no,27,90,1770156887.2031915,0.7610294117647058,0.8360028687544825,0.6666666666666666,0.5160743103307837,0.7254901960784313,0.797212104230877,0.5679012345679012,0.7897727272727273,83,0.5822784810126582,0.5542168674698795,255,0.8081395348837209,0.24696258470597057,27
robust-sweep-3109,kmbelin1,51336,0.1,VideoPrism,mean,0.9,5,0.11510842123257033,1,AdamW,reduce,6,reverse_count,256,1024,130,0,True,False,0.0007990311360669099,no,40,130,1770298563.0824175,0.7647058823529411,0.8358833373177146,0.6701030927835051,0.5126468714545754,0.7215686274509804,0.7963014850098067,0.5644171779141104,0.7885714285714286,83,0.575,0.5542168674698795,255,0.8023255813953488,0.2547235418307154,40
comic-sweep-1570,jvrp3fqz,53042,0.1,VideoPrism,mean,0.9,5,0.15044764837175972,1,AdamW,reduce,8,reverse_count,256,1024,194,0,True,False,0.00013299083141849496,no,48,194,1770225361.779086,0.7573529411764706,0.8358235715993306,0.6764705882352942,0.516017966410693,0.7294117647058823,0.7940599607733259,0.6057142857142858,0.8159509202453987,83,0.5760869565217391,0.6385542168674698,255,0.7732558139534884,0.2484557800568067,48
revived-sweep-2437,mv2nnred,87811,0.1,VideoPrism,mean,0.9,5,0.4464420329668484,1,AdamW,reduce,8,reverse_count,256,1024,123,0,True,False,0.0002005288904432504,no,39,123,1770266430.8214798,0.7573529411764706,0.8358235715993306,0.6764705882352942,0.5124933369019452,0.7254901960784313,0.7931493415522557,0.5930232558139535,0.8072289156626506,83,0.5730337078651685,0.6144578313253012,255,0.7790697674418605,0.253365512077625,39
sunny-sweep-775,3cmkr1w2,18718,0.1,VideoPrism,mean,0.9,4,0.4359255052630549,1,AdamW,reduce,7,reverse_count,256,1024,160,0,True,False,0.003486382126059232,no,47,160,1770187686.7573411,0.7610294117647058,0.8357638058809467,0.6859903381642513,0.5280819570316988,0.7215686274509804,0.7989632950406277,0.5798816568047337,0.7988165680473372,83,0.5697674418604651,0.5903614457831325,255,0.7848837209302325,0.24777107441473584,47
flowing-sweep-312,s2k2gz42,68815,0.1,VideoPrism,mean,0.9,5,0.17120123204792517,1,AdamW,reduce,5,reverse_count,256,1024,33,0,True,False,0.0006399614612474349,no,6,33,1770166488.9849565,0.7683823529411765,0.8357638058809467,0.6802030456852792,0.5086833729463465,0.7333333333333333,0.7966517231717568,0.5853658536585366,0.7988505747126436,83,0.5925925925925926,0.5783132530120482,255,0.8081395348837209,0.26833107186715127,6
fearless-sweep-1168,f51laean,8165,0.1,VideoPrism,mean,0.9,5,0.3186076104701898,1,AdamW,reduce,7,reverse_count,256,1024,186,0,True,False,0.00018853781423223064,no,55,186,1770206336.4958684,0.75,0.8357638058809467,0.6666666666666666,0.5136699255775002,0.7294117647058823,0.7956010086859063,0.5964912280701754,0.8083832335329342,83,0.5795454545454546,0.6144578313253012,255,0.7848837209302325,0.24605013653334337,55
daily-sweep-3076,nyosix2m,34216,0.1,VideoPrism,mean,0.9,4,0.3551102716525897,1,AdamW,reduce,6,reverse_count,256,1024,127,0,True,False,0.00022437714651894503,no,32,127,1770297062.850791,0.7536764705882353,0.8357638058809467,0.6763285024154589,0.5098429392365849,0.7333333333333333,0.7951106752591763,0.6046511627906976,0.8132530120481928,83,0.5842696629213483,0.6265060240963856,255,0.7848837209302325,0.2539615311362,32
expert-sweep-58,fhiq8x3q,74969,0.1,VideoPrism,mean,0.9,5,0.2392148523026709,1,AdamW,reduce,7,reverse_count,256,512,86,0,True,False,0.001532112010273254,no,18,86,1770154522.535604,0.75,0.8357638058809467,0.6730769230769231,0.5202738397261676,0.7215686274509804,0.7970019613337069,0.5988700564971752,0.8136645962732919,83,0.5638297872340425,0.6385542168674698,255,0.7616279069767442,0.25285784206409684,18
splendid-sweep-1417,vkbsofi2,68437,0.1,VideoPrism,mean,0.9,5,0.1519301407743263,1,AdamW,reduce,6,reverse_count,256,1024,142,0,True,False,0.0007481314558560716,no,43,142,1770218248.6680653,0.7573529411764706,0.8357040401625627,0.65625,0.5165960648480583,0.7294117647058823,0.7952507705239563,0.5766871165644172,0.7942857142857143,83,0.5875,0.5662650602409639,255,0.8081395348837209,0.2458609171241884,43
glad-sweep-675,f7d14i9u,85376,0.1,VideoPrism,mean,0.9,5,0.32681222865209036,1,AdamW,reduce,6,reverse_count,256,1024,40,0,True,False,0.0010167095454310805,yes,15,40,1770183295.7181363,0.7683823529411765,0.8357040401625627,0.676923076923077,0.5171882229692796,0.7333333333333333,0.7979826281871673,0.5802469135802469,0.7954545454545454,83,0.5949367088607594,0.5662650602409639,255,0.813953488372093,0.25575979434044255,15
unique-sweep-368,tw17pr5y,86555,0.1,VideoPrism,mean,0.9,5,0.1397218017470718,1,AdamW,step,10,reverse_count,256,1024,82,0,True,False,0.0005342008783077007,no,26,82,1770169023.693384,0.7610294117647058,0.8357040401625627,0.6700507614213198,0.511071990518009,0.7254901960784313,0.794550294200056,0.573170731707317,0.7931034482758621,83,0.5802469135802469,0.5662650602409639,255,0.8023255813953488,0.24148536380003335,26
revived-sweep-2386,vzhlkzxn,83892,0.1,VideoPrism,mean,0.9,4,0.2687283191433266,1,AdamW,reduce,7,reverse_count,256,512,101,0,True,False,0.0005322909082266315,no,30,101,1770264044.3307996,0.7536764705882353,0.8356442744441789,0.6666666666666666,0.5163597219130572,0.7333333333333333,0.7923788175959653,0.6046511627906976,0.8132530120481928,83,0.5842696629213483,0.6265060240963856,255,0.7848837209302325,0.24829643367514437,30
zesty-sweep-2489,hsuhc9md,53159,0.1,VideoPrism,mean,0.9,5,0.14911977862988612,1,AdamW,reduce,10,reverse_count,256,768,162,0,True,False,0.0006642248620631735,no,41,162,1770268941.729444,0.7610294117647058,0.8356442744441788,0.6632124352331606,0.5136965898906484,0.7215686274509804,0.7945502942000561,0.5644171779141104,0.7885714285714286,83,0.575,0.5542168674698795,255,0.8023255813953488,0.2587055091553854,41
legendary-sweep-1196,mtufq4hk,78715,0.1,VideoPrism,mean,0.9,5,0.2086613428091643,1,AdamW,reduce,8,reverse_count,256,512,178,0,True,False,0.00033490344180727105,no,47,178,1770207845.0339296,0.7610294117647058,0.8356442744441788,0.6766169154228856,0.5128388439907747,0.7372549019607844,0.7933594844494257,0.6035502958579881,0.8106508875739645,83,0.5930232558139535,0.6144578313253012,255,0.7965116279069767,0.25374293520383023,47
rare-sweep-2393,ra5nve9s,15420,0.1,VJEPA2_SSV2,mean,0.9,5,0.32990268056999794,1,AdamW,step,4,tongue_twister,256,1024,117,0,True,False,0.0002266602544756441,no,42,117,1770275501.6737523,0.7698412698412699,0.8298752326463087,0.6947368421052632,0.5132875442504883,0.7381974248927039,0.7901580826109128,0.6114649681528662,0.8266666666666667,74,0.5783132530120482,0.6486486486486487,233,0.779874213836478,0.26797670152218855,42
different-sweep-2104,rrnf4ys3,81317,0.1,VJEPA2_SSV2,mean,0.9,5,0.3135030755706914,1,AdamW,reduce,5,tongue_twister,256,1024,163,0,True,False,0.0004268193836493868,no,54,163,1770261283.5860102,0.7658730158730159,0.8292548424898325,0.6844919786096256,0.5074028968811035,0.7339055793991416,0.7917729049804522,0.5974025974025974,0.8169934640522876,74,0.575,0.6216216216216216,233,0.7861635220125787,0.2749703286240279,54
legendary-sweep-1034,3s18l8m5,45117,0.1,VJEPA2_SSV2,mean,0.9,4,0.4081035978187269,1,AdamW,step,8,tongue_twister,256,1024,123,0,True,False,0.0004040855596858499,no,43,123,1770206270.1441774,0.7738095238095238,0.8289791135313986,0.6951871657754011,0.5106043815612793,0.7553648068669528,0.7944926058133605,0.6225165562913907,0.8269230769230769,74,0.6103896103896104,0.6351351351351351,233,0.8113207547169812,0.262452066272891,43
leafy-sweep-2082,0p7a4wsy,33564,0.1,VJEPA2_SSV2,mean,0.9,3,0.12206321513960586,1,AdamW,reduce,6,tongue_twister,256,256,39,0,True,False,0.004749908278154534,no,19,39,1770260132.992744,0.753968253968254,0.8289101812917902,0.6702127659574468,0.5088468194007874,0.7424892703862661,0.7740098589155193,0.5774647887323944,0.8,74,0.6029411764705882,0.5540540540540541,233,0.8301886792452831,0.35040982481141447,19
flowing-sweep-1989,rgwmvnmr,5199,0.1,VJEPA2_SSV2,mean,0.9,5,0.4084560283281339,1,AdamW,reduce,4,tongue_twister,256,1024,69,0,True,False,0.00016676438294969354,no,29,69,1770255330.293646,0.753968253968254,0.8287723168125731,0.6477272727272727,0.5011191964149475,0.7682403433476395,0.7938976712561618,0.6086956521739131,0.8106508875739645,74,0.65625,0.5675675675675675,233,0.8616352201257862,0.29070276363305586,29
generous-sweep-2591,vnyzsaps,6478,0.1,VJEPA2_SSV2,mean,0.9,3,0.20957341085745576,1,AdamW,reduce,6,tongue_twister,256,1024,134,0,True,False,0.0052643977739851265,no,45,134,1770285773.727372,0.75,0.8285655200937478,0.5771812080536913,0.4924302399158478,0.7296137339055794,0.7485976542580317,0.4878048780487805,0.7608695652173914,74,0.6122448979591837,0.40540540540540543,233,0.8805031446540881,0.5383973310697446,45
lively-sweep-1234,xyteo77k,39527,0.1,VJEPA2_SSV2,mean,0.9,3,0.3491608512083742,1,AdamW,reduce,9,tongue_twister,256,768,142,0,True,False,0.00020111907876393432,no,49,142,1770216474.994182,0.7698412698412699,0.8281519266560969,0.6847826086956522,0.5083035230636597,0.7510729613733905,0.792622811490736,0.6081081081081081,0.8176100628930818,74,0.6081081081081081,0.6081081081081081,233,0.8176100628930818,0.26703258915619704,49
dainty-sweep-1264,kpimthit,68388,0.1,VJEPA2_SSV2,mean,0.9,5,0.20702110010232583,1,AdamW,reduce,10,tongue_twister,256,768,99,0,True,False,0.00012289251698859773,no,39,99,1770218070.216556,0.7698412698412699,0.8271868753015785,0.6847826086956522,0.5093982815742493,0.7381974248927039,0.791942886282509,0.6064516129032258,0.8223684210526315,74,0.5802469135802469,0.6351351351351351,233,0.7861635220125787,0.2694525024833133,39
fallen-sweep-2706,jxz1nbyk,18210,0.1,VJEPA2_SSV2,mean,0.9,3,0.4455319874811964,1,AdamW,reduce,8,tongue_twister,256,1024,46,0,True,False,0.000436280179942907,no,19,46,1770291405.1709173,0.7698412698412699,0.8270490108223617,0.6881720430107527,0.5090309381484985,0.7424892703862661,0.793727689954105,0.589041095890411,0.8074534161490683,74,0.5972222222222222,0.581081081081081,233,0.8176100628930818,0.29025210000344837,19
eager-sweep-1148,84jwthcc,38119,0.1,VJEPA2_SSV2,mean,0.9,4,0.4330280278357555,1,AdamW,reduce,4,tongue_twister,256,768,94,0,True,False,0.00024987191962892876,no,35,94,1770212028.8116202,0.7698412698412699,0.8267732818639277,0.6777777777777778,0.50531405210495,0.7553648068669528,0.7933027366989631,0.5957446808510638,0.8072289156626506,74,0.6268656716417911,0.5675675675675675,233,0.8427672955974843,0.29960686060300484,35
proud-sweep-1183,vj28th8s,72561,0.1,VJEPA2_SSV2,mean,0.9,3,0.26630791087741146,1,AdamW,reduce,5,tongue_twister,256,768,78,0,True,False,6.0099193651953775e-05,no,32,78,1770213851.2633038,0.7777777777777778,0.8267043496243193,0.7021276595744681,0.5061046481132507,0.7467811158798283,0.7899031106578276,0.609271523178808,0.8205128205128205,74,0.5974025974025974,0.6216216216216216,233,0.8050314465408805,0.28717389190774656,32
crimson-sweep-811,mitjz2fn,22769,0.1,VJEPA2_SSV2,mean,0.9,4,0.35046506274267086,1,AdamW,reduce,3,tongue_twister,256,768,62,0,True,False,5.81291156959365e-05,no,25,62,1770195228.6482666,0.7698412698412699,0.8266354173847108,0.6947368421052632,0.5051763653755188,0.7467811158798283,0.7904980452150264,0.6143790849673203,0.8246753246753247,74,0.5949367088607594,0.6351351351351351,233,0.7987421383647799,0.2834971195275563,25
helpful-sweep-2390,p1l66dfk,8044,0.1,VJEPA2_SSV2,mean,0.9,4,0.3057169828818923,1,AdamW,step,5,tongue_twister,256,512,100,0,True,False,0.0005622537520989158,no,35,100,1770275316.42459,0.7738095238095238,0.826497552905494,0.6951871657754011,0.5131369233131409,0.7467811158798283,0.7882882882882882,0.6040268456375839,0.8164556962025317,74,0.6,0.6081081081081081,233,0.8113207547169812,0.2790088422497989,35
peach-sweep-363,p31xrejc,91271,0.1,VJEPA2_SSV2,mean,0.9,5,0.3676323921947232,1,AdamW,reduce,3,tongue_twister,256,1024,185,0,True,False,0.0004069771784485577,no,60,185,1770171792.892913,0.7658730158730159,0.8264286206658854,0.6810810810810811,0.5128399133682251,0.7381974248927039,0.7918578956314805,0.5850340136054422,0.80625,74,0.589041095890411,0.581081081081081,233,0.8113207547169812,0.2697894980203738,60
flowing-sweep-1951,k7eae8h8,72045,0.1,VJEPA2_SSV2,mean,0.9,5,0.40130050709426424,1,AdamW,reduce,4,tongue_twister,256,768,107,0,True,False,0.0009364602632243044,no,33,107,1770253325.8933225,0.7698412698412699,0.8262907561866686,0.6881720430107527,0.5111106634140015,0.7467811158798283,0.7875233724290329,0.5874125874125874,0.8048780487804879,74,0.6086956521739131,0.5675675675675675,233,0.8301886792452831,0.29751056216099186,33
sparkling-sweep-562,qad9ds5t,57063,0.1,VJEPA2_SSV2,mean,0.9,5,0.470796097900796,1,AdamW,reduce,5,tongue_twister,256,1024,144,0,True,False,0.0008540628377982307,no,47,144,1770182660.5495408,0.7619047619047619,0.8262907561866685,0.6774193548387096,0.5131556391716003,0.7381974248927039,0.7944076151623322,0.5960264900662252,0.8141025641025641,74,0.5844155844155844,0.6081081081081081,233,0.7987421383647799,0.28682122986747305,47
worldly-sweep-2823,gjr0rxqu,13339,0.1,VJEPA2_SSV2,mean,0.9,3,0.4785466512692813,1,AdamW,step,7,tongue_twister,256,1024,158,0,True,False,0.0032781489253981264,no,49,158,1770297256.3000052,0.7777777777777778,0.8259460949886261,0.6989247311827957,0.5258186459541321,0.7381974248927039,0.7755396906340304,0.5960264900662252,0.8141025641025641,74,0.5844155844155844,0.6081081081081081,233,0.7987421383647799,0.28728338393345804,49
daily-sweep-1682,ossef4nu,77174,0.1,VJEPA2_SSV2,mean,0.9,5,0.42573226860272273,1,AdamW,reduce,8,tongue_twister,256,256,74,0,True,False,0.0005771402765982395,no,32,74,1770239502.99564,0.7698412698412699,0.8256014337905838,0.6847826086956522,0.5072981119155884,0.7553648068669528,0.7891381947985722,0.6013986013986014,0.8109756097560976,74,0.6231884057971014,0.581081081081081,233,0.8364779874213837,0.3050504379335479,32
feasible-sweep-1828,ipsk0chd,5975,0.1,VJEPA2_SSV2,mean,0.9,3,0.20935661737587963,1,AdamW,reduce,4,tongue_twister,256,768,102,0,True,False,0.00020146214790859096,no,39,102,1770246875.6906831,0.7619047619047619,0.8253257048321498,0.6629213483146067,0.5135968327522278,0.7553648068669528,0.7960224375318715,0.6068965517241379,0.8148148148148148,74,0.6197183098591549,0.5945945945945946,233,0.8301886792452831,0.2718625176320517,39
lemon-sweep-2496,z2plo23y,53061,0.1,VJEPA2_SSV2,mean,0.9,5,0.3049907183959336,1,AdamW,reduce,8,tongue_twister,256,1024,175,0,True,False,3.2306103014872246e-05,no,54,175,1770281039.6332507,0.7698412698412699,0.825187840352933,0.6881720430107527,0.5089887380599976,0.7424892703862661,0.787778344382118,0.6103896103896104,0.8235294117647058,74,0.5875,0.6351351351351351,233,0.7924528301886793,0.2856424729204388,54
crimson-sweep-1332,lrcn0653,39333,0.1,VJEPA2_SSV2,mean,0.9,5,0.4118921323776371,1,AdamW,step,5,tongue_twister,256,512,174,0,True,False,0.00012912594552248142,no,56,174,1770221629.644317,0.7698412698412699,0.8251189081133247,0.6914893617021277,0.5090944170951843,0.7424892703862661,0.788628250892402,0.6103896103896104,0.8235294117647058,74,0.5875,0.6351351351351351,233,0.7924528301886793,0.2978347073830172,56
light-sweep-153,7wkhjo0l,97079,0.1,VJEPA2_SSV2,mean,0.9,4,0.48120635771332554,1,AdamW,reduce,5,tongue_twister,256,1024,194,0,True,False,3.8717421531014286e-05,no,71,194,1770160539.407482,0.7738095238095238,0.8251189081133246,0.6951871657754011,0.5068359375,0.7296137339055794,0.7928777834438213,0.5827814569536424,0.8076923076923077,74,0.5714285714285714,0.5945945945945946,233,0.7924528301886793,0.28490564082687647,71
soft-sweep-434,1o99a6r4,92007,0.1,VJEPA2_SSV2,mean,0.9,4,0.1269462208143183,1,AdamW,reduce,4,tongue_twister,256,1024,76,0,True,False,0.0003582446448006238,no,32,76,1770175694.8524344,0.7698412698412699,0.8251189081133246,0.6881720430107527,0.5064257383346558,0.759656652360515,0.7928777834438212,0.6164383561643836,0.8198757763975155,74,0.625,0.6081081081081081,233,0.8301886792452831,0.29987186685795303,32
morning-sweep-1198,u1neoy4z,83555,0.1,VJEPA2_SSV2,mean,0.9,4,0.15120459191466798,1,AdamW,reduce,10,tongue_twister,256,1024,69,0,True,False,0.0004388694657801373,no,26,69,1770214560.7809331,0.7698412698412699,0.8250499758737161,0.6881720430107527,0.5153209567070007,0.7510729613733905,0.7883732789393167,0.6081081081081081,0.8176100628930818,74,0.6081081081081081,0.6081081081081081,233,0.8176100628930818,0.2671950670197147,26
decent-sweep-698,03rdprh2,12721,0.1,VJEPA2_SSV2,mean,0.9,4,0.17497334467752013,1,AdamW,reduce,5,tongue_twister,256,1024,25,0,True,False,0.00020518234777507752,no,16,25,1770189287.8189416,0.7658730158730159,0.825049975873716,0.6740331491712708,0.5106862187385559,0.7510729613733905,0.7979772225055244,0.5972222222222222,0.8098159509202454,74,0.6142857142857143,0.581081081081081,233,0.8301886792452831,0.25986179466552145,16
visionary-sweep-667,52fe50b8,79329,0.1,VJEPA2_SSV2,mean,0.9,4,0.21188589056978613,1,AdamW,step,7,tongue_twister,256,1024,29,0,True,False,0.0002354776029378942,no,15,29,1770187639.649546,0.7658730158730159,0.8249810436341077,0.6810810810810811,0.5104323029518127,0.7510729613733905,0.7936426993030767,0.6081081081081081,0.8176100628930818,74,0.6081081081081081,0.6081081081081081,233,0.8176100628930818,0.2682031704203148,15
valiant-sweep-1105,tigsm09y,45661,0.1,VJEPA2_SSV2,mean,0.9,4,0.4616508651120256,1,AdamW,reduce,5,tongue_twister,256,256,150,0,True,False,0.0003317017147482645,no,51,150,1770209842.509173,0.7738095238095238,0.8249810436341077,0.6984126984126984,0.5064436793327332,0.7510729613733905,0.7871834098249192,0.6081081081081081,0.8176100628930818,74,0.6081081081081081,0.6081081081081081,233,0.8176100628930818,0.3085194315416697,51
devout-sweep-2374,89rlpg4h,29474,0.1,VJEPA2_SSV2,mean,0.9,4,0.48710276361442584,1,AdamW,reduce,3,tongue_twister,256,1024,155,0,True,False,0.0003558419164876777,no,54,155,1770274435.2818372,0.753968253968254,0.8249810436341077,0.6555555555555556,0.5111795663833618,0.7553648068669528,0.7933027366989631,0.6013986013986014,0.8109756097560976,74,0.6231884057971014,0.581081081081081,233,0.8364779874213837,0.28013482768630144,54
graceful-sweep-820,cblow739,63903,0.1,VJEPA2_SSV2,mean,0.9,4,0.1111624297545919,1,AdamW,step,8,tongue_twister,256,768,122,0,True,False,0.0004234369719212327,no,40,122,1770195691.4589927,0.7619047619047619,0.8249121113944992,0.6739130434782609,0.5141279697418213,0.7467811158798283,0.7870134285228625,0.609271523178808,0.8205128205128205,74,0.5974025974025974,0.6216216216216216,233,0.8050314465408805,0.2599375861069179,40
iconic-sweep-298,crscwz2g,83426,0.1,VJEPA2_SSV2,mean,0.9,4,0.3348667978960458,1,AdamW,step,4,tongue_twister,256,1024,118,0,True,False,0.0003784922629046481,no,41,118,1770168320.6222186,0.7579365079365079,0.8249121113944992,0.659217877094972,0.513815701007843,0.7424892703862661,0.7905830358660548,0.5833333333333334,0.803680981595092,74,0.6,0.5675675675675675,233,0.8238993710691824,0.29451426128458874,41
resilient-sweep-2528,412y65u4,35355,0.1,VJEPA2_SSV2,mean,0.9,5,0.29638832534862625,1,AdamW,step,5,tongue_twister,256,768,173,0,True,False,0.0001366930019504977,no,56,173,1770282724.6988063,0.7698412698412699,0.8248431791548908,0.6881720430107527,0.50808185338974,0.7339055793991416,0.7908380078191399,0.5866666666666667,0.8089171974522293,74,0.5789473684210527,0.5945945945945946,233,0.7987421383647799,0.2861023853791443,56
different-sweep-642,jx7w4to6,99550,0.1,VJEPA2_SSV2,mean,0.9,3,0.1022621312329774,1,AdamW,reduce,5,tongue_twister,256,1024,40,0,True,False,0.0007027149797760744,no,16,40,1770186549.415372,0.7738095238095238,0.8248431791548907,0.6984126984126984,0.5176736116409302,0.7467811158798283,0.7836987931327555,0.6040268456375839,0.8164556962025317,74,0.6,0.6081081081081081,233,0.8113207547169812,0.29535530133394416,16
apricot-sweep-865,y5r2i5xx,29371,0.1,VJEPA2_SSV2,mean,0.9,4,0.3137807009489705,1,AdamW,reduce,5,tongue_twister,256,1024,182,0,True,False,0.0001951128645363713,no,62,182,1770197918.27466,0.7738095238095238,0.8248431791548907,0.6918918918918919,0.509964644908905,0.7467811158798283,0.7938126806051334,0.609271523178808,0.8205128205128205,74,0.5974025974025974,0.6216216216216216,233,0.8050314465408805,0.2663463560232507,62
efficient-sweep-1941,fbgt9tr3,76981,0.1,VJEPA2_SSV2,mean,0.9,5,0.30014286957165115,1,AdamW,reduce,3,tongue_twister,256,256,116,0,True,False,0.0009043799531307128,yes,38,116,1770252782.1610465,0.7619047619047619,0.8248431791548907,0.6703296703296703,0.5129386186599731,0.7510729613733905,0.7892231854496006,0.5972222222222222,0.8098159509202454,74,0.6142857142857143,0.581081081081081,233,0.8301886792452831,0.3139419459823995,38
youthful-sweep-693,f39m94qa,74433,0.1,VJEPA2_SSV2,mean,0.9,5,0.20376226055846752,1,AdamW,step,9,tongue_twister,256,1024,154,0,True,False,3.155261788175523e-05,no,49,154,1770189028.710421,0.7777777777777778,0.8247053146756739,0.6989247311827957,0.5109864473342896,0.7339055793991416,0.7914329423763387,0.6025641025641025,0.8211920529801324,74,0.573170731707317,0.6351351351351351,233,0.779874213836478,0.266847682091108,49
eternal-sweep-2507,7glu6s4n,25598,0.1,VJEPA2_SSV2,mean,0.9,4,0.28522993403721025,1,AdamW,reduce,6,tongue_twister,256,768,142,0,True,False,0.0008011631582261569,no,48,142,1770281655.6283698,0.7658730158730159,0.8245674501964568,0.6910994764397905,0.518085241317749,0.7424892703862661,0.7870984191738909,0.6103896103896104,0.8235294117647058,74,0.5875,0.6351351351351351,233,0.7924528301886793,0.295480946087102,48
distinctive-sweep-2898,cixlm463,48871,0.1,VJEPA2_SSV2,mean,0.9,5,0.24580303058690364,1,AdamW,reduce,4,tongue_twister,256,256,91,0,True,False,0.0006464804514049224,no,37,91,1770301161.4234858,0.7658730158730159,0.8245674501964568,0.6844919786096256,0.5200722813606262,0.7296137339055794,0.784718680945096,0.5827814569536424,0.8076923076923077,74,0.5714285714285714,0.5945945945945946,233,0.7924528301886793,0.3023183513843015,37
glad-sweep-236,cpghif67,77716,0.1,VJEPA2_SSV2,mean,0.9,4,0.2787257315548977,1,AdamW,reduce,5,tongue_twister,256,1024,189,0,True,False,7.628145671785433e-05,no,61,189,1770165111.7702086,0.7658730158730159,0.8245674501964568,0.6910994764397905,0.5078043341636658,0.7296137339055794,0.786248512663607,0.5935483870967742,0.8157894736842105,74,0.5679012345679012,0.6216216216216216,233,0.779874213836478,0.31024297389164895,61
classic-sweep-2071,00twj3fd,98563,0.1,VJEPA2_SSV2,mean,0.9,5,0.4643771173551766,1,AdamW,reduce,7,tongue_twister,256,512,182,0,True,False,0.0003699153070401211,no,57,182,1770259560.1768932,0.7579365079365079,0.8244985179568485,0.659217877094972,0.5048773288726807,0.7639484978540773,0.7901580826109128,0.60431654676259,0.8095238095238095,74,0.6461538461538462,0.5675675675675675,233,0.8553459119496856,0.31848907326286585,57
peach-sweep-2834,r75vsd62,5310,0.1,VJEPA2_SSV2,mean,0.9,5,0.2807090541495286,1,AdamW,reduce,9,tongue_twister,256,768,141,0,True,False,4.6065788531710874e-05,no,48,141,1770297767.0639887,0.7619047619047619,0.8244985179568484,0.6842105263157895,0.5093870759010315,0.7424892703862661,0.7893931667516573,0.6153846153846154,0.8278145695364238,74,0.5853658536585366,0.6486486486486487,233,0.7861635220125787,0.2993087944480291,48
eager-sweep-1948,gulg86p3,30389,0.1,VJEPA2_SSV2,mean,0.9,4,0.37461122131331914,1,AdamW,reduce,8,tongue_twister,256,1024,167,0,True,False,3.335412708706385e-05,no,55,167,1770253158.5280435,0.7738095238095238,0.8244985179568484,0.6951871657754011,0.5080592036247253,0.7424892703862661,0.7882882882882883,0.6052631578947368,0.8193548387096774,74,0.5897435897435898,0.6216216216216216,233,0.7987421383647799,0.2864053622872819,55
unique-sweep-2073,c6r4s4wi,99893,0.1,VJEPA2_SSV2,mean,0.9,3,0.20214423956192815,1,AdamW,reduce,4,tongue_twister,256,1024,156,0,True,False,0.000567319884665488,no,53,156,1770259658.640918,0.7579365079365079,0.8243606534776315,0.6629834254143646,0.512093722820282,0.7639484978540773,0.7793642699303077,0.6153846153846154,0.8170731707317073,74,0.6376811594202898,0.5945945945945946,233,0.8427672955974843,0.2955735945491539,53
lively-sweep-422,37kjmjjl,97846,0.1,VJEPA2_SSV2,mean,0.9,4,0.4516931836105995,1,AdamW,step,9,tongue_twister,256,768,76,0,True,False,0.00016073357221765245,no,31,76,1770175011.3544369,0.7698412698412699,0.8243606534776314,0.6813186813186813,0.5138100385665894,0.7510729613733905,0.7891381947985723,0.6081081081081081,0.8176100628930818,74,0.6081081081081081,0.6081081081081081,233,0.8176100628930818,0.2735136743421597,31
dazzling-sweep-1467,2iqdwjsh,99494,0.1,VJEPA2_SSV2,mean,0.9,4,0.1781035623740783,1,AdamW,reduce,4,tongue_twister,256,256,174,0,True,False,0.00023630995632027585,no,55,174,1770228390.5035172,0.7698412698412699,0.8243606534776314,0.6914893617021277,0.504975438117981,0.7553648068669528,0.7855685874553799,0.6174496644295302,0.8227848101265823,74,0.6133333333333333,0.6216216216216216,233,0.8176100628930818,0.3239900716600964,55
fresh-sweep-2894,il1aggwp,71312,0.1,VJEPA2_SSV2,mean,0.9,3,0.2228016206083379,1,AdamW,step,8,tongue_twister,256,512,159,0,True,False,0.0010337951278698932,no,49,159,1770300956.8875742,0.7619047619047619,0.8243606534776314,0.6875,0.5167456865310669,0.7339055793991416,0.789308176100629,0.5974025974025974,0.8169934640522876,74,0.575,0.6216216216216216,233,0.7861635220125787,0.32751068144642836,49
quiet-sweep-1804,wrz8mr3w,19240,0.1,VJEPA2_SSV2,mean,0.9,5,0.2972365769134849,1,AdamW,reduce,4,tongue_twister,256,1024,45,0,True,False,0.00012510155587703946,no,16,45,1770245705.3903856,0.7579365079365079,0.8242917212380231,0.680628272251309,0.511040985584259,0.7424892703862661,0.7895631480537141,0.6103896103896104,0.8235294117647058,74,0.5875,0.6351351351351351,233,0.7924528301886793,0.3023349033578377,16
bright-sweep-2010,etjr273t,21888,0.1,VJEPA2_SSV2,mean,0.9,5,0.11810182497687052,1,AdamW,step,4,tongue_twister,256,768,123,0,True,False,4.0351479153424295e-05,no,40,123,1770256416.231778,0.7698412698412699,0.8242917212380231,0.6914893617021277,0.5081174373626709,0.7424892703862661,0.7927927927927929,0.6103896103896104,0.8235294117647058,74,0.5875,0.6351351351351351,233,0.7924528301886793,0.28604161883765905,40
wandering-sweep-881,vcczw1kd,54865,0.1,VJEPA2_SSV2,mean,0.9,5,0.397108567959658,1,AdamW,reduce,6,tongue_twister,256,1024,96,0,True,False,8.056218491943764e-05,no,33,96,1770198736.9081602,0.7738095238095238,0.8242917212380231,0.6951871657754011,0.507629930973053,0.759656652360515,0.7916029236783955,0.6216216216216216,0.8238993710691824,74,0.6216216216216216,0.6216216216216216,233,0.8238993710691824,0.2922811588264247,33
sweet-sweep-2554,cq8d387k,28778,0.1,VJEPA2_SSV2,mean,0.9,4,0.25157341691584123,1,AdamW,step,6,tongue_twister,256,512,66,0,True,False,0.00030255322446009873,no,30,66,1770284102.9855435,0.7658730158730159,0.824291721238023,0.6775956284153005,0.5086519718170166,0.7467811158798283,0.7889682134965154,0.5874125874125874,0.8048780487804879,74,0.6086956521739131,0.5675675675675675,233,0.8301886792452831,0.28852726092422587,30
stilted-sweep-2760,3r8nlry3,57682,0.1,VJEPA2_SSV2,mean,0.9,5,0.26580342262754697,1,AdamW,reduce,6,tongue_twister,256,768,100,0,True,False,0.0005284723846119026,no,34,100,1770294144.1289852,0.7698412698412699,0.824291721238023,0.6847826086956522,0.5204226970672607,0.7553648068669528,0.7906680265170831,0.6068965517241379,0.8148148148148148,74,0.6197183098591549,0.5945945945945946,233,0.8301886792452831,0.27253392890161354,34
upbeat-sweep-2207,6b0rer0t,10749,0.1,VJEPA2_SSV2,mean,0.9,5,0.4864576690853817,1,AdamW,reduce,6,tongue_twister,256,768,61,0,True,False,0.00011915888242668866,no,19,61,1770266139.2472064,0.7738095238095238,0.824291721238023,0.6951871657754011,0.5092869997024536,0.7510729613733905,0.791517933027367,0.6233766233766234,0.8300653594771242,74,0.6,0.6486486486486487,233,0.7987421383647799,0.2857029091419102,19
neat-sweep-2919,xngucpfw,68261,0.1,VJEPA2_SSV2,mean,0.9,4,0.35219740278006917,1,AdamW,reduce,8,tongue_twister,256,768,103,0,True,False,0.00014846682672020335,no,41,103,1770302228.145863,0.7777777777777778,0.8242227889984146,0.7052631578947368,0.5096032619476318,0.7381974248927039,0.7836987931327554,0.6064516129032258,0.8223684210526315,74,0.5802469135802469,0.6351351351351351,233,0.7861635220125787,0.2857484562150182,41
effortless-sweep-1768,ng9inxux,16699,0.1,VJEPA2_SSV2,mean,0.9,5,0.10442311471187792,1,AdamW,step,3,tongue_twister,256,512,46,0,True,False,0.00012950084673550965,no,21,46,1770243777.3783252,0.7658730158730159,0.8242227889984146,0.6844919786096256,0.5078415274620056,0.7381974248927039,0.7893081761006289,0.6013071895424836,0.8181818181818182,74,0.5822784810126582,0.6216216216216216,233,0.7924528301886793,0.31035897004446794,21
sleek-sweep-2330,e5zdwgi6,67438,0.1,VJEPA2_SSV2,mean,0.9,3,0.4729245413761301,1,AdamW,reduce,8,tongue_twister,256,1024,138,0,True,False,0.0001737264746085908,no,47,138,1770272222.6775856,0.753968253968254,0.8241538567588061,0.6477272727272727,0.5092595219612122,0.7682403433476395,0.793727689954105,0.6142857142857143,0.8143712574850299,74,0.6515151515151515,0.581081081081081,233,0.8553459119496856,0.299407275237701,47
lunar-sweep-501,qq57h811,37347,0.1,VJEPA2_SSV2,mean,0.9,3,0.4747614592512166,1,AdamW,step,6,tongue_twister,256,1024,102,0,True,False,2.4441372716785338e-05,no,36,102,1770179383.2466612,0.7738095238095238,0.824153856758806,0.6984126984126984,0.5076154470443726,0.7467811158798283,0.7903280639129696,0.6193548387096774,0.8289473684210527,74,0.5925925925925926,0.6486486486486487,233,0.7924528301886793,0.2902939815878343,36
absurd-sweep-1668,icfxsjib,70646,0.1,VJEPA2_SSV2,mean,0.9,5,0.17689683946296766,1,AdamW,step,4,tongue_twister,256,1024,54,0,True,False,0.0005141868983191631,no,20,54,1770238831.709332,0.7698412698412699,0.824153856758806,0.6847826086956522,0.5128182172775269,0.7510729613733905,0.7878633350331463,0.6027397260273972,0.8136645962732919,74,0.6111111111111112,0.5945945945945946,233,0.8238993710691824,0.29120243829777587,20
generous-sweep-1789,s0ao3ukw,55046,0.1,VJEPA2_SSV2,mean,0.9,4,0.3843871101622992,1,AdamW,step,3,tongue_twister,256,512,61,0,True,False,6.0093858646087095e-05,no,28,61,1770244874.5668488,0.7698412698412699,0.8240849245191976,0.6947368421052632,0.5085874795913696,0.7553648068669528,0.7927927927927928,0.6274509803921569,0.8311688311688312,74,0.6075949367088608,0.6486486486486487,233,0.8050314465408805,0.2981952581111555,28
polished-sweep-1971,d22kly40,832,0.1,VJEPA2_SSV2,mean,0.9,5,0.415245605161825,1,AdamW,step,4,tongue_twister,256,768,102,0,True,False,2.8188123771673847e-05,no,34,102,1770254406.2809193,0.753968253968254,0.8240849245191976,0.6836734693877551,0.5087630748748779,0.7339055793991416,0.7863335033146354,0.6075949367088608,0.825503355704698,74,0.5714285714285714,0.6486486486486487,233,0.7735849056603774,0.32188721322803243,34
silver-sweep-1316,ywwbapvw,71781,0.1,VJEPA2_SSV2,mean,0.9,5,0.38330994641880456,1,AdamW,reduce,4,tongue_twister,256,768,51,0,True,False,0.00013073319966755686,no,19,51,1770220697.6744635,0.7698412698412699,0.8239470600399807,0.6914893617021277,0.5057498812675476,0.7339055793991416,0.7900730919598844,0.5974025974025974,0.8169934640522876,74,0.575,0.6216216216216216,233,0.7861635220125787,0.29369065277114315,19
drawn-sweep-2711,f2g49fee,59663,0.1,VJEPA2_SSV2,mean,0.9,3,0.13491999472050958,1,AdamW,reduce,10,tongue_twister,256,768,52,0,True,False,0.00025847428978782673,no,20,52,1770291642.742433,0.7738095238095238,0.8239470600399806,0.6951871657754011,0.5196544528007507,0.7553648068669528,0.7928777834438212,0.6174496644295302,0.8227848101265823,74,0.6133333333333333,0.6216216216216216,233,0.8176100628930818,0.27581054221691015,20
absurd-sweep-1350,nbchjmzx,74548,0.1,VJEPA2_SSV2,mean,0.9,3,0.25577648247898616,1,AdamW,step,9,tongue_twister,256,768,77,0,True,False,0.00026392886748749067,no,27,77,1770222537.1603372,0.7579365079365079,0.8239470600399806,0.6666666666666666,0.5166047811508179,0.7381974248927039,0.7946625871154174,0.5850340136054422,0.80625,74,0.589041095890411,0.581081081081081,233,0.8113207547169812,0.25289280627267474,27
pretty-sweep-411,ff6wvu1l,81548,0.1,VJEPA2_SSV2,mean,0.9,3,0.20788730470611788,1,AdamW,step,9,tongue_twister,256,1024,178,0,True,False,0.00034861989075053403,no,53,178,1770174407.727912,0.7698412698412699,0.8238781278003722,0.6914893617021277,0.5129496455192566,0.7339055793991416,0.7848036715961244,0.6025641025641025,0.8211920529801324,74,0.573170731707317,0.6351351351351351,233,0.779874213836478,0.29002726366866527,53
desert-sweep-810,v8h72848,72407,0.1,VJEPA2_SSV2,mean,0.9,5,0.4238319197659331,1,AdamW,reduce,8,tongue_twister,256,768,62,0,True,False,0.000931343611804385,no,24,62,1770195192.205778,0.7658730158730159,0.8238781278003722,0.6910994764397905,0.5141217708587646,0.7381974248927039,0.7831038585755566,0.5960264900662252,0.8141025641025641,74,0.5844155844155844,0.6081081081081081,233,0.7987421383647799,0.33747790865436,24
dazzling-sweep-180,1k7uopmi,54811,0.1,VJEPA2_SSV2,mean,0.9,3,0.48650187346670615,1,AdamW,reduce,10,tongue_twister,256,1024,122,0,True,False,1.7080421450060593e-05,no,45,122,1770161972.4403346,0.7658730158730159,0.8238781278003722,0.6910994764397905,0.5065715909004211,0.7424892703862661,0.7891381947985722,0.6103896103896104,0.8235294117647058,74,0.5875,0.6351351351351351,233,0.7924528301886793,0.314120622983588,45
neat-sweep-1371,xlky6fqb,90744,0.1,VJEPA2_SSV2,mean,0.9,4,0.1222489995072559,1,AdamW,step,7,tongue_twister,256,768,144,0,True,False,7.542409507672736e-05,no,41,144,1770223559.5887914,0.7658730158730159,0.8238781278003722,0.6878306878306878,0.5012379884719849,0.7510729613733905,0.7894781574026857,0.6081081081081081,0.8176100628930818,74,0.6081081081081081,0.6081081081081081,233,0.8176100628930818,0.31912602924040234,41
silvery-sweep-640,sot8upu9,86013,0.1,VJEPA2_SSV2,mean,0.9,5,0.33950007223667455,1,AdamW,step,4,tongue_twister,256,1024,173,0,True,False,5.735511041360078e-05,no,54,173,1770186484.6840203,0.7698412698412699,0.8238091955607638,0.6881720430107527,0.5100697875022888,0.7339055793991416,0.7914329423763387,0.5921052631578947,0.8129032258064516,74,0.5769230769230769,0.6081081081081081,233,0.7924528301886793,0.27519439731925593,54
vivid-sweep-2494,b9zrgtdd,65221,0.1,VJEPA2_SSV2,mean,0.9,3,0.4594060643183252,1,AdamW,reduce,4,tongue_twister,256,768,127,0,True,False,9.13555818747692e-05,no,40,127,1770280907.0000665,0.7658730158730159,0.8238091955607637,0.694300518134715,0.511723518371582,0.7467811158798283,0.7938126806051334,0.6193548387096774,0.8289473684210527,74,0.5925925925925926,0.6486486486486487,233,0.7924528301886793,0.28363717442567127,40
elated-sweep-1922,4cs1u1nm,19234,0.1,VJEPA2_SSV2,mean,0.9,5,0.19094061310688715,1,AdamW,reduce,7,tongue_twister,256,512,130,0,True,False,5.711926451391841e-05,no,43,130,1770251749.7440758,0.7658730158730159,0.8237402633211552,0.6844919786096256,0.5061774849891663,0.7467811158798283,0.7894781574026857,0.6143790849673203,0.8246753246753247,74,0.5949367088607594,0.6351351351351351,233,0.7987421383647799,0.2954159390821331,43
giddy-sweep-889,oy3jn3qm,51643,0.1,VJEPA2_SSV2,mean,0.9,4,0.3686294332811117,1,AdamW,reduce,8,tongue_twister,256,1024,84,0,True,False,0.0007527070559089045,no,32,84,1770199106.0833497,0.7738095238095238,0.82353346660233,0.6918918918918919,0.5098161697387695,0.7553648068669528,0.7907530171681115,0.6068965517241379,0.8148148148148148,74,0.6197183098591549,0.5945945945945946,233,0.8301886792452831,0.31370884652704917,32
effortless-sweep-2336,70vl7u09,76376,0.1,VJEPA2_SSV2,mean,0.9,5,0.2733147168671951,1,AdamW,reduce,6,tongue_twister,256,1024,164,0,True,False,7.077905775977718e-05,no,53,164,1770272481.3861809,0.7698412698412699,0.8235334666023298,0.6881720430107527,0.5045851469039917,0.7467811158798283,0.7839537650858406,0.5986394557823129,0.8125,74,0.6027397260273972,0.5945945945945946,233,0.8176100628930818,0.304142306029534,53
worthy-sweep-1797,yympa4n8,46533,0.1,VJEPA2_SSV2,mean,0.9,5,0.11189847486035304,1,AdamW,reduce,10,tongue_twister,256,256,86,0,True,False,0.00027994854075223647,no,34,86,1770245302.4517298,0.7817460317460317,0.8235334666023298,0.7058823529411765,0.506240725517273,0.7381974248927039,0.7870984191738909,0.5960264900662252,0.8141025641025641,74,0.5844155844155844,0.6081081081081081,233,0.7987421383647799,0.3228602916133561,34
blooming-sweep-224,sy3nk8mj,22941,0.1,VJEPA2_SSV2,mean,0.9,4,0.4612839766673563,1,AdamW,reduce,6,tongue_twister,256,768,194,0,True,False,1.208249716749418e-05,no,54,194,1770164443.1472433,0.7698412698412699,0.8233956021231129,0.6947368421052632,0.5079149007797241,0.7339055793991416,0.7924528301886793,0.6025641025641025,0.8211920529801324,74,0.573170731707317,0.6351351351351351,233,0.779874213836478,0.31174868292745517,54
different-sweep-394,ss2gtzst,95139,0.1,VJEPA2_SSV2,mean,0.9,3,0.15362056633370622,1,AdamW,reduce,8,tongue_twister,256,1024,148,0,True,False,7.43069452077087e-05,no,54,148,1770173453.94062,0.7817460317460317,0.8233956021231129,0.7027027027027027,0.5107126832008362,0.7467811158798283,0.7923678395376509,0.5986394557823129,0.8125,74,0.6027397260273972,0.5945945945945946,233,0.8176100628930818,0.2741192199847772,54
pleasant-sweep-1738,g4h8bphl,59352,0.1,VJEPA2_SSV2,mean,0.9,5,0.4152361665815919,1,AdamW,reduce,4,tongue_twister,256,512,129,0,True,False,0.000547906932940481,no,47,129,1770242292.3129072,0.7698412698412699,0.8233266698835046,0.6881720430107527,0.5134907364845276,0.7510729613733905,0.7878633350331463,0.6081081081081081,0.8176100628930818,74,0.6081081081081081,0.6081081081081081,233,0.8176100628930818,0.3021886981531387,47
dry-sweep-2824,0hbzdmb1,40869,0.1,VJEPA2_SSV2,mean,0.9,4,0.448383072541742,1,AdamW,step,3,tongue_twister,256,256,137,0,True,False,0.0006498565609737426,no,46,137,1770297314.3909657,0.7817460317460317,0.8233266698835044,0.7027027027027027,0.5162510871887207,0.7339055793991416,0.7899031106578276,0.581081081081081,0.8050314465408805,74,0.581081081081081,0.581081081081081,233,0.8050314465408805,0.28286673883509533,46
cool-sweep-673,5c87kt7r,50586,0.1,VJEPA2_SSV2,mean,0.9,3,0.32595280282896677,1,AdamW,step,4,tongue_twister,256,1024,107,0,True,False,4.768247027584253e-05,no,37,107,1770187949.81749,0.7698412698412699,0.8233266698835044,0.6947368421052632,0.4989941120147705,0.7682403433476395,0.7831038585755568,0.6351351351351351,0.8301886792452831,74,0.6351351351351351,0.6351351351351351,233,0.8301886792452831,0.35267942736852537,37
faithful-sweep-507,akzuozr5,75798,0.1,VJEPA2_SSV2,mean,0.9,3,0.4293718613746895,1,AdamW,step,3,tongue_twister,256,768,164,0,True,False,0.0001031317678045859,no,50,164,1770179730.4066975,0.7658730158730159,0.8233266698835044,0.6810810810810811,0.5129365921020508,0.7467811158798283,0.796362400135985,0.6143790849673203,0.8246753246753247,74,0.5949367088607594,0.6351351351351351,233,0.7987421383647799,0.272160736343409,50
hearty-sweep-1038,41kzor5n,37356,0.1,VJEPA2_SSV2,mean,0.9,4,0.4892048613372052,1,AdamW,step,4,tongue_twister,256,256,29,0,True,False,0.0008164053769101083,no,15,29,1770206408.668445,0.7738095238095238,0.8233266698835044,0.6918918918918919,0.513684868812561,0.7510729613733905,0.7843787183409825,0.6027397260273972,0.8136645962732919,74,0.6111111111111112,0.5945945945945946,233,0.8238993710691824,0.30971977495411945,15
whole-sweep-2555,lf9rlvjm,6544,0.1,VJEPA2_SSV2,mean,0.9,4,0.31661481379596146,1,AdamW,step,6,tongue_twister,256,768,198,0,True,False,0.00026259504771818516,no,63,198,1770284177.316891,0.7658730158730159,0.823257737643896,0.6775956284153005,0.5125423073768616,0.7424892703862661,0.7898181200067994,0.6,0.8152866242038217,74,0.5921052631578947,0.6081081081081081,233,0.8050314465408805,0.294380864645416,63
robust-sweep-525,5sv7e48z,96206,0.1,VJEPA2_SSV2,mean,0.9,4,0.24634461937187957,1,AdamW,step,6,tongue_twister,256,768,176,0,True,False,3.976944274350969e-05,no,56,176,1770180609.9060884,0.7738095238095238,0.8231888054042876,0.6984126984126984,0.5140597224235535,0.7510729613733905,0.7922828488866225,0.618421052631579,0.8258064516129032,74,0.6025641025641025,0.6351351351351351,233,0.8050314465408805,0.27649992914451904,56
whole-sweep-1544,ob8z1zrc,3033,0.1,VJEPA2_SSV2,mean,0.9,5,0.31655740789723685,1,AdamW,reduce,5,tongue_twister,256,768,177,0,True,False,4.690857498465993e-05,no,61,177,1770232439.0069797,0.7738095238095238,0.8231888054042875,0.6951871657754011,0.5106325149536133,0.7381974248927039,0.7883732789393166,0.6064516129032258,0.8223684210526315,74,0.5802469135802469,0.6351351351351351,233,0.7861635220125787,0.2852002451860957,61
radiant-sweep-647,vkdlqvgt,643,0.1,VJEPA2_SSV2,mean,0.9,3,0.4764785865076582,1,AdamW,reduce,4,tongue_twister,256,512,150,0,True,False,0.00012759150593697374,no,47,150,1770186766.962269,0.7817460317460317,0.8231198731646792,0.708994708994709,0.5106247663497925,0.7424892703862661,0.7904980452150264,0.6153846153846154,0.8278145695364238,74,0.5853658536585366,0.6486486486486487,233,0.7861635220125787,0.2889216160196565,47
pious-sweep-436,2opwthof,44766,0.1,VJEPA2_SSV2,mean,0.9,3,0.4697766071802906,1,AdamW,step,7,tongue_twister,256,512,195,0,True,False,3.729950873015139e-05,no,71,195,1770175826.2493458,0.7698412698412699,0.8230509409250707,0.6947368421052632,0.5087529420852661,0.7424892703862661,0.7922828488866225,0.6153846153846154,0.8278145695364238,74,0.5853658536585366,0.6486486486486487,233,0.7861635220125787,0.29935712357449634,71
dark-sweep-688,xa5sybyh,78642,0.1,VJEPA2_SSV2,mean,0.9,4,0.42841654614926794,1,AdamW,step,6,tongue_twister,256,768,198,0,True,False,1.960669335966012e-05,no,63,198,1770188770.400448,0.7658730158730159,0.8230509409250706,0.6910994764397905,0.5068727731704712,0.7424892703862661,0.783613802481727,0.6103896103896104,0.8235294117647058,74,0.5875,0.6351351351351351,233,0.7924528301886793,0.32232221554029356,63
wild-sweep-2041,hu41uesz,65228,0.1,VJEPA2_SSV2,mean,0.9,4,0.46908346287938774,1,AdamW,step,9,tongue_twister,256,1024,175,0,True,False,2.1768828853124053e-05,no,49,175,1770258063.2421732,0.7619047619047619,0.8229820086854621,0.6842105263157895,0.5061337351799011,0.7424892703862661,0.7859085500594936,0.6103896103896104,0.8235294117647058,74,0.5875,0.6351351351351351,233,0.7924528301886793,0.32921837683816313,49
stellar-sweep-2299,u3cytb7w,16529,0.1,VJEPA2_SSV2,mean,0.9,4,0.43434695835990544,1,AdamW,reduce,9,tongue_twister,256,768,196,0,True,False,4.4845168969625775e-05,no,60,196,1770270677.6242335,0.753968253968254,0.8229130764458538,0.6736842105263158,0.510392427444458,0.7424892703862661,0.7948325684174741,0.6103896103896104,0.8235294117647058,74,0.5875,0.6351351351351351,233,0.7924528301886793,0.29827050569299035,60
grateful-sweep-2133,4zcun28s,3800,0.1,VJEPA2_SSV2,mean,0.9,5,0.35443720950340263,1,AdamW,reduce,6,tongue_twister,256,1024,52,0,True,False,6.4675533470646e-05,no,25,52,1770262650.7546246,0.7738095238095238,0.8229130764458537,0.6951871657754011,0.5033095479011536,0.7381974248927039,0.7871834098249192,0.5960264900662252,0.8141025641025641,74,0.5844155844155844,0.6081081081081081,233,0.7987421383647799,0.30873346289349024,25
dazzling-sweep-55,kx7c6u85,47880,0.1,VJEPA2_SSV2,mean,0.9,3,0.44019237966817504,1,AdamW,reduce,10,tongue_twister,256,1024,168,0,True,False,6.303318299081353e-05,no,49,168,1770154865.577038,0.7658730158730159,0.8228441442062453,0.6910994764397905,0.5078465938568115,0.7381974248927039,0.790413054563998,0.6013071895424836,0.8181818181818182,74,0.5822784810126582,0.6216216216216216,233,0.7924528301886793,0.2956036564274506,49
rare-sweep-917,8o2y9ws0,90727,0.1,VJEPA2_SSV2,mean,0.9,4,0.17992954560974128,1,AdamW,reduce,3,tongue_twister,256,1024,131,0,True,False,1.846050235895629e-05,no,46,131,1770200452.2996778,0.7738095238095238,0.8228441442062453,0.7015706806282722,0.5101132392883301,0.7381974248927039,0.7877783443821179,0.6064516129032258,0.8223684210526315,74,0.5802469135802469,0.6351351351351351,233,0.7861635220125787,0.29619364460134295,46
atomic-sweep-68,zfjqg8pt,92979,0.1,VJEPA2_SSV2,mean,0.9,4,0.19570328742595233,1,AdamW,step,9,tongue_twister,256,768,190,0,True,False,0.00018270592221155364,no,61,190,1770155627.4803724,0.7738095238095238,0.8228441442062453,0.6918918918918919,0.503290057182312,0.759656652360515,0.7893931667516573,0.6056338028169014,0.8121212121212121,74,0.6323529411764706,0.581081081081081,233,0.8427672955974843,0.3173396926094257,61
drawn-sweep-2425,j3sd2tj5,54215,0.1,VJEPA2_SSV2,mean,0.9,4,0.26356430184225976,1,AdamW,reduce,5,tongue_twister,256,768,130,0,True,False,3.751012464098075e-05,no,41,130,1770277338.0903094,0.7698412698412699,0.8228441442062452,0.6914893617021277,0.5061137080192566,0.7339055793991416,0.7900730919598844,0.5974025974025974,0.8169934640522876,74,0.575,0.6216216216216216,233,0.7861635220125787,0.31945911653766546,41
ruby-sweep-1176,y8k2yx4j,49376,0.1,VJEPA2_SSV2,mean,0.9,4,0.30268868550844086,1,AdamW,reduce,8,tongue_twister,256,512,159,0,True,False,6.83425750438017e-05,no,56,159,1770213540.3329632,0.7658730158730159,0.8227752119666368,0.6878306878306878,0.5146070122718811,0.7381974248927039,0.7926228114907361,0.6013071895424836,0.8181818181818182,74,0.5822784810126582,0.6216216216216216,233,0.7924528301886793,0.27984044533469077,56
youthful-sweep-1498,a63uc58j,83277,0.1,VJEPA2_SSV2,mean,0.9,4,0.4623714960254679,1,AdamW,reduce,10,tongue_twister,256,512,91,0,True,False,0.00033364269561379805,no,33,91,1770230089.5080748,0.7698412698412699,0.8227752119666368,0.6847826086956522,0.5055943727493286,0.759656652360515,0.7898181200067992,0.6111111111111112,0.8159509202453987,74,0.6285714285714286,0.5945945945945946,233,0.8364779874213837,0.3200526669424536,33
smooth-sweep-849,trheuruo,40383,0.1,VJEPA2_SSV2,mean,0.9,4,0.36637041409719007,1,AdamW,reduce,3,tongue_twister,256,1024,165,0,True,False,0.0009971687078671645,no,53,165,1770197088.0374272,0.7619047619047619,0.8227752119666367,0.6808510638297872,0.5086654424667358,0.7553648068669528,0.7797892231854495,0.6068965517241379,0.8148148148148148,74,0.6197183098591549,0.5945945945945946,233,0.8301886792452831,0.33131906994113836,53
logical-sweep-1045,xx6emduv,88378,0.1,VJEPA2_SSV2,mean,0.9,3,0.2756280831766354,1,AdamW,reduce,5,tongue_twister,256,256,64,0,True,False,0.0001387988812824985,no,27,64,1770206724.493745,0.7698412698412699,0.8227062797270284,0.6914893617021277,0.5158746242523193,0.7424892703862661,0.7899881013088561,0.6103896103896104,0.8235294117647058,74,0.5875,0.6351351351351351,233,0.7924528301886793,0.3011230332735877,27
firm-sweep-1301,bl1sox9r,48424,0.1,VJEPA2_SSV2,mean,0.9,5,0.4870299934818566,1,AdamW,reduce,6,tongue_twister,256,256,148,0,True,False,3.657319153459554e-05,no,51,148,1770219915.797648,0.7698412698412699,0.8226373474874199,0.6947368421052632,0.5131306648254395,0.7339055793991416,0.7876083630800612,0.6025641025641025,0.8211920529801324,74,0.573170731707317,0.6351351351351351,233,0.779874213836478,0.30768308831206503,51
super-sweep-661,wtpyd2u9,4622,0.1,VJEPA2_SSV2,mean,0.9,5,0.29697140360866126,1,AdamW,reduce,6,tongue_twister,256,1024,158,0,True,False,3.479371783776219e-05,no,51,158,1770187413.7562282,0.7738095238095238,0.8225684152478114,0.6984126984126984,0.5097606778144836,0.7381974248927039,0.7899031106578277,0.6064516129032258,0.8223684210526315,74,0.5802469135802469,0.6351351351351351,233,0.7861635220125787,0.29260581758053816,51
eternal-sweep-462,oh8avmae,70021,0.1,VJEPA2_SSV2,mean,0.9,3,0.36272899226538025,1,AdamW,step,6,tongue_twister,256,768,56,0,True,False,0.00013025399791450227,no,26,56,1770177243.8920493,0.7817460317460317,0.8225684152478113,0.7027027027027027,0.5135318636894226,0.7510729613733905,0.7885432602413736,0.618421052631579,0.8258064516129032,74,0.6025641025641025,0.6351351351351351,233,0.8050314465408805,0.2823885914250092,26
cool-sweep-932,j5jf4lfv,39401,0.1,VJEPA2_SSV2,mean,0.9,5,0.10098924506613707,1,AdamW,step,6,tongue_twister,256,768,106,0,True,False,8.428087341986665e-05,no,34,106,1770201095.5795767,0.7698412698412699,0.8225684152478113,0.6914893617021277,0.50645911693573,0.7553648068669528,0.7909229984701682,0.6122448979591837,0.81875,74,0.6164383561643836,0.6081081081081081,233,0.8238993710691824,0.31333362701705897,34
leafy-sweep-2313,uueaj2sl,14177,0.1,VJEPA2_SSV2,mean,0.9,4,0.1588303312840776,1,AdamW,step,4,tongue_twister,256,768,147,0,True,False,0.00013304820675589033,no,45,147,1770271383.530167,0.7738095238095238,0.822499483008203,0.6984126984126984,0.519005537033081,0.7381974248927039,0.7929627740948495,0.6114649681528662,0.8266666666666667,74,0.5783132530120482,0.6486486486486487,233,0.779874213836478,0.27928380976689543,45
