name,id,seed,beta1,beta2,gamma,momentum,patience,optimizer,query_dim,scheduler,step_size,batch_size,hidden_dim,num_epochs,num_trials,num_buckets,temperature,dropout_prob,enable_wandb,weight_decay,learning_rate,use_scheduler,noise_variance,last_hidden_dim,increase_variance,task_subset_choice,train_random_noise,uncertainty_weight,unimodal_hidden_dim,unimodal_dropout_prob,validation_random_noise,BS,ECE,FPR,NPV,PPV,TNR,TPR,_runtime,_step,_timestamp,accuracy,auroc,average_precision,coverage,dev_accuracy,dev_auroc,dev_balanced_accuracy,dev_ece,dev_f1,dev_loss,f1_score,loss,precision,recall,sensitivity,specificity,train_loss,weighted_accuracy,_wandb.runtime,confusion_matrix.fn,confusion_matrix.fp,confusion_matrix.tn,confusion_matrix.tp
fine-sweep-2821,kbwry5el,40056,0.9,0.999,0.1,0.9,5,AdamW,128,reduce,8,256,256,144,30,20,0.05,0.3361546041818984,True,0.0001,4.802415737286784e-05,no,0.01,32,no,0,no,0,1024,0.4129429352688252,no,0.17549895160287798,0.09813858213021316,0.20253164556962025,0.8362831858407079,0.5428571428571428,0.7974683544303798,0.6063829787234043,27.368571043014526,865,1770738144.00335,0.743202416918429,0.8022712990394111,0.6118656779864275,0.973529411764706,0.7645429362880887,0.8382088520055325,0.7373811864962307,0.07021204437905733,0.6666666666666666,0.49514956487512984,0.5728643216080402,0.5337963328642004,0.5428571428571428,0.6063829787234043,0.6063829787234043,0.7974683544303798,0.043807823210954666,0.6895701643489254,26,37,48,189,57
sweet-sweep-5975,hefo3vyt,74240,0.9,0.999,0.1,0.9,4,AdamW,128,reduce,7,256,512,144,30,20,0.05,0.4182174063419112,True,0.0001,6.723537431355387e-05,no,0.01,128,no,0,no,0,1024,0.27384028148391204,no,0.16960378939128737,0.10478408630187806,0.1350210970464135,0.8102766798418972,0.6,0.8649789029535865,0.5,28.605085372924805,865,1770807883.0541973,0.7597597597597597,0.803006329113924,0.5990523036386987,0.9794117647058824,0.7950138504155124,0.836237897648686,0.7703492541594952,0.06606142623272629,0.6810344827586207,0.4908622678297048,0.5454545454545454,0.5294289981617647,0.6,0.5,0.5,0.8649789029535865,0.01276284735649824,0.7051383399209485,28,48,32,205,48
curious-sweep-2997,j30at30g,18849,0.9,0.999,0.1,0.9,4,AdamW,128,reduce,7,256,256,149,30,20,0.05,0.1985735083576743,True,0.0001,4.6908580645645896e-05,no,0.01,256,no,0,no,0,256,0.1367409083486571,no,0.16264769324449718,0.08150173159119503,0.1762114537444934,0.8311111111111111,0.5876288659793815,0.8237885462555066,0.6,28.4329035282135,895,1770741971.3898406,0.7577639751552795,0.8131694875956411,0.6487685902961906,0.9470588235294116,0.7673130193905817,0.835926694329184,0.7395791980944819,0.03461991997636916,0.6666666666666666,0.4787215129820594,0.59375,0.4984852959127987,0.5876288659793815,0.6,0.6,0.8237885462555066,0.004274589009582996,0.7093699885452462,27,38,40,187,57
still-sweep-6241,dnn4e7p9,65001,0.9,0.999,0.1,0.9,5,AdamW,128,reduce,8,256,768,160,30,20,0.05,0.3872019857955733,True,0.0001,6.142065508172237e-05,no,0.01,256,no,0,no,0,768,0.40584410425286166,no,0.16732586903363755,0.08708778452071214,0.15086206896551724,0.8242677824267782,0.6022727272727273,0.8491379310344828,0.5578947368421052,28.0964195728302,961,1770813749.3051465,0.764525993883792,0.8091651542649728,0.6029131667121321,0.961764705882353,0.7728531855955678,0.8341977869986168,0.7441414496833216,0.07547166208811412,0.652542372881356,0.498559840828428,0.5792349726775956,0.5367073956657858,0.6022727272727273,0.5578947368421052,0.5578947368421052,0.8491379310344828,0.024774154648184776,0.7132702548497527,27,42,35,197,53
wandering-sweep-3174,zu8e1q42,84839,0.9,0.999,0.1,0.9,4,AdamW,128,reduce,9,256,512,116,30,20,0.05,0.45635207690961255,True,0.0001,0.00020651736148348011,no,0.01,64,no,0,no,0,512,0.2781278415510101,no,0.16555039011939854,0.1115519338590236,0.15021459227467812,0.8215767634854771,0.5882352941176471,0.8497854077253219,0.5376344086021505,32.896830797195435,697,1770745930.0237775,0.7607361963190185,0.8236189948774746,0.6471321010520971,0.9588235294117649,0.7867036011080333,0.833298755186722,0.7597576220570873,0.07477289702423393,0.6778242677824268,0.5108942259051463,0.5617977528089888,0.5180994370404411,0.5882352941176471,0.5376344086021505,0.5376344086021505,0.8497854077253219,0.02997259236872196,0.7049060288015621,32,43,35,198,50
good-sweep-5497,u1ca078y,12056,0.9,0.999,0.1,0.9,5,AdamW,64,reduce,3,256,1024,197,30,20,0.05,0.343798195314561,True,0.0001,2.972181879132735e-05,no,0.01,128,no,0,no,0,768,0.2047395107088564,no,0.1732042822313449,0.09565873762402372,0.17467248908296942,0.8253275109170306,0.574468085106383,0.8253275109170306,0.574468085106383,33.81990098953247,1183,1770797343.3189409,0.7523219814241486,0.7950850134720803,0.6101869333814719,0.95,0.7534626038781164,0.8332295988934992,0.7234167844404065,0.091154416677364,0.6396761133603239,0.49111397444706545,0.574468085106383,0.5453608793370864,0.574468085106383,0.574468085106383,0.574468085106383,0.8253275109170306,0.007975303567945957,0.6998977980117068,33,40,40,189,54
splendid-sweep-329,eqt7uk5o,53528,0.9,0.999,0.1,0.9,5,AdamW,128,reduce,4,256,512,166,30,20,0.05,0.3524005848255659,True,0.0001,0.0001225706446010622,no,0.01,256,no,0,no,0,256,0.4621833388990416,no,0.1651507340909815,0.09753990841634348,0.13304721030042918,0.808,0.6125,0.8669527896995708,0.5051546391752577,34.67170310020447,997,1770683467.833032,0.7606060606060606,0.8184593602053006,0.634815673385363,0.9705882352941176,0.7894736842105263,0.8331604426002767,0.7643426294820717,0.09371464899702414,0.6695652173913044,0.504489085020451,0.5536723163841808,0.5206926233628217,0.6125,0.5051546391752577,0.5051546391752577,0.8669527896995708,0.002577904844656586,0.71025,34,48,31,202,49
atomic-sweep-6205,ng2i2gzn,14763,0.9,0.999,0.1,0.9,5,AdamW,128,reduce,10,256,256,73,30,20,0.05,0.37551389474174257,True,0.0001,0.0038783710686973102,no,0.01,256,no,0,no,0,1024,0.1673634088681879,no,0.15351017616462156,0.0644588249903571,0.13852813852813853,0.8291666666666667,0.632183908045977,0.8614718614718615,0.5729166666666666,17.52144455909729,439,1770812955.7689886,0.7767584097859327,0.8170093795093794,0.6938413416059983,0.961764705882353,0.7728531855955678,0.8324343015214385,0.7442645074224021,0.058850252066953025,0.6495726495726496,0.48754832090763506,0.6010928961748634,0.4890430226045496,0.632183908045977,0.5729166666666666,0.5729166666666666,0.8614718614718615,0.1970171332359314,0.7306752873563218,17,41,32,199,55
genial-sweep-6504,cm1c1ayt,3063,0.9,0.999,0.1,0.9,5,AdamW,128,reduce,3,256,256,161,30,20,0.05,0.39666086694436187,True,0.0001,0.0015714760985317106,yes,0.01,64,no,0,no,0,256,0.3694918412991448,no,0.16807246265877465,0.11098231723208628,0.18723404255319148,0.8414096916299559,0.5887850467289719,0.8127659574468085,0.6363636363636364,29.973599910736084,967,1770819530.880455,0.7604790419161677,0.8210616806361487,0.6371864765882527,0.9823529411764704,0.7562326869806094,0.8322268326417704,0.7336315188427864,0.07748461066850997,0.6716417910447762,0.5096761434031986,0.6116504854368932,0.5096464269301471,0.5887850467289719,0.6363636363636364,0.6363636363636364,0.8127659574468085,0.15131276845932007,0.715097369179464,29,36,44,191,63
swept-sweep-4384,l8b8o4xf,67144,0.9,0.999,0.1,0.9,4,AdamW,128,reduce,5,256,1024,135,30,20,0.05,0.27001270194509963,True,0.0001,7.367434382599755e-05,no,0.01,64,no,0,no,0,1024,0.16848896450852402,no,0.16915980435572484,0.08360218062545312,0.15384615384615383,0.8148148148148148,0.5862068965517241,0.8461538461538461,0.53125,30.084811210632324,811,1770772974.883155,0.7545454545454545,0.7992788461538461,0.603429921393442,0.9705882352941176,0.7645429362880887,0.8319502074688797,0.7350037576006012,0.053347236892192965,0.6502057613168725,0.48753327345914127,0.5573770491803278,0.5241387311150046,0.5862068965517241,0.53125,0.53125,0.8461538461538461,0.014084932394325731,0.7005108556832694,29,45,36,198,51
devoted-sweep-650,wh203mt7,72649,0.9,0.999,0.1,0.9,5,AdamW,32,reduce,8,256,1024,167,30,20,0.05,0.4871533891800835,True,0.0001,4.892020685027844e-05,no,0.01,128,no,0,no,0,1024,0.4806466784788972,no,0.16119619843391866,0.07784654127388466,0.13852813852813853,0.8122448979591836,0.6144578313253012,0.8614718614718615,0.5257731958762887,33.65010046958923,1003,1770690410.8809605,0.7621951219512195,0.81630740393627,0.6451956353238515,0.9647058823529412,0.7811634349030471,0.8311549100968187,0.753489825682339,0.06999717277172862,0.6694560669456067,0.4881934168596347,0.5666666666666667,0.4951101415297564,0.6144578313253012,0.5257731958762887,0.5257731958762887,0.8614718614718615,0.07947777956724167,0.7133513646422425,32,46,32,199,51
fragrant-sweep-4307,v6rbuwk1,2883,0.9,0.999,0.1,0.9,5,AdamW,64,reduce,3,256,1024,64,30,20,0.05,0.1282925696115177,True,0.0001,0.0001293476227587433,no,0.01,256,no,0,no,0,1024,0.371537082348074,no,0.17118898534773294,0.10229261562005797,0.12393162393162394,0.7915057915057915,0.618421052631579,0.8760683760683761,0.46534653465346537,16.675095558166504,385,1770771236.5828977,0.7522388059701492,0.808073115003808,0.6152931101569682,0.9852941176470588,0.7700831024930748,0.8311549100968187,0.7423921130952381,0.06511515478017918,0.6311111111111111,0.5073628518059643,0.5310734463276836,0.5380884955911075,0.618421052631579,0.46534653465346537,0.46534653465346537,0.8760683760683761,0.009153968654572964,0.7049634220686852,16,54,29,205,47
whole-sweep-1936,83ttperx,72561,0.9,0.999,0.1,0.9,5,AdamW,32,reduce,9,256,1024,154,30,20,0.05,0.4494970344911961,True,0.0001,0.0007773493084671237,no,0.01,64,no,0,no,0,768,0.3964912826426924,no,0.16256622859684822,0.1074465379974273,0.1459227467811159,0.8089430894308943,0.6,0.8540772532188842,0.5204081632653061,30.998791456222538,925,1770718713.4355354,0.7552870090634441,0.82451607252343,0.6602221384305641,0.973529411764706,0.7728531855955678,0.8311549100968187,0.7445457615670381,0.07646355222797131,0.6666666666666666,0.5245716802961609,0.5573770491803278,0.5196353687959558,0.6,0.5204081632653061,0.5204081632653061,0.8540772532188842,0.02306058444082737,0.7044715447154472,30,47,34,199,51
lemon-sweep-6329,q05mpef3,49280,0.9,0.999,0.1,0.9,3,AdamW,128,reduce,9,256,512,184,30,20,0.05,0.3513127239807413,True,0.0001,6.902984134859104e-05,no,0.01,128,no,0,no,0,512,0.17858534300471252,no,0.1718127444406311,0.11535039571116695,0.14285714285714285,0.8016194331983806,0.6071428571428571,0.8571428571428571,0.51,33.486809492111206,1105,1770815721.3759904,0.7522658610271903,0.808051948051948,0.6249631121994492,0.973529411764706,0.7700831024930748,0.8310857538035961,0.7411326006280332,0.06728824552076343,0.6437768240343348,0.5030629165945291,0.5543478260869565,0.5358340095071231,0.6071428571428571,0.51,0.51,0.8571428571428571,0.009740267880260944,0.7043811451706188,33,49,33,198,51
swift-sweep-6261,rd37x9uc,64097,0.9,0.999,0.1,0.9,4,AdamW,128,reduce,7,256,768,153,30,20,0.05,0.3386471597232255,True,0.0001,7.287915955778427e-05,no,0.01,256,no,0,no,0,768,0.3712284679973445,no,0.16186750328520588,0.07975142288352942,0.15948275862068967,0.819327731092437,0.5934065934065934,0.8405172413793104,0.5567010309278351,34.304487228393555,919,1770814189.0989425,0.756838905775076,0.8185211517952364,0.6331412831918846,0.9676470588235294,0.7617728531855956,0.8310511756569848,0.7318060223609302,0.06867090635352517,0.6446280991735537,0.49439588213891533,0.574468085106383,0.5042783849379595,0.5934065934065934,0.5567010309278351,0.5567010309278351,0.8405172413793104,0.02094198204576969,0.7063671622495151,33,43,37,195,54
youthful-sweep-2114,xrzqfvp7,10194,0.9,0.999,0.1,0.9,5,AdamW,128,reduce,10,256,768,125,30,20,0.05,0.19746461758421843,True,0.0001,0.0002311459280693908,no,0.01,64,no,0,no,0,1024,0.2979460828707541,no,0.17033876688157176,0.10735845387338874,0.16666666666666666,0.8125,0.5851063829787234,0.8333333333333334,0.55,28.458051681518555,751,1770722599.8184357,0.7485029940119761,0.8125641025641025,0.6309476331470677,0.9823529411764704,0.775623268698061,0.8308437067773168,0.747245179063361,0.07648307250147054,0.6639004149377593,0.5191806782645862,0.5670103092783505,0.5367384517894072,0.5851063829787234,0.55,0.55,0.8333333333333334,0.0001639642723603174,0.6988031914893618,28,45,39,195,55
hopeful-sweep-3970,uc22pexo,85701,0.9,0.999,0.1,0.9,4,AdamW,128,reduce,7,256,1024,135,30,20,0.05,0.19281496646289625,True,0.0001,5.427514968137498e-05,no,0.01,128,no,0,no,0,1024,0.2924735503023822,no,0.16516302536610533,0.07856257345901071,0.11688311688311688,0.8095238095238095,0.6493506493506493,0.8831168831168831,0.5102040816326531,31.698479890823364,811,1770763772.0350778,0.7720364741641338,0.8066967046558883,0.614331041382254,0.9676470588235294,0.7673130193905817,0.8303250345781467,0.7381926838102137,0.07143134208927525,0.6347826086956522,0.4808783702903177,0.5714285714285714,0.5137684541590074,0.6493506493506493,0.5102040816326531,0.5102040816326531,0.8831168831168831,0.002532689366489649,0.7294372294372294,31,48,27,204,50
glowing-sweep-1372,73sjgdi5,44134,0.9,0.999,0.1,0.9,4,AdamW,128,reduce,8,256,1024,121,30,20,0.05,0.17281656964971348,True,0.0001,9.633370658571728e-05,no,0.01,256,no,0,no,0,768,0.2600674037160787,no,0.16614867529194735,0.09590719671391729,0.16170212765957448,0.8208333333333333,0.6,0.8382978723404255,0.57,33.59335017204285,727,1770706221.5527012,0.7582089552238805,0.8045106382978723,0.6253278208099065,0.9852941176470588,0.778393351800554,0.8301175656984785,0.7504763849190146,0.06684213067686127,0.6721311475409836,0.4962880987870066,0.5846153846153846,0.5173368566176471,0.6,0.57,0.57,0.8382978723404255,0.000722623139154166,0.7104166666666667,33,43,38,197,57
swift-sweep-1743,hisbi4vf,55023,0.9,0.999,0.1,0.9,5,AdamW,128,reduce,4,256,768,164,30,20,0.05,0.31604621634310426,True,0.0001,2.9856231784540658e-05,no,0.01,256,no,0,no,0,1024,0.3051412176102828,no,0.16587303908297418,0.0794026369228959,0.11946902654867256,0.805668016194332,0.6301369863013698,0.8805309734513275,0.4893617021276595,29.940075874328613,985,1770714420.0580978,0.765625,0.8007908115232537,0.6187476230130372,0.9411764705882352,0.7728531855955678,0.8300829875518673,0.7450775874688917,0.06000575134298478,0.6403508771929824,0.4857608869135215,0.5508982035928144,0.5285055721507353,0.6301369863013698,0.4893617021276595,0.4893617021276595,0.8805309734513275,0.03071327693760395,0.7179025012478509,29,48,27,199,46
treasured-sweep-2157,cekvrpfc,61438,0.9,0.999,0.1,0.9,4,AdamW,64,reduce,6,256,256,76,30,20,0.05,0.13617766241882903,True,0.0001,0.00018193948426200088,no,0.01,128,no,0,no,0,768,0.3659349762447267,no,0.16747984661588045,0.10611755637351623,0.1759656652360515,0.8135593220338984,0.5816326530612245,0.8240343347639485,0.5643564356435643,19.124343633651733,457,1770723533.6583586,0.7455089820359282,0.8134534483491268,0.6391377422769025,0.9823529411764704,0.778393351800554,0.8300829875518672,0.7503836227941689,0.0674216565663134,0.6638655462184874,0.5027209675543196,0.5728643216080402,0.5205916012034697,0.5816326530612245,0.5643564356435643,0.5643564356435643,0.8240343347639485,0.0017837841296568513,0.6975959875475615,18,44,41,192,57
absurd-sweep-1861,vf09ll9m,70506,0.9,0.999,0.1,0.9,5,AdamW,64,reduce,6,256,1024,162,30,20,0.05,0.2028458301056928,True,0.0001,0.0001878334466253536,no,0.01,64,no,0,no,0,512,0.3313654654938848,no,0.17110688855001024,0.11019866222358612,0.18181818181818185,0.8146551724137931,0.58,0.8181818181818182,0.5742574257425742,33.28811264038086,973,1770717017.5702946,0.7439759036144579,0.8126098324118126,0.6324771967229343,0.976470588235294,0.7673130193905817,0.8299446749654219,0.7379964332258728,0.0936076124289029,0.6528925619834711,0.5201276953530773,0.5771144278606966,0.536085600011489,0.58,0.5742574257425742,0.5742574257425742,0.8181818181818182,9.829460032051428e-05,0.6973275862068966,32,43,42,189,58
easy-sweep-3657,kr61j6as,86796,0.9,0.999,0.1,0.9,5,AdamW,128,reduce,3,256,1024,181,30,20,0.05,0.1572719090428062,True,0.0001,1.7910542068287124e-05,no,0.01,128,no,0,no,0,512,0.41163182792102737,no,0.16873841958217153,0.09347697568662236,0.15879828326180256,0.8032786885245902,0.5697674418604651,0.8412017167381974,0.5051546391752577,31.737975597381592,1087,1770756738.9698715,0.7424242424242424,0.79292951639308,0.597990762311414,0.9705882352941176,0.7673130193905817,0.8298063623789764,0.7379964332258728,0.08439436596186208,0.6528925619834711,0.48425398639034367,0.5355191256830601,0.5173498714671415,0.5697674418604651,0.5051546391752577,0.5051546391752577,0.8412017167381974,0.015221619047224522,0.6865230651925276,31,48,37,196,49
winter-sweep-551,ec9qnjl2,80512,0.9,0.999,0.1,0.9,5,AdamW,64,reduce,6,256,1024,98,30,20,0.05,0.24991259760120457,True,0.0001,0.0009883650966520476,no,0.01,256,no,0,no,0,768,0.29940486696612045,no,0.15670898610745784,0.05675107222777588,0.11016949152542373,0.8015267175572519,0.6338028169014085,0.8898305084745762,0.4639175257731959,21.147788763046265,589,1770688248.5917995,0.7657657657657657,0.805128429145553,0.6306482781902356,0.9794117647058824,0.7673130193905817,0.8297717842323651,0.7397796956620486,0.058946488636682566,0.6216216216216216,0.4789113813490089,0.5357142857142857,0.4829760383157169,0.6338028169014085,0.4639175257731959,0.4639175257731959,0.8898305084745762,0.0013153949985280633,0.7176647672293301,20,52,26,210,45
deft-sweep-5251,vynqjg26,83619,0.9,0.999,0.1,0.9,3,AdamW,128,reduce,9,256,1024,151,30,20,0.05,0.32756180080797415,True,0.0001,8.281077493186289e-05,no,0.01,64,no,0,no,0,768,0.2761115932293834,no,0.1697655149354121,0.10347269951029024,0.11587982832618024,0.8046875,0.6301369863013698,0.8841201716738197,0.4791666666666667,34.6178023815155,907,1770791982.1081574,0.7659574468085106,0.8057492846924178,0.6178960402146537,0.9676470588235294,0.778393351800554,0.8297372060857537,0.7542145593869731,0.06633514743762664,0.6363636363636364,0.4943244490266837,0.5443786982248521,0.5363088271197151,0.6301369863013698,0.4791666666666667,0.4791666666666667,0.8841201716738197,0.00358260958455503,0.7174122431506849,34,50,27,206,46
devoted-sweep-1694,opsxlfeh,51391,0.9,0.999,0.1,0.9,4,AdamW,128,reduce,9,256,1024,122,30,20,0.05,0.15971711955961565,True,0.0001,4.610200103778663e-05,no,0.01,256,no,0,no,0,512,0.3346521997072134,no,0.1733092938808614,0.07713540753086767,0.1888412017167382,0.8253275109170306,0.5769230769230769,0.8111587982832618,0.6,29.78256154060364,733,1770713314.8479664,0.7477477477477478,0.7905150214592275,0.6116411515151354,0.9794117647058824,0.7700831024930748,0.8294260027662518,0.7427944862155389,0.06493990309020488,0.6719367588932806,0.49919259449121367,0.5882352941176471,0.5325121711282169,0.5769230769230769,0.6,0.6,0.8111587982832618,0.014337745495140553,0.7011252939200537,29,40,44,189,60
legendary-sweep-5305,3de2x44e,59700,0.9,0.999,0.1,0.9,3,AdamW,128,reduce,8,256,768,135,30,20,0.05,0.32076150098104916,True,0.0001,7.477873419548934e-05,no,0.01,64,no,0,no,0,256,0.3623201573131003,no,0.16255170694414964,0.08728586866500529,0.1336206896551724,0.8137651821862348,0.6219512195121951,0.8663793103448276,0.5257731958762887,27.520007371902462,811,1770793181.1425033,0.7659574468085106,0.8158993956629932,0.6304584451387116,0.9676470588235294,0.7700831024930748,0.8292876901798064,0.7411326006280332,0.06251587613467696,0.6437768240343348,0.49905234888980265,0.5698324022346368,0.5054340586942785,0.6219512195121951,0.5257731958762887,0.5257731958762887,0.8663793103448276,0.026024095714092255,0.7178582008492149,27,46,31,201,51
upbeat-sweep-379,wb3cmj8b,16932,0.9,0.999,0.1,0.9,4,AdamW,64,reduce,9,256,1024,111,30,20,0.05,0.3779038524478712,True,0.0001,9.986819211196758e-05,no,0.01,256,no,0,no,0,768,0.48689962929711395,no,0.16468625929727326,0.08807160211614817,0.15450643776824036,0.8140495867768595,0.6,0.8454935622317596,0.5454545454545454,29.048957347869873,667,1770684514.6976013,0.7560240963855421,0.8140633805869857,0.6260326112874106,0.976470588235294,0.7728531855955678,0.8291147994467497,0.7440887214898515,0.06638510834807505,0.6554621848739496,0.4976781279756752,0.5714285714285714,0.5072612538057215,0.6,0.5454545454545454,0.5454545454545454,0.8454935622317596,0.00772789167240262,0.7070247933884297,28,45,36,197,54
stellar-sweep-1499,0w21h4m7,56545,0.9,0.999,0.1,0.9,4,AdamW,64,reduce,5,256,1024,184,30,20,0.05,0.2347943445278161,True,0.0001,0.00010231735061448004,no,0.01,128,no,0,no,0,256,0.37336171323047374,no,0.1713164124575036,0.09894358257749186,0.1702127659574468,0.8227848101265823,0.5918367346938775,0.8297872340425532,0.58,35.82433104515076,1105,1770709041.292627,0.755223880597015,0.803063829787234,0.6074768441255259,0.9852941176470588,0.7562326869806094,0.8290802213001384,0.726258020938872,0.07360080569734866,0.6422764227642277,0.5093901996137032,0.5858585858585859,0.5436752319335938,0.5918367346938775,0.58,0.58,0.8297872340425532,0.0007044006488285959,0.7073107724102299,35,42,40,195,58
spring-sweep-5690,1lz6ghug,11717,0.9,0.999,0.1,0.9,5,AdamW,128,reduce,10,256,1024,161,30,20,0.05,0.16549197577979124,True,0.0001,0.00011129521194126177,no,0.01,256,no,0,no,0,512,0.451713712101408,no,0.16289228787388413,0.1065887414436686,0.1853448275862069,0.8217391304347826,0.5742574257425742,0.8146551724137931,0.5858585858585859,33.96445274353027,967,1770801533.9204738,0.7462235649546828,0.8148293277603622,0.6476372074995015,0.973529411764706,0.7673130193905817,0.8289073305670817,0.7381924595072819,0.06436023008790373,0.6557377049180327,0.5009129067206977,0.58,0.5023678947897519,0.5742574257425742,0.5858585858585859,0.5858585858585859,0.8146551724137931,0.0003406460746191442,0.6979982780886784,33,41,43,189,58
wild-sweep-4855,ptp057zx,20204,0.9,0.999,0.1,0.9,5,AdamW,128,reduce,6,256,768,101,30,20,0.05,0.4981782655217204,True,0.0001,0.00013015149225100215,no,0.01,128,no,0,no,0,768,0.33366573753708806,no,0.1608610639437336,0.10267999034522152,0.1645021645021645,0.8247863247863247,0.6,0.8354978354978355,0.5816326530612245,21.56679105758667,607,1770783343.7800891,0.7598784194528876,0.8281208587331036,0.6689942068843384,0.9676470588235294,0.7645429362880887,0.828838174273859,0.7373811864962307,0.07047955266656639,0.6666666666666666,0.5135616820274628,0.5906735751295337,0.5061500549316407,0.6,0.5816326530612245,0.5816326530612245,0.8354978354978355,0.04674460738897323,0.7123931623931623,20,41,38,193,57
resilient-sweep-5230,3omutify,51440,0.9,0.999,0.1,0.9,4,AdamW,128,reduce,7,256,768,66,30,20,0.05,0.4122934662607154,True,0.0001,0.00013716054164897943,no,0.01,256,no,0,no,0,1024,0.3944816070456531,no,0.15975252381681382,0.08926097861852855,0.12987012987012986,0.8104838709677419,0.620253164556962,0.8701298701298701,0.5104166666666666,19.16910457611084,397,1770791510.5255935,0.764525993883792,0.8251713564213565,0.6480232068002452,0.961764705882353,0.778393351800554,0.828838174273859,0.7516835016835017,0.06328341026385406,0.6491228070175439,0.5090625371959401,0.56,0.5050625969381893,0.620253164556962,0.5104166666666666,0.5104166666666666,0.8701298701298701,0.035312533378601074,0.7153685177623519,18,47,30,201,49
efficient-sweep-3513,8fr1aoen,90623,0.9,0.999,0.1,0.9,5,AdamW,128,step,6,256,512,128,30,20,0.05,0.2134351096892896,True,0.0001,6.00035904522852e-05,no,0.01,256,no,0,no,0,1024,0.4347732831296478,no,0.16234111458648065,0.07355023405768651,0.11965811965811966,0.8110236220472441,0.631578947368421,0.8803418803418803,0.5,29.38672566413879,769,1770753571.2265167,0.7696969696969697,0.8052439458689459,0.6278819015783689,0.9705882352941176,0.778393351800554,0.8287690179806363,0.7506747638326585,0.06411281219809999,0.6581196581196581,0.4800612008472559,0.5581395348837209,0.5010235954733456,0.631578947368421,0.5,0.5,0.8803418803418803,0.00987951084971428,0.7213012847078326,28,48,28,206,48
solar-sweep-3229,b3vc9m7d,50707,0.9,0.999,0.1,0.9,4,AdamW,128,reduce,8,256,1024,169,30,20,0.05,0.18831250534516053,True,0.0001,1.9682366855101912e-05,no,0.01,256,no,0,no,0,512,0.4516188930931647,no,0.16985265174288358,0.07004971829003202,0.11864406779661016,0.803088803088803,0.6266666666666667,0.8813559322033898,0.47959183673469385,41.10571932792664,1015,1770747174.9996274,0.7634730538922155,0.7872708405396056,0.5950935619877415,0.9823529411764704,0.778393351800554,0.8286652835408022,0.7504926108374385,0.05934325727399365,0.6610169491525424,0.4799678728521035,0.5433526011560693,0.5256166345932904,0.6266666666666667,0.47959183673469385,0.47959183673469385,0.8813559322033898,0.017094451934099197,0.7148777348777349,40,51,28,208,47
astral-sweep-57,xdut7icv,43738,0.9,0.999,0.1,0.9,4,AdamW,32,reduce,8,256,768,119,30,20,0.05,0.4801628458351742,True,0.0001,7.81015965208485e-05,no,0.01,32,no,0,no,0,256,0.4214353338737325,no,0.1600737274522345,0.09012480026268097,0.1282051282051282,0.8031496062992126,0.6153846153846154,0.8717948717948718,0.4897959183673469,24.040311813354492,715,1770677758.513882,0.7590361445783133,0.8243938601081459,0.655355044975177,0.976470588235294,0.775623268698061,0.8285615491009682,0.7473842347119124,0.05763370211434827,0.6553191489361702,0.4909377164127424,0.5454545454545454,0.4909066592945772,0.6153846153846154,0.4897959183673469,0.4897959183673469,0.8717948717948718,0.09419643133878708,0.709267110841914,23,50,30,204,48
morning-sweep-3218,pzmycvhf,58406,0.9,0.999,0.1,0.9,3,AdamW,64,reduce,7,256,1024,134,30,20,0.05,0.20873951015131953,True,0.0001,0.000130293057819312,no,0.01,256,no,0,no,0,1024,0.40262418850907056,no,0.1622377507108486,0.07374980463995946,0.15879828326180256,0.8235294117647058,0.6105263157894737,0.8412017167381974,0.58,28.582870960235596,805,1770746950.9683568,0.7627627627627628,0.8132618025751073,0.6395032143641024,0.9794117647058824,0.7811634349030471,0.8285269709543568,0.7535014005602241,0.061295428434567464,0.6748971193415638,0.4920739678464768,0.5948717948717949,0.4962697197409237,0.6105263157894737,0.58,0.58,0.8412017167381974,0.0009720278321765364,0.7170278637770897,28,42,37,196,58
fresh-sweep-4480,yzjffafc,97908,0.9,0.999,0.1,0.9,4,AdamW,64,reduce,4,256,1024,163,30,20,0.05,0.3208654431740192,True,0.0001,8.72226948874037e-05,no,0.01,256,no,0,no,0,1024,0.2837075661996485,no,0.15872572860696213,0.06094372595649167,0.14102564102564102,0.8204081632653061,0.6206896551724138,0.8589743589743589,0.5510204081632653,36.252933740615845,979,1770775095.4047058,0.7680722891566265,0.8156288156288155,0.6410473922669586,0.976470588235294,0.7728531855955678,0.8284578146611342,0.7447301702281782,0.0703336916802002,0.6434782608695652,0.49449571942358467,0.5837837837837838,0.4925509284524357,0.6206896551724138,0.5510204081632653,0.5510204081632653,0.8589743589743589,0.001434196950867772,0.72054890921886,35,44,33,201,54
tough-sweep-1022,xl2bw15y,73552,0.9,0.999,0.1,0.9,3,AdamW,32,reduce,3,256,256,52,30,20,0.05,0.44576219714877297,True,0.0001,0.00032657021170404724,no,0.01,128,no,0,no,0,256,0.24400344881109604,no,0.15416330043977988,0.09168466706217432,0.11158798283261805,0.8346774193548387,0.6666666666666666,0.8884120171673819,0.5591397849462365,18.717544317245483,313,1770698527.7905302,0.7944785276073619,0.8280492869998615,0.6479209594965037,0.9588235294117649,0.7562326869806094,0.8284232365145229,0.7261147702324173,0.07128965606980048,0.6036036036036037,0.5006836444717365,0.6081871345029239,0.48998444501091454,0.6666666666666666,0.5591397849462365,0.5591397849462365,0.8884120171673819,0.2431058883666992,0.7506720430107527,18,41,26,207,52
faithful-sweep-3813,uu0sctpf,25929,0.9,0.999,0.1,0.9,5,AdamW,128,step,9,256,1024,103,30,20,0.05,0.32929820157737916,True,0.0001,3.4635962880474134e-05,no,0.01,64,no,0,no,0,512,0.4503921902887732,no,0.17073190792748108,0.08401246280187652,0.13247863247863248,0.8023715415019763,0.6265060240963856,0.8675213675213675,0.5098039215686274,30.366096258163452,619,1770760312.8119423,0.7589285714285714,0.7988520194402549,0.6129506808171152,0.9882352941176472,0.775623268698061,0.8284232365145229,0.7491071428571429,0.06379409906276375,0.64,0.4812936545078774,0.5621621621621622,0.5227906171013327,0.6265060240963856,0.5098039215686274,0.5098039215686274,0.8675213675213675,0.1238805130124092,0.7144387827991809,30,50,31,203,52
faithful-sweep-1151,w7jikc49,6502,0.9,0.999,0.1,0.9,3,AdamW,128,reduce,8,256,1024,120,30,20,0.05,0.2576610173314478,True,0.0001,2.4420315935271773e-05,no,0.01,32,no,0,no,0,768,0.3589553732797762,no,0.16853698581450574,0.08677214622497559,0.13852813852813853,0.8024193548387096,0.5844155844155844,0.8614718614718615,0.4787234042553192,26.154154539108276,721,1770701367.4606936,0.7507692307692307,0.8018789720917381,0.5905675232069576,0.9558823529411764,0.7590027700831025,0.8280774550484095,0.728677606887924,0.06946889449354686,0.6167400881057269,0.483364918885799,0.5263157894736842,0.5205713608685661,0.5844155844155844,0.4787234042553192,0.4787234042553192,0.8614718614718615,0.13537034392356873,0.693417469627147,25,49,32,199,45
solar-sweep-1627,xynu4ne6,38403,0.9,0.999,0.1,0.9,4,AdamW,128,reduce,6,256,1024,191,30,20,0.05,0.113943298039394,True,0.0001,6.497615217167505e-05,no,0.01,256,no,0,no,0,512,0.4332418114589864,no,0.15764457537597393,0.06848022225382808,0.1308016877637131,0.8373983739837398,0.6436781609195402,0.869198312236287,0.5833333333333334,32.909417152404785,1147,1770711832.7695842,0.7867867867867868,0.8113132911392406,0.6376026029867948,0.9794117647058824,0.7645429362880887,0.8280774550484095,0.7346916928347131,0.0574084487318002,0.6351931330472103,0.48413360680239353,0.6120218579234973,0.4903780320111443,0.6436781609195402,0.5833333333333334,0.5833333333333334,0.869198312236287,0.0006064317421987653,0.7405382674516401,32,40,31,206,56
genial-sweep-5713,jzblko1r,912,0.9,0.999,0.1,0.9,5,AdamW,128,reduce,6,256,768,71,30,20,0.05,0.27947629118380646,True,0.0001,6.826086340742863e-05,no,0.01,256,no,0,no,0,768,0.4759877567474526,no,0.16792376351768798,0.08456571445320592,0.15517241379310345,0.8166666666666667,0.6,0.8448275862068966,0.5510204081632653,20.12375426292419,427,1770802050.3118644,0.7575757575757576,0.8095531315974666,0.6123742868693549,0.9705882352941176,0.7562326869806094,0.828042876901798,0.7276366282916501,0.07162620800023596,0.6507936507936508,0.5074442601930401,0.574468085106383,0.5339504466337316,0.6,0.5510204081632653,0.5510204081632653,0.8448275862068966,0.13006143271923065,0.7083333333333333,19,44,36,196,54
wobbly-sweep-6026,zdlxuy02,81245,0.9,0.999,0.1,0.9,5,AdamW,128,reduce,8,256,512,140,30,20,0.05,0.3655128168663505,True,0.0001,0.00017407481424814227,no,0.01,64,no,0,no,0,512,0.36958933932092686,no,0.17241306963309766,0.1077758399088208,0.2025862068965517,0.8371040723981901,0.5607476635514018,0.7974137931034483,0.625,28.79441523551941,841,1770809052.2752233,0.7469512195121951,0.813263290229885,0.6373586751255989,0.9647058823529412,0.7562326869806094,0.8280082987551867,0.7282036951804852,0.08162987991713422,0.6535433070866141,0.5267619716823927,0.5911330049261084,0.5372528076171875,0.5607476635514018,0.625,0.625,0.7974137931034483,0.010025030933320522,0.698925867974796,28,36,47,185,60
noble-sweep-4906,nnfo7yic,40873,0.9,0.999,0.1,0.9,5,AdamW,128,reduce,4,256,1024,196,30,20,0.05,0.16335578591963645,True,0.0001,4.151284839187819e-05,no,0.01,64,no,0,no,0,768,0.24801417033325368,no,0.16637325747130957,0.0973175437049528,0.08860759493670886,0.7970479704797048,0.6911764705882353,0.9113924050632912,0.46078431372549017,35.11555457115173,1177,1770784451.6147325,0.775811209439528,0.804542069992554,0.6325840737782682,0.9970588235294118,0.7673130193905817,0.8279737206085754,0.7397796956620486,0.07618826512154449,0.6216216216216216,0.48796178759630365,0.5529411764705883,0.5134361715877758,0.6911764705882353,0.46078431372549017,0.46078431372549017,0.9113924050632912,0.0013165080454200506,0.7441122205339701,34,55,21,216,47
avid-sweep-5357,p8n3k6ow,40008,0.9,0.999,0.1,0.9,5,AdamW,128,reduce,10,256,512,152,30,20,0.05,0.3275401672107837,True,0.0001,0.00047969745338400104,no,0.01,64,no,0,no,0,512,0.1899181917885836,no,0.17032439734200605,0.1179987804309742,0.1829787234042553,0.8170212765957446,0.5612244897959183,0.8170212765957446,0.5612244897959183,31.61856245994568,913,1770794319.2931845,0.7417417417417418,0.8172383847155884,0.65606172554397,0.9794117647058824,0.7728531855955678,0.8279391424619641,0.747721396250808,0.08013179741407697,0.6846153846153846,0.5356629601475935,0.5612244897959183,0.531471342198989,0.5612244897959183,0.5612244897959183,0.5612244897959183,0.8170212765957446,0.04178328812122345,0.6891228831958315,31,43,43,192,55
eager-sweep-2862,40o8oabx,65349,0.9,0.999,0.1,0.9,4,AdamW,64,reduce,8,256,768,75,30,20,0.05,0.23885405592689565,True,0.0001,0.00012685159699664283,no,0.01,64,no,0,no,0,1024,0.4439329513774361,no,0.16193408734058767,0.09394252847094052,0.14224137931034483,0.8122448979591836,0.5975609756097561,0.8577586206896551,0.5157894736842106,20.59880518913269,451,1770739006.1989172,0.7584097859327217,0.8131125226860254,0.6354363829846074,0.961764705882353,0.7867036011080333,0.8279045643153528,0.7618846125542718,0.0754935782702015,0.6607929515418502,0.4968629874020733,0.5536723163841808,0.5044439876780791,0.5975609756097561,0.5157894736842106,0.5157894736842106,0.8577586206896551,0.010488578118383884,0.7049029367844699,20,46,33,199,49
wise-sweep-4091,6x8z7pr8,13789,0.9,0.999,0.1,0.9,4,AdamW,128,reduce,8,256,768,143,30,20,0.05,0.1944682043099969,True,0.0001,0.0001489793258453678,no,0.01,128,no,0,no,0,512,0.1382113111873005,no,0.1680972020740593,0.107456060092142,0.11255411255411256,0.8070866141732284,0.6388888888888888,0.8874458874458875,0.4842105263157895,26.53727960586548,859,1770766515.6247396,0.7699386503067485,0.8097972203235362,0.6303061271333329,0.9588235294117649,0.7811634349030471,0.8276970954356847,0.7572543792840822,0.0691697817099722,0.6425339366515838,0.5150426721969139,0.5508982035928144,0.533709088493796,0.6388888888888888,0.4842105263157895,0.4842105263157895,0.8874458874458875,0.0003054424887523055,0.7229877515310585,26,49,26,205,46
dutiful-sweep-5971,tb2quc4n,19101,0.9,0.999,0.1,0.9,5,AdamW,128,reduce,8,256,512,65,30,20,0.05,0.26588716278745883,True,0.0001,0.00017864274100901398,no,0.01,128,no,0,no,0,256,0.49290478179435626,no,0.16613098330136347,0.09317787535890132,0.1574468085106383,0.8181818181818182,0.5978260869565217,0.8425531914893617,0.5555555555555556,18.80968475341797,391,1770807788.1920097,0.7574850299401198,0.813625617880937,0.6320634344783247,0.9823529411764704,0.775623268698061,0.8276625172890733,0.747245179063361,0.08678896770582964,0.6639004149377593,0.5055421105382185,0.5759162303664922,0.5128257302676931,0.5978260869565217,0.5555555555555556,0.5555555555555556,0.8425531914893617,0.02084445022046566,0.7080039525691699,18,44,37,198,55
summer-sweep-2215,9dkvhop3,69099,0.9,0.999,0.1,0.9,4,AdamW,64,reduce,9,256,1024,154,30,20,0.05,0.41205264146452336,True,0.0001,8.785244309350827e-05,no,0.01,64,no,0,no,0,768,0.11614908087699193,no,0.15886291203803754,0.0701651169112855,0.1391304347826087,0.8148148148148148,0.6144578313253012,0.8608695652173913,0.53125,35.63991403579712,925,1770724816.94836,0.7638036809815951,0.8179800724637681,0.6366111975378459,0.9588235294117649,0.775623268698061,0.8276279391424619,0.7475735084213532,0.04359178843590691,0.6523605150214592,0.4859571800337604,0.5698324022346368,0.4922085032743566,0.6144578313253012,0.53125,0.53125,0.8608695652173913,0.0029894690960645676,0.714636323070058,35,45,32,198,51
glad-sweep-3336,q965weom,57708,0.9,0.999,0.1,0.9,4,AdamW,128,reduce,10,256,1024,180,30,20,0.05,0.30887182636248334,True,0.0001,2.4653684636195703e-05,no,0.01,128,no,0,no,0,512,0.12323769012810525,no,0.16705393810614147,0.07533744439527981,0.15086206896551724,0.7975708502024291,0.573170731707317,0.8491379310344828,0.4845360824742268,38.829039573669434,1081,1770749635.5132315,0.7416413373860182,0.80012442232492,0.5991503218236205,0.9676470588235294,0.7728531855955678,0.8275587828492393,0.7450775874688917,0.04828608531370717,0.6403508771929824,0.485098249694317,0.5251396648044693,0.5131238600786995,0.573170731707317,0.4845360824742268,0.4845360824742268,0.8491379310344828,0.02721315808594227,0.6853707909548731,38,50,35,197,47
fragrant-sweep-449,t3efy85x,91127,0.9,0.999,0.1,0.9,5,AdamW,128,reduce,6,256,1024,112,30,20,0.05,0.13883700055017317,True,0.0001,1.6510401927712405e-05,no,0.01,128,no,0,no,0,768,0.20978924089977055,no,0.16470898229007885,0.07040557814508767,0.16170212765957448,0.8347457627118644,0.6,0.8382978723404255,0.59375,24.40902638435364,673,1770686088.7274394,0.7673716012084593,0.7929078014184398,0.6221028371239502,0.973529411764706,0.775623268698061,0.827524204702628,0.7474915254237289,0.04023108373388358,0.6693877551020408,0.4819686762844097,0.5968586387434555,0.5020935956169578,0.6,0.59375,0.59375,0.8382978723404255,0.185405895113945,0.7173728813559321,23,39,38,197,57
daily-sweep-89,avwkp988,30905,0.9,0.999,0.1,0.9,4,AdamW,128,step,8,256,1024,109,30,20,0.05,0.22221215534596725,True,0.0001,3.2776043426576645e-05,no,0.01,64,no,0,no,0,256,0.344969473040604,no,0.16686402566413813,0.08055643012516449,0.12931034482758622,0.8047808764940239,0.625,0.8706896551724138,0.5050505050505051,30.45862865447998,655,1770678385.2540226,0.7613293051359517,0.8037269244165796,0.6124152111158527,0.973529411764706,0.7673130193905817,0.8274550484094053,0.7381926838102137,0.0519766223067392,0.6347826086956522,0.4916982888514976,0.5586592178770949,0.5225657743566177,0.625,0.5050505050505051,0.5050505050505051,0.8706896551724138,0.035418033599853516,0.7148904382470119,30,49,30,202,50
effortless-sweep-6807,w5oigm8u,14171,0.9,0.999,0.1,0.9,5,AdamW,128,reduce,7,256,1024,107,30,20,0.05,0.2626980614883039,True,0.0001,9.149844445210627e-05,no,0.01,64,no,0,no,0,256,0.20815151576330015,no,0.16032137913768185,0.09027759574197076,0.12875536480686697,0.8023715415019763,0.625,0.871244635193133,0.5,22.414891004562374,643,1770826297.616249,0.7597597597597597,0.8198712446351931,0.6473851608917489,0.9794117647058824,0.7645429362880887,0.8274550484094052,0.7366336633663366,0.0681424304388897,0.6153846153846154,0.491430393546572,0.5555555555555556,0.5012779684627757,0.625,0.5,0.5,0.871244635193133,0.008039847947657108,0.7136857707509882,22,50,30,203,50
exalted-sweep-3069,7gf55kjz,19380,0.9,0.999,0.1,0.9,5,AdamW,64,reduce,10,256,768,179,30,20,0.05,0.36839944880989994,True,0.0001,8.235939425266644e-05,no,0.01,32,no,0,no,0,512,0.30116593572533834,no,0.1577413149067702,0.07204397964331272,0.14847161572052403,0.819327731092437,0.6136363636363636,0.851528384279476,0.5567010309278351,35.91748571395874,1075,1770743592.0198996,0.7638036809815951,0.8230315580966101,0.6528744527966527,0.9588235294117649,0.7700831024930748,0.82731673582296,0.7409450749614683,0.05115774579325539,0.6497890295358649,0.4937901378008137,0.5837837837837838,0.4893900702981388,0.6136363636363636,0.5567010309278351,0.5567010309278351,0.851528384279476,0.0022264723666012287,0.7164820473644002,35,43,34,195,54
clean-sweep-831,4aw3pppo,84120,0.9,0.999,0.1,0.9,4,AdamW,128,reduce,6,256,1024,135,30,20,0.05,0.17072216229532558,True,0.0001,0.00011850174148584436,no,0.01,256,no,0,no,0,512,0.3060092826977615,no,0.16511226488517156,0.08458092582262033,0.09871244635193133,0.7984790874524715,0.6515151515151515,0.9012875536480688,0.4479166666666667,29.433674812316895,811,1770694363.3591137,0.7689969604863222,0.8058834048640915,0.6241563684948408,0.9676470588235294,0.7645429362880887,0.8273167358229598,0.7366336633663366,0.06791063226821348,0.6153846153846154,0.4989464249967538,0.5308641975308642,0.5223302504595588,0.6515151515151515,0.4479166666666667,0.4479166666666667,0.9012875536480688,0.0009064325713552536,0.7249971194838115,28,53,23,210,43
magic-sweep-870,25ubmn4l,41925,0.9,0.999,0.1,0.9,5,AdamW,128,reduce,6,256,1024,190,30,20,0.05,0.4649525342982266,True,0.0001,1.9884503964579495e-05,no,0.01,128,no,0,no,0,512,0.4295808450654329,no,0.16727993956769352,0.06515110052548923,0.13973799126637554,0.8174273858921162,0.6190476190476191,0.8602620087336245,0.5416666666666666,41.687074184417725,1141,1770695226.2894711,0.7661538461538462,0.7927583697234353,0.5832906729031786,0.9558823529411764,0.775623268698061,0.8272475795297373,0.7475735084213532,0.032063535210828706,0.6523605150214592,0.4838655001568992,0.5777777777777777,0.5313579783720128,0.6190476190476191,0.5416666666666666,0.5416666666666666,0.8602620087336245,0.13735315203666687,0.7182375024698676,41,44,32,197,52
revived-sweep-3041,osqad3um,11800,0.9,0.999,0.1,0.9,5,AdamW,128,reduce,7,256,1024,81,30,20,0.05,0.31012549494881814,True,0.0001,3.862390873958083e-05,no,0.01,128,no,0,no,0,256,0.3053562006328697,no,0.16345779313689246,0.07457232583000001,0.12931034482758622,0.808,0.6341463414634146,0.8706896551724138,0.52,18.429546356201172,487,1770742954.6394844,0.7650602409638554,0.8119827586206898,0.6254703803761342,0.976470588235294,0.7700831024930748,0.8272130013831259,0.7413333333333333,0.046199101325217394,0.6406926406926406,0.485484960666984,0.5714285714285714,0.5040917789234834,0.6341463414634146,0.52,0.52,0.8706896551724138,0.20242542028427124,0.7210731707317073,18,48,30,202,52
smart-sweep-4894,civfdb0x,64608,0.9,0.999,0.1,0.9,4,AdamW,64,reduce,7,256,1024,156,30,20,0.05,0.19942139797936703,True,0.0001,1.8874294782413017e-05,no,0.01,128,no,0,no,0,768,0.2653253466604526,no,0.16209038932511194,0.06724561531622489,0.1271186440677966,0.8340080971659919,0.6511627906976745,0.8728813559322034,0.5773195876288659,29.086124420166016,937,1770784177.1599565,0.7867867867867868,0.8007600908614363,0.6019465069764927,0.9794117647058824,0.775623268698061,0.8271784232365146,0.7479951884522855,0.045660647989310056,0.6746987951807228,0.48210558270483467,0.6120218579234973,0.4972812876981847,0.6511627906976745,0.5773195876288659,0.5773195876288659,0.8728813559322034,0.05902036651968956,0.7425854439318331,28,41,30,206,56
young-sweep-4464,8l85u774,5215,0.9,0.999,0.1,0.9,5,AdamW,128,reduce,5,256,1024,199,30,20,0.05,0.3080935378162515,True,0.0001,4.35140703195056e-05,no,0.01,128,no,0,no,0,256,0.3962367136274352,no,0.1595313395586606,0.062052641131661146,0.1206896551724138,0.8031496062992126,0.631578947368421,0.8793103448275862,0.4897959183673469,33.39478397369385,1195,1770774748.926935,0.7636363636363637,0.8100369458128077,0.6306520233966196,0.9705882352941176,0.7700831024930748,0.8271438450899032,0.7416084170671327,0.04955169814445305,0.6375545851528385,0.4799972491911574,0.5517241379310345,0.4935512767118566,0.631578947368421,0.4897959183673469,0.4897959183673469,0.8793103448275862,0.0032228848431259394,0.7173642768338169,32,50,28,204,48
lemon-sweep-306,7akceh6h,50788,0.9,0.999,0.1,0.9,3,AdamW,64,reduce,6,256,768,160,30,20,0.05,0.4904461748667438,True,0.0001,0.0005056821863844193,no,0.01,128,no,0,no,0,256,0.2938957889865982,no,0.15723513599089992,0.0885391840539827,0.1471861471861472,0.8242677824267782,0.6091954022988506,0.8528138528138528,0.5578947368421052,28.993978261947632,961,1770682949.1505983,0.7668711656441718,0.8303485987696514,0.6745655337586753,0.9588235294117649,0.7700831024930748,0.8270746887966806,0.7413728813559322,0.07000951258429532,0.6612244897959184,0.5149427081079034,0.5824175824175825,0.4935061286477482,0.6091954022988506,0.5578947368421052,0.5578947368421052,0.8528138528138528,0.03940966352820397,0.7167315923628144,28,42,34,197,53
winter-sweep-762,c1sovz09,53722,0.9,0.999,0.1,0.9,5,AdamW,64,reduce,5,256,1024,135,30,20,0.05,0.2241626869673428,True,0.0001,1.4894212783062002e-05,no,0.01,64,no,0,no,0,1024,0.34180792283996064,no,0.1727259376400945,0.07187816141599633,0.15584415584415584,0.8125,0.6086956521739131,0.8441558441558441,0.5544554455445545,28.41962623596191,811,1770692874.129429,0.7560240963855421,0.7869358364407869,0.602626093737279,0.976470588235294,0.7645429362880887,0.8270401106500691,0.7350037576006012,0.06022363537896704,0.6502057613168725,0.482287462398286,0.5803108808290155,0.526367052863626,0.6086956521739131,0.5544554455445545,0.5544554455445545,0.8441558441558441,0.29073846340179443,0.7105978260869565,28,45,36,195,56
effortless-sweep-657,5ftyhirv,30601,0.9,0.999,0.1,0.9,3,AdamW,64,reduce,4,256,1024,144,30,20,0.05,0.40780604818968025,True,0.0001,3.320489187261575e-05,no,0.01,32,no,0,no,0,512,0.3309612491150925,no,0.1619477018905159,0.07704103625181948,0.11587982832618024,0.807843137254902,0.64,0.8841201716738197,0.4948453608247423,24.76622414588928,865,1770690574.98833,0.7696969696969697,0.8067784611300385,0.6127615497995264,0.9705882352941176,0.7700831024930748,0.8270055325034578,0.7413333333333333,0.04857845451693127,0.6406926406926406,0.4808035134608726,0.5581395348837209,0.4975864186006434,0.64,0.4948453608247423,0.4948453608247423,0.8841201716738197,0.12144747376441956,0.7239215686274509,24,49,27,206,48
divine-sweep-1572,s97wlurn,41099,0.9,0.999,0.1,0.9,3,AdamW,128,step,7,256,1024,134,30,20,0.05,0.4337356356920402,True,0.0001,0.00015484761679419369,no,0.01,128,no,0,no,0,1024,0.33103046134538633,no,0.16592570634988466,0.10322723026017108,0.16170212765957448,0.8073770491803278,0.5681818181818182,0.8382978723404255,0.5154639175257731,24.840393781661987,805,1770710662.6727498,0.7439759036144579,0.8143013818819916,0.6316539529438095,0.976470588235294,0.7700831024930748,0.8270055325034578,0.7413333333333333,0.06444171673703392,0.6406926406926406,0.5118350718490304,0.5405405405405406,0.5184521843405331,0.5681818181818182,0.5154639175257731,0.5154639175257731,0.8382978723404255,0.01389892864972353,0.687779433681073,24,47,38,197,50
azure-sweep-3399,s1b6f8ez,82658,0.9,0.999,0.1,0.9,3,AdamW,64,reduce,5,256,512,153,30,20,0.05,0.34863864358261354,True,0.0001,0.00012018726383539227,no,0.01,32,no,0,no,0,768,0.48532097086866866,no,0.1680384841229106,0.10060710363157564,0.17672413793103448,0.8162393162393162,0.5773195876288659,0.8232758620689655,0.5656565656565656,25.12481188774109,919,1770751052.6928828,0.7462235649546828,0.8145245559038663,0.6360145275978974,0.973529411764706,0.7617728531855956,0.8269017980636237,0.7341376816358736,0.07456443217322438,0.6614173228346457,0.5030253825095221,0.5714285714285714,0.5104485455681296,0.5773195876288659,0.5656565656565656,0.5656565656565656,0.8232758620689655,0.0012854643864557147,0.6967794519340911,24,43,41,191,56
summer-sweep-6231,ow9diq8f,64975,0.9,0.999,0.1,0.9,5,AdamW,64,reduce,8,256,1024,180,30,20,0.05,0.23312735997751188,True,0.0001,5.4898535588719095e-05,no,0.01,64,no,0,no,0,768,0.45327563111148617,no,0.15839645971441704,0.06440991509580468,0.1282051282051282,0.8259109311740891,0.625,0.8717948717948718,0.5376344086021505,30.24475908279419,1081,1770813554.4541771,0.7767584097859327,0.8105413105413105,0.6163883741393053,0.961764705882353,0.7700831024930748,0.8268672199170124,0.7411326006280332,0.049659833683531704,0.6437768240343348,0.48441316810671314,0.5780346820809249,0.4952077529009651,0.625,0.5376344086021505,0.5376344086021505,0.8717948717948718,0.002135378774255514,0.7254554655870445,29,43,30,204,50
solar-sweep-3406,b6dnufdu,41327,0.9,0.999,0.1,0.9,5,AdamW,128,reduce,7,256,768,138,30,20,0.05,0.28951908053861014,True,0.0001,5.757965455220312e-05,no,0.01,256,no,0,no,0,768,0.4452784351519341,no,0.161286344783123,0.07178647055173869,0.14224137931034483,0.8257261410788381,0.6162790697674418,0.8577586206896551,0.5578947368421052,25.921003580093384,829,1770751213.3496046,0.7706422018348624,0.808983666061706,0.6400548638350232,0.961764705882353,0.7700831024930748,0.8268672199170124,0.7411696385871422,0.06404545151956195,0.6584362139917695,0.49143352138698926,0.585635359116022,0.5010680254767923,0.6162790697674418,0.5578947368421052,0.5578947368421052,0.8577586206896551,0.01286293100565672,0.72100260542314,25,42,33,199,53
drawn-sweep-1864,klpt1udq,96407,0.9,0.999,0.1,0.9,5,AdamW,32,reduce,5,256,1024,184,30,20,0.05,0.1962415607871953,True,0.0001,8.262533671477258e-05,no,0.01,256,no,0,no,0,768,0.30611727035843217,no,0.1686556456062646,0.08060237649661392,0.14893617021276595,0.8097165991902834,0.6022727272727273,0.851063829787234,0.53,39.15630936622619,1105,1770717118.2466557,0.755223880597015,0.7998723404255319,0.6209808762434814,0.9852941176470588,0.7673130193905817,0.8267980636237897,0.7377902885292047,0.05330801455928349,0.6440677966101694,0.4889144263439231,0.5638297872340425,0.5144353529986213,0.6022727272727273,0.53,0.53,0.851063829787234,0.00438041053712368,0.7059946632315053,38,47,35,200,53
glorious-sweep-4419,orklam92,44348,0.9,0.999,0.1,0.9,5,AdamW,64,reduce,7,256,1024,160,30,20,0.05,0.4423828416961213,True,0.0001,1.96092010439537e-05,no,0.01,32,no,0,no,0,1024,0.36480617909205015,no,0.16426115589463725,0.07957990316244272,0.1774891774891775,0.8407079646017699,0.5858585858585859,0.8225108225108225,0.6170212765957447,30.44084334373474,961,1770773755.4594514,0.7630769230769231,0.8011881735285991,0.6133151147072119,0.9558823529411764,0.7617728531855956,0.8267634854771785,0.7341376816358736,0.062185712798480494,0.6614173228346457,0.491741909544884,0.6010362694300518,0.502445894129136,0.5858585858585859,0.6170212765957447,0.6170212765957447,0.8225108225108225,0.3234584331512451,0.7132832752301779,29,36,41,190,58
fresh-sweep-5862,ijqmhsly,34928,0.9,0.999,0.1,0.9,5,AdamW,128,reduce,6,256,768,90,30,20,0.05,0.27942634292319846,True,0.0001,0.0007209603195636902,no,0.01,128,no,0,no,0,1024,0.2392479600051148,no,0.16048116659237657,0.10270071299774772,0.15217391304347827,0.8125,0.6153846153846154,0.8478260869565217,0.5544554455445545,28.8021297454834,541,1770805367.9877458,0.7583081570996979,0.8335772707705553,0.6696084132799985,0.973529411764706,0.7700831024930748,0.8267289073305671,0.7409450749614683,0.08570745843269159,0.6497890295358649,0.5318145329271987,0.5833333333333334,0.5089525110581342,0.6153846153846154,0.5544554455445545,0.5544554455445545,0.8478260869565217,0.002763855503872037,0.7139423076923077,28,45,35,195,56
sleek-sweep-5218,67s0phut,90304,0.9,0.999,0.1,0.9,4,AdamW,64,reduce,4,256,1024,82,30,20,0.05,0.25353755529014177,True,0.0001,0.00013055339392884969,no,0.01,256,no,0,no,0,768,0.11441957977754624,no,0.1612495533057277,0.0833392853086645,0.1459227467811159,0.8155737704918032,0.6046511627906976,0.8540772532188842,0.5360824742268041,24.15801167488098,493,1770791256.4999638,0.7606060606060606,0.8149196938188575,0.6405981908108376,0.9705882352941176,0.7839335180055401,0.826728907330567,0.7578051430641073,0.0826998470232427,0.6608695652173913,0.4998653337896035,0.5683060109289617,0.5051826925838695,0.6046511627906976,0.5360824742268041,0.5360824742268041,0.8540772532188842,0.009180137887597084,0.7101124666412504,23,45,34,199,52
different-sweep-2640,schkno6c,50122,0.9,0.999,0.1,0.9,3,AdamW,128,reduce,9,256,768,145,30,20,0.05,0.2301933901226716,True,0.0001,2.693683722743413e-05,no,0.01,128,no,0,no,0,1024,0.30899946298385333,no,0.15501636853961295,0.087918836962093,0.11914893617021276,0.828,0.65,0.8808510638297873,0.5473684210526316,34.707157135009766,871,1770734171.349008,0.7848484848484848,0.8160358342665173,0.6424785329700438,0.9705882352941176,0.7700831024930748,0.8266943291839557,0.7416084170671327,0.050891830650393,0.6375545851528385,0.4833129713740045,0.5942857142857143,0.482547804888557,0.65,0.5473684210526316,0.5473684210526316,0.8808510638297873,0.0198214091360569,0.739,34,43,28,207,52
laced-sweep-5401,sl5qgs5x,83107,0.9,0.999,0.1,0.9,5,AdamW,128,reduce,3,256,1024,161,30,20,0.05,0.4451497471328269,True,0.0001,4.439418303763304e-05,no,0.01,64,no,0,no,0,256,0.4814712755378945,no,0.1597480342046263,0.0972524625657188,0.15450643776824036,0.8382978723404255,0.625,0.8454935622317596,0.6122448979591837,33.13006782531738,967,1770795288.7329135,0.7764350453172205,0.8153192607515108,0.623435598127563,0.973529411764706,0.7506925207756233,0.8266597510373445,0.7211122211122212,0.06391864288546702,0.64,0.48573535697281855,0.6185567010309279,0.4923252778894761,0.625,0.6122448979591837,0.6122448979591837,0.8454935622317596,0.050156038254499435,0.7316489361702128,32,38,36,197,60
misty-sweep-5495,7e3gjvu8,69991,0.9,0.999,0.1,0.9,4,AdamW,64,reduce,7,256,512,124,30,20,0.05,0.2750637892246153,True,0.0001,3.4699427607746284e-05,no,0.01,128,no,0,no,0,768,0.34127419005537063,no,0.15994073313565285,0.06610726914016861,0.1483050847457627,0.8204081632653061,0.5930232558139535,0.8516949152542372,0.5368421052631579,32.21364951133728,745,1770797295.5696044,0.7613293051359517,0.8101694915254237,0.6199868883747175,0.973529411764706,0.7617728531855956,0.8266597510373443,0.7314989188812164,0.05064111848947413,0.6386554621848739,0.48660274093501127,0.56353591160221,0.4988795560948989,0.5930232558139535,0.5368421052631579,0.5368421052631579,0.8516949152542372,0.07265506684780121,0.7067157095396298,31,44,35,201,51
pretty-sweep-1583,tuspffa7,94404,0.9,0.999,0.1,0.9,5,AdamW,64,reduce,9,256,768,195,30,20,0.05,0.22916523790527984,True,0.0001,0.0001719946297521428,no,0.01,128,no,0,no,0,768,0.4636360519367645,no,0.1674691815099665,0.10768732518860788,0.1904761904761905,0.8130434782608695,0.56,0.8095238095238095,0.5656565656565656,39.78803491592407,1171,1770710903.750581,0.7363636363636363,0.814902269447724,0.6375662336483403,0.9705882352941176,0.7645429362880887,0.8266251728907331,0.7368421052631579,0.0718587374423019,0.6640316205533597,0.514575905416811,0.5628140703517588,0.5150914809283088,0.56,0.5656565656565656,0.5656565656565656,0.8095238095238095,0.00015343450650107116,0.6865217391304348,39,43,44,187,56
fresh-sweep-2454,bzna875w,91317,0.9,0.999,0.1,0.9,5,AdamW,64,step,10,256,1024,100,30,20,0.05,0.12578587552970735,True,0.0001,9.544689863274728e-05,no,0.01,128,no,0,no,0,768,0.43101236736256465,no,0.1653429625099283,0.07903237339286576,0.13675213675213677,0.7952755905511811,0.6097560975609756,0.8632478632478633,0.4901960784313726,27.823198795318604,601,1770730021.489997,0.75,0.8107926931456343,0.6334817699022417,0.9882352941176472,0.7700831024930748,0.8265905947441217,0.7411326006280332,0.0777095775855215,0.6437768240343348,0.4886963651451047,0.5434782608695652,0.50406494140625,0.6097560975609756,0.4901960784313726,0.4901960784313726,0.8632478632478633,0.004062242805957794,0.7025158440560784,27,52,32,202,50
dulcet-sweep-5347,rk3h1ib5,95501,0.9,0.999,0.1,0.9,4,AdamW,64,reduce,9,256,512,131,30,20,0.05,0.2601206510529602,True,0.0001,0.00017610776363838983,no,0.01,32,no,0,no,0,1024,0.4801797925893182,no,0.163160284435445,0.0855636978577711,0.16595744680851063,0.8166666666666667,0.5851063829787234,0.8340425531914893,0.5555555555555556,28.6679208278656,787,1770794096.8473818,0.7514970059880239,0.818138835160112,0.6335215244293745,0.9823529411764704,0.7590027700831025,0.8265560165975104,0.7303684035844673,0.06147766047237321,0.6533864541832669,0.5031417888947801,0.5699481865284974,0.5002177070168888,0.5851063829787234,0.5555555555555556,0.5555555555555556,0.8340425531914893,0.000681537261698395,0.700886524822695,28,44,39,196,55
feasible-sweep-4517,50ylrbp9,72326,0.9,0.999,0.1,0.9,5,AdamW,32,reduce,7,256,768,141,30,20,0.05,0.2505022329783636,True,0.0001,8.177928198588244e-05,no,0.01,128,no,0,no,0,1024,0.3271593478590519,no,0.1607699121243361,0.07481167363540743,0.13617021276595745,0.8152610441767069,0.6,0.8638297872340426,0.5106382978723404,33.811933279037476,847,1770775873.7298434,0.7629179331306991,0.8110909913988229,0.6217895965026533,0.9676470588235294,0.7700831024930748,0.8265214384508991,0.7423921130952381,0.08906828316955358,0.6311111111111111,0.49129555826372057,0.5517241379310345,0.4970975539263557,0.6,0.5106382978723404,0.5106382978723404,0.8638297872340426,0.003911720123142004,0.7076305220883534,33,46,32,203,48
smart-sweep-5483,18jbhr8y,70249,0.9,0.999,0.1,0.9,4,AdamW,128,reduce,3,256,768,187,30,20,0.05,0.3749981449083061,True,0.0001,5.1711193951242816e-05,no,0.01,128,no,0,no,0,256,0.21828761046516704,no,0.16521860353630646,0.0841456003261335,0.12446351931330472,0.8095238095238095,0.6282051282051282,0.8755364806866953,0.5051546391752577,32.68312096595764,1123,1770797036.461448,0.7666666666666667,0.8050528737666475,0.6187835953156614,0.9705882352941176,0.7811634349030471,0.8265214384508991,0.7537645811240721,0.05820589432095556,0.6638297872340425,0.4872487245173996,0.56,0.5163846184225643,0.6282051282051282,0.5051546391752577,0.5051546391752577,0.8755364806866953,0.003405041294172406,0.7188644688644689,32,48,29,204,49
bright-sweep-2836,foj9fdax,26400,0.9,0.999,0.1,0.9,4,AdamW,64,reduce,4,256,1024,144,30,20,0.05,0.36393263544219223,True,0.0001,4.308475572055945e-05,no,0.01,32,no,0,no,0,768,0.32731849193701584,no,0.1623424292312293,0.07356713517081172,0.15677966101694915,0.8155737704918032,0.5978260869565217,0.8432203389830508,0.55,35.27399134635925,865,1770738467.5734203,0.7559523809523809,0.8138559322033899,0.6430964698212999,0.9882352941176472,0.7700831024930748,0.826521438450899,0.7413333333333333,0.05101885755966904,0.6406926406926406,0.4895412624707843,0.5729166666666666,0.4951498592601103,0.5978260869565217,0.55,0.55,0.8432203389830508,0.0260871984064579,0.7066999287241624,34,45,37,199,55
glad-sweep-4232,tji2hedz,66195,0.9,0.999,0.1,0.9,3,AdamW,128,step,5,256,768,107,30,20,0.05,0.13903718891545844,True,0.0001,0.001296375739558693,no,0.01,128,no,0,no,0,1024,0.2807867165870729,no,0.15881661821086268,0.10008556744050698,0.12184873949579832,0.8038461538461539,0.6282051282051282,0.8781512605042017,0.49,26.67962336540222,643,1770769606.3601563,0.7633136094674556,0.8297899159663866,0.658749436139371,0.9941176470588236,0.778393351800554,0.8264522821576764,0.7542145593869731,0.07835864079625983,0.6363636363636364,0.5338024868529259,0.550561797752809,0.4992958966423483,0.6282051282051282,0.49,0.49,0.8781512605042017,0.003044010140001774,0.716025641025641,26,51,29,209,49
colorful-sweep-4750,1nbjjftj,22823,0.9,0.999,0.1,0.9,5,AdamW,128,reduce,6,256,768,170,30,20,0.05,0.30209465583312367,True,0.0001,2.1743508155395917e-05,no,0.01,256,no,0,no,0,768,0.4467589058723409,no,0.15968158250015116,0.07566863916269163,0.1459227467811159,0.8223140495867769,0.6046511627906976,0.8540772532188842,0.5473684210526316,38.61917018890381,1021,1770781041.4283812,0.7652439024390244,0.8064151795798509,0.6308340032563426,0.9647058823529412,0.7534626038781164,0.8264522821576763,0.7226719956275193,0.06249540697504608,0.6337448559670782,0.4802443485841196,0.574585635359116,0.4940533806295956,0.6046511627906976,0.5473684210526316,0.5473684210526316,0.8540772532188842,0.03490965813398361,0.7134826061887373,38,43,34,199,52
laced-sweep-2772,sbyy79bz,56827,0.9,0.999,0.1,0.9,3,AdamW,128,step,9,256,1024,110,30,20,0.05,0.23741592723621913,True,0.0001,8.25854096493042e-05,no,0.01,128,no,0,no,0,512,0.15467149152966586,no,0.1615887950023191,0.07742058978700206,0.1336206896551724,0.8170731707317073,0.6352941176470588,0.8663793103448276,0.5454545454545454,31.441343784332275,661,1770737050.5643227,0.770392749244713,0.8167450365726229,0.6322509809756673,0.973529411764706,0.7673130193905817,0.8264177040110651,0.7377902885292047,0.06070516116070944,0.6440677966101694,0.49682448115045014,0.5869565217391305,0.5046228296616498,0.6352941176470588,0.5454545454545454,0.5454545454545454,0.8663793103448276,0.004364421591162682,0.726183644189383,31,45,31,201,54
neat-sweep-2431,08yovxd1,43493,0.9,0.999,0.1,0.9,4,AdamW,64,reduce,6,256,1024,191,30,20,0.05,0.3294141422042416,True,0.0001,3.440166140070016e-05,no,0.01,256,no,0,no,0,768,0.39285755795707,no,0.1637343262060729,0.04643639733063852,0.10683760683760685,0.8038461538461539,0.647887323943662,0.8931623931623932,0.4742268041237113,30.133164167404175,1147,1770729531.683458,0.770392749244713,0.7949599083619703,0.6200820154416317,0.973529411764706,0.7700831024930748,0.8263485477178423,0.7411326006280332,0.056929285176242815,0.6437768240343348,0.4783937660280687,0.5476190476190477,0.50418041453642,0.647887323943662,0.4742268041237113,0.4742268041237113,0.8931623931623932,0.03520897030830383,0.7258667388949079,29,51,25,209,46
lyric-sweep-5405,yf21b0c6,92400,0.9,0.999,0.1,0.9,4,AdamW,128,reduce,10,256,512,168,30,20,0.05,0.17811627391534668,True,0.0001,0.00015540932238192898,no,0.01,256,no,0,no,0,768,0.3367635566874948,no,0.16536807746619958,0.09433749551514542,0.1459227467811159,0.8024193548387096,0.5952380952380952,0.8540772532188842,0.5050505050505051,27.117597103118896,1009,1770795369.6515,0.75,0.8151905319287294,0.6344306665815538,0.976470588235294,0.7728531855955678,0.826313969571231,0.7441414496833216,0.06683320186805199,0.652542372881356,0.5132606062532462,0.546448087431694,0.5142219094669118,0.5952380952380952,0.5050505050505051,0.5050505050505051,0.8540772532188842,0.0018264808459207416,0.6988287250384024,26,49,34,199,50
northern-sweep-4843,39z4z9oo,94636,0.9,0.999,0.1,0.9,5,AdamW,64,reduce,10,256,768,160,30,20,0.05,0.2611676965673637,True,0.0001,4.577959125142756e-05,no,0.01,128,no,0,no,0,512,0.4585058983871234,no,0.1625885265199587,0.07533083117841588,0.1391304347826087,0.8148148148148148,0.627906976744186,0.8608695652173913,0.5454545454545454,27.87718653678894,961,1770783095.3695765,0.7659574468085106,0.8114185331576637,0.6205488091248652,0.9676470588235294,0.7700831024930748,0.8262448132780082,0.7411326006280332,0.041431996630829776,0.6437768240343348,0.4783181061044624,0.5837837837837838,0.4967926922966453,0.627906976744186,0.5454545454545454,0.5454545454545454,0.8608695652173913,0.007661919575184584,0.7213608957795004,27,45,32,198,54
vital-sweep-5674,nhgjtn5f,211,0.9,0.999,0.1,0.9,5,AdamW,128,reduce,6,256,768,195,30,20,0.05,0.35652105926016786,True,0.0001,4.0720261238127576e-05,no,0.01,128,no,0,no,0,768,0.27675359777928576,no,0.16495980076878028,0.1015698579641489,0.12554112554112554,0.8112449799196787,0.618421052631579,0.8744588744588745,0.5,35.286213874816895,1171,1770801193.6422038,0.7661538461538462,0.8032145159804734,0.605577203491303,0.9558823529411764,0.7673130193905817,0.826210235131397,0.7379876649454963,0.0567570726627128,0.6379310344827587,0.4909315030000216,0.5529411764705883,0.5168751884909237,0.618421052631579,0.5,0.5,0.8744588744588745,0.006004827097058296,0.7148330162756289,34,47,29,202,47
eternal-sweep-101,0qa4xbl2,48480,0.9,0.999,0.1,0.9,4,AdamW,64,step,8,256,768,185,30,20,0.05,0.10078042196579094,True,0.0001,4.9259950412195535e-05,no,0.01,64,no,0,no,0,256,0.4180473093164482,no,0.1630989170091746,0.0875218788066784,0.1574468085106383,0.825,0.6021505376344086,0.8425531914893617,0.5714285714285714,33.05778884887695,1111,1770678628.2942555,0.7627627627627628,0.8043855840208424,0.6183936368144967,0.9794117647058824,0.7590027700831025,0.8262102351313969,0.7303684035844673,0.056729579566258126,0.6533864541832669,0.4898324897744979,0.5863874345549738,0.5008240643669577,0.6021505376344086,0.5714285714285714,0.5714285714285714,0.8425531914893617,0.0014025364071130753,0.7135752688172043,32,42,37,198,56
curious-sweep-4779,r1xuu4jj,21972,0.9,0.999,0.1,0.9,5,AdamW,64,reduce,7,256,1024,116,30,20,0.05,0.3279333841894878,True,0.0001,5.818053276976369e-05,no,0.01,128,no,0,no,0,256,0.13424621906554643,no,0.16618669922161491,0.06988967981881011,0.13559322033898305,0.8127490039840638,0.6144578313253012,0.864406779661017,0.5204081632653061,26.804924488067627,697,1770781664.7997656,0.7634730538922155,0.7981234866828087,0.6137282320599902,0.9823529411764704,0.7645429362880887,0.8261756569847856,0.735037134119703,0.05097547710106975,0.62882096069869,0.4844192124469789,0.56353591160221,0.5117750280043658,0.6144578313253012,0.5204081632653061,0.5204081632653061,0.864406779661017,0.03057565912604332,0.7136034176546825,26,47,32,204,51
magic-sweep-3356,2fqqmha0,57451,0.9,0.999,0.1,0.9,5,AdamW,64,step,4,256,1024,197,30,20,0.05,0.4695047659613113,True,0.0001,7.509994813504406e-05,no,0.01,64,no,0,no,0,512,0.2834490644700017,no,0.15941322348857584,0.06445440613419,0.1277533039647577,0.8114754098360656,0.6463414634146342,0.8722466960352423,0.5353535353535354,33.93232297897339,1183,1770750070.648942,0.7699386503067485,0.8199617318560048,0.6496933289299188,0.9588235294117649,0.7728531855955678,0.8261410788381743,0.7442645074224021,0.0450003632548113,0.6495726495726496,0.4874748166578298,0.585635359116022,0.49339527803308825,0.6463414634146342,0.5353535353535354,0.5353535353535354,0.8722466960352423,0.019489139318466187,0.7289084366253499,33,46,29,198,53
northern-sweep-484,dbkdri6g,19711,0.9,0.999,0.1,0.9,5,AdamW,32,reduce,4,256,1024,192,30,20,0.05,0.3750359964070126,True,0.0001,0.00014904289159948362,no,0.01,64,no,0,no,0,512,0.450429365308595,no,0.16035516835263056,0.09254619786233612,0.15948275862068967,0.8158995815899581,0.5934065934065934,0.8405172413793104,0.5510204081632653,43.21494245529175,1153,1770686861.1355443,0.7545454545454545,0.8220003518648838,0.6501085927636719,0.9705882352941176,0.778393351800554,0.8261410788381743,0.7503836227941689,0.08236662255099605,0.6638655462184874,0.49516592263514975,0.5714285714285714,0.49010934268727024,0.5934065934065934,0.5510204081632653,0.5510204081632653,0.8405172413793104,0.0010101150255650282,0.7046530874982757,42,44,37,195,54
fresh-sweep-1142,o5g5ga4s,53408,0.9,0.999,0.1,0.9,5,AdamW,128,reduce,9,256,768,164,30,20,0.05,0.4388597725797402,True,0.0001,1.5911288454615077e-05,no,0.01,128,no,0,no,0,256,0.2037600230336233,no,0.16891088772120064,0.05178867389516133,0.1948051948051948,0.8416289592760181,0.5794392523364486,0.8051948051948052,0.6391752577319587,29.00947093963623,985,1770701166.735474,0.7560975609756098,0.7939929486321239,0.6100981489831286,0.9647058823529412,0.7506925207756233,0.8261065006915629,0.7229248366013072,0.046712637277851465,0.6484375,0.49713591261253465,0.6078431372549019,0.5156046250287224,0.5794392523364486,0.6391752577319587,0.6391752577319587,0.8051948051948052,0.34798720479011536,0.7105341058062333,28,35,45,186,62
lilac-sweep-6355,da27kzod,25608,0.9,0.999,0.1,0.9,4,AdamW,64,reduce,3,256,1024,180,30,20,0.05,0.4163817635032045,True,0.0001,7.905902989913883e-05,no,0.01,128,no,0,no,0,1024,0.3924659638261144,no,0.16239612270149267,0.08569373746952379,0.17446808510638298,0.825531914893617,0.5773195876288659,0.825531914893617,0.5773195876288659,32.42318940162659,1081,1770816280.5868723,0.7530120481927711,0.8144329896907215,0.6359138419481427,0.976470588235294,0.7506925207756233,0.8260373443983402,0.7216653433902342,0.06505184820814475,0.6428571428571429,0.5035578339383873,0.5773195876288659,0.4967955196605009,0.5773195876288659,0.5773195876288659,0.5773195876288659,0.825531914893617,0.003853249130770564,0.7014257512612414,31,41,41,194,56
pious-sweep-114,tzmmlfyn,79685,0.9,0.999,0.1,0.9,5,AdamW,64,reduce,4,256,256,139,30,20,0.05,0.3923064237860713,True,0.0001,4.4721836779916585e-05,no,0.01,64,no,0,no,0,256,0.24238402836830356,no,0.16373743209715408,0.08609362628804633,0.16379310344827586,0.8117154811715481,0.5913978494623656,0.8362068965517241,0.55,27.468459129333496,835,1770678889.3080332,0.75,0.8197844827586206,0.6608683487106501,0.976470588235294,0.7617728531855956,0.826002766251729,0.7318060223609302,0.05988411725062742,0.6446280991735537,0.4944649482367772,0.5699481865284974,0.493088576372932,0.5913978494623656,0.55,0.55,0.8362068965517241,0.0753152072429657,0.7015566653169569,27,45,38,194,55
decent-sweep-4217,7qxylx7y,84405,0.9,0.999,0.1,0.9,4,AdamW,64,reduce,6,256,768,164,30,20,0.05,0.2848590400962443,True,0.0001,1.3736961503484613e-05,no,0.01,256,no,0,no,0,1024,0.3398838094599078,no,0.1651994752776456,0.0668676200213733,0.1822033898305085,0.8283261802575107,0.57,0.8177966101694916,0.5876288659793815,32.073166608810425,985,1770769286.6672566,0.7507507507507507,0.8034684605975886,0.6022659148936742,0.9794117647058824,0.7839335180055401,0.8260027662517289,0.756567665820701,0.06580457627938394,0.6776859504132231,0.4922336567802112,0.5786802030456852,0.5048883325913374,0.57,0.5876288659793815,0.5876288659793815,0.8177966101694916,0.20504023134708405,0.6991630901287553,31,40,43,193,57
dauntless-sweep-3972,0nbr1ron,28592,0.9,0.999,0.1,0.9,4,AdamW,128,reduce,7,256,1024,126,30,20,0.05,0.12459760735210518,True,0.0001,0.00011459519117134848,no,0.01,256,no,0,no,0,768,0.29577737708803925,no,0.1656426314789117,0.0725087264934218,0.16595744680851063,0.8235294117647058,0.5851063829787234,0.8340425531914893,0.5670103092783505,28.113691806793213,757,1770763815.7711687,0.7560240963855421,0.8057468743145427,0.6249588269162785,0.976470588235294,0.7645429362880887,0.8260027662517289,0.7350037576006012,0.051783258069585246,0.6502057613168725,0.4964745857048563,0.5759162303664922,0.5084799373851103,0.5851063829787234,0.5670103092783505,0.5670103092783505,0.8340425531914893,0.0008889271994121373,0.7043178973717146,27,42,39,196,55
elated-sweep-1902,jsfg1nnu,27473,0.9,0.999,0.1,0.9,5,AdamW,128,reduce,6,256,256,124,30,20,0.05,0.29486158398597584,True,0.0001,3.6253758095520915e-05,no,0.01,128,no,0,no,0,256,0.24489634952232264,no,0.16725250854491952,0.09452916209290664,0.16379310344827586,0.8220338983050848,0.5869565217391305,0.8362068965517241,0.5625,30.362431049346924,745,1770717952.803149,0.7560975609756098,0.808099856321839,0.6112630847883935,0.9647058823529412,0.7867036011080333,0.8259681881051175,0.7603219382675075,0.07439636936478339,0.6932270916334662,0.5023419916464681,0.574468085106383,0.5195837581858915,0.5869565217391305,0.5625,0.5625,0.8362068965517241,0.04936455190181732,0.7044952100221076,29,42,38,194,54
misunderstood-sweep-6411,yt6gtkeh,60196,0.9,0.999,0.1,0.9,5,AdamW,64,reduce,9,256,1024,183,30,20,0.05,0.27308443733157006,True,0.0001,2.6068986177056492e-05,no,0.01,256,no,0,no,0,1024,0.2719790324307034,no,0.16723200058374002,0.07182447476820512,0.1452991452991453,0.8163265306122449,0.6,0.8547008547008547,0.53125,34.642030477523804,1099,1770817475.5643015,0.7606060606060606,0.7903757122507122,0.5913751009241921,0.9705882352941176,0.7534626038781164,0.8259681881051175,0.7223829201101928,0.03603503529054637,0.6307053941908713,0.4814781125562673,0.56353591160221,0.5141658109777114,0.6,0.53125,0.53125,0.8547008547008547,0.01935407891869545,0.7081632653061225,34,45,34,200,51
dry-sweep-2345,l3qratdw,63277,0.9,0.999,0.1,0.9,4,AdamW,128,reduce,4,256,768,122,30,20,0.05,0.380764155366782,True,0.0001,0.00022658582431799883,no,0.01,128,no,0,no,0,1024,0.23524315291265396,no,0.16991833257500294,0.13193924716132843,0.18565400843881855,0.8212765957446808,0.5555555555555556,0.8143459915611815,0.5670103092783505,24.351372957229614,733,1770727655.519119,0.7425149700598802,0.8128235242942277,0.644521800711809,0.9823529411764704,0.7645429362880887,0.8259681881051175,0.7355643044619422,0.07714326477447045,0.6558704453441295,0.5267145468587691,0.5612244897959183,0.5209508559283088,0.5555555555555556,0.5670103092783505,0.5670103092783505,0.8143459915611815,0.02249075472354889,0.6884160756501182,23,42,44,193,55
tough-sweep-4156,0qbau2j8,34952,0.9,0.999,0.1,0.9,3,AdamW,64,reduce,7,256,1024,177,30,20,0.05,0.30892354103310227,True,0.0001,6.23754785202552e-05,no,0.01,256,no,0,no,0,1024,0.19918073462306843,no,0.16345594179044326,0.0886121758627235,0.0944206008583691,0.7992424242424242,0.6507936507936508,0.9055793991416308,0.43617021276595747,36.372544288635254,1063,1770767932.2182434,0.7706422018348624,0.7998356314491827,0.6139748425479357,0.961764705882353,0.7673130193905817,0.8259681881051175,0.7418632075471698,0.040558997283681925,0.6111111111111112,0.48601855333492033,0.5222929936305732,0.5088497386259191,0.6507936507936508,0.43617021276595747,0.43617021276595747,0.9055793991416308,0.0020423822570592165,0.7250180375180375,36,53,22,211,41
sleek-sweep-2384,lreojalc,20882,0.9,0.999,0.1,0.9,5,AdamW,64,reduce,5,256,512,188,30,20,0.05,0.13402763714719731,True,0.0001,0.00015996317760616437,no,0.01,128,no,0,no,0,512,0.12016168262622652,no,0.1677099354544756,0.0972389829692556,0.14893617021276595,0.8163265306122449,0.6111111111111112,0.851063829787234,0.55,41.155893325805664,1129,1770728527.878863,0.7611940298507462,0.807531914893617,0.6304502758455454,0.9852941176470588,0.7728531855955678,0.8259336099585062,0.7441044260027663,0.06368868965191192,0.6583333333333333,0.500000169072455,0.5789473684210527,0.5124788172104779,0.6111111111111112,0.55,0.55,0.851063829787234,0.00020719970052596184,0.713718820861678,40,45,35,200,55
different-sweep-148,vtrs869h,37505,0.9,0.999,0.1,0.9,5,AdamW,128,reduce,7,256,512,165,30,20,0.05,0.2138515084946663,True,0.0001,0.0001154003829646352,no,0.01,128,no,0,no,0,256,0.10697413505168374,no,0.16315508910204612,0.07910752332246339,0.11158798283261805,0.7931034482758621,0.6388888888888888,0.8884120171673819,0.46,33.27875995635986,991,1770679603.875186,0.7597597597597597,0.8118454935622317,0.6409908813252944,0.9794117647058824,0.7839335180055401,0.8258990318118948,0.7588605253422123,0.08137744153305432,0.6548672566371682,0.48817194465785146,0.5348837209302325,0.5071663800407858,0.6388888888888888,0.46,0.46,0.8884120171673819,0.017136814072728157,0.7159961685823755,32,54,26,207,46
fanciful-sweep-1778,rsfd1okq,96388,0.9,0.999,0.1,0.9,4,AdamW,64,reduce,9,256,1024,141,30,20,0.05,0.4338348414413665,True,0.0001,0.0003871073727786174,no,0.01,128,no,1,no,0,512,0.2970980844706602,no,0.14727579425964402,0.1015122821331024,0.13095238095238096,0.8202247191011236,0.6944444444444444,0.8690476190476191,0.6097560975609756,31.725000619888306,424,1770720835.3672795,0.784,0.8604094076655052,0.7636921829643516,0.9803921568627452,0.8208955223880597,0.8781497035573121,0.8037311525683619,0.0804528887592145,0.7303370786516854,0.4421369638015975,0.6493506493506493,0.4734854305491728,0.6944444444444444,0.6097560975609756,0.6097560975609756,0.8690476190476191,0.005284553859382868,0.757334581772784,31,32,22,146,50
jumping-sweep-1219,q9mtdu8z,8846,0.9,0.999,0.1,0.9,5,AdamW,64,reduce,8,256,768,187,30,20,0.05,0.4971521834005853,True,0.0001,0.000911178411335132,no,0.01,64,no,1,no,0,1024,0.4416012848767128,no,0.14517049365967705,0.06912556771309145,0.1242603550295858,0.8361581920903954,0.704225352112676,0.8757396449704142,0.6329113924050633,35.10448622703552,562,1770706947.642182,0.7983870967741935,0.8549921354205677,0.7652033575277906,0.9725490196078432,0.7947761194029851,0.8762351778656126,0.7724284262745802,0.08629445687158784,0.7120418848167539,0.443599444716724,0.6666666666666666,0.4660531436695772,0.704225352112676,0.6329113924050633,0.6329113924050633,0.8757396449704142,0.002491316059604287,0.7701917721015357,34,29,21,148,50
glad-sweep-1359,jrpjn7w2,72239,0.9,0.999,0.1,0.9,5,AdamW,128,reduce,8,256,768,170,30,20,0.05,0.3919395532373018,True,0.0001,0.0038091788471387176,no,0.01,64,no,1,no,0,768,0.33215301655614,no,0.14889681346557165,0.09351329673682487,0.08982035928143713,0.8216216216216217,0.7619047619047619,0.9101796407185628,0.5925925925925926,43.82615637779236,511,1770710419.4259884,0.8064516129032258,0.834848820876765,0.7569563924421444,0.9725490196078432,0.7873134328358209,0.8754323122529645,0.7645157240600088,0.08495247186119877,0.6850828729281768,0.4433182388988893,0.6666666666666666,0.5268863453584559,0.7619047619047619,0.5925925925925926,0.5925925925925926,0.9101796407185628,0.0005548562039621174,0.7917631917631918,43,33,15,152,48
sage-sweep-807,4bw8kb0l,61138,0.9,0.999,0.1,0.9,3,AdamW,32,reduce,10,256,768,184,30,20,0.05,0.4755322321809642,True,0.0001,0.0001913904774764534,no,0.01,64,no,1,no,0,768,0.20963758588419615,no,0.14714501389915016,0.07962959957122802,0.1411764705882353,0.8342857142857143,0.68,0.8588235294117647,0.6375,37.53572654724121,553,1770696812.8559096,0.788,0.8555882352941176,0.752005130061947,0.9803921568627452,0.8171641791044776,0.8743206521739131,0.7975103992053145,0.06892941091487657,0.73224043715847,0.4389870202363427,0.6580645161290323,0.465667844286152,0.68,0.6375,0.6375,0.8588235294117647,0.010312683880329132,0.7571428571428571,37,29,24,146,51
quiet-sweep-3346,ruea3t4k,49873,0.9,0.999,0.1,0.9,5,AdamW,32,reduce,6,256,768,159,30,20,0.05,0.4242712820821658,True,0.0001,0.0002260635275581741,no,0.01,64,no,1,no,0,1024,0.20637499591347672,no,0.140814214383837,0.07285482046150027,0.12280701754385964,0.8241758241758241,0.7,0.8771929824561403,0.6049382716049383,38.5378680229187,478,1770759583.922407,0.7896825396825397,0.8644141217240633,0.7688094599817505,0.9882352941176472,0.8134328358208955,0.8737030632411067,0.7943181818181818,0.07462929634015954,0.7222222222222222,0.43407534129584013,0.6490066225165563,0.4392358518114277,0.7,0.6049382716049383,0.6049382716049383,0.8771929824561403,0.013507293537259102,0.762087912087912,38,32,21,150,49
effortless-sweep-591,4uq4gage,57947,0.9,0.999,0.1,0.9,5,AdamW,64,reduce,9,256,256,171,30,20,0.05,0.46426308437444774,True,0.0001,0.0004094144515617483,no,0.01,64,no,1,no,0,512,0.2549899545432058,no,0.14589835950956012,0.08383800935745239,0.15976331360946747,0.8452380952380952,0.6707317073170732,0.8402366863905325,0.6790123456790124,33.60896897315979,514,1770691443.041961,0.788,0.8627365037621447,0.7634421420787882,0.9803921568627452,0.7947761194029851,0.8735795454545453,0.7722614095375897,0.07320375162274093,0.708994708994709,0.4425685370146339,0.6748466257668712,0.45344010895373776,0.6707317073170732,0.6790123456790124,0.6790123456790124,0.8402366863905325,0.009640203788876534,0.7579849012775842,33,26,27,142,55
warm-sweep-2339,8sfiasx8,88856,0.9,0.999,0.1,0.9,5,AdamW,32,reduce,8,256,1024,126,30,20,0.05,0.419605663966497,True,0.0001,0.00024733474121278477,no,0.01,128,no,1,no,0,512,0.2516564729110378,no,0.14693306981928847,0.08215380263328552,0.1588235294117647,0.8411764705882353,0.6625,0.8411764705882353,0.6625,30.164666414260864,379,1770734584.8892765,0.784,0.8553676470588235,0.7557442975673729,0.9803921568627452,0.7798507462686567,0.8735177865612648,0.7573698146513681,0.0679670988178965,0.6974358974358974,0.4366249255279997,0.6625,0.4602559407552083,0.6625,0.6625,0.6625,0.8411764705882353,0.009668990969657898,0.7518382352941176,29,27,27,143,53
visionary-sweep-331,o9wlxbxx,42520,0.9,0.999,0.1,0.9,4,AdamW,32,reduce,7,256,512,158,30,20,0.05,0.43508558084880056,True,0.0001,0.00035577358506790773,no,0.01,32,no,1,no,0,768,0.4768761799809971,no,0.1487512655306951,0.0829711906493656,0.13372093023255813,0.8277777777777777,0.6805555555555556,0.8662790697674418,0.6125,38.99201488494873,475,1770685013.719236,0.7857142857142857,0.8521075581395349,0.7459954849280553,0.9882352941176472,0.8097014925373134,0.8728384387351779,0.7936555093417839,0.07207031036490824,0.7052023121387283,0.44120481121006294,0.6447368421052632,0.4703924440870098,0.6805555555555556,0.6125,0.6125,0.8662790697674418,0.02170000411570072,0.7541666666666667,38,31,23,149,49
glorious-sweep-4773,9go5a9yg,52130,0.9,0.999,0.1,0.9,3,AdamW,32,reduce,4,256,1024,149,30,20,0.05,0.4011469442663299,True,0.0001,0.002058954603125179,no,0.01,256,no,1,no,0,768,0.41397707828807406,no,0.15439979675935847,0.0810618552601772,0.18072289156626503,0.8607594936708861,0.6629213483146067,0.8192771084337349,0.7283950617283951,31.208831310272217,448,1770794711.4705353,0.7894736842105263,0.8325896177301799,0.7432899026275934,0.9686274509803922,0.7947761194029851,0.8727149209486166,0.7731391585760519,0.04602847926652254,0.717948717948718,0.4319649881391383,0.6941176470588235,0.47853926116344975,0.6629213483146067,0.7283950617283951,0.7283950617283951,0.8192771084337349,0.015242226421833038,0.7618404209927464,30,22,30,136,59
flowing-sweep-3702,nvmdpnvh,27254,0.9,0.999,0.1,0.9,4,AdamW,64,reduce,8,256,768,160,30,20,0.05,0.480111383462548,True,0.0001,0.00013140306247984545,no,0.01,128,no,1,no,0,1024,0.3473393007561243,no,0.14061890413193312,0.0723177048575926,0.1130952380952381,0.8186813186813187,0.7164179104477612,0.8869047619047619,0.5925925925925926,35.503443479537964,481,1770768504.0677774,0.7911646586345381,0.8669900058788947,0.7651242041247917,0.976470588235294,0.8246268656716418,0.8726531620553359,0.8085824493731919,0.07203542941541813,0.7344632768361582,0.4298341096337162,0.6486486486486487,0.4416275622797947,0.7164179104477612,0.5925925925925926,0.5925925925925926,0.8869047619047619,0.009362997487187386,0.76754961456454,35,33,19,149,48
crimson-sweep-4462,n9m4rsda,20396,0.9,0.999,0.1,0.9,3,AdamW,32,reduce,3,256,1024,131,30,20,0.05,0.3894331203415552,True,0.0001,9.0758219610039e-05,no,0.01,128,no,1,no,0,512,0.25382349207974275,no,0.1474781561156531,0.0837578267690195,0.13690476190476192,0.8192090395480226,0.6891891891891891,0.8630952380952381,0.6144578313253012,33.59392547607422,394,1770787073.5182405,0.7808764940239044,0.8595811818703384,0.7551352693307471,0.984313725490196,0.8208955223880597,0.8724061264822134,0.8019975031210986,0.08175725545456164,0.7362637362637363,0.44020450648976794,0.6496815286624203,0.4585058474073223,0.6891891891891891,0.6144578313253012,0.6144578313253012,0.8630952380952381,0.004539073444902897,0.7541991143686059,33,32,23,145,51
tough-sweep-5140,wbzjt5hv,97799,0.9,0.999,0.1,0.9,5,AdamW,32,reduce,4,256,768,50,30,20,0.05,0.4883306404322571,True,0.0001,0.0002238886950915501,no,0.01,32,no,1,no,0,512,0.2782703255284502,no,0.1445004131925697,0.07682378311081234,0.13609467455621302,0.8342857142857143,0.6973684210526315,0.863905325443787,0.6463414634146342,24.77462482452393,151,1770803668.8408349,0.7928286852589641,0.8591427334391687,0.7564105832643155,0.984313725490196,0.8022388059701493,0.8722208498023716,0.7813382712949595,0.08303469641884763,0.7071823204419889,0.430245641452163,0.6708860759493671,0.4507832845052083,0.6973684210526315,0.6463414634146342,0.6463414634146342,0.863905325443787,0.19583864510059357,0.765827067669173,24,29,23,146,53
helpful-sweep-3556,pwyhhr3l,68010,0.9,0.999,0.1,0.9,5,AdamW,32,step,4,256,1024,197,30,20,0.05,0.4471693153522668,True,0.0001,0.0002363834646001246,no,0.01,128,no,1,no,0,1024,0.48198717141697833,no,0.14480014978497763,0.08373959001994903,0.13609467455621302,0.8439306358381503,0.6933333333333334,0.863905325443787,0.6582278481012658,38.85445070266723,592,1770764861.0485237,0.7983870967741935,0.862032806531346,0.7603880878888438,0.9725490196078432,0.7835820895522388,0.8721590909090908,0.7600532945736435,0.07417609575969068,0.6914893617021277,0.4417470960474726,0.6753246753246753,0.4521241131950827,0.6933333333333334,0.6582278481012658,0.6582278481012658,0.863905325443787,0.003115184372290969,0.7686319845857419,38,27,23,146,52
woven-sweep-4723,5onxvaau,74139,0.9,0.999,0.1,0.9,5,AdamW,32,reduce,8,256,768,149,30,20,0.05,0.3392445601576769,True,0.0001,0.0003813051039967564,no,0.01,64,no,1,no,0,1024,0.21389966064177007,no,0.14538050724213736,0.07941709799938891,0.1242603550295858,0.8361581920903954,0.7083333333333334,0.8757396449704142,0.6375,30.241619110107425,448,1770793514.6313272,0.7991967871485943,0.8608727810650887,0.7487928596933151,0.976470588235294,0.8171641791044776,0.8720355731225296,0.7989775830316885,0.068086020092466,0.7262569832402235,0.44058415427136777,0.6710526315789473,0.4560696171779259,0.7083333333333334,0.6375,0.6375,0.8757396449704142,0.001486520515754819,0.7722457627118644,29,29,21,148,51
smart-sweep-74,ui5kve7v,54525,0.9,0.999,0.1,0.9,4,AdamW,32,step,10,256,1024,177,30,20,0.05,0.47165654643095,True,0.0001,0.0003494114980439636,no,0.01,256,no,1,no,0,512,0.30519670735916066,no,0.14291274295514492,0.08499081243598272,0.1411764705882353,0.8342857142857143,0.6883116883116883,0.8588235294117647,0.6463414634146342,33.94133424758911,532,1770678616.616222,0.7896825396825397,0.858751793400287,0.7570491604803005,0.9882352941176472,0.7873134328358209,0.8719120553359685,0.7647773759411869,0.05606143799290726,0.7046632124352331,0.44048932772963795,0.6666666666666666,0.44819362864774814,0.6883116883116883,0.6463414634146342,0.6463414634146342,0.8588235294117647,0.006044066045433283,0.7612987012987014,33,29,24,146,53
avid-sweep-313,48vk8vy7,62108,0.9,0.999,0.1,0.9,5,AdamW,32,reduce,6,256,1024,164,30,20,0.05,0.4916801199393155,True,0.0001,0.0002461250167841933,no,0.01,64,no,1,no,0,768,0.3944023930090751,no,0.1435586295926681,0.09404830628561105,0.1130952380952381,0.8324022346368715,0.7205882352941176,0.8869047619047619,0.620253164556962,35.25131177902222,493,1770684568.1074188,0.8016194331983806,0.8582730560578662,0.7592021867992407,0.9686274509803922,0.8134328358208955,0.8718502964426877,0.7974036191974823,0.06626124635561191,0.7126436781609196,0.4395227005232626,0.6666666666666666,0.4566443349800858,0.7205882352941176,0.620253164556962,0.620253164556962,0.8869047619047619,0.035962171852588654,0.7764952349654946,34,30,19,149,49
blooming-sweep-5158,jkzbdgr7,86149,0.9,0.999,0.1,0.9,4,AdamW,32,reduce,8,256,1024,172,30,20,0.05,0.4812799086789152,True,0.0001,0.0003901991653339297,no,0.01,64,no,1,no,0,1024,0.33851496575685924,no,0.15022930661288836,0.0815957442697776,0.11695906432748536,0.8074866310160428,0.6875,0.8830409356725146,0.55,37.130056858062744,517,1770804109.66248,0.7768924302788844,0.8494152046783626,0.7407897023833743,0.984313725490196,0.8134328358208955,0.8716650197628458,0.802220394736842,0.06467066238175576,0.7023809523809523,0.4384767333073402,0.6111111111111112,0.4704243678672641,0.6875,0.55,0.55,0.8830409356725146,0.022008277475833893,0.7474933155080214,36,36,20,151,44
eager-sweep-3368,ysdcir14,19676,0.9,0.999,0.1,0.9,5,AdamW,32,reduce,9,256,768,155,30,20,0.05,0.48349833405720777,True,0.0001,0.00010800489055300033,no,0.01,128,no,1,no,0,768,0.32956046177611475,no,0.14601288190285114,0.0717578574897736,0.14035087719298245,0.8212290502793296,0.68,0.8596491228070176,0.6144578313253012,33.51130414009094,466,1770760199.437235,0.7795275590551181,0.858028605650673,0.7460688361814396,0.996078431372549,0.8171641791044776,0.8716650197628458,0.799967855994857,0.057280519560201824,0.7231638418079096,0.42812578002018714,0.6455696202531646,0.4446567011814491,0.68,0.6144578313253012,0.6144578313253012,0.8596491228070176,0.01716756448149681,0.7506145251396648,33,32,24,147,51
comfy-sweep-194,a1z5stzx,50345,0.9,0.999,0.1,0.9,4,AdamW,32,reduce,6,256,1024,175,30,20,0.05,0.4473402124533654,True,0.0001,0.00013226728257234902,no,0.01,64,no,1,no,0,256,0.27182043290211527,no,0.1448977945731969,0.0800178896996283,0.152046783625731,0.8333333333333334,0.6486486486486487,0.847953216374269,0.6233766233766234,39.05966830253601,526,1770681575.7051764,0.7782258064516129,0.8585858585858586,0.7436126092409613,0.9725490196078432,0.8171641791044776,0.8715415019762847,0.7970199692780338,0.06160015446036612,0.7351351351351352,0.4395610752390392,0.6357615894039735,0.45499052159926473,0.6486486486486487,0.6233766233766234,0.6233766233766234,0.847953216374269,0.023560460656881332,0.7409909909909911,38,29,26,145,48
leafy-sweep-5163,gwyuajmu,30271,0.9,0.999,0.1,0.9,3,AdamW,64,reduce,6,256,512,144,30,20,0.05,0.4634270691894845,True,0.0001,0.0013763513977127458,no,0.01,256,no,1,no,0,1024,0.4624278082876051,no,0.1471704964367259,0.08286140563516962,0.12121212121212122,0.838150289017341,0.7297297297297297,0.8787878787878788,0.6585365853658537,36.236655473709106,433,1770804222.8380225,0.805668016194332,0.8623059866962306,0.7760771697377047,0.9686274509803922,0.8022388059701493,0.8715415019762847,0.7805529953917051,0.09908690181241107,0.7135135135135136,0.46307600789995335,0.6923076923076923,0.485790387321921,0.7297297297297297,0.6585365853658537,0.6585365853658537,0.8787878787878788,0.0042964620515704155,0.7839400093735354,35,28,20,145,54
solar-sweep-5343,d5s8pvci,62209,0.9,0.999,0.1,0.9,5,AdamW,64,reduce,9,256,768,197,30,20,0.05,0.4861053629373262,True,0.0001,0.0002519041452862411,no,0.01,256,no,1,no,0,512,0.3380597523278227,no,0.1465162811435287,0.08585770719079859,0.14619883040935672,0.8342857142857143,0.6710526315789473,0.8538011695906432,0.6375,38.29384207725525,592,1770808688.0118592,0.7848605577689243,0.855701754385965,0.7496765436042485,0.984313725490196,0.8134328358208955,0.8714797430830038,0.7927366104181952,0.07892029321015769,0.7311827956989247,0.4338093657991779,0.6538461538461539,0.4546848970301011,0.6710526315789473,0.6375,0.6375,0.8538011695906432,0.018567299470305443,0.7526691729323308,37,29,25,146,51
dulcet-sweep-202,bjpf6s6r,60492,0.9,0.999,0.1,0.9,4,AdamW,32,reduce,7,256,1024,173,30,20,0.05,0.46996611097582897,True,0.0001,0.0005754763981801226,no,0.01,128,no,1,no,0,1024,0.2652977409816482,no,0.14960709680914985,0.09606586420728316,0.08875739644970414,0.8191489361702128,0.75,0.9112426035502958,0.569620253164557,31.450677394866943,520,1770681774.7182417,0.8024193548387096,0.8487004718747659,0.7526249475038955,0.9725490196078432,0.8097014925373134,0.871294466403162,0.8006673691605198,0.08844590364997065,0.6909090909090909,0.44985959067273495,0.6474820143884892,0.48195896522671566,0.75,0.569620253164557,0.569620253164557,0.9112426035502958,0.0124621894210577,0.7845744680851063,31,34,15,154,45
generous-sweep-590,lhebthv7,78057,0.9,0.999,0.1,0.9,4,AdamW,64,reduce,10,256,1024,192,30,20,0.05,0.4079336757429792,True,0.0001,8.718460582450601e-05,no,0.01,256,no,1,no,0,768,0.38984370027358983,no,0.1483785672572397,0.10282662905842424,0.15476190476190477,0.8352941176470589,0.6708860759493671,0.8452380952380952,0.654320987654321,36.96344017982483,577,1770691421.2369602,0.7831325301204819,0.8575102880658435,0.7402317307638223,0.976470588235294,0.8022388059701493,0.8712327075098815,0.7803400253210345,0.0820612120094584,0.7195767195767195,0.44852407654719567,0.6625,0.4762607649260876,0.6708860759493671,0.654320987654321,0.654320987654321,0.8452380952380952,0.0007545118569396436,0.753090096798213,36,28,26,142,53
fragrant-sweep-1150,pa0lkjbc,92860,0.9,0.999,0.1,0.9,3,AdamW,64,reduce,10,256,1024,130,30,20,0.05,0.47807517135983546,True,0.0001,5.352830594887216e-05,no,0.01,64,no,1,no,0,512,0.4228887074548615,no,0.14174568112865998,0.07201336104556388,0.15294117647058825,0.8323699421965318,0.6666666666666666,0.8470588235294118,0.6419753086419753,29.43028450012207,391,1770705228.4419663,0.7808764940239044,0.8631082062454611,0.763600011586716,0.984313725490196,0.8022388059701493,0.8711091897233201,0.7803772436872528,0.06479573650146599,0.7165775401069518,0.43302262718997786,0.6540880503144654,0.4515150182387408,0.6666666666666666,0.6419753086419753,0.6419753086419753,0.8470588235294118,0.020194338634610176,0.7495183044315992,29,29,26,144,52
earnest-sweep-513,pk1jwigf,30418,0.9,0.999,0.1,0.9,4,AdamW,32,reduce,8,256,768,187,30,20,0.05,0.4561900327821098,True,0.0001,0.00023597691251503952,no,0.01,64,no,1,no,0,768,0.2528247589367723,no,0.14777421053885934,0.08765708780288697,0.1352941176470588,0.8258426966292135,0.6805555555555556,0.8647058823529412,0.6125,39.752254009246826,562,1770689548.314605,0.784,0.8556617647058823,0.750735570242475,0.9803921568627452,0.8171641791044776,0.8710474308300395,0.7981608185299103,0.07100608678006412,0.7292817679558011,0.440023450709101,0.6447368421052632,0.4624997606464461,0.6805555555555556,0.6125,0.6125,0.8647058823529412,0.013992412015795708,0.7531991260923845,39,31,23,147,49
pleasant-sweep-5640,nz6hwjf3,65661,0.9,0.999,0.1,0.9,5,AdamW,32,reduce,9,256,512,188,30,20,0.05,0.4595874900287821,True,0.0001,0.00043495671950765415,no,0.01,256,no,1,no,0,768,0.38203019337556743,no,0.148484422228796,0.08942230968822834,0.09580838323353294,0.8118279569892473,0.7377049180327869,0.9041916167664672,0.5625,34.77529692649841,565,1770816050.436749,0.7935222672064778,0.8535179640718563,0.7561468111020482,0.9686274509803922,0.8208955223880597,0.8708621541501976,0.8061893522161028,0.08527234552511528,0.7241379310344828,0.44245534868382697,0.6382978723404256,0.4733158485562194,0.7377049180327869,0.5625,0.5625,0.9041916167664672,0.03329099342226982,0.774766437511017,34,35,16,151,45
grateful-sweep-1761,h4myx8kw,57012,0.9,0.999,0.1,0.9,5,AdamW,32,reduce,3,256,1024,140,30,20,0.05,0.4060692403935843,True,0.0001,2.9247461245837375e-05,no,0.01,128,no,1,no,0,1024,0.3871755227172514,no,0.1503735350889138,0.07885764568690724,0.1686046511627907,0.8411764705882353,0.6506024096385542,0.8313953488372093,0.6666666666666666,31.31886124610901,421,1770720404.9313853,0.7786561264822134,0.8497703129486075,0.7300140207232801,0.992156862745098,0.8022388059701493,0.8707386363636364,0.7803400253210345,0.06803354376287604,0.7195767195767195,0.4302156932318389,0.6585365853658537,0.46161421233532474,0.6506024096385542,0.6666666666666666,0.6666666666666666,0.8313953488372093,0.09742816537618636,0.7458894401133948,31,27,29,143,54
autumn-sweep-4252,you674e3,12695,0.9,0.999,0.1,0.9,3,AdamW,32,reduce,9,256,1024,184,30,20,0.05,0.4779369025006265,True,0.0001,0.0002018614987373957,no,0.01,128,no,1,no,0,1024,0.26445781610391284,no,0.15210445133486075,0.07830157133901543,0.152046783625731,0.8333333333333334,0.6708860759493671,0.847953216374269,0.6463414634146342,40.7115273475647,553,1770781948.9897325,0.782608695652174,0.8454571387819141,0.7272379605112611,0.992156862745098,0.7835820895522388,0.870615118577075,0.7605952380952381,0.05976758519215369,0.6979166666666666,0.44001536582832906,0.6583850931677019,0.4710845947265625,0.6708860759493671,0.6463414634146342,0.6463414634146342,0.847953216374269,0.005843805149197578,0.7521097046413503,40,29,26,145,53
splendid-sweep-2344,ts9gj383,83655,0.9,0.999,0.1,0.9,5,AdamW,32,step,7,256,1024,126,30,20,0.05,0.4480054129224797,True,0.0001,4.763720926475449e-05,no,0.01,64,no,1,no,0,512,0.34301907789969066,no,0.14044665241708146,0.0748123776912689,0.12941176470588237,0.8457142857142858,0.7066666666666667,0.8705882352941177,0.6625,34.97479772567749,379,1770734695.8248427,0.804,0.8651470588235294,0.7530557688215206,0.9803921568627452,0.8022388059701493,0.8705533596837944,0.7805529953917051,0.06593464448380829,0.7135135135135136,0.4337442597346519,0.6838709677419355,0.44378126555798103,0.7066666666666667,0.6625,0.6625,0.8705882352941177,0.061159610748291016,0.7761904761904762,34,27,22,148,53
expert-sweep-2577,c0vm6g3y,39178,0.9,0.999,0.1,0.9,4,AdamW,32,reduce,7,256,1024,128,30,20,0.05,0.32061793886839496,True,0.0001,0.00028402703426515236,no,0.01,128,no,1,no,0,512,0.29172712763996056,no,0.150198878543105,0.08067678633858175,0.12209302325581396,0.8118279569892473,0.6956521739130435,0.877906976744186,0.5783132530120482,29.49502539634705,385,1770740428.6672957,0.7803921568627451,0.8559120201737181,0.7576294391822241,1.0,0.8022388059701493,0.8704298418972333,0.7836860957342886,0.08099099504413892,0.6971428571428572,0.44936555890894647,0.631578947368421,0.4690691181257659,0.6956521739130435,0.5783132530120482,0.5783132530120482,0.877906976744186,0.0011765797389671206,0.7537400654511454,29,35,21,151,48
wild-sweep-212,9qj7e7cf,71487,0.9,0.999,0.1,0.9,5,AdamW,32,reduce,6,256,1024,40,30,20,0.05,0.48334347304406544,True,0.0001,0.0004588700829214293,no,0.01,256,no,1,no,0,512,0.3553771432890217,no,0.14523410070891976,0.07297730854442044,0.13690476190476192,0.8333333333333334,0.6891891891891891,0.8630952380952381,0.6375,25.338638305664062,121,1770682009.2074852,0.7903225806451613,0.8546875,0.7590526115086913,0.9725490196078432,0.7985074626865671,0.8704298418972332,0.7763505402160864,0.0625676403739559,0.7157894736842105,0.4394588470458984,0.6623376623376623,0.4549631156173407,0.6891891891891891,0.6375,0.6375,0.8630952380952381,0.17772874236106873,0.7612612612612613,25,29,23,145,51
fresh-sweep-4874,r13dyn2c,18401,0.9,0.999,0.1,0.9,3,AdamW,64,reduce,8,256,1024,194,30,20,0.05,0.4951995948724523,True,0.0001,6.807739991897304e-05,no,0.01,256,no,1,no,0,768,0.37689177595866785,no,0.14896457207559616,0.07388827795924445,0.14792899408284024,0.8323699421965318,0.6621621621621622,0.8520710059171598,0.6282051282051282,36.85482478141785,583,1770797215.5182867,0.7813765182186235,0.8522985889849795,0.7306259521030963,0.9686274509803922,0.8246268656716418,0.8703680830039525,0.8065720921473856,0.07194254224869742,0.7403314917127072,0.43347651922880714,0.6447368421052632,0.46125560087316175,0.6621621621621622,0.6282051282051282,0.6282051282051282,0.8520710059171598,0.0026532222982496023,0.747266052179347,36,29,25,144,49
soft-sweep-631,8wv57sdd,70322,0.9,0.999,0.1,0.9,5,AdamW,32,reduce,8,256,1024,194,30,20,0.05,0.4690546355874786,True,0.0001,0.00018010851941778778,no,0.01,32,no,1,no,0,768,0.3510889962491014,no,0.14801092727656498,0.08664922250641718,0.1411764705882353,0.8295454545454546,0.6842105263157895,0.8588235294117647,0.6341463414634146,39.06476521492005,583,1770692456.2585902,0.7857142857142857,0.8540172166427547,0.7500442551540146,0.9882352941176472,0.8097014925373134,0.8702445652173914,0.7897495449124349,0.07267187936092491,0.7182320441988951,0.4381263220488136,0.6582278481012658,0.45891065410539217,0.6842105263157895,0.6341463414634146,0.6341463414634146,0.8588235294117647,0.007238903548568487,0.756877990430622,38,30,24,146,52
glamorous-sweep-91,2reos6q3,43787,0.9,0.999,0.1,0.9,3,AdamW,32,reduce,8,256,512,198,30,20,0.05,0.3372466495384694,True,0.0001,0.0007296450765191115,no,0.01,256,no,1,no,0,768,0.35387070899071493,no,0.14474516807788076,0.08561177469613987,0.14035087719298245,0.8166666666666667,0.6756756756756757,0.8596491228070176,0.6024096385542169,41.368619203567505,595,1770679025.8109252,0.7755905511811023,0.8562671739589939,0.7652991723739221,0.996078431372549,0.8022388059701493,0.8701210474308301,0.7808716707021792,0.06527504458356259,0.7103825136612022,0.44669911398816464,0.6369426751592356,0.4594788794424019,0.6756756756756757,0.6024096385542169,0.6024096385542169,0.8596491228070176,0.00016474848962388933,0.7461711711711712,40,33,24,147,50
lively-sweep-2508,sz36skof,44806,0.9,0.999,0.1,0.9,4,AdamW,64,reduce,7,256,1024,157,30,20,0.05,0.4545282311747558,True,0.0001,0.0002441652259923935,no,0.01,256,no,1,no,0,512,0.333462551829083,no,0.14949089223014198,0.0852612783908844,0.1124260355029586,0.8152173913043478,0.7121212121212122,0.8875739644970414,0.5802469135802469,31.4967303276062,472,1770738723.735423,0.788,0.8573307034845495,0.7460696433640522,0.9803921568627452,0.8283582089552238,0.8700592885375495,0.8205866228070176,0.08957966984207949,0.7261904761904762,0.4534181907995423,0.6394557823129252,0.4836558323280484,0.7121212121212122,0.5802469135802469,0.5802469135802469,0.8875739644970414,0.008126442320644855,0.76366930171278,31,34,19,150,47
giddy-sweep-5322,hkbqvkvx,29973,0.9,0.999,0.1,0.9,5,AdamW,64,reduce,9,256,768,119,30,20,0.05,0.36997479853338167,True,0.0001,0.00015190100117699169,no,0.01,256,no,1,no,0,256,0.22860257735779133,no,0.15477833473085073,0.09093719932038016,0.16279069767441862,0.8275862068965517,0.65,0.8372093023255814,0.6341463414634146,31.232818841934204,358,1770808187.2339208,0.7716535433070866,0.8476318774815655,0.7300144455567459,0.996078431372549,0.7985074626865671,0.8699975296442689,0.7762839147286822,0.07251280724112669,0.7127659574468085,0.4487181706215019,0.6419753086419753,0.4810149248908548,0.65,0.6341463414634146,0.6341463414634146,0.8372093023255814,0.0004646217857953161,0.7387931034482759,30,30,28,144,52
dry-sweep-604,5a34qf4q,5018,0.9,0.999,0.1,0.9,4,AdamW,64,reduce,9,256,768,199,30,20,0.05,0.33826463123199685,True,0.0001,3.8678115029995184e-05,no,0.01,128,no,1,no,0,1024,0.42375220857619944,no,0.14793139229140154,0.07322662133796543,0.16279069767441862,0.8421052631578947,0.6666666666666666,0.8372093023255814,0.6746987951807228,38.07096576690674,598,1770691773.4408717,0.7843137254901961,0.8533202577752872,0.7349571421450589,1.0,0.8134328358208955,0.8698740118577075,0.7931077075098814,0.05174234086897834,0.7282608695652174,0.4364653914722044,0.6706586826347305,0.45454798679725794,0.6666666666666666,0.6746987951807228,0.6746987951807228,0.8372093023255814,0.0032588045578449965,0.7543859649122806,37,27,28,144,56
serene-sweep-5898,71j30iab,46050,0.9,0.999,0.1,0.9,3,AdamW,64,reduce,10,256,1024,158,30,20,0.05,0.47244323753099815,True,0.0001,2.3527805931858624e-05,no,0.01,256,no,1,no,0,512,0.20803081760496375,no,0.14602625526966495,0.07631902084235222,0.1411764705882353,0.8295454545454546,0.6666666666666666,0.8588235294117647,0.6153846153846154,35.53285264968872,475,1770822385.9627647,0.782258064516129,0.8579939668174963,0.7416198590241853,0.9725490196078432,0.7985074626865671,0.8697504940711462,0.7765563241106719,0.07700783347905572,0.7065217391304348,0.437311485632142,0.64,0.4565108056161918,0.6666666666666666,0.6153846153846154,0.6153846153846154,0.8588235294117647,0.10398046672344208,0.7481060606060606,34,30,24,146,48
sunny-sweep-5420,j04f93or,58678,0.9,0.999,0.1,0.9,4,AdamW,128,reduce,7,256,512,138,30,20,0.05,0.36266076859246976,True,0.0001,0.00011051354092013456,no,0.01,256,no,1,no,0,512,0.3719433836996792,no,0.1410203652094956,0.08159939752471064,0.13609467455621302,0.8390804597701149,0.6891891891891891,0.863905325443787,0.6455696202531646,37.43887233734131,415,1770810612.0750053,0.7943548387096774,0.866601752677702,0.7680812031642786,0.9725490196078432,0.8097014925373134,0.8696269762845849,0.7897495449124349,0.08130636055078082,0.7182320441988951,0.4463153098946187,0.6666666666666666,0.4580662446863511,0.6891891891891891,0.6455696202531646,0.6455696202531646,0.863905325443787,0.0006681557279080153,0.764134824479652,36,28,23,146,51
good-sweep-4620,odkjkk10,55156,0.9,0.999,0.1,0.9,4,AdamW,64,reduce,9,256,768,69,30,20,0.05,0.48899690402077034,True,0.0001,0.00020676276018169703,no,0.01,128,no,1,no,0,1024,0.4033336792008899,no,0.1432819466924066,0.0664392832239626,0.14035087719298245,0.8258426966292135,0.68,0.8596491228070176,0.6219512195121951,24.385710954666138,208,1770790954.961218,0.782608695652174,0.8611467693624305,0.7571697501226059,0.992156862745098,0.8059701492537313,0.8695652173913044,0.7858585858585858,0.050613605709218266,0.7111111111111111,0.43626779584742303,0.6496815286624203,0.44221293131510414,0.68,0.6219512195121951,0.6219512195121951,0.8596491228070176,0.02100086584687233,0.7529213483146068,24,31,24,147,51
glamorous-sweep-5778,k3xv6hcp,94175,0.9,0.999,0.1,0.9,4,AdamW,64,reduce,3,256,1024,115,30,20,0.05,0.4819194162872355,True,0.0001,9.837038703795424e-05,no,0.01,32,no,1,no,0,256,0.3342549646248528,no,0.1460262359905446,0.07333910778949132,0.14792899408284024,0.8323699421965318,0.6621621621621622,0.8520710059171598,0.6282051282051282,28.343671798706055,346,1770819419.6345527,0.7813765182186235,0.8573054164770141,0.7412746700135585,0.9686274509803922,0.7985074626865671,0.8695652173913043,0.7762839147286822,0.06027183159073786,0.7127659574468085,0.4315302549903072,0.6447368421052632,0.4498548619887408,0.6621621621621622,0.6282051282051282,0.6282051282051282,0.8520710059171598,0.008907421492040157,0.747266052179347,28,29,25,144,49
efficient-sweep-3055,suldogh5,71197,0.9,0.999,0.1,0.9,5,AdamW,64,reduce,6,256,768,154,30,20,0.05,0.3270966109604455,True,0.0001,0.00022268233209867748,no,0.01,128,no,1,no,0,512,0.36541893257540614,no,0.15015071452826076,0.09189711433957772,0.14705882352941177,0.838150289017341,0.6794871794871795,0.8529411764705882,0.654320987654321,31.0916268825531,463,1770752385.343159,0.7888446215139442,0.8591866376180101,0.7523619966841739,0.984313725490196,0.7873134328358209,0.8695034584980237,0.7640860215053764,0.0943860525070731,0.6918918918918919,0.46521223836870335,0.6666666666666666,0.48065323175168506,0.6794871794871795,0.654320987654321,0.654320987654321,0.8529411764705882,9.1300142230466e-05,0.7588187342522603,30,28,25,145,53
ruby-sweep-5628,9zu9a7yw,81546,0.9,0.999,0.1,0.9,5,AdamW,32,reduce,6,256,1024,98,30,20,0.05,0.22963340348293504,True,0.0001,0.0001845736200476145,no,0.01,128,no,1,no,0,512,0.2913572165335284,no,0.146034133738484,0.08418841286009525,0.1588235294117647,0.8562874251497006,0.6785714285714286,0.8411764705882353,0.7037037037037037,25.127400398254395,295,1770815744.4061103,0.796812749003984,0.8612926652142339,0.7552759340439174,0.984313725490196,0.7761194029850746,0.8694416996047432,0.7537523452157598,0.08341830613008187,0.6938775510204082,0.4526749511263264,0.6909090909090909,0.45776244518803616,0.6785714285714286,0.7037037037037037,0.7037037037037037,0.8411764705882353,0.00045820267405360937,0.7674294268605646,24,24,27,143,57
vivid-sweep-2389,ie1qo0g2,44723,0.9,0.999,0.1,0.9,5,AdamW,32,reduce,5,256,1024,162,30,20,0.05,0.4423909665464215,True,0.0001,0.0003299959160873742,no,0.01,256,no,1,no,0,1024,0.4707280380735158,no,0.1495520517763124,0.08639186812213145,0.13609467455621302,0.8248587570621468,0.6805555555555556,0.863905325443787,0.6125,37.87060904502869,487,1770735808.913619,0.7831325301204819,0.8552514792899408,0.7438011523712686,0.976470588235294,0.8171641791044776,0.869441699604743,0.799967855994857,0.07822508420517196,0.7231638418079096,0.4464102503079087,0.6447368421052632,0.46794406666475186,0.6805555555555556,0.6125,0.6125,0.863905325443787,0.028944281861186028,0.7527071563088512,37,31,23,146,49
radiant-sweep-4132,ukbd0d4e,76530,0.9,0.999,0.1,0.9,4,AdamW,32,reduce,10,256,1024,52,30,20,0.05,0.36353318449206784,True,0.0001,0.00013854196587807265,no,0.01,256,no,1,no,0,768,0.3391265694168817,no,0.1465264368891919,0.07929988950490952,0.12941176470588237,0.8268156424581006,0.6811594202898551,0.8705882352941177,0.6025641025641025,19.97544312477112,157,1770779046.096568,0.7862903225806451,0.857315233785822,0.7522513906272927,0.9725490196078432,0.7985074626865671,0.869441699604743,0.7773989898989899,0.06768598552070444,0.7,0.44221690163683536,0.6394557823129252,0.4612694833792892,0.6811594202898551,0.6025641025641025,0.6025641025641025,0.8705882352941177,0.028422946110367775,0.7539875313739779,19,31,22,148,47
deep-sweep-5345,30ttmk3l,28105,0.9,0.999,0.1,0.9,5,AdamW,128,reduce,3,256,1024,198,30,20,0.05,0.4885199260334805,True,0.0001,0.0004457475843611055,no,0.01,64,no,1,no,0,512,0.25971629265258156,no,0.15291966658645448,0.07654351494701735,0.14705882352941177,0.8285714285714286,0.6710526315789473,0.8529411764705882,0.6296296296296297,39.74496555328369,595,1770808744.5136466,0.7808764940239044,0.8450254175744372,0.7334724092789868,0.984313725490196,0.7873134328358209,0.8693799407114625,0.7640705810769699,0.07270701474218229,0.6951871657754011,0.4433596027431203,0.6496815286624203,0.4808048023897059,0.6710526315789473,0.6296296296296297,0.6296296296296297,0.8529411764705882,0.0008829935686662793,0.749812030075188,39,30,25,145,51
dark-sweep-3639,rdimenpf,93237,0.9,0.999,0.1,0.9,5,AdamW,32,reduce,9,256,1024,195,30,20,0.05,0.4877585175220247,True,0.0001,0.0003432823297420061,no,0.01,32,no,1,no,0,768,0.4571921398091947,no,0.1513713401418413,0.08960406103777507,0.1286549707602339,0.8277777777777777,0.6944444444444444,0.8713450292397661,0.6172839506172839,41.15781307220459,586,1770766956.6303022,0.7896825396825397,0.8484585950472889,0.7445535746540177,0.9882352941176472,0.8022388059701493,0.8693181818181819,0.7819584682796723,0.05809671131532584,0.7039106145251397,0.44464583895099696,0.6535947712418301,0.46743421367570465,0.6944444444444444,0.6172839506172839,0.6172839506172839,0.8713450292397661,0.014500855468213558,0.7611111111111111,40,31,22,149,50
comic-sweep-4045,j8nx8pem,36485,0.9,0.999,0.1,0.9,5,AdamW,64,reduce,10,256,1024,119,30,20,0.05,0.2965434532931697,True,0.0001,0.00018310375976333064,no,0.01,128,no,1,no,0,1024,0.26111280896368055,no,0.15413520008043982,0.10053453819424496,0.12790697674418605,0.8064516129032258,0.6811594202898551,0.872093023255814,0.5662650602409639,27.314855098724365,358,1770776975.737566,0.7725490196078432,0.8551414962174277,0.7351702002144768,1.0,0.8171641791044776,0.8692564229249011,0.8011396939107782,0.08258863127053673,0.72,0.4591375607163159,0.618421052631579,0.4771448172774969,0.6811594202898551,0.5662650602409639,0.5662650602409639,0.872093023255814,0.0004446902603376657,0.7438055165965405,26,36,22,150,47
pleasant-sweep-4865,powlzie5,81204,0.9,0.999,0.1,0.9,5,AdamW,64,reduce,6,256,1024,184,30,20,0.05,0.4139402426232388,True,0.0001,0.00012879641495929227,no,0.01,32,no,1,no,0,1024,0.3544443748239564,no,0.14540231892356534,0.08033216285705568,0.1588235294117647,0.8411764705882353,0.6625,0.8411764705882353,0.6625,37.17939138412475,553,1770797008.5080433,0.784,0.8635294117647059,0.7606253380629495,0.9803921568627452,0.7910447761194029,0.8692564229249011,0.7683073229291717,0.06177067801133912,0.7052631578947368,0.4439665381588153,0.6625,0.4476854810527726,0.6625,0.6625,0.6625,0.8411764705882353,0.0017984909936785698,0.7518382352941176,36,27,27,143,53
blooming-sweep-2605,exvjdjjh,79320,0.9,0.999,0.1,0.9,4,AdamW,32,reduce,5,256,768,165,30,20,0.05,0.24497331852519555,True,0.0001,5.760522419156772e-05,no,0.01,128,no,1,no,0,512,0.33870357187131817,no,0.143787832909178,0.06671608837225691,0.15789473684210523,0.8372093023255814,0.6666666666666666,0.8421052631578947,0.6585365853658537,36.44369029998779,496,1770741116.4882812,0.782608695652174,0.8636428469547853,0.7561165457947497,0.992156862745098,0.7985074626865671,0.8691946640316206,0.7768721946609969,0.07716037599898096,0.7216494845360825,0.4433772813028364,0.6625766871165644,0.4411572624655331,0.6666666666666666,0.6585365853658537,0.6585365853658537,0.8421052631578947,0.001400653156451881,0.751937984496124,36,28,27,144,54
mild-sweep-2952,3zrqnp6x,34850,0.9,0.999,0.1,0.9,5,AdamW,128,reduce,5,256,768,169,30,20,0.05,0.36744307151487554,True,0.0001,0.00012625730493418376,no,0.01,128,no,1,no,0,256,0.3222504117850219,no,0.14776787197264876,0.08395315356463552,0.1352941176470588,0.8166666666666667,0.676056338028169,0.8647058823529412,0.5925925925925926,33.159523725509644,508,1770749731.1390688,0.7768924302788844,0.8608569353667394,0.7498382568736879,0.984313725490196,0.8097014925373134,0.8691946640316205,0.7936555093417839,0.06978399161972218,0.7052023121387283,0.4415619693585296,0.631578947368421,0.4603529986213235,0.676056338028169,0.5925925925925926,0.5925925925925926,0.8647058823529412,0.0004479108320083469,0.7463615023474178,32,33,23,147,48
fresh-sweep-5467,7n99bboa,80508,0.9,0.999,0.1,0.9,5,AdamW,32,reduce,4,256,1024,192,30,20,0.05,0.3728496331005633,True,0.0001,0.0001522418398160736,no,0.01,128,no,1,no,0,512,0.320573262748878,no,0.1492190242456671,0.0822370123578258,0.1301775147928994,0.8258426966292135,0.6986301369863014,0.8698224852071006,0.6219512195121951,35.6890332698822,577,1770811773.7398694,0.7888446215139442,0.8584932890749026,0.7425575586963733,0.984313725490196,0.8134328358208955,0.86913290513834,0.7961956521739131,0.06412327667670466,0.7159090909090909,0.4469363084479944,0.6580645161290323,0.4653541116153493,0.6986301369863014,0.6219512195121951,0.6219512195121951,0.8698224852071006,0.009014190174639223,0.7622364168077574,35,31,22,147,51
warm-sweep-377,zfgz9inr,91165,0.9,0.999,0.1,0.9,5,AdamW,128,reduce,6,256,1024,183,30,20,0.05,0.3817677304534241,True,0.0001,0.0001308498121069422,no,0.01,64,no,1,no,0,1024,0.37483850348149195,no,0.15046528283147337,0.07355217611978924,0.15789473684210523,0.8372093023255814,0.6625,0.8421052631578947,0.654320987654321,35.108776807785034,550,1770686183.5118687,0.7817460317460317,0.8506967005992346,0.732394004642394,0.9882352941176472,0.7835820895522388,0.86913290513834,0.7605952380952381,0.07203467457152125,0.6979166666666666,0.4460980429578183,0.6583850931677019,0.4670884375478707,0.6625,0.654320987654321,0.654320987654321,0.8421052631578947,0.00024063860473688692,0.7498546511627907,34,28,27,144,53
fiery-sweep-3036,psvnhqwx,8948,0.9,0.999,0.1,0.9,4,AdamW,128,reduce,8,256,768,176,30,20,0.05,0.37522771566241986,True,0.0001,4.264956021347022e-05,no,0.01,128,no,1,no,0,1024,0.24313741576596515,no,0.15126272218996653,0.08300781345750431,0.16279069767441862,0.8520710059171598,0.65,0.8372093023255814,0.6753246753246753,35.30311727523804,529,1770751866.5670702,0.7871485943775101,0.8478556327393536,0.711192065429969,0.976470588235294,0.8022388059701493,0.86913290513834,0.7803400253210345,0.06451791769533013,0.7195767195767195,0.4427262491254664,0.6624203821656051,0.4773649327895221,0.65,0.6753246753246753,0.6753246753246753,0.8372093023255814,0.003275298746302724,0.7510355029585799,34,25,28,144,52
hopeful-sweep-5717,z27w7ivv,47574,0.9,0.999,0.1,0.9,5,AdamW,64,reduce,6,256,512,172,30,20,0.05,0.13372779568455723,True,0.0001,1.3452905936604122e-05,no,0.01,128,no,1,no,0,1024,0.4008602134513192,no,0.14795621049405178,0.07216764036126025,0.14619883040935672,0.8390804597701149,0.6875,0.8538011695906432,0.6626506024096386,33.485546350479126,517,1770817941.7480853,0.7913385826771654,0.8540829986613119,0.7422303652225032,0.996078431372549,0.7873134328358209,0.86913290513834,0.7647773759411869,0.06684933380404517,0.7046632124352331,0.43226543825064134,0.6748466257668712,0.4525675455729167,0.6875,0.6626506024096386,0.6626506024096386,0.8538011695906432,0.09964949637651443,0.7632902298850575,32,28,25,146,55
worthy-sweep-5752,gqbmt0n2,73424,0.9,0.999,0.1,0.9,5,AdamW,128,reduce,7,256,512,144,30,20,0.05,0.398753369584348,True,0.0001,0.0002407162715776667,no,0.01,128,no,1,no,0,768,0.29360524024875173,no,0.14896108277762288,0.10596732456845592,0.14619883040935672,0.8390804597701149,0.6753246753246753,0.8538011695906432,0.65,32.043545722961426,433,1770818785.9743168,0.7888446215139442,0.851827485380117,0.7480314186887761,0.984313725490196,0.7873134328358209,0.86913290513834,0.7640705810769699,0.065114402726515,0.6951871657754011,0.4435104825603428,0.6624203821656051,0.4675477570178462,0.6753246753246753,0.65,0.65,0.8538011695906432,0.00022171114687807855,0.7572025675473951,31,28,25,146,52
royal-sweep-904,swugpfo3,40884,0.9,0.999,0.1,0.9,5,AdamW,64,reduce,8,256,1024,199,30,20,0.05,0.4782884767221542,True,0.0001,6.177845656576209e-05,no,0.01,64,no,1,no,0,1024,0.3173665635340891,no,0.1506866871399804,0.06708785057067869,0.14792899408284024,0.8323699421965318,0.6753246753246753,0.8520710059171598,0.6419753086419753,40.24981117248535,598,1770699189.308741,0.784,0.8499525166191834,0.7333869349111448,0.9803921568627452,0.7873134328358209,0.8690711462450593,0.7641827937541448,0.05377590456115665,0.6984126984126984,0.4343867230771193,0.6582278481012658,0.46279120351753983,0.6753246753246753,0.6419753086419753,0.6419753086419753,0.8520710059171598,0.0020250778179615736,0.7538473087606036,39,29,25,144,52
good-sweep-6076,kin90jfa,82116,0.9,0.999,0.1,0.9,5,AdamW,32,reduce,8,256,512,177,30,20,0.05,0.47108687194106225,True,0.0001,0.00024564487998743394,no,0.01,256,no,1,no,0,1024,0.34850233331295605,no,0.14809321430701564,0.06847890677205119,0.16470588235294115,0.8554216867469879,0.6705882352941176,0.8352941176470589,0.7037037037037037,33.3157262802124,532,1770826812.5559924,0.7928286852589641,0.8530137981118373,0.7433837172409102,0.984313725490196,0.7798507462686567,0.8690093873517787,0.758779822371858,0.08579429405838694,0.7035175879396985,0.4402966285819438,0.6867469879518072,0.4528759227079503,0.6705882352941176,0.7037037037037037,0.7037037037037037,0.8352941176470589,0.02249699085950851,0.7630049610205527,32,24,28,142,57
stellar-sweep-2940,hesv145t,61894,0.9,0.999,0.1,0.9,5,AdamW,32,reduce,10,256,768,174,30,20,0.05,0.3945131866797431,True,0.0001,0.00021660437041471473,no,0.01,128,no,1,no,0,1024,0.35549865724524365,no,0.1467025716182493,0.05881579914890915,0.15384615384615383,0.8362573099415205,0.675,0.8461538461538461,0.6585365853658537,35.100584506988525,523,1770749407.8904364,0.7848605577689243,0.8555347091932457,0.7430489626293391,0.984313725490196,0.7761194029850746,0.8690093873517787,0.7526190476190476,0.07855115586252358,0.6875,0.4385040624817806,0.6666666666666666,0.4562611598594516,0.675,0.6585365853658537,0.6585365853658537,0.8461538461538461,0.0029181381687521935,0.7556286549707603,34,28,26,143,54
solar-sweep-5386,kdden0ew,77758,0.9,0.999,0.1,0.9,5,AdamW,64,step,7,256,768,140,30,20,0.05,0.34697128181752485,True,0.0001,0.0001861926866779485,no,0.01,256,no,1,no,0,1024,0.35110472096772494,no,0.14660437492687686,0.07318443083573901,0.1352941176470588,0.8166666666666667,0.6805555555555556,0.8647058823529412,0.5975609756097561,40.47860145568848,421,1770809778.2501426,0.7777777777777778,0.858106169296987,0.7498165571344454,0.9882352941176472,0.7947761194029851,0.8690093873517786,0.7723195084485408,0.054988698505643585,0.7027027027027027,0.43953249347743706,0.6363636363636364,0.453022227567785,0.6805555555555556,0.5975609756097561,0.5975609756097561,0.8647058823529412,0.0002154365793103352,0.7486111111111111,39,33,23,147,49
morning-sweep-1764,uj598hnw,46521,0.9,0.999,0.1,0.9,4,AdamW,128,reduce,5,256,1024,141,30,20,0.05,0.23960363226965767,True,0.0001,4.623475262659382e-05,no,0.01,128,no,1,no,0,512,0.3751586492613967,no,0.14755721968838442,0.0800538818199796,0.15976331360946747,0.8452380952380952,0.6746987951807228,0.8402366863905325,0.6829268292682927,32.68813729286194,424,1770720481.8984263,0.7888446215139442,0.8567614374368596,0.7511973473740947,0.984313725490196,0.7947761194029851,0.8690093873517786,0.7724284262745802,0.07902726931358452,0.7120418848167539,0.4470630474944613,0.6787878787878788,0.4668236825980392,0.6746987951807228,0.6829268292682927,0.6829268292682927,0.8402366863905325,0.001856548711657524,0.7599684452094091,32,26,27,142,56
restful-sweep-5667,i4e8yrl5,97117,0.9,0.999,0.1,0.9,5,AdamW,32,reduce,5,256,1024,118,30,20,0.05,0.3850740352916743,True,0.0001,0.0003016849058750915,no,0.01,128,no,1,no,0,256,0.37225836546995983,no,0.14847039726006905,0.07430997082302647,0.1377245508982036,0.8275862068965517,0.6891891891891891,0.8622754491017964,0.6296296296296297,31.758976697921753,355,1770816701.5602467,0.7862903225806451,0.8566570562578547,0.7627022927049988,0.9725490196078432,0.7985074626865671,0.8688858695652175,0.7765563241106719,0.08270063907352844,0.7065217391304348,0.45115325699991254,0.6580645161290323,0.4687941906498927,0.6891891891891891,0.6296296296296297,0.6296296296296297,0.8622754491017964,0.001636979286558926,0.7583876980428704,31,30,23,144,51
devoted-sweep-2366,zr5m3mab,91855,0.9,0.999,0.1,0.9,4,AdamW,128,reduce,8,256,768,186,30,20,0.05,0.3587039957856839,True,0.0001,6.811081543954024e-05,no,0.01,128,no,1,no,0,768,0.1598206904931796,no,0.14768811776305718,0.06893409941140122,0.13372093023255813,0.8186813186813187,0.6805555555555556,0.8662790697674418,0.5975609756097561,37.26891255378723,559,1770735251.3221586,0.7795275590551181,0.854013045944413,0.7255042720620798,0.996078431372549,0.7910447761194029,0.8688858695652175,0.768939393939394,0.055717176021035014,0.6888888888888889,0.4351551568330224,0.6363636363636364,0.4526518877814798,0.6805555555555556,0.5975609756097561,0.5975609756097561,0.8662790697674418,0.0004821373731829226,0.7496184371184371,36,33,23,149,49
rose-sweep-4178,lmkgs1hr,48118,0.9,0.999,0.1,0.9,5,AdamW,128,reduce,9,256,1024,82,30,20,0.05,0.3712107028873818,True,0.0001,0.00021686218805809325,no,0.01,64,no,1,no,0,1024,0.26486241746132444,no,0.15553217917702786,0.09045207264866284,0.1111111111111111,0.8042328042328042,0.703125,0.8888888888888888,0.5487804878048781,25.067901611328125,247,1770780126.1506166,0.7786561264822134,0.8525887890457853,0.7404298261527475,0.992156862745098,0.8097014925373134,0.8688858695652174,0.8006673691605198,0.09285682929095936,0.6909090909090909,0.4627076903385902,0.6164383561643836,0.4903904035979626,0.703125,0.5487804878048781,0.5487804878048781,0.8888888888888888,0.0006957585574127734,0.7536789021164021,24,37,19,152,45
comfy-sweep-3654,hrxw4igi,68346,0.9,0.999,0.1,0.9,4,AdamW,64,reduce,10,256,768,188,30,20,0.05,0.3588571956954202,True,0.0001,0.00019423748840266037,no,0.01,256,no,1,no,0,768,0.4464138106425293,no,0.14816344382312788,0.08429654368332454,0.13450292397660818,0.8222222222222222,0.6805555555555556,0.8654970760233918,0.6049382716049383,33.58186864852905,565,1770767324.3073163,0.7817460317460317,0.8569778355353405,0.7452974938748652,0.9882352941176472,0.8097014925373134,0.8688241106719368,0.7904680256556804,0.06911107853277405,0.7150837988826816,0.4561846718859317,0.6405228758169934,0.47406858556410847,0.6805555555555556,0.6049382716049383,0.6049382716049383,0.8654970760233918,0.00016112565936055034,0.7513888888888889,33,32,23,148,49
silvery-sweep-2679,3ku5h86e,83938,0.9,0.999,0.1,0.9,5,AdamW,128,step,7,256,1024,125,30,20,0.05,0.47835254040964414,True,0.0001,0.0002795233675024193,no,0.01,128,no,1,no,0,1024,0.46938913088376066,no,0.14448820686745467,0.06293351354637768,0.17261904761904762,0.8633540372670807,0.6588235294117647,0.8273809523809523,0.717948717948718,34.4534056186676,376,1770742974.4470246,0.7926829268292683,0.8650030525030525,0.7616542782077325,0.9647058823529412,0.7611940298507462,0.8688241106719368,0.7388772420218961,0.08876017247562976,0.6767676767676768,0.4530319384674528,0.6871165644171779,0.4595347684972427,0.6588235294117647,0.717948717948718,0.717948717948718,0.8273809523809523,0.23572303354740143,0.7610887833394226,34,22,29,139,56
generous-sweep-858,dst2febd,29638,0.9,0.999,0.1,0.9,5,AdamW,64,reduce,7,256,1024,134,30,20,0.05,0.23319311310519253,True,0.0001,0.00017494768689463246,no,0.01,64,no,1,no,0,768,0.34301179411131677,no,0.1480549946324734,0.0816682714865027,0.13609467455621302,0.8248587570621468,0.6891891891891891,0.863905325443787,0.6219512195121951,35.68176603317261,403,1770698055.568753,0.7848605577689243,0.8627507576850916,0.7514694682021601,0.984313725490196,0.8022388059701493,0.8688241106719368,0.7803772436872528,0.09762530740517288,0.7165775401069518,0.44922216614680505,0.6538461538461539,0.46050633449180456,0.6891891891891891,0.6219512195121951,0.6219512195121951,0.863905325443787,0.0002444984274916351,0.757023973125668,35,31,23,146,51
graceful-sweep-516,02mhzbfu,38973,0.9,0.999,0.1,0.9,3,AdamW,64,reduce,9,256,768,199,30,20,0.05,0.48168662302895393,True,0.0001,0.00010498707758089803,no,0.01,256,no,1,no,0,512,0.2381485583354734,no,0.14195585973691427,0.07665009988892461,0.14705882352941177,0.838150289017341,0.6666666666666666,0.8529411764705882,0.6410256410256411,38.30037975311279,598,1770689622.379387,0.7862903225806451,0.859049773755656,0.7486258318684904,0.9725490196078432,0.7947761194029851,0.8688241106719367,0.7723195084485408,0.05460804656370362,0.7027027027027027,0.4323297187463561,0.6535947712418301,0.4471482220818015,0.6666666666666666,0.6410256410256411,0.6410256410256411,0.8529411764705882,0.0005297012976370752,0.7524084778420038,37,28,25,145,50
pretty-sweep-4026,grmg21zv,33769,0.9,0.999,0.1,0.9,4,AdamW,64,reduce,7,256,1024,85,30,20,0.05,0.3426382106310458,True,0.0001,0.0003370477236736429,no,0.01,32,no,1,no,0,1024,0.1520845037358603,no,0.14659094954223653,0.07805310831710757,0.12209302325581396,0.8296703296703297,0.704225352112676,0.877906976744186,0.6172839506172839,23.7223060131073,256,1770776491.578518,0.7944664031620553,0.8598191214470283,0.7503547356408933,0.992156862745098,0.8134328358208955,0.8688241106719367,0.7951699463327371,0.07356211498602112,0.7191011235955056,0.4498541248378469,0.6578947368421053,0.4586747113396139,0.704225352112676,0.6172839506172839,0.6172839506172839,0.877906976744186,0.000555185426492244,0.7669478408915029,23,31,21,151,50
honest-sweep-5706,41gjn7x6,20655,0.9,0.999,0.1,0.9,5,AdamW,64,reduce,3,256,1024,66,30,20,0.05,0.1809403995007744,True,0.0001,6.337183136706597e-05,no,0.01,256,no,1,no,0,768,0.2737597892471061,no,0.15255501543800434,0.0785170400899554,0.1695906432748538,0.8402366863905325,0.6506024096385542,0.8304093567251462,0.6666666666666666,27.57399582862854,199,1770817658.3535168,0.7777777777777778,0.8460038986354776,0.7319585231679645,0.9882352941176472,0.7947761194029851,0.868762351778656,0.7724284262745802,0.06807686677619593,0.7120418848167539,0.4406742836112406,0.6585365853658537,0.4702505672679228,0.6506024096385542,0.6666666666666666,0.6666666666666666,0.8304093567251462,0.009256290271878242,0.7454195480145434,26,27,29,142,54
clear-sweep-3460,dyvvt9zw,88624,0.9,0.999,0.1,0.9,4,AdamW,64,reduce,3,256,768,167,30,20,0.05,0.3480956218958051,True,0.0001,0.004573659821982692,no,0.01,256,no,1,no,0,512,0.2316093588307187,no,0.1602398077354115,0.12789185857772828,0.17751479289940827,0.8475609756097561,0.6511627906976745,0.8224852071005917,0.691358024691358,36.302634716033936,502,1770762497.1498036,0.78,0.8422821243334064,0.7581354695128589,0.9803921568627452,0.7835820895522388,0.8687005928853755,0.7649954212454213,0.08754878101953821,0.7156862745098039,0.4737364071518628,0.6706586826347305,0.5218499277152268,0.6511627906976745,0.691358024691358,0.691358024691358,0.8224852071005917,0.00694427452981472,0.7493618831537152,35,25,30,139,56
soft-sweep-3058,ptkp22un,43866,0.9,0.999,0.1,0.9,4,AdamW,128,reduce,7,256,768,198,30,20,0.05,0.3903395985628284,True,0.0001,0.00092363011168929,no,0.01,256,no,1,no,0,256,0.46101090387600174,no,0.1514981080875127,0.08800716395300581,0.1124260355029586,0.8379888268156425,0.7164179104477612,0.8875739644970414,0.6233766233766234,39.012725830078125,595,1770752455.542858,0.8048780487804879,0.840544071313302,0.7406596840214557,0.9647058823529412,0.7947761194029851,0.8687005928853755,0.7722239123821113,0.09162031447709496,0.7058823529411765,0.45502679739425433,0.6666666666666666,0.491318317488128,0.7164179104477612,0.6233766233766234,0.6233766233766234,0.8875739644970414,0.0003758457314688712,0.7772033686317018,38,29,19,150,48
restful-sweep-641,mquhsuvr,89298,0.9,0.999,0.1,0.9,5,AdamW,32,reduce,5,256,768,193,30,20,0.05,0.42556720422065186,True,0.0001,0.0005028366311867077,yes,0.01,64,no,1,no,0,1024,0.21682593728945895,no,0.14456208575185525,0.08098343601188508,0.1176470588235294,0.8287292817679558,0.7058823529411765,0.8823529411764706,0.6075949367088608,36.20883846282959,580,1770692713.0979924,0.7951807228915663,0.8536857781087118,0.7506384719000014,0.976470588235294,0.8134328358208955,0.8686388339920948,0.7936329588014981,0.08073917476098927,0.7252747252747253,0.4452325336968721,0.6530612244897959,0.4552494722254136,0.7058823529411765,0.6075949367088608,0.6075949367088608,0.8823529411764706,0.15737414360046387,0.7673058173545662,35,31,20,150,48
deep-sweep-2415,fiv5qi4q,74799,0.9,0.999,0.1,0.9,4,AdamW,64,reduce,6,256,1024,143,30,20,0.05,0.37640100805910504,True,0.0001,0.00016565797958947482,no,0.01,128,no,1,no,0,768,0.14294711912595606,no,0.1434711871071863,0.08061207992484773,0.15294117647058825,0.8470588235294118,0.6708860759493671,0.8470588235294118,0.6708860759493671,39.80167508125305,430,1770736450.812017,0.7911646586345381,0.8619508562918837,0.7539560667411819,0.976470588235294,0.7947761194029851,0.8686388339920948,0.7722614095375897,0.06525154656438685,0.708994708994709,0.44388457910338447,0.6708860759493671,0.44928906010646447,0.6708860759493671,0.6708860759493671,0.6708860759493671,0.8470588235294118,0.0002718120813369751,0.7589724497393895,39,26,26,144,53
astral-sweep-5319,5gjtr32l,95787,0.9,0.999,0.1,0.9,5,AdamW,128,reduce,9,256,1024,183,30,20,0.05,0.45382496631497793,True,0.0001,3.263153524388263e-05,no,0.01,256,no,1,no,0,1024,0.36255637006892505,no,0.14714717048484657,0.06903829499195686,0.152046783625731,0.8238636363636364,0.6623376623376623,0.847953216374269,0.6219512195121951,37.999064683914185,550,1770808107.8869336,0.7747035573122529,0.8570104122093852,0.7418690819415122,0.992156862745098,0.8022388059701493,0.8685770750988143,0.7805529953917051,0.047911003009596886,0.7135135135135136,0.4348671187215777,0.6415094339622641,0.453899398504519,0.6623376623376623,0.6219512195121951,0.6219512195121951,0.847953216374269,0.00669231079518795,0.7431006493506493,37,31,26,145,51
dandy-sweep-5517,cs01nk9g,92685,0.9,0.999,0.1,0.9,5,AdamW,32,reduce,4,256,1024,80,30,20,0.05,0.42114945648183255,True,0.0001,0.00013704811368182154,no,0.01,128,no,1,no,0,512,0.41789551395734625,no,0.14612310878471263,0.07776038036231071,0.13609467455621302,0.8390804597701149,0.6891891891891891,0.863905325443787,0.6455696202531646,24.223730087280273,241,1770813020.665349,0.7943548387096774,0.8588120740019474,0.7435235866074225,0.9725490196078432,0.7723880597014925,0.8685770750988142,0.7480255621872551,0.08648717670298332,0.6772486772486772,0.44000662618608616,0.6666666666666666,0.4527797025792739,0.6891891891891891,0.6455696202531646,0.6455696202531646,0.863905325443787,0.011843490414321424,0.764134824479652,23,28,23,146,51
misty-sweep-469,iavtji81,57406,0.9,0.999,0.1,0.9,3,AdamW,128,reduce,3,256,1024,188,30,20,0.05,0.4865091029232407,True,0.0001,0.0002226023590999143,no,0.01,32,no,1,no,0,512,0.4150178422607376,no,0.1470644478363319,0.07026721922999833,0.1569767441860465,0.8333333333333334,0.6493506493506493,0.8430232558139535,0.6329113924050633,32.171976804733276,565,1770688450.659294,0.7768924302788844,0.8547983514866059,0.7416652144899059,0.984313725490196,0.7910447761194029,0.8685770750988141,0.7681584739545122,0.04951409217137011,0.6989247311827957,0.43894514397009093,0.6410256410256411,0.4565700755399816,0.6493506493506493,0.6329113924050633,0.6329113924050633,0.8430232558139535,0.0003745002613868565,0.7413419913419914,31,29,27,145,50
leafy-sweep-1013,9a0zavtd,2252,0.9,0.999,0.1,0.9,5,AdamW,64,reduce,4,256,768,199,30,20,0.05,0.39313950256735086,True,0.0001,0.002017837055066997,no,0.01,128,no,1,no,0,1024,0.29456234013144655,no,0.16372241830399453,0.09959459801514942,0.21176470588235297,0.8375,0.6086956521739131,0.788235294117647,0.6829268292682927,41.39790987968445,598,1770701856.7393298,0.753968253968254,0.83012912482066,0.725234872119741,0.9882352941176472,0.7835820895522388,0.8685153162055336,0.7649954212454213,0.07430543828366407,0.7156862745098039,0.46382997996771513,0.6436781609195402,0.5073099173751532,0.6086956521739131,0.6829268292682927,0.6829268292682927,0.788235294117647,0.0001356042921543121,0.7230978260869565,41,26,36,134,56
whole-sweep-4467,nwrz6hf6,88022,0.9,0.999,0.1,0.9,4,AdamW,64,reduce,10,256,1024,127,30,20,0.05,0.42577809140523215,True,0.0001,0.00022823779375466332,no,0.01,64,no,1,no,0,256,0.2858880421417619,no,0.14926081461810925,0.0764779555797577,0.09411764705882351,0.806282722513089,0.7288135593220338,0.9058823529411764,0.5375,34.967387437820435,382,1770787169.7505035,0.788,0.855514705882353,0.7416682956477058,0.9803921568627452,0.8097014925373134,0.8685153162055336,0.7967294485619093,0.06784260473144588,0.6982248520710059,0.4498360477276702,0.6187050359712231,0.47170538808785234,0.7288135593220338,0.5375,0.5375,0.9058823529411764,0.0003590685373637825,0.7675481409175614,34,37,16,154,43
crisp-sweep-153,1vnbjyc0,41694,0.9,0.999,0.1,0.9,5,AdamW,32,reduce,5,256,768,171,30,20,0.05,0.4738507004168774,True,0.0001,0.0004852397163369648,no,0.01,64,no,1,no,0,768,0.14812227566990344,no,0.1431996166006322,0.0771132382479581,0.1130952380952381,0.8324022346368715,0.6984126984126984,0.8869047619047619,0.5945945945945946,33.71626329421997,514,1770680561.5017223,0.7975206611570248,0.8487773487773488,0.7398815580631303,0.9490196078431372,0.7947761194029851,0.8683917984189723,0.7734489109036642,0.07169226234528554,0.6927374301675978,0.44010566597554224,0.6423357664233577,0.4614245844822304,0.6984126984126984,0.5945945945945946,0.5945945945945946,0.8869047619047619,0.007295732386410236,0.765407466524785,33,30,19,149,44
jolly-sweep-1513,0hzw065r,36490,0.9,0.999,0.1,0.9,4,AdamW,32,reduce,6,256,768,164,30,20,0.05,0.3695647489765851,True,0.0001,0.00040544495456936103,no,0.01,128,no,1,no,0,1024,0.4515079437105147,no,0.1458911971632451,0.08411300659179688,0.11834319526627218,0.8324022346368715,0.7183098591549296,0.8816568047337278,0.6296296296296297,36.26017546653747,493,1770714239.8884704,0.8,0.8573307034845496,0.7581296065480646,0.9803921568627452,0.8059701492537313,0.8683917984189723,0.7858585858585858,0.06490112084950976,0.7111111111111111,0.44433394474769705,0.6710526315789473,0.45810765285117955,0.7183098591549296,0.6296296296296297,0.6296296296296297,0.8816568047337278,0.0050882454961538315,0.7753560468959005,35,30,20,149,51
cool-sweep-1184,t3twj193,71310,0.9,0.999,0.1,0.9,5,AdamW,64,reduce,9,256,768,149,30,20,0.05,0.1958404450817405,True,0.0001,2.916802840449833e-05,no,0.01,256,no,1,no,0,1024,0.17817246418170388,no,0.15375361765040776,0.09713371532169854,0.1695906432748538,0.8255813953488372,0.6463414634146342,0.8304093567251462,0.6385542168674698,34.27904725074768,448,1770706053.3892272,0.7677165354330708,0.848375959980272,0.7342822181500535,0.996078431372549,0.7835820895522388,0.8683300395256918,0.7602641056422569,0.060287636385035176,0.6947368421052632,0.4370482145850338,0.6424242424242425,0.4671932744044884,0.6463414634146342,0.6385542168674698,0.6385542168674698,0.8304093567251462,0.006372053641825914,0.7359614293817357,33,30,29,142,53
fine-sweep-4418,5duubid8,79928,0.9,0.999,0.1,0.9,4,AdamW,128,reduce,8,256,768,96,30,20,0.05,0.35094895293567396,True,0.0001,0.0001685483810637334,no,0.01,128,no,1,no,0,1024,0.2723841424602196,no,0.1508300540056577,0.09303424645789526,0.14035087719298245,0.8258426966292135,0.68,0.8596491228070176,0.6219512195121951,28.016496658325195,289,1770785967.3198636,0.782608695652174,0.8580088432463272,0.7405363231980666,0.992156862745098,0.7985074626865671,0.8683300395256918,0.7763505402160864,0.06942836273072374,0.7157894736842105,0.4493229140096636,0.6496815286624203,0.4661143284217984,0.68,0.6219512195121951,0.6219512195121951,0.8596491228070176,0.0004709456115961075,0.7529213483146068,27,31,24,147,51
cosmic-sweep-3383,a8x5exga,48000,0.9,0.999,0.1,0.9,4,AdamW,32,reduce,10,256,1024,132,30,20,0.05,0.4234189119698858,True,0.0001,0.0005364681859972266,no,0.01,64,no,1,no,0,1024,0.21857262621174348,no,0.1451926110517114,0.07831617973504527,0.1242603550295858,0.8314606741573034,0.7,0.8757396449704142,0.620253164556962,33.606438398361206,397,1770760551.3771863,0.7943548387096774,0.8561156467680323,0.751073492570925,0.9725490196078432,0.8059701492537313,0.8682682806324111,0.7845438982636341,0.06939205238178595,0.7204301075268817,0.45357223055255946,0.6577181208053692,0.4675289677638634,0.7,0.620253164556962,0.620253164556962,0.8757396449704142,0.0014888133155182004,0.7657303370786517,33,30,21,148,49
bumbling-sweep-4423,nufxqg8b,96695,0.9,0.999,0.1,0.9,4,AdamW,128,reduce,9,256,768,185,30,20,0.05,0.32445336478476006,True,0.0001,5.31019346309477e-05,yes,0.01,256,no,1,no,0,1024,0.29670697600526014,no,0.15267358186446797,0.1044157359600067,0.1588235294117647,0.8461538461538461,0.6666666666666666,0.8411764705882353,0.675,36.23129725456238,556,1770786119.2314742,0.788,0.8508823529411765,0.720365958863695,0.9803921568627452,0.7873134328358209,0.8682682806324111,0.7644193413424183,0.07638088113336422,0.7015706806282722,0.4465883454280113,0.6708074534161491,0.4768358716777727,0.6666666666666666,0.675,0.675,0.8411764705882353,0.1385253220796585,0.7564102564102564,35,26,27,143,54
azure-sweep-3513,vb34q3c7,74290,0.9,0.999,0.1,0.9,4,AdamW,128,reduce,8,256,512,156,30,20,0.05,0.3820624577090913,True,0.0001,0.00016210709310775895,no,0.01,128,no,1,no,0,512,0.49238357318172865,no,0.14654813973537098,0.09180190682411196,0.1488095238095238,0.8411764705882353,0.6875,0.8511904761904762,0.6707317073170732,32.88907337188721,469,1770763775.9089484,0.792,0.8649099883855981,0.7527613301671422,0.9803921568627452,0.7873134328358209,0.868268280632411,0.7640860215053764,0.07454697565356297,0.6918918918918919,0.45173892690174616,0.6790123456790124,0.4619066126206342,0.6875,0.6707317073170732,0.6707317073170732,0.8511904761904762,0.00019509956473484635,0.7643382352941177,32,27,25,143,55
rosy-sweep-1039,gg1ntrnn,26943,0.9,0.999,0.1,0.9,5,AdamW,64,reduce,4,256,768,126,30,20,0.05,0.421172066822188,True,0.0001,0.00013223460785208733,no,0.01,128,no,1,no,0,768,0.4734681519847582,no,0.14890860969787764,0.08392577915794765,0.16279069767441862,0.8421052631578947,0.6585365853658537,0.8372093023255814,0.6666666666666666,28.99083948135376,379,1770702507.9193194,0.782608695652174,0.8527849554981337,0.7338073772081486,0.992156862745098,0.7947761194029851,0.868268280632411,0.7722614095375897,0.06285792655909238,0.708994708994709,0.44397818152584245,0.6625766871165644,0.459166732488894,0.6585365853658537,0.6666666666666666,0.6666666666666666,0.8372093023255814,0.0014697711449116468,0.7503209242618742,28,27,28,144,54
celestial-sweep-2308,cor1x0ot,87699,0.9,0.999,0.1,0.9,5,AdamW,64,reduce,10,256,768,174,30,20,0.05,0.4673563905973952,True,0.0001,0.0008051251103048939,no,0.01,256,no,1,no,0,512,0.4738181828703527,no,0.1546443301535523,0.09451829600334168,0.13450292397660818,0.8176795580110497,0.6666666666666666,0.8654970760233918,0.5822784810126582,35.66122221946716,523,1770733820.8852522,0.776,0.8409208675697684,0.7456361634480069,0.9803921568627452,0.8134328358208955,0.8682065217391305,0.7936329588014981,0.08415612867519036,0.7252747252747253,0.4618898363255743,0.6216216216216216,0.4991206449620864,0.6666666666666666,0.5822784810126582,0.5822784810126582,0.8654970760233918,0.0022076372988522053,0.7421731123388582,35,33,23,148,46
dainty-sweep-5097,2rg08npe,51003,0.9,0.999,0.1,0.9,5,AdamW,128,reduce,8,256,1024,128,30,20,0.05,0.3449519520788991,True,0.0001,0.00020401508663759151,no,0.01,128,no,1,no,0,768,0.2430129058943823,no,0.1518148364780821,0.08433054988422702,0.1893491124260355,0.85625,0.6363636363636364,0.8106508875739645,0.7088607594936709,31.019044876098633,385,1770802623.612891,0.7782258064516129,0.8582128679499663,0.7514591126434205,0.9725490196078432,0.7761194029850746,0.8682065217391305,0.7544840437922199,0.0770986496067759,0.696969696969697,0.45834157004285214,0.6706586826347305,0.47773479386871937,0.6363636363636364,0.7088607594936709,0.7088607594936709,0.8106508875739645,0.00023789689294062555,0.7463068181818182,30,23,32,137,56
proud-sweep-2174,r0405gr9,81727,0.9,0.999,0.1,0.9,5,AdamW,64,reduce,6,256,768,116,30,20,0.05,0.4555882988753616,True,0.0001,0.0001425346841821695,no,0.01,256,no,1,no,0,512,0.3099165737750958,no,0.14546499653652145,0.06956851889330697,0.1411764705882353,0.8390804597701149,0.68,0.8588235294117647,0.6455696202531646,35.163793325424194,349,1770730553.8913872,0.7911646586345381,0.8573343261355174,0.7450770948029567,0.976470588235294,0.7947761194029851,0.8682065217391304,0.7723195084485408,0.06640315700822803,0.7027027027027027,0.4416421349368878,0.6623376623376623,0.45883456959443936,0.68,0.6455696202531646,0.6455696202531646,0.8588235294117647,0.002650612499564886,0.7595402298850575,34,28,24,146,51
playful-sweep-2585,2j0ypee6,58116,0.9,0.999,0.1,0.9,4,AdamW,64,reduce,6,256,768,108,30,20,0.05,0.3400155008829334,True,0.0001,8.905553146859965e-05,no,0.01,64,no,1,no,0,768,0.29177203778992783,no,0.14709188447971122,0.07915748797711869,0.15294117647058825,0.8228571428571428,0.6623376623376623,0.8470588235294118,0.6219512195121951,31.862425804138184,325,1770740622.202248,0.7738095238095238,0.8611190817790532,0.7470990173710831,0.9882352941176472,0.7910447761194029,0.8682065217391304,0.7685393258426967,0.05527980403224033,0.6923076923076923,0.4407302230151732,0.6415094339622641,0.45285168816061583,0.6623376623376623,0.6219512195121951,0.6219512195121951,0.8470588235294118,0.0027807201258838177,0.7425974025974026,31,31,26,144,51
expert-sweep-51,g4uzagq4,30553,0.9,0.999,0.1,0.9,3,AdamW,64,step,9,256,1024,62,30,20,0.05,0.23853579689788115,True,0.0001,9.439264800938724e-05,no,0.01,256,no,1,no,0,256,0.42656925470649854,no,0.14829024497215998,0.08176370100541548,0.1286549707602339,0.8232044198895028,0.6944444444444444,0.8713450292397661,0.6097560975609756,25.212153434753414,187,1770678064.0436454,0.7865612648221344,0.857580944230495,0.7427206880783094,0.992156862745098,0.8246268656716418,0.8681447628458498,0.8098664929990231,0.08631837924024953,0.7314285714285714,0.4465209334643919,0.6493506493506493,0.4616479611864277,0.6944444444444444,0.6097560975609756,0.6097560975609756,0.8713450292397661,0.006296949461102486,0.7588244321669736,24,32,22,149,50
crimson-sweep-4797,24v9w6oy,64852,0.9,0.999,0.1,0.9,4,AdamW,64,reduce,6,256,1024,188,30,20,0.05,0.482538938405265,True,0.0001,0.0001318194923493386,no,0.01,64,no,1,no,0,256,0.20045535029572437,no,0.14361231607682962,0.060775002404566736,0.15294117647058825,0.8571428571428571,0.675,0.8470588235294118,0.6923076923076923,36.87681031227112,565,1770795317.8828974,0.7983870967741935,0.859049773755656,0.7492255536921492,0.9725490196078432,0.7873134328358209,0.8681447628458498,0.7652544866137099,0.06651551265325117,0.7076923076923077,0.4394583630917677,0.6835443037974683,0.44638878317440256,0.675,0.6923076923076923,0.6923076923076923,0.8470588235294118,0.0026561073027551174,0.7660714285714285,36,24,26,144,54
absurd-sweep-4534,ire7p6s8,22852,0.9,0.999,0.1,0.9,4,AdamW,64,reduce,5,256,512,175,30,20,0.05,0.456934934893009,True,0.0001,0.0002581165269274348,no,0.01,256,no,1,no,0,768,0.2553130815421847,no,0.15007461522797053,0.10355269639089767,0.125,0.8305084745762712,0.6818181818181818,0.875,0.6,36.13847279548645,526,1770788851.9653597,0.7901234567901234,0.8516666666666668,0.7344525287364164,0.9529411764705882,0.8134328358208955,0.8681447628458498,0.7951699463327371,0.09399952728356883,0.7191011235955056,0.45537561445093866,0.6382978723404256,0.4860506244734222,0.6818181818181818,0.6,0.6,0.875,0.002494401065632701,0.7561633281972264,35,30,21,147,45
vivid-sweep-4786,oyql3c6p,67004,0.9,0.999,0.1,0.9,5,AdamW,32,reduce,5,256,768,171,30,20,0.05,0.4425881102368673,True,0.0001,0.0004602906240884815,no,0.01,64,no,1,no,0,1024,0.32234995677800704,no,0.14873149972215968,0.07202468596158489,0.11834319526627218,0.8232044198895028,0.7014925373134329,0.8816568047337278,0.5949367088607594,37.724000692367554,514,1770795034.7633758,0.7903225806451613,0.8504980900307094,0.753658268032797,0.9725490196078432,0.8022388059701493,0.8681447628458497,0.7836860957342886,0.06346115848021722,0.6971428571428572,0.4419634804796817,0.6438356164383562,0.4705802169500613,0.7014925373134329,0.5949367088607594,0.5949367088607594,0.8816568047337278,0.01518108043819666,0.7623484786014678,37,32,20,149,47
hardy-sweep-520,frg34okp,26629,0.9,0.999,0.1,0.9,4,AdamW,32,reduce,4,256,768,155,30,20,0.05,0.4481828063181657,True,0.0001,0.0034320939103248266,no,0.01,32,no,1,no,0,1024,0.21238573078406087,no,0.1613574239268898,0.12317665824928434,0.1301775147928994,0.8121546961325967,0.6764705882352942,0.8698224852071006,0.575,41.087905168533325,466,1770689733.784094,0.7751004016064257,0.8270710059171598,0.7419352174454362,0.976470588235294,0.8022388059701493,0.8681447628458497,0.7819584682796723,0.08555951469869759,0.7039106145251397,0.47230894174148785,0.6216216216216216,0.5703191420611213,0.6764705882352942,0.575,0.575,0.8698224852071006,0.05988231301307678,0.7443126421839454,40,34,22,147,46
elated-sweep-395,pb6ohdvd,35510,0.9,0.999,0.1,0.9,5,AdamW,128,reduce,9,256,1024,186,30,20,0.05,0.4129998366347202,True,0.0001,5.8090934458482024e-05,no,0.01,256,no,1,no,0,768,0.16651066972933404,no,0.14803736884974678,0.07357468104362487,0.14705882352941177,0.838150289017341,0.6753246753246753,0.8529411764705882,0.65,39.137566566467285,559,1770686618.0004675,0.788,0.8518382352941175,0.7353670566605343,0.9803921568627452,0.8022388059701493,0.8681447628458497,0.7803772436872528,0.05343414198106794,0.7165775401069518,0.4389122350892024,0.6624203821656051,0.4666165520163144,0.6753246753246753,0.65,0.65,0.8529411764705882,0.0009170417324639856,0.7567374821710082,38,28,25,145,52
fallen-sweep-5034,op62g8wz,64780,0.9,0.999,0.1,0.9,5,AdamW,32,reduce,7,256,512,171,30,20,0.05,0.48294280799649647,True,0.0001,9.739720956668118e-05,no,0.01,64,no,1,no,0,768,0.430106026241047,no,0.14532982490570437,0.06890999285444137,0.1411764705882353,0.8342857142857143,0.6712328767123288,0.8588235294117647,0.6282051282051282,30.864837169647217,514,1770801104.552354,0.7862903225806451,0.8578431372549019,0.7344984549209789,0.9725490196078432,0.8134328358208955,0.8681447628458497,0.7943181818181818,0.06188454845948008,0.7222222222222222,0.4368117887582352,0.6490066225165563,0.45130007874731926,0.6712328767123288,0.6282051282051282,0.6282051282051282,0.8588235294117647,0.02121439203619957,0.7527592954990215,30,29,24,146,49
proud-sweep-2988,jn7vh484,13796,0.9,0.999,0.1,0.9,5,AdamW,64,reduce,4,256,1024,177,30,20,0.05,0.3637033963581934,True,0.0001,0.00011690069697726812,no,0.01,128,no,1,no,0,768,0.18063649117758296,no,0.14562869745782817,0.07799968279030428,0.15384615384615383,0.8362573099415205,0.6666666666666666,0.8461538461538461,0.65,44.70353794097901,532,1770750663.269811,0.7831325301204819,0.8609467455621302,0.7540246391108791,0.976470588235294,0.8022388059701493,0.8680830039525692,0.7803400253210345,0.07266202012994397,0.7195767195767195,0.4445620294827134,0.6582278481012658,0.45639777090035233,0.6666666666666666,0.65,0.65,0.8461538461538461,0.0003254322800785303,0.7514619883040936,44,28,26,143,52
blooming-sweep-1319,1drfo8lq,66219,0.9,0.999,0.1,0.9,4,AdamW,32,reduce,5,256,768,96,30,20,0.05,0.4194950237641667,True,0.0001,0.00013025716435828078,no,0.01,128,no,1,no,0,768,0.32581775493401605,no,0.1485650030655064,0.0776347473027214,0.1686046511627907,0.8461538461538461,0.6506024096385542,0.8313953488372093,0.675,27.217378854751587,289,1770709443.0722828,0.7817460317460317,0.8499999999999999,0.7417338141562868,0.9882352941176472,0.7873134328358209,0.8680830039525691,0.7644193413424183,0.06591362072460687,0.7015706806282722,0.4411541953015683,0.6625766871165644,0.4614102232689951,0.6506024096385542,0.675,0.675,0.8313953488372093,0.006840521935373545,0.7483781278962002,26,26,29,143,54
smart-sweep-1807,9roq1ng5,66293,0.9,0.999,0.1,0.9,4,AdamW,32,reduce,8,256,1024,178,30,20,0.05,0.450677488196528,True,0.0001,7.981613388190273e-05,no,0.01,256,no,2,no,0,512,0.4109987048245404,no,0.12205448354957256,0.0532344893405312,0.0730593607305936,0.8529411764705882,0.7575757575757576,0.9269406392694064,0.5882352941176471,35.62783670425415,713,1770721149.5947716,0.8322368421052632,0.8749395648670427,0.7631268323005167,0.9712460063897764,0.8254437869822485,0.8759352635003254,0.801667749620966,0.04896254229122367,0.7064676616915423,0.4092751226481602,0.6622516556291391,0.4104621082829972,0.7575757575757576,0.5882352941176471,0.5882352941176471,0.9269406392694064,0.005073242355138063,0.8052584670231728,35,35,16,203,50
dauntless-sweep-1693,o2wn495d,91213,0.9,0.999,0.1,0.9,4,AdamW,32,reduce,7,256,768,158,30,20,0.05,0.4667381554423362,True,0.0001,0.00014911391916584262,no,0.01,256,no,2,no,0,768,0.32351199064246716,no,0.12263892210715338,0.06894974712452862,0.09545454545454546,0.8540772532188842,0.7123287671232876,0.9045454545454544,0.6046511627906976,33.79269552230835,633,1770718420.7260275,0.8202614379084967,0.8781183932346722,0.7629275942956475,0.977635782747604,0.8195266272189349,0.8756912817176318,0.7933652735594815,0.06658681839175476,0.6995073891625616,0.4156500460833488,0.6540880503144654,0.40885184291071786,0.7123287671232876,0.6046511627906976,0.6046511627906976,0.9045454545454544,0.027600811794400215,0.7832030101710858,33,34,21,199,52
colorful-sweep-1768,ht7oyxkz,94813,0.9,0.999,0.1,0.9,4,AdamW,64,reduce,8,256,1024,137,30,20,0.05,0.4587224931977919,True,0.0001,5.7060358442984034e-05,no,0.01,256,no,2,no,0,768,0.17202115349721442,no,0.12241578417831236,0.045519809506857654,0.1085972850678733,0.8678414096916299,0.7073170731707317,0.8914027149321267,0.6590909090909091,30.53907537460327,549,1770720214.0707405,0.8252427184466019,0.8800904977375565,0.7654458128401594,0.987220447284345,0.8224852071005917,0.8754472999349383,0.7943376068376069,0.059190487544212134,0.7142857142857143,0.4103298300116725,0.6823529411764706,0.39111145312032,0.7073170731707317,0.6590909090909091,0.6590909090909091,0.8914027149321267,0.002383217681199312,0.7875792414311809,30,30,24,197,58
polar-sweep-4082,f2518yqw,35647,0.9,0.999,0.1,0.9,4,AdamW,128,reduce,10,256,768,123,30,20,0.05,0.29236875178906346,True,0.0001,3.426605126905235e-05,no,0.01,128,no,2,no,0,512,0.30088294053518255,no,0.12573413317512705,0.04610688863834518,0.0945945945945946,0.8589743589743589,0.72,0.9054054054054054,0.6206896551724138,29.438661336898804,493,1770776516.3590133,0.8252427184466019,0.8682302992647821,0.7602081703408031,0.987220447284345,0.8136094674556213,0.873942745608328,0.7837114244839567,0.040857488939747985,0.7014218009478673,0.4142913366915912,0.6666666666666666,0.40824390447939546,0.72,0.6206896551724138,0.6206896551724138,0.9054054054054054,0.009630114771425724,0.7894871794871794,29,33,21,201,54
northern-sweep-6132,j0g8al0s,23695,0.9,0.999,0.1,0.9,4,AdamW,128,reduce,6,256,1024,85,30,20,0.05,0.2407231738059311,True,0.0001,7.569264254251687e-05,no,0.01,256,no,2,no,0,1024,0.4578210044998151,no,0.1272669799857081,0.06066709253695103,0.0945945945945946,0.8626609442060086,0.72,0.9054054054054054,0.627906976744186,27.041319847106937,341,1770825750.729061,0.827922077922078,0.8706264403938823,0.7477874017128285,0.9840255591054312,0.8165680473372781,0.8730888093689004,0.7873931623931625,0.06272143037361506,0.7047619047619048,0.422230015139608,0.6708074534161491,0.41362833138852834,0.72,0.627906976744186,0.627906976744186,0.9054054054054054,0.0012283370597288013,0.7913304721030043,26,32,21,201,54
giddy-sweep-3945,cfvxust2,86254,0.9,0.999,0.1,0.9,4,AdamW,128,reduce,9,256,768,182,30,20,0.05,0.3635215515729765,True,0.0001,3.809115858921813e-05,no,0.01,256,no,2,no,0,768,0.2476070902308945,no,0.12577925835235076,0.05550918021759428,0.07272727272727272,0.85,0.7647058823529411,0.9272727272727272,0.5909090909090909,36.83726453781128,729,1770773256.5153484,0.8311688311688312,0.8734504132231405,0.7621281962378894,0.9840255591054312,0.8195266272189349,0.8730888093689004,0.7933652735594815,0.062533750160206,0.6995073891625616,0.4137687457383737,0.6666666666666666,0.4093429029178315,0.7647058823529411,0.5909090909090909,0.5909090909090909,0.9272727272727272,0.0033700924832373857,0.8073529411764706,36,36,16,204,52
apricot-sweep-521,5jcsszt1,89139,0.9,0.999,0.1,0.9,4,AdamW,64,reduce,5,256,512,179,30,20,0.05,0.18909408258634855,True,0.0001,5.149876438390889e-05,no,0.01,128,no,2,no,0,512,0.2208484107851653,no,0.1257792983090203,0.050131539567824346,0.09865470852017937,0.8626609442060086,0.7142857142857143,0.9013452914798208,0.632183908045977,34.30587029457092,717,1770690007.4295204,0.8258064516129032,0.8687181073140561,0.7532101131071148,0.9904153354632588,0.8254437869822485,0.8730481457384516,0.7988260851401596,0.06808097228496032,0.714975845410628,0.4128167869071283,0.6707317073170732,0.4037388323214107,0.7142857142857143,0.632183908045977,0.632183908045977,0.9013452914798208,0.0011551884235814214,0.7884733292458614,33,32,22,201,55
earthy-sweep-1599,p0y0g2bj,68674,0.9,0.999,0.1,0.9,3,AdamW,128,reduce,9,256,512,191,30,20,0.05,0.1267226167897035,True,0.0001,1.3393934698860547e-05,no,0.01,128,no,2,no,0,1024,0.3111921718012459,no,0.11968335819258534,0.0676274395694858,0.08181818181818182,0.8595744680851064,0.7391304347826086,0.9181818181818182,0.6071428571428571,40.94465112686157,765,1770716111.3721342,0.8322368421052632,0.8780844155844155,0.7728445210631563,0.9712460063897764,0.8195266272189349,0.8730074821080026,0.7917658854493044,0.04842507645223268,0.7053140096618358,0.4159851525662213,0.6666666666666666,0.39435843080758287,0.7391304347826086,0.6071428571428571,0.6071428571428571,0.9181818181818182,0.019310705363750454,0.7993524514338575,40,33,18,202,51
logical-sweep-5832,iwpssc38,37762,0.9,0.999,0.1,0.9,5,AdamW,128,step,3,256,1024,163,30,20,0.05,0.3247527632445234,True,0.0001,5.204752924457234e-05,no,0.01,256,no,2,no,0,512,0.27806172774677285,no,0.12095101821827645,0.060405484351672645,0.0776255707762557,0.8595744680851064,0.7536231884057971,0.9223744292237442,0.611764705882353,35.40821123123169,653,1770818572.505494,0.8355263157894737,0.8780016116035454,0.7698764365839619,0.9712460063897764,0.8224852071005917,0.8726821730644112,0.7985699337286362,0.0541270235939139,0.7,0.4125496226654955,0.6753246753246753,0.40012391306721745,0.7536231884057971,0.611764705882353,0.611764705882353,0.9223744292237442,0.0006861172150820494,0.8065988282454517,35,33,17,202,52
vocal-sweep-1003,uuvy4rx8,75552,0.9,0.999,0.1,0.9,5,AdamW,128,reduce,7,256,768,172,30,20,0.05,0.4544748678094907,True,0.0001,6.579852929086028e-05,no,0.01,64,no,2,no,0,256,0.31875306763182265,no,0.11988324354531368,0.05705245839137779,0.07727272727272727,0.8565400843881856,0.746268656716418,0.9227272727272728,0.5952380952380952,34.67648434638977,689,1770701672.2272744,0.8322368421052632,0.877435064935065,0.7642919919297085,0.9712460063897764,0.8136094674556213,0.8726008458035134,0.7880403774412992,0.058365250480245566,0.6834170854271356,0.4079942872538369,0.6622516556291391,0.3946537834386856,0.746268656716418,0.5952380952380952,0.5952380952380952,0.9227272727272728,0.0012692633317783475,0.8014043705523017,34,34,17,203,50
hardy-sweep-4438,l07by3mp,51613,0.9,0.999,0.1,0.9,5,AdamW,64,reduce,6,256,1024,199,30,20,0.05,0.32702900189198636,True,0.0001,0.00016325756936057685,no,0.01,64,no,2,no,0,768,0.35718622745584083,no,0.12447439225331208,0.08168496583637436,0.10909090909090909,0.8672566371681416,0.6923076923076923,0.8909090909090909,0.6428571428571429,38.077332973480225,797,1770785080.844036,0.8223684210526315,0.8740800865800866,0.7662076977392406,0.9712460063897764,0.8106508875739645,0.8725601821730645,0.7809072781655035,0.07522520881432754,0.6923076923076923,0.4321527424648669,0.6666666666666666,0.42085714614429415,0.6923076923076923,0.6428571428571429,0.6428571428571429,0.8909090909090909,0.00014094621292315423,0.779782164737917,37,30,24,196,54
avid-sweep-134,punhs3jn,67690,0.9,0.999,0.1,0.9,5,AdamW,128,step,7,256,512,123,30,20,0.05,0.41982307584473066,True,0.0001,3.1077854490722795e-05,no,0.01,256,no,2,no,0,768,0.3964901302390472,no,0.12504209805186664,0.07027188396762488,0.1036036036036036,0.868995633187773,0.7125,0.8963963963963963,0.6551724137931034,26.999414443969727,493,1770680393.9101024,0.8284789644012945,0.8680231956094024,0.7498882986722335,0.987220447284345,0.8136094674556213,0.8725195185426156,0.7837114244839567,0.05943480169279336,0.7014218009478673,0.407750552927954,0.6826347305389222,0.4003566217879518,0.7125,0.6551724137931034,0.6551724137931034,0.8963963963963963,0.03983073681592941,0.7907478165938865,26,30,23,199,57
swift-sweep-729,un3wmxcb,38188,0.9,0.999,0.1,0.9,5,AdamW,128,reduce,10,256,768,145,30,20,0.05,0.23657019672289367,True,0.0001,1.8733985089307813e-05,yes,0.01,256,no,2,no,0,512,0.3531046260131029,no,0.12439444963319923,0.04236548043066456,0.08558558558558559,0.8529411764705882,0.7361111111111112,0.9144144144144144,0.6022727272727273,36.4971444606781,581,1770695032.1721425,0.8258064516129032,0.878071253071253,0.769751194005445,0.9904153354632588,0.8047337278106509,0.8724788549121666,0.7743697478991596,0.038569057834218955,0.6796116504854369,0.4125010022044887,0.6625,0.3961156290560104,0.7361111111111112,0.6022727272727273,0.6022727272727273,0.9144144144144144,0.1553688496351242,0.7945261437908497,36,35,19,203,53
devoted-sweep-3540,fdtrjopw,45464,0.9,0.999,0.1,0.9,4,AdamW,128,reduce,9,256,1024,137,30,20,0.05,0.1776248038438269,True,0.0001,1.2724332022560016e-05,no,0.01,128,no,2,no,0,512,0.4938054224215944,no,0.12527807268164318,0.04987629293238072,0.0995475113122172,0.8540772532188842,0.7105263157894737,0.9004524886877828,0.6136363636363636,29.91838264465332,549,1770763443.4379756,0.8187702265372169,0.8745886466474702,0.7500476472340338,0.987220447284345,0.8106508875739645,0.872234873129473,0.7809072781655035,0.05413755051483064,0.6923076923076923,0.41260411189152646,0.6585365853658537,0.4005125003120008,0.7105263157894737,0.6136363636363636,0.6136363636363636,0.9004524886877828,0.1092924252152443,0.7823017845041789,29,34,22,199,54
deft-sweep-5890,gr818jhk,84875,0.9,0.999,0.1,0.9,5,AdamW,128,reduce,7,256,768,158,30,20,0.05,0.2015339966147544,True,0.0001,7.007506101483782e-05,yes,0.01,128,no,2,no,0,1024,0.23801205068039985,no,0.12903393310843023,0.062122828921964114,0.10810810810810811,0.868421052631579,0.7073170731707317,0.8918918918918919,0.6590909090909091,32.124624729156494,633,1770819944.2865686,0.8258064516129032,0.8685503685503686,0.7582120471050124,0.9904153354632588,0.8047337278106509,0.8721942094990242,0.7735042735042734,0.06626860083207575,0.6857142857142857,0.4199427316880085,0.6823529411764706,0.4171720754605131,0.7073170731707317,0.6590909090909091,0.6590909090909091,0.8918918918918919,0.062014032155275345,0.7878690629011553,31,30,24,198,58
sage-sweep-107,7pyqdtqe,26606,0.9,0.999,0.1,0.9,5,AdamW,128,step,6,256,768,163,30,20,0.05,0.3497236944461918,True,0.0001,2.944336572022077e-05,no,0.01,256,no,2,no,0,512,0.35787159940721547,no,0.12521613568487028,0.05966327244761713,0.09545454545454546,0.868995633187773,0.7307692307692307,0.9045454545454544,0.6551724137931034,37.49963569641113,653,1770679732.0377908,0.8338762214983714,0.8717868338557994,0.7481425655231706,0.9808306709265175,0.8076923076923077,0.8721535458685752,0.7771741375748813,0.05123047486564818,0.6889952153110048,0.41232074082955805,0.6909090909090909,0.4040680906643121,0.7307692307692307,0.6551724137931034,0.6551724137931034,0.9045454545454544,0.004668792709708214,0.7998824319785018,36,30,21,199,57
decent-sweep-1500,qax33s4k,96810,0.9,0.999,0.1,0.9,5,AdamW,128,step,8,256,768,157,30,20,0.05,0.3446462136733718,True,0.0001,1.4059670278934424e-05,no,0.01,256,no,2,no,0,1024,0.45059932437064953,no,0.12626173128640014,0.06844763346860322,0.11711711711711711,0.8672566371681416,0.6867469879518072,0.8828828828828829,0.6551724137931034,36.15170097351074,629,1770713692.73988,0.8187702265372169,0.8733561147354251,0.7547746076191502,0.987220447284345,0.8047337278106509,0.8720722186076774,0.7729871553884712,0.04232315110737052,0.7,0.4166751839000093,0.6705882352941176,0.40390177961355583,0.6867469879518072,0.6551724137931034,0.6551724137931034,0.8828828828828829,0.1342165619134903,0.7770018125599745,35,30,26,196,57
scarlet-sweep-3274,8r8hn0s7,85701,0.9,0.999,0.1,0.9,4,AdamW,128,reduce,10,256,768,172,30,20,0.05,0.34052237636812666,True,0.0001,0.0002979226218035668,yes,0.01,128,no,2,no,0,768,0.3871404636479683,no,0.1184460488104484,0.05088873055114996,0.09174311926605504,0.868421052631579,0.7333333333333333,0.908256880733945,0.6470588235294118,35.94800519943237,689,1770756922.8341143,0.834983498349835,0.8834322719913654,0.7769216848295505,0.9680511182108626,0.8224852071005917,0.8720722186076773,0.7949484878697242,0.06905159512920496,0.7115384615384616,0.4220479931351701,0.6875,0.3989727276201827,0.7333333333333333,0.6470588235294118,0.6470588235294118,0.908256880733945,0.1077072024345398,0.8008771929824561,35,30,20,198,55
fancy-sweep-5973,y4c6z9jw,93990,0.9,0.999,0.1,0.9,5,AdamW,32,reduce,7,256,768,182,30,20,0.05,0.36256379681535433,True,0.0001,2.9444076890237132e-05,no,0.01,64,no,2,no,0,768,0.4418284567783024,no,0.1203351539022373,0.037032088295358125,0.09090909090909093,0.8658008658008658,0.7297297297297297,0.9090909090909092,0.6352941176470588,34.42250299453735,729,1770821939.622367,0.8327868852459016,0.8805347593582887,0.7606663746478636,0.97444089456869,0.8165680473372781,0.8720315549772284,0.7879278830176139,0.03956244577317551,0.7019230769230769,0.4114459788305519,0.6792452830188679,0.3891533799826528,0.7297297297297297,0.6352941176470588,0.6352941176470588,0.9090909090909092,0.013589772395789623,0.7977652977652978,34,31,20,200,54
fluent-sweep-5311,zopqv6de,4663,0.9,0.999,0.1,0.9,5,AdamW,64,reduce,9,256,1024,114,30,20,0.05,0.4581907491942754,True,0.0001,0.00027009536733014176,no,0.01,256,no,2,no,0,256,0.39999955802863074,no,0.12311833828536536,0.035650145968580564,0.1004566210045662,0.8678414096916299,0.7215189873417721,0.8995433789954338,0.6551724137931034,31.037158966064453,457,1770805965.714269,0.8300653594771242,0.8752952290977798,0.7633444429024243,0.977635782747604,0.8224852071005917,0.8720315549772284,0.7949484878697242,0.043786886352053744,0.7115384615384616,0.41926696596766366,0.6867469879518072,0.404478883590942,0.7215189873417721,0.6551724137931034,0.6551724137931034,0.8995433789954338,0.006099892780184746,0.794680198516701,30,30,22,197,57
fanciful-sweep-1645,9geop1we,82002,0.9,0.999,0.1,0.9,4,AdamW,128,reduce,10,256,1024,186,30,20,0.05,0.4797998136211089,True,0.0001,9.19071509949711e-05,no,0.01,256,no,2,no,0,512,0.335268984725153,no,0.12375073248107968,0.05126349623117852,0.07692307692307693,0.8535564853556485,0.75,0.9230769230769232,0.5930232558139535,37.006397008895874,745,1770717250.09986,0.8306188925081434,0.87372408713038,0.7574035172147937,0.9808306709265175,0.8106508875739645,0.8719502277163305,0.7873181818181818,0.06114970315137558,0.6701030927835051,0.413157626721986,0.6623376623376623,0.403870603908746,0.75,0.5930232558139535,0.5930232558139535,0.9230769230769232,0.0003454689576756209,0.8017782426778243,36,35,17,204,51
effortless-sweep-5121,heuyk2td,28964,0.9,0.999,0.1,0.9,5,AdamW,128,reduce,7,256,1024,199,30,20,0.05,0.29243651353061334,True,0.0001,1.2138970509921762e-05,no,0.01,128,no,2,no,0,768,0.30874613919861205,no,0.1257392930385431,0.05949600174640998,0.1031390134529148,0.847457627118644,0.6973684210526315,0.8968609865470852,0.5955056179775281,31.35296869277954,797,1770801403.3379886,0.8108974358974359,0.8730790547689826,0.7614856250058345,0.9968051118210862,0.8224852071005917,0.8719095640858815,0.7949484878697242,0.03371595630984335,0.7115384615384616,0.4119808039016272,0.6424242424242425,0.4012285665201303,0.6973684210526315,0.5955056179775281,0.5955056179775281,0.8968609865470852,0.04809189587831497,0.7724130240856377,30,36,23,200,53
usual-sweep-2807,q4rhwg9g,63801,0.9,0.999,0.1,0.9,4,AdamW,128,step,9,256,768,180,30,20,0.05,0.19826517420200773,True,0.0001,1.0878180026145788e-05,no,0.01,256,no,2,no,0,1024,0.2488563243669258,no,0.12764695232737278,0.039391135977160534,0.0990990990990991,0.8547008547008547,0.7105263157894737,0.9009009009009008,0.6136363636363636,46.48336911201477,721,1770745384.145085,0.8193548387096774,0.866451678951679,0.7459095921690309,0.9904153354632588,0.8106508875739645,0.8717875731945349,0.7814705882352941,0.036833943523598846,0.6893203883495146,0.40541812513001574,0.6585365853658537,0.40511677897395415,0.7105263157894737,0.6136363636363636,0.6136363636363636,0.9009009009009008,0.04671471938490867,0.7826135852451641,46,34,22,200,54
efficient-sweep-1162,0crymjmp,52211,0.9,0.999,0.1,0.9,5,AdamW,128,step,8,256,1024,148,30,20,0.05,0.3810632921416829,True,0.0001,1.608113616728638e-05,no,0.01,128,no,2,no,0,768,0.394097122629133,no,0.12567231129146217,0.05468526935886026,0.09049773755656108,0.8516949152542372,0.726027397260274,0.9095022624434388,0.6022727272727273,35.715025186538696,593,1770705518.454352,0.8220064724919094,0.8755141916906622,0.7623702628140552,0.987220447284345,0.8076923076923077,0.8717469095640858,0.7789066176156051,0.043870272368369,0.6798029556650246,0.4115857457268168,0.6583850931677019,0.3990058777050469,0.726027397260274,0.6022727272727273,0.6022727272727273,0.9095022624434388,0.11690927296876907,0.7888611562572556,35,35,20,201,53
rosy-sweep-4297,fxabsogq,42180,0.9,0.999,0.1,0.9,5,AdamW,128,reduce,6,256,1024,136,30,20,0.05,0.3644708553702579,True,0.0001,0.00010480187371453044,no,0.01,128,no,2,no,0,768,0.41672805643077615,no,0.12142388951209508,0.0607699957050261,0.0963302752293578,0.8565217391304348,0.72,0.9036697247706422,0.6206896551724138,31.835179328918457,545,1770781662.1469204,0.8229508196721311,0.8828957081092481,0.7754941028207322,0.97444089456869,0.8224852071005917,0.871706245933637,0.7938353936239427,0.06040340714906096,0.7169811320754716,0.4256701949080066,0.6666666666666666,0.4046843653669754,0.72,0.6206896551724138,0.6206896551724138,0.9036697247706422,0.0005230620736256242,0.7882608695652173,31,33,21,197,54
magic-sweep-3257,4etce01s,56083,0.9,0.999,0.1,0.9,3,AdamW,32,reduce,7,256,1024,191,30,20,0.05,0.42513141353412087,True,0.0001,2.046045702798346e-05,no,0.01,256,no,2,no,0,768,0.1376156903336598,no,0.12840103267043723,0.07607075475253067,0.10909090909090909,0.8376068376068376,0.6756756756756757,0.8909090909090909,0.5681818181818182,35.36956977844238,765,1770756526.9432657,0.7987012987012987,0.8682334710743801,0.7530807711979753,0.9840255591054312,0.8224852071005917,0.8717062459336369,0.795672268907563,0.056079779679958634,0.7087378640776699,0.409959014350846,0.6172839506172839,0.4096050810890075,0.6756756756756757,0.5681818181818182,0.5681818181818182,0.8909090909090909,0.04454926773905754,0.7566412566412566,34,38,24,196,50
balmy-sweep-3475,q3kn00u5,55629,0.9,0.999,0.1,0.9,4,AdamW,64,reduce,10,256,768,141,30,20,0.05,0.21966707821857215,True,0.0001,7.090047532687453e-05,no,0.01,256,no,2,no,0,1024,0.39710594856061177,no,0.12667537410374277,0.05033855130595542,0.07657657657657657,0.8506224066390041,0.7536231884057971,0.9234234234234234,0.5909090909090909,29.475945472717285,565,1770761884.9609623,0.8290322580645161,0.871928746928747,0.7511205081311964,0.9904153354632588,0.8254437869822485,0.871665582303188,0.801667749620966,0.04097183710019263,0.7064676616915423,0.41502150134927424,0.6624203821656051,0.40491341782834966,0.7536231884057971,0.5909090909090909,0.5909090909090909,0.9234234234234234,0.0005665632197633386,0.8021227975224006,29,36,17,205,52
sleek-sweep-4421,1ax4eslf,84821,0.9,0.999,0.1,0.9,5,AdamW,32,reduce,8,256,1024,153,30,20,0.05,0.1849714748311286,True,0.0001,1.2808888672511155e-05,no,0.01,256,no,2,no,0,1024,0.3823504276630221,no,0.1223423278561705,0.044501201725938015,0.09502262443438914,0.8583690987124464,0.7162162162162162,0.9049773755656108,0.6162790697674418,35.13583278656006,613,1770784692.0918715,0.8241042345276873,0.8764600652425549,0.765828643455896,0.9808306709265175,0.8165680473372781,0.871665582303188,0.789328231292517,0.045552707988129555,0.696078431372549,0.41284911025910687,0.6625,0.39499939744845747,0.7162162162162162,0.6162790697674418,0.6162790697674418,0.9049773755656108,0.11074724793434144,0.7872926574643313,34,33,21,200,53
young-sweep-1115,kg9polz2,34241,0.9,0.999,0.1,0.9,5,AdamW,64,reduce,4,256,1024,199,30,20,0.05,0.4356469748725402,True,0.0001,3.9594150233378696e-05,no,0.01,256,no,2,no,0,512,0.29048601471994273,no,0.12278235264229574,0.04770339777881237,0.09502262443438914,0.8658008658008658,0.7236842105263158,0.9049773755656108,0.6395348837209303,42.58067870140076,797,1770704410.0381007,0.8306188925081434,0.8744606966221193,0.7574622777171788,0.9808306709265175,0.8224852071005917,0.871665582303188,0.795672268907563,0.04915335121944811,0.7087378640776699,0.4103331255489552,0.6790123456790124,0.396086427731255,0.7236842105263158,0.6395348837209303,0.6395348837209303,0.9049773755656108,0.0029161153361201286,0.7947425381635909,42,31,21,200,55
twilight-sweep-4736,gyyskqjr,32272,0.9,0.999,0.1,0.9,5,AdamW,32,reduce,10,256,1024,186,30,20,0.05,0.2808035682057324,True,0.0001,1.6728137931218974e-05,no,0.01,256,no,2,no,0,1024,0.18924809828446143,no,0.12624764201762334,0.05643075743029194,0.1036036036036036,0.8577586206896551,0.7051282051282052,0.8963963963963963,0.625,33.70625329017639,745,1770792214.7925494,0.8193548387096774,0.8701371826371826,0.7658409038046582,0.9904153354632588,0.8106508875739645,0.871624918672739,0.7800910865322055,0.049238829217718896,0.6981132075471698,0.4180254512990015,0.6626506024096386,0.40708370025927265,0.7051282051282052,0.625,0.625,0.8963963963963963,0.0331575870513916,0.7814434129089302,33,33,23,199,55
stoic-sweep-2689,kvjfsvms,59038,0.9,0.999,0.1,0.9,5,AdamW,128,reduce,6,256,768,140,30,20,0.05,0.31657657000163747,True,0.0001,0.00011829532934066266,no,0.01,128,no,2,no,0,512,0.3018831431823109,no,0.12312382542324256,0.05067337588300924,0.1004566210045662,0.8602620087336245,0.717948717948718,0.8995433789954338,0.6363636363636364,33.864853858947754,561,1770742447.4531848,0.8241042345276873,0.8758821087588211,0.7698805379914687,0.9808306709265175,0.8106508875739645,0.8715842550422902,0.7798309178743961,0.0468384759313256,0.7009345794392523,0.4257300563112518,0.6746987951807228,0.4051630428423897,0.717948717948718,0.6363636363636364,0.6363636363636364,0.8995433789954338,0.0003307064180262387,0.7891053633411712,33,32,22,197,56
ancient-sweep-866,0dgfkz7v,65095,0.9,0.999,0.1,0.9,5,AdamW,64,reduce,8,256,768,177,30,20,0.05,0.2364840145358881,True,0.0001,3.883029967966569e-05,no,0.01,128,no,2,no,0,512,0.39514138732244697,no,0.12761977324858947,0.06154252098452663,0.10810810810810811,0.8497854077253219,0.6883116883116883,0.8918918918918919,0.6022727272727273,36.34480261802673,709,1770698377.8269217,0.8096774193548387,0.8712121212121213,0.757327782679351,0.9904153354632588,0.8017751479289941,0.8715435914118412,0.7701921090683743,0.04985747799365479,0.6794258373205742,0.4123028636684079,0.6424242424242425,0.4052178379826653,0.6883116883116883,0.6022727272727273,0.6022727272727273,0.8918918918918919,0.0017098839161917567,0.7690485480185051,35,35,24,198,53
earthy-sweep-279,ytsxl2yc,54565,0.9,0.999,0.1,0.9,5,AdamW,128,reduce,8,256,768,175,30,20,0.05,0.14137143027674323,True,0.0001,4.126573607394886e-05,no,0.01,128,no,2,no,0,768,0.299130972321642,no,0.12509456968829472,0.054158015212705087,0.08520179372197309,0.8571428571428571,0.7361111111111112,0.9147982062780268,0.6091954022988506,44.352248668670654,701,1770684060.7529857,0.8290322580645161,0.8742848306788309,0.7591396221128273,0.9904153354632588,0.8284023668639053,0.8714622641509434,0.808736559139785,0.0630368803732494,0.7040816326530612,0.4220790975897975,0.6666666666666666,0.4028126774504543,0.7361111111111112,0.6091954022988506,0.6091954022988506,0.9147982062780268,0.0007760243024677038,0.7966269841269842,44,34,19,204,53
dulcet-sweep-2239,4o9b8gt4,25271,0.9,0.999,0.1,0.9,4,AdamW,64,reduce,7,256,1024,115,30,20,0.05,0.2822521027144512,True,0.0001,6.852938655949688e-05,no,0.01,256,no,2,no,0,1024,0.4895598843588739,no,0.1232577007669424,0.05916290681857568,0.07692307692307693,0.8571428571428571,0.7571428571428571,0.9230769230769232,0.6091954022988506,33.51257276535034,461,1770731498.2107828,0.8344155844155844,0.8761117178967077,0.7627874205805588,0.9840255591054312,0.8106508875739645,0.8714216005204946,0.7829287190082644,0.0425712318110043,0.6831683168316832,0.41383253469975034,0.6751592356687898,0.3953951997117113,0.7571428571428571,0.6091954022988506,0.6091954022988506,0.9230769230769232,0.0009461889858357608,0.8071428571428572,33,34,17,204,53
floral-sweep-5896,hgd8w5zv,90804,0.9,0.999,0.1,0.9,5,AdamW,128,reduce,10,256,768,165,30,20,0.05,0.254699083564474,True,0.0001,2.612955832898089e-05,no,0.01,256,no,2,no,0,512,0.10406318602561018,no,0.12368764690552383,0.0583055777457154,0.08597285067873303,0.8595744680851064,0.7432432432432432,0.9140271493212668,0.625,36.59625291824341,661,1770820092.299774,0.8317152103559871,0.8699095022624435,0.7641632822275414,0.987220447284345,0.8165680473372781,0.8713402732595966,0.7879278830176139,0.05369160020139795,0.7019230769230769,0.41828259349574703,0.6790123456790124,0.4075804396559255,0.7432432432432432,0.625,0.625,0.9140271493212668,0.004728254862129688,0.8014088556641747,36,33,19,202,55
light-sweep-5104,rcicgbfk,85402,0.9,0.999,0.1,0.9,5,AdamW,32,reduce,6,256,768,128,30,20,0.05,0.44788801782972354,True,0.0001,0.0001586312012982362,no,0.01,64,no,2,no,0,256,0.4244242574895733,no,0.11961331939799856,0.056549261376707266,0.0867579908675799,0.8733624454148472,0.7361111111111112,0.91324200913242,0.6463414634146342,31.987781763076782,513,1770801004.316053,0.840531561461794,0.8727029736050785,0.7621131513101497,0.9616613418530352,0.8017751479289941,0.8712996096291477,0.7705852863767388,0.050114412103178935,0.6763285024154589,0.4142101220125277,0.6883116883116883,0.39869158565045926,0.7361111111111112,0.6463414634146342,0.6463414634146342,0.91324200913242,0.0357629619538784,0.8047367782629792,31,29,19,200,53
cerulean-sweep-3819,zghqbz86,37393,0.9,0.999,0.1,0.9,5,AdamW,32,reduce,4,256,1024,199,30,20,0.05,0.12888604579697802,True,0.0001,0.00010565136858311984,yes,0.01,128,no,2,no,0,768,0.4169469723099305,no,0.12172385719631448,0.0438469035010184,0.08558558558558559,0.8601694915254238,0.7432432432432432,0.9144144144144144,0.625,30.927934646606445,797,1770770246.6353877,0.832258064516129,0.8755118755118756,0.7743243683828859,0.9904153354632588,0.8254437869822485,0.8712589459986989,0.7988260851401596,0.06007049422292314,0.714975845410628,0.4191854804225222,0.6790123456790124,0.4002961960082618,0.7432432432432432,0.625,0.625,0.9144144144144144,0.0640607699751854,0.8017063673843334,30,33,19,203,55
earthy-sweep-1239,1lnos3yw,55664,0.9,0.999,0.1,0.9,4,AdamW,32,reduce,5,256,1024,106,30,20,0.05,0.2826822253468012,True,0.0001,4.040715674018543e-05,no,0.01,256,no,2,no,0,768,0.31432541401048864,no,0.12882964068133337,0.05536697824279983,0.09009009009009009,0.8559322033898306,0.7222222222222222,0.90990990990991,0.6046511627906976,23.988394021987915,425,1770707403.036619,0.8246753246753247,0.8640268175151896,0.7427222501351237,0.9840255591054312,0.8136094674556213,0.8712589459986988,0.7880403774412992,0.033433130506933084,0.6834170854271356,0.40796593660433617,0.6582278481012658,0.4090123283215605,0.7222222222222222,0.6046511627906976,0.6046511627906976,0.90990990990991,0.008488977327942848,0.7890772128060264,23,34,20,202,52
charmed-sweep-1095,mri3hc8v,69732,0.9,0.999,0.1,0.9,3,AdamW,32,reduce,9,256,1024,200,30,20,0.05,0.25151307385641175,True,0.0001,4.940686084216811e-05,no,0.01,256,no,2,no,0,256,0.3163444318863432,no,0.12716956601716986,0.05158797644342257,0.09865470852017937,0.8481012658227848,0.7027027027027027,0.9013452914798208,0.5909090909090909,39.41518139839173,801,1770703940.192835,0.8135048231511254,0.8703118630248674,0.7541761621710756,0.9936102236421726,0.8165680473372781,0.8712589459986988,0.7879278830176139,0.05316216864529445,0.7019230769230769,0.41698388094027367,0.6419753086419753,0.406276008191581,0.7027027027027027,0.5909090909090909,0.5909090909090909,0.9013452914798208,0.0005448406445793808,0.7754019842627438,39,36,22,201,52
colorful-sweep-2367,3nnkaxij,28529,0.9,0.999,0.1,0.9,3,AdamW,128,reduce,6,256,1024,95,30,20,0.05,0.400234533104604,True,0.0001,7.059870572338449e-05,no,0.01,256,no,2,no,0,512,0.4774004561355659,no,0.12175783180378776,0.05885630768362783,0.09545454545454546,0.8577586206896551,0.72,0.9045454545454544,0.6206896551724138,25.391385793685913,381,1770734661.8479867,0.8241042345276873,0.8796760710553815,0.7727277349760144,0.9808306709265175,0.8106508875739645,0.8712589459986987,0.779665071770335,0.050253677121280954,0.7037037037037037,0.420241451827732,0.6666666666666666,0.3971996124560079,0.72,0.6206896551724138,0.6206896551724138,0.9045454545454544,0.002781993011012674,0.7888793103448275,24,33,21,199,54
atomic-sweep-4930,xmbq8umr,25148,0.9,0.999,0.1,0.9,5,AdamW,32,step,10,256,1024,189,30,20,0.05,0.383348969151039,True,0.0001,1.8116501206499007e-05,no,0.01,256,no,2,no,0,768,0.1437093546513129,no,0.1237361959734613,0.04530937253654775,0.0945945945945946,0.8589743589743589,0.7162162162162162,0.9054054054054054,0.6162790697674418,46.90755796432495,757,1770796872.759314,0.8246753246753247,0.8690551016132412,0.748691647371036,0.9840255591054312,0.8017751479289941,0.8712182823682498,0.7705852863767388,0.047663063692623325,0.6763285024154589,0.4092515572993713,0.6625,0.3990785641411242,0.7162162162162162,0.6162790697674418,0.6162790697674418,0.9054054054054054,0.04471913352608681,0.7875952875952876,46,33,21,201,53
snowy-sweep-1420,t2nzgec7,3687,0.9,0.999,0.1,0.9,5,AdamW,64,reduce,10,256,1024,189,30,20,0.05,0.2688482293444874,True,0.0001,6.572755966327104e-05,no,0.01,256,no,2,no,0,1024,0.2756225282458783,no,0.12379254559731134,0.04696403726504163,0.09417040358744394,0.8595744680851064,0.7236842105263158,0.905829596412556,0.625,39.40000629425049,757,1770711780.2352445,0.8263665594855305,0.8755095801059927,0.7613072109264637,0.9936102236421726,0.8076923076923077,0.871177618737801,0.7776454860675941,0.0633290637526992,0.6859903381642513,0.416012961483566,0.6707317073170732,0.4014102094851363,0.7236842105263158,0.625,0.625,0.905829596412556,0.00031634143670089543,0.7916293393057111,39,33,21,202,55
easy-sweep-3490,720x9jtl,87622,0.9,0.999,0.1,0.9,5,AdamW,64,reduce,6,256,512,108,30,20,0.05,0.4533722539420531,True,0.0001,5.9423107628406096e-05,no,0.01,32,no,2,no,0,768,0.20197407782227864,no,0.1277491763062115,0.04266567688423183,0.10407239819004524,0.8571428571428571,0.6973684210526315,0.8959276018099548,0.6162790697674418,33.811912536621094,433,1770762251.4249637,0.8175895765472313,0.8692518152162476,0.7420967810666081,0.9808306709265175,0.8047337278106509,0.871177618737801,0.7730273752012883,0.029849341458822867,0.6915887850467289,0.4106825427896173,0.654320987654321,0.4065266325831794,0.6973684210526315,0.6162790697674418,0.6162790697674418,0.8959276018099548,0.032509107142686844,0.7772556390977443,33,33,23,198,53
bumbling-sweep-5438,ahzi18q2,83682,0.9,0.999,0.1,0.9,4,AdamW,128,reduce,9,256,768,173,30,20,0.05,0.3292713722508568,True,0.0001,4.596808573877615e-05,no,0.01,256,no,2,no,0,512,0.1603014874072445,no,0.1224523425309403,0.04439742982962507,0.08520179372197309,0.8607594936708861,0.7432432432432432,0.9147982062780268,0.625,38.885276794433594,693,1770809071.1260087,0.8327974276527331,0.876732572360375,0.7623017596080787,0.9936102236421726,0.8136094674556213,0.871136955107352,0.7847056857584492,0.04002589639827344,0.6956521739130435,0.41364301873382026,0.6790123456790124,0.3916128237788289,0.7432432432432432,0.625,0.625,0.9147982062780268,0.001048900419846177,0.8020013684570646,38,33,19,204,55
dulcet-sweep-1215,wtw6jkee,46861,0.9,0.999,0.1,0.9,4,AdamW,32,reduce,9,256,1024,183,30,20,0.05,0.3492142831262861,True,0.0001,4.0705508256336815e-05,no,0.01,256,no,2,no,0,768,0.35145053831624884,no,0.12758910092359857,0.044099282099591096,0.10909090909090909,0.8558951965065502,0.7,0.8909090909090909,0.6292134831460674,32.22366452217102,733,1770706840.8507965,0.8155339805825242,0.8724208375893768,0.7486945976767819,0.987220447284345,0.8076923076923077,0.871136955107352,0.7768035969752708,0.04902989589251004,0.6919431279620853,0.4136688864442723,0.6627218934911243,0.4056431584464856,0.7,0.6292134831460674,0.6292134831460674,0.8909090909090909,0.005635394714772701,0.7779475982532751,31,33,24,196,56
major-sweep-4547,zqmg9pig,35499,0.9,0.999,0.1,0.9,4,AdamW,128,reduce,9,256,768,176,30,20,0.05,0.2665093824729712,True,0.0001,6.803754096686565e-05,no,0.01,64,no,2,no,0,768,0.12382878420892925,no,0.12221189008944906,0.06934011739705984,0.0995475113122172,0.8652173913043478,0.7142857142857143,0.9004524886877828,0.6395348837209303,31.478320360183716,705,1770787674.9417803,0.8273615635179153,0.8755656108597286,0.7746278616288548,0.9808306709265175,0.8195266272189349,0.8711369551073519,0.791138194587895,0.05804988636067633,0.7081339712918661,0.4241333910699427,0.6748466257668712,0.4020505667494509,0.7142857142857143,0.6395348837209303,0.6395348837209303,0.9004524886877828,0.0005254893912933767,0.7897515527950311,31,31,22,199,55
glamorous-sweep-1429,b4xlkwmp,23464,0.9,0.999,0.1,0.9,4,AdamW,128,reduce,3,256,1024,157,30,20,0.05,0.29751594584840657,True,0.0001,4.667280406215735e-05,no,0.01,64,no,2,no,0,1024,0.4266342883286415,no,0.1265527174389338,0.057950151969699784,0.09417040358744394,0.8595744680851064,0.7162162162162162,0.905829596412556,0.6162790697674418,35.77471971511841,629,1770711977.5230727,0.8252427184466019,0.8705808739180311,0.7427080626941457,0.987220447284345,0.8284023668639053,0.871096291476903,0.8059382629926752,0.05132776392987493,0.71,0.4189588558039016,0.6625,0.4129064395404852,0.7162162162162162,0.6162790697674418,0.6162790697674418,0.905829596412556,0.0014853565953671932,0.7878953421506614,35,33,21,202,53
pious-sweep-785,phpmphuh,59202,0.9,0.999,0.1,0.9,5,AdamW,64,reduce,7,256,768,117,30,20,0.05,0.2501184188211045,True,0.0001,7.351157955421764e-05,no,0.01,256,no,2,no,0,512,0.10171511651281975,no,0.127066872324715,0.05590307597191105,0.09865470852017937,0.8663793103448276,0.717948717948718,0.9013452914798208,0.6436781609195402,25.487507104873657,469,1770696389.0457911,0.8290322580645161,0.8679964950260296,0.747586990232513,0.9904153354632588,0.8017751479289941,0.871096291476903,0.7701921090683743,0.06367091719920817,0.6794258373205742,0.415435520149547,0.6787878787878788,0.4101718500399361,0.717948717948718,0.6436781609195402,0.6436781609195402,0.9013452914798208,0.000849013275001198,0.7921640141467727,25,31,22,201,56
sweepy-sweep-6155,c6jgzi1f,73104,0.9,0.999,0.1,0.9,5,AdamW,128,reduce,8,256,768,137,30,20,0.05,0.46348683992941575,True,0.0001,2.3573727024232665e-05,no,0.01,256,no,2,no,0,256,0.20803968728522687,no,0.12870141552431932,0.04291207021282567,0.10762331838565024,0.8540772532188842,0.6883116883116883,0.8923766816143498,0.6091954022988506,29.60132884979248,549,1770826292.2131228,0.8129032258064516,0.8657285706922323,0.7467980239438148,0.9904153354632588,0.8076923076923077,0.8710556278464542,0.7771741375748813,0.04729672948989644,0.6889952153110048,0.41426325690816845,0.6463414634146342,0.4080623346395767,0.6883116883116883,0.6091954022988506,0.6091954022988506,0.8923766816143498,0.08236976712942123,0.7711944707652862,29,34,24,199,53
lunar-sweep-4166,n94ihphd,79335,0.9,0.999,0.1,0.9,4,AdamW,128,step,8,256,1024,181,30,20,0.05,0.3781376120813664,True,0.0001,1.352003063743639e-05,no,0.01,256,no,2,no,0,768,0.3321970570132359,no,0.12456307902587936,0.041804891727009755,0.1004566210045662,0.8565217391304348,0.7066666666666667,0.8995433789954338,0.6162790697674418,39.84488248825073,725,1770778526.7977283,0.819672131147541,0.8741637464160561,0.7606312401948891,0.97444089456869,0.8224852071005917,0.8710556278464542,0.795672268907563,0.06312673966560138,0.7087378640776699,0.41712139061922154,0.6583850931677019,0.40650094126740965,0.7066666666666667,0.6162790697674418,0.6162790697674418,0.8995433789954338,0.09269071370363235,0.7815942028985507,39,33,22,197,53
snowy-sweep-1502,gfh0gj1t,63304,0.9,0.999,0.1,0.9,5,AdamW,128,reduce,8,256,768,142,30,20,0.05,0.25383623301343383,True,0.0001,5.93509103966348e-05,no,0.01,256,no,2,no,0,512,0.1384233711982931,no,0.1240934458566308,0.05836713605284302,0.07692307692307693,0.8607594936708861,0.7571428571428571,0.9230769230769232,0.6162790697674418,37.36994433403015,569,1770713745.238521,0.8371335504885994,0.8731979374934231,0.7547182066092581,0.9808306709265175,0.8195266272189349,0.8710556278464542,0.7967032967032968,0.05475194196729265,0.6903553299492385,0.4172967764047476,0.6794871794871795,0.40444529475495455,0.7571428571428571,0.6162790697674418,0.6162790697674418,0.9230769230769232,0.0005878763040527701,0.8089511754068717,36,33,17,204,53
breezy-sweep-5163,t50cuiob,64789,0.9,0.999,0.1,0.9,3,AdamW,128,reduce,3,256,768,166,30,20,0.05,0.27213607267733264,True,0.0001,8.332829803861718e-05,no,0.01,128,no,2,no,0,1024,0.3040500301193967,no,0.12317676607958362,0.05345614617451642,0.09417040358744394,0.8632478632478633,0.7307692307692307,0.905829596412556,0.6404494382022472,36.614957094192505,665,1770802416.309976,0.8301282051282052,0.8767571925227994,0.7667159029165093,0.9968051118210862,0.8136094674556213,0.8710556278464542,0.7841561660813882,0.05525571460554586,0.6985645933014354,0.4192843465410041,0.6826347305389222,0.3927019990671176,0.7307692307692307,0.6404494382022472,0.6404494382022472,0.905829596412556,0.0005042904522269964,0.7970085470085471,35,32,21,202,57
wobbly-sweep-5308,mv4rhyz9,42866,0.9,0.999,0.1,0.9,3,AdamW,128,reduce,10,256,768,45,30,20,0.05,0.2941392642366004,True,0.0001,9.062015255628212e-05,no,0.01,64,no,2,no,0,1024,0.3185753622966959,no,0.1282334359286715,0.06304447701225036,0.07657657657657657,0.8471074380165289,0.7424242424242424,0.9234234234234234,0.5697674418604651,24.81633758544922,181,1770805906.5183823,0.8246753246753247,0.8699979048816258,0.7461820728920763,0.9840255591054312,0.8136094674556213,0.8710556278464541,0.7904652317133704,0.057291077791586445,0.676923076923077,0.41913735654932505,0.6447368421052632,0.4144878935890075,0.7424242424242424,0.5697674418604651,0.5697674418604651,0.9234234234234234,0.05104851350188255,0.7947658402203857,24,37,17,205,49
flowing-sweep-131,hl7kaafh,81181,0.9,0.999,0.1,0.9,4,AdamW,128,step,8,256,512,192,30,20,0.05,0.3574213305292303,True,0.0001,1.8460090452148836e-05,no,0.01,128,no,2,no,0,512,0.21409003477402988,no,0.1276993275695039,0.05333095000636194,0.1085972850678733,0.8565217391304348,0.7,0.8914027149321267,0.6292134831460674,36.22888159751892,769,1770680327.6652925,0.8161290322580645,0.8720829732065687,0.7484013202342048,0.9904153354632588,0.8076923076923077,0.8710556278464541,0.7782215460039728,0.06875528315820638,0.6829268292682927,0.414742419000208,0.6627218934911243,0.40693060049233726,0.7,0.6292134831460674,0.6292134831460674,0.8914027149321267,0.02489296905696392,0.7782608695652173,35,33,24,197,56
curious-sweep-3958,h8129nbk,66191,0.9,0.999,0.1,0.9,5,AdamW,128,reduce,10,256,512,198,30,20,0.05,0.27288893715176143,True,0.0001,0.00010878775528709892,no,0.01,256,no,2,no,0,256,0.19711774236851523,no,0.12400508725007488,0.05815641383006438,0.09417040358744394,0.8487394957983193,0.6956521739130435,0.905829596412556,0.5714285714285714,36.2313232421875,793,1770773594.0551622,0.8143322475570033,0.871877001921845,0.7603443238851184,0.9808306709265175,0.7988165680473372,0.8710149642160053,0.7672689075630252,0.05165014341032716,0.6699029126213593,0.417641724355122,0.6274509803921569,0.4028812932511107,0.6956521739130435,0.5714285714285714,0.5714285714285714,0.905829596412556,0.00011290206020930782,0.7721958348556814,35,36,21,202,48
dazzling-sweep-1658,mbxzcr8z,82162,0.9,0.999,0.1,0.9,4,AdamW,64,step,9,256,1024,188,30,20,0.05,0.3832593502851894,True,0.0001,4.5600439912159045e-05,no,0.01,256,no,2,no,0,1024,0.3936937102481699,no,0.12541241221356483,0.0414581885166976,0.0990990990990991,0.8620689655172413,0.7066666666666667,0.9009009009009008,0.6235294117647059,37.677146911621094,753,1770717573.903584,0.8241042345276873,0.8718071012188661,0.7523225477006774,0.9808306709265175,0.8106508875739645,0.8710149642160053,0.7804487179487178,0.04930983087014871,0.6952380952380952,0.4158179379073826,0.6625,0.400210932039986,0.7066666666666667,0.6235294117647059,0.6235294117647059,0.9009009009009008,0.001713771023787558,0.784367816091954,37,32,22,200,53
dashing-sweep-2963,3nzk6jvp,83914,0.9,0.999,0.1,0.9,4,AdamW,64,reduce,9,256,1024,162,30,20,0.05,0.21214260572445137,True,0.0001,3.289873126225983e-05,no,0.01,64,no,2,no,0,768,0.43520691488389185,no,0.1260701879869726,0.05329887870806973,0.09865470852017937,0.8589743589743589,0.7142857142857143,0.9013452914798208,0.625,39.96780204772949,649,1770749134.648399,0.8231511254019293,0.8703118630248675,0.7500680431060601,0.9936102236421726,0.8165680473372781,0.8710149642160052,0.7873931623931625,0.03897907800928374,0.7047619047619048,0.4133612728683201,0.6666666666666666,0.40108090239211014,0.7142857142857143,0.625,0.625,0.9013452914798208,0.0032320586033165455,0.7866300366300366,39,33,22,201,55
solar-sweep-3488,qpsrx2p2,75305,0.9,0.999,0.1,0.9,3,AdamW,64,step,8,256,768,155,30,20,0.05,0.3322399477147633,True,0.0001,0.00010277529502061528,no,0.01,256,no,2,no,0,768,0.26331872488287844,no,0.12546678524409605,0.06452210659259244,0.08294930875576037,0.8468085106382979,0.7391304347826086,0.9170506912442395,0.5862068965517241,39.764200925827026,621,1770762205.222329,0.8223684210526315,0.8799194872609778,0.7719061336672949,0.9712460063897764,0.8165680473372781,0.8709743005855562,0.7879278830176139,0.07877070452334611,0.7019230769230769,0.4348941328962879,0.6538461538461539,0.4183844910642971,0.7391304347826086,0.5862068965517241,0.5862068965517241,0.9170506912442395,0.0004096677585039288,0.7929694727104533,39,36,18,199,51
happy-sweep-514,a8ugj09t,87529,0.9,0.999,0.1,0.9,5,AdamW,64,reduce,8,256,768,186,30,20,0.05,0.2949978353700736,True,0.0001,6.968907351836955e-05,no,0.01,256,no,2,no,0,256,0.24805632150310447,no,0.12394118567659304,0.05086130624503092,0.09049773755656108,0.8663793103448276,0.7297297297297297,0.9095022624434388,0.6352941176470588,35.600834369659424,745,1770689859.8458214,0.8333333333333334,0.8722917221187118,0.7549225856726939,0.977635782747604,0.8106508875739645,0.8709336369551073,0.7804487179487178,0.04644789709847356,0.6952380952380952,0.42197914800700353,0.6792452830188679,0.4079755106673073,0.7297297297297297,0.6352941176470588,0.6352941176470588,0.9095022624434388,0.0004826451477129012,0.7980545200372786,35,31,20,201,54
usual-sweep-5872,5tg3pcs5,24097,0.9,0.999,0.1,0.9,4,AdamW,64,reduce,3,256,512,192,30,20,0.05,0.38338929177938463,True,0.0001,7.423471774860001e-05,yes,0.01,256,no,2,no,0,1024,0.26770333918532396,no,0.12976418539834378,0.05692670589838272,0.1031390134529148,0.8547008547008547,0.7051282051282052,0.8968609865470852,0.6179775280898876,31.546980142593384,769,1770819521.0268812,0.8173076923076923,0.869400917015166,0.7362224975625477,0.9968051118210862,0.7958579881656804,0.8708929733246583,0.7628555245377675,0.06293508727874983,0.676056338028169,0.42407371024408286,0.6586826347305389,0.4164748999257438,0.7051282051282052,0.6179775280898876,0.6179775280898876,0.8968609865470852,0.1670447289943695,0.7799145299145299,31,34,23,200,55
worldly-sweep-246,feifwckl,25471,0.9,0.999,0.1,0.9,5,AdamW,128,reduce,4,256,1024,161,30,20,0.05,0.40623640760912216,True,0.0001,0.0001020991346721862,no,0.01,256,no,2,no,0,256,0.36370936885882144,no,0.12563565480826694,0.06486237689804175,0.10407239819004524,0.8608695652173913,0.7012987012987013,0.8959276018099548,0.627906976744186,37.67590951919556,645,1770683185.1997194,0.8208469055374593,0.87177733347364,0.7530572835251527,0.9808306709265175,0.8165680473372781,0.8708523096942096,0.7873931623931625,0.0613643350685842,0.7047619047619048,0.4270994649130917,0.6625766871165644,0.4165831252028005,0.7012987012987013,0.627906976744186,0.627906976744186,0.8959276018099548,0.0002090549824060872,0.7810841332580463,37,32,23,198,54
trim-sweep-5916,rfkmhgpy,14277,0.9,0.999,0.1,0.9,5,AdamW,128,reduce,6,256,1024,136,30,20,0.05,0.336397487101988,True,0.0001,2.3943993949546865e-05,no,0.01,256,no,2,no,0,768,0.32304849474459574,no,0.12288797833015395,0.04442572145680196,0.0871559633027523,0.8614718614718615,0.7466666666666667,0.9128440366972476,0.6363636363636364,29.131235361099243,545,1770820580.8423502,0.8333333333333334,0.8759382819015846,0.7710951378328876,0.977635782747604,0.8106508875739645,0.8708116460637606,0.7800910865322055,0.061143697895241905,0.6981132075471698,0.4144558426896496,0.6871165644171779,0.39802819395217653,0.7466666666666667,0.6363636363636364,0.6363636363636364,0.9128440366972476,0.024207502603530884,0.8040692640692642,28,32,19,199,56
lucky-sweep-3229,cvh9rk1g,53918,0.9,0.999,0.1,0.9,5,AdamW,128,reduce,8,256,1024,161,30,20,0.05,0.17662678537507823,True,0.0001,2.5778995428209068e-05,no,0.01,64,no,2,no,0,768,0.43288462483160506,no,0.12755644684958015,0.058260335460785906,0.0990990990990991,0.8547008547008547,0.7105263157894737,0.9009009009009008,0.6136363636363636,33.995192766189575,645,1770755869.3830807,0.8193548387096774,0.8693181818181818,0.7573115674776632,0.9904153354632588,0.7958579881656804,0.8707709824333116,0.7639364354845526,0.05670681419457203,0.6634146341463415,0.41709033130894047,0.6585365853658537,0.4083938111131564,0.7105263157894737,0.6136363636363636,0.6136363636363636,0.9009009009009008,0.0043721552938222885,0.7826135852451641,33,34,22,200,54
robust-sweep-4059,yvllzpnc,64515,0.9,0.999,0.1,0.9,4,AdamW,32,reduce,10,256,768,111,30,20,0.05,0.35945213130024667,True,0.0001,5.891510352050978e-05,no,0.01,64,no,2,no,0,768,0.3904050154781491,no,0.1243562156003135,0.03170785413976629,0.10909090909090909,0.8634361233480177,0.7073170731707317,0.8909090909090909,0.651685393258427,32.961236238479614,445,1770775979.7711864,0.8220064724919094,0.8757916241062308,0.7728404152881332,0.987220447284345,0.8047337278106509,0.8707303188028627,0.7730273752012883,0.04331766183559709,0.6915887850467289,0.4164069361940643,0.6783625730994152,0.3982171494359026,0.7073170731707317,0.651685393258427,0.651685393258427,0.8909090909090909,0.009978333488106728,0.7853765982593747,32,31,24,196,58
noble-sweep-3139,qjri36m2,95437,0.9,0.999,0.1,0.9,4,AdamW,64,reduce,8,256,1024,116,30,20,0.05,0.462581209537564,True,0.0001,7.218939670197597e-05,no,0.01,64,no,2,no,0,1024,0.4059617492991494,no,0.1246856859227073,0.035832566846988594,0.08035714285714286,0.8619246861924686,0.75,0.9196428571428572,0.6206896551724138,29.012890338897705,465,1770753609.2820425,0.8360128617363344,0.8667898193760263,0.745914936910624,0.9936102236421726,0.8047337278106509,0.8706896551724138,0.777394839165783,0.04274309968807288,0.6666666666666666,0.40983703432703866,0.6792452830188679,0.4003759999625599,0.75,0.6206896551724138,0.6206896551724138,0.9196428571428572,0.0037930654361844063,0.8059623430962344,28,33,18,206,54
solar-sweep-3118,rgsc4lv5,56545,0.9,0.999,0.1,0.9,4,AdamW,128,reduce,8,256,1024,184,30,20,0.05,0.3898883203582806,True,0.0001,8.012252387843102e-05,no,0.01,256,no,2,no,0,512,0.4126931277732474,no,0.12705880321521718,0.05410883772757748,0.08144796380090498,0.8458333333333333,0.7428571428571429,0.918552036199095,0.5842696629213483,34.933499336242676,737,1770753128.1762283,0.8225806451612904,0.8736590573999694,0.752979884980679,0.9904153354632588,0.8076923076923077,0.8706896551724138,0.7816657027183342,0.0413950775149306,0.6700507614213198,0.4165643996740939,0.6540880503144654,0.40548018677927816,0.7428571428571429,0.5842696629213483,0.5842696629213483,0.918552036199095,0.00032500375527888536,0.794345238095238,34,37,18,203,52
vital-sweep-1337,kh1q0w8t,45778,0.9,0.999,0.1,0.9,5,AdamW,32,reduce,8,256,1024,182,30,20,0.05,0.3946042440107774,True,0.0001,3.83901199801274e-05,no,0.01,256,no,2,no,0,256,0.2419749322386528,no,0.12336996206894896,0.047794223812065634,0.09174311926605504,0.8608695652173913,0.7297297297297297,0.908256880733945,0.627906976744186,35.75990676879883,729,1770709780.1340458,0.8289473684210527,0.8723063793471303,0.7607238599241767,0.9712460063897764,0.8106508875739645,0.8706896551724138,0.7809072781655035,0.04869582861132876,0.6923076923076923,0.41209068524061576,0.675,0.40351170548996607,0.7297297297297297,0.627906976744186,0.627906976744186,0.908256880733945,0.008116706274449825,0.7952996474735605,35,32,20,198,54
dark-sweep-957,3jdu36pk,70896,0.9,0.999,0.1,0.9,5,AdamW,64,reduce,8,256,1024,148,30,20,0.05,0.4930948822352397,True,0.0001,2.290552988481257e-05,no,0.01,128,no,2,no,0,256,0.3766137115518402,no,0.12472948698572651,0.047978418463604455,0.10454545454545454,0.8528138528138528,0.6973684210526315,0.8954545454545455,0.6091954022988506,35.65817618370056,593,1770700564.3497665,0.8143322475570033,0.8753918495297806,0.7623928731672817,0.9808306709265175,0.8136094674556213,0.8706896551724137,0.7853641012636828,0.029985423271472633,0.6926829268292682,0.4115398790709366,0.6503067484662577,0.39640128041227785,0.6973684210526315,0.6091954022988506,0.6091954022988506,0.8954545454545455,0.14294710755348206,0.7750911369332422,35,34,23,197,53
upbeat-sweep-4818,h08bdww5,96725,0.9,0.999,0.1,0.9,5,AdamW,64,step,8,256,768,172,30,20,0.05,0.32250161563706004,True,0.0001,1.1922560179344468e-05,no,0.01,128,no,2,no,0,768,0.3850633912960102,no,0.1249456175634274,0.056380958432871664,0.0995475113122172,0.8652173913043478,0.7142857142857143,0.9004524886877828,0.6395348837209303,36.383081912994385,689,1770794169.2486029,0.8273615635179153,0.8708302641271177,0.765298364462479,0.9808306709265175,0.8106508875739645,0.870608327911516,0.7809072781655035,0.05340705961870722,0.6923076923076923,0.41257508407683063,0.6748466257668712,0.3983363922411642,0.7142857142857143,0.6395348837209303,0.6395348837209303,0.9004524886877828,0.15917350351810455,0.7897515527950311,36,31,22,199,55
lucky-sweep-1644,ykyrsnfe,79989,0.9,0.999,0.1,0.9,4,AdamW,64,reduce,8,256,768,181,30,20,0.05,0.2492733037590647,True,0.0001,0.00012527240273318356,no,0.01,256,no,2,no,0,256,0.21423764710233537,no,0.12482883216138076,0.05174284128399637,0.09090909090909093,0.8583690987124464,0.7333333333333333,0.9090909090909092,0.625,31.752387285232544,725,1770717230.1641684,0.827922077922078,0.8737086776859504,0.7650759579268509,0.9840255591054312,0.8047337278106509,0.8706083279115159,0.7738866733133931,0.06501291348383975,0.6826923076923077,0.4314322386973003,0.6748466257668712,0.4180710277618311,0.7333333333333333,0.625,0.625,0.9090909090909092,0.00016787013737484813,0.7958512160228899,31,33,20,200,55
comic-sweep-790,crd00xga,73430,0.9,0.999,0.1,0.9,4,AdamW,128,step,6,256,1024,184,30,20,0.05,0.35661503180074006,True,0.0001,6.500001322898448e-05,no,0.01,256,no,2,no,0,1024,0.1577542891841182,no,0.12846960255956408,0.06118893046532907,0.07623318385650224,0.8547717842323651,0.7536231884057971,0.9237668161434978,0.5977011494252874,34.109007835388184,737,1770696510.066949,0.832258064516129,0.8665532704499769,0.7497118913209769,0.9904153354632588,0.8165680473372781,0.870567664281067,0.7965577703949798,0.059614618325374534,0.6770833333333334,0.4207803398899778,0.6666666666666666,0.4129618196822584,0.7536231884057971,0.5977011494252874,0.5977011494252874,0.9237668161434978,0.0003265049308538437,0.8041974863190811,33,35,17,206,52
youthful-sweep-4263,tlz57yun,61249,0.9,0.999,0.1,0.9,4,AdamW,128,reduce,5,256,1024,168,30,20,0.05,0.3175003522936686,True,0.0001,1.81449913422262e-05,yes,0.01,256,no,2,no,0,256,0.2830117313807695,no,0.12533635519455588,0.04692419466463107,0.09049773755656108,0.8481012658227848,0.7222222222222222,0.9095022624434388,0.5909090909090909,31.48442268371582,673,1770780832.1275687,0.8187702265372169,0.8708350473056355,0.7519852785689503,0.987220447284345,0.8224852071005917,0.870527000650618,0.7949484878697242,0.050481753236443355,0.7115384615384616,0.4119972364436945,0.65,0.4041575227682583,0.7222222222222222,0.5909090909090909,0.5909090909090909,0.9095022624434388,0.20268291234970093,0.7851617440225035,31,36,20,201,52
autumn-sweep-3236,oanxlukk,58404,0.9,0.999,0.1,0.9,5,AdamW,32,reduce,6,256,768,83,30,20,0.05,0.34559086582082377,True,0.0001,6.31807787662358e-05,no,0.01,128,no,2,no,0,512,0.24385886530766676,no,0.12434234508740158,0.06129717807615958,0.0990990990990991,0.8620689655172413,0.717948717948718,0.9009009009009008,0.6363636363636364,22.20779252052307,333,1770756017.4425504,0.8258064516129032,0.8751023751023751,0.7615726868374111,0.9904153354632588,0.8106508875739645,0.8704863370201692,0.7814705882352941,0.052722088507646626,0.6893203883495146,0.4159847914114506,0.6746987951807228,0.3976539392440845,0.717948717948718,0.6363636363636364,0.6363636363636364,0.9009009009009008,0.015575786121189594,0.7900088417329796,21,32,22,200,56
solar-sweep-1851,5rr8xjev,74717,0.9,0.999,0.1,0.9,5,AdamW,128,reduce,10,256,1024,67,30,20,0.05,0.4588542039106106,True,0.0001,4.364823431771116e-05,no,0.01,256,no,2,no,0,768,0.2284580059117928,no,0.12580868900336684,0.05927215675705845,0.09865470852017937,0.8626609442060086,0.7105263157894737,0.9013452914798208,0.627906976744186,23.236271858215332,269,1770722208.821266,0.8252427184466019,0.8691208676608614,0.7549330746950794,0.987220447284345,0.8136094674556213,0.8704863370201692,0.7847056857584492,0.05428475282601352,0.6956521739130435,0.4134680843917576,0.6666666666666666,0.40029158912146817,0.7105263157894737,0.627906976744186,0.627906976744186,0.9013452914798208,0.16997505724430084,0.7865936299977412,22,32,22,201,54
devoted-sweep-5363,uuarvne8,45142,0.9,0.999,0.1,0.9,4,AdamW,32,reduce,9,256,1024,185,30,20,0.05,0.24620867921479145,True,0.0001,8.158548466395858e-05,no,0.01,128,no,2,no,0,512,0.19192444378452697,no,0.12569307451926712,0.043387896999186305,0.1036036036036036,0.8577586206896551,0.7012987012987013,0.8963963963963963,0.6206896551724138,37.42161011695862,741,1770807241.205378,0.8187702265372169,0.8737185461323392,0.7561276270854169,0.987220447284345,0.8195266272189349,0.8704050097592713,0.7925066565233929,0.07152838520044406,0.7024390243902439,0.41984350441475593,0.6585365853658537,0.4032751211343101,0.7012987012987013,0.6206896551724138,0.6206896551724138,0.8963963963963963,0.00030621589394286275,0.7795286609941783,36,33,23,199,54
still-sweep-2244,f4ds38pn,83934,0.9,0.999,0.1,0.9,3,AdamW,128,reduce,9,256,768,155,30,20,0.05,0.33293410565934134,True,0.0001,3.824981109918625e-05,no,0.01,256,no,2,no,0,768,0.3523977084804789,no,0.1224120195255138,0.048139352155359166,0.091324200913242,0.8652173913043478,0.7297297297297297,0.908675799086758,0.6352941176470588,34.588146686553955,621,1770731627.916391,0.8322368421052632,0.8759602471125436,0.7604665398893526,0.9712460063897764,0.8076923076923077,0.8704050097592713,0.7771741375748813,0.0365707526898243,0.6889952153110048,0.4151095779689811,0.6792452830188679,0.3969553012055711,0.7297297297297297,0.6352941176470588,0.6352941176470588,0.908675799086758,0.0023404117673635483,0.7974735605170388,34,31,20,199,54
dashing-sweep-2445,0an52cg5,78082,0.9,0.999,0.1,0.9,5,AdamW,32,reduce,3,256,1024,117,30,20,0.05,0.26943785969985046,True,0.0001,0.0001223284085891713,no,0.01,256,no,2,no,0,768,0.4018256052607672,no,0.12526045934607152,0.06100242946692217,0.09009009009009009,0.8595744680851064,0.7368421052631579,0.90990990990991,0.6292134831460674,29.17634892463684,469,1770736561.0777209,0.8295819935691319,0.8751897965381111,0.7591577383345507,0.9936102236421726,0.7988165680473372,0.8703643461288224,0.7677721088435374,0.05133225402888462,0.6666666666666666,0.42134401219836354,0.6787878787878788,0.4029902010299146,0.7368421052631579,0.6292134831460674,0.6292134831460674,0.90990990990991,0.0005879430682398379,0.7982082866741321,28,33,20,202,56
glowing-sweep-1063,06ia4a51,80052,0.9,0.999,0.1,0.9,4,AdamW,64,reduce,9,256,1024,198,30,20,0.05,0.4999463053223313,True,0.0001,4.6761798148969505e-05,no,0.01,256,no,2,no,0,1024,0.285462965409944,no,0.12182526121503796,0.055914989926598296,0.08636363636363636,0.8589743589743589,0.7432432432432432,0.9136363636363636,0.625,37.43254470825195,793,1770703140.8489418,0.8311688311688312,0.8813533057851239,0.7666864113906886,0.9840255591054312,0.8195266272189349,0.8702830188679246,0.7933652735594815,0.05503430433527253,0.6995073891625616,0.4166703985992974,0.6790123456790124,0.3955882014557957,0.7432432432432432,0.625,0.625,0.9136363636363636,0.0039550913497805595,0.801108801108801,37,33,19,201,55
pleasant-sweep-5149,bpb4owwb,37991,0.9,0.999,0.1,0.9,5,AdamW,64,reduce,7,256,1024,179,30,20,0.05,0.21386301155350768,True,0.0001,0.000101159839020458,no,0.01,256,no,2,no,0,1024,0.464574593783616,no,0.126402050752582,0.07365356192186279,0.09090909090909093,0.8583690987124464,0.7333333333333333,0.9090909090909092,0.625,39.25422811508179,717,1770802079.635061,0.827922077922078,0.8725206611570248,0.7554168994274784,0.9840255591054312,0.8195266272189349,0.8702423552374757,0.7917658854493044,0.04463018785566973,0.7053140096618358,0.41930520322901255,0.6748466257668712,0.40940306057183506,0.7333333333333333,0.625,0.625,0.9090909090909092,0.000137901195557788,0.7958512160228899,38,33,20,200,55
fresh-sweep-4833,o07xyrq5,82137,0.9,0.999,0.1,0.9,5,AdamW,32,reduce,5,256,1024,154,30,20,0.05,0.4943858011239388,True,0.0001,8.383719041261332e-05,no,0.01,64,no,2,no,0,1024,0.44108436391064376,no,0.12351465897274352,0.03702742385553613,0.1126126126126126,0.8755555555555555,0.6951219512195121,0.8873873873873874,0.6705882352941176,30.007972717285156,617,1770794538.5348878,0.8273615635179153,0.8726550079491256,0.7496094531763596,0.9808306709265175,0.8224852071005917,0.8702016916070268,0.7928414786967418,0.0813790759038643,0.7272727272727273,0.42060960397212466,0.6826347305389222,0.4008582605721471,0.6951219512195121,0.6705882352941176,0.6705882352941176,0.8873873873873874,0.007499175146222115,0.7853387533875338,29,28,25,197,57
olive-sweep-3081,d0q4cbi7,61266,0.9,0.999,0.1,0.9,4,AdamW,128,reduce,7,256,1024,150,30,20,0.05,0.14136618630906095,True,0.0001,3.0910788227276066e-05,no,0.01,128,no,2,no,0,256,0.2424687801064278,no,0.12368956461171476,0.04819089902558892,0.08968609865470852,0.8529411764705882,0.726027397260274,0.9103139013452914,0.6022727272727273,30.66441345214844,601,1770752208.3196025,0.8231511254019293,0.8779555646147574,0.765085931242212,0.9936102236421726,0.8195266272189349,0.8702016916070267,0.7943469785575048,0.049012090856507,0.6965174129353234,0.4145048243054271,0.6583850931677019,0.3947953781761681,0.726027397260274,0.6022727272727273,0.6022727272727273,0.9103139013452914,0.0025003806222230196,0.789484286865431,30,35,20,203,53
easy-sweep-5160,2zadgglr,81038,0.9,0.999,0.1,0.9,5,AdamW,128,reduce,7,256,1024,127,30,20,0.05,0.3775248606042404,True,0.0001,9.873186690452192e-05,no,0.01,256,no,2,no,0,768,0.19305225448673952,no,0.12906061253255893,0.06495071045662228,0.0958904109589041,0.8608695652173913,0.7162162162162162,0.9041095890410958,0.6235294117647059,36.48183488845825,509,1770802354.9630008,0.8256578947368421,0.8680096696212732,0.7482769956704716,0.9712460063897764,0.8195266272189349,0.8702016916070267,0.791138194587895,0.059787919888129606,0.7081339712918661,0.43406970684344953,0.6666666666666666,0.42740672541121705,0.7162162162162162,0.6235294117647059,0.6235294117647059,0.9041095890410958,0.00044120551319792867,0.7885428907168037,35,32,21,198,53
driven-sweep-2240,np62s8h4,43967,0.9,0.999,0.1,0.9,3,AdamW,64,reduce,8,256,1024,200,30,20,0.05,0.3670048810718255,True,0.0001,1.6105538613708422e-05,yes,0.01,256,no,2,no,0,1024,0.2991551930620678,no,0.12563126424989182,0.04854904293628187,0.09049773755656108,0.8516949152542372,0.726027397260274,0.9095022624434388,0.6022727272727273,37.21197867393494,801,1770731521.8024886,0.8220064724919094,0.8692410530645825,0.756984999071356,0.987220447284345,0.8165680473372781,0.8702016916070267,0.7879278830176139,0.05057946676333276,0.7019230769230769,0.4143595046545626,0.6583850931677019,0.40418696784363767,0.726027397260274,0.6022727272727273,0.6022727272727273,0.9095022624434388,0.1391257792711258,0.7888611562572556,36,35,20,201,53
solar-sweep-5805,2dcxtptb,67993,0.9,0.999,0.1,0.9,5,AdamW,64,reduce,6,256,768,105,30,20,0.05,0.3125371272049976,True,0.0001,3.472070550601354e-05,no,0.01,64,no,2,no,0,512,0.3754184306825846,no,0.12721214850336082,0.046766592697663735,0.0995475113122172,0.8540772532188842,0.7066666666666667,0.9004524886877828,0.6091954022988506,25.615527629852295,421,1770817901.9695787,0.8181818181818182,0.869974515004941,0.7522849786616131,0.9840255591054312,0.8165680473372781,0.8702016916070267,0.7879278830176139,0.05055497242854191,0.7019230769230769,0.4127241507084412,0.654320987654321,0.4022210946860024,0.7066666666666667,0.6091954022988506,0.6091954022988506,0.9004524886877828,0.04489978775382042,0.7803719599427754,24,34,22,199,53
radiant-sweep-6100,qc4at9j9,36852,0.9,0.999,0.1,0.9,5,AdamW,64,reduce,10,256,1024,158,30,20,0.05,0.3261604038096859,True,0.0001,3.922563447562177e-05,no,0.01,128,no,2,no,0,768,0.2141544430917494,no,0.1256879509256033,0.052488537757627414,0.0995475113122172,0.8504273504273504,0.7105263157894737,0.9004524886877828,0.6067415730337079,36.20532464981079,633,1770824991.5645747,0.8161290322580645,0.8732014845696273,0.7514468432184165,0.9904153354632588,0.8136094674556213,0.8701610279765778,0.7841561660813882,0.04545690586581033,0.6985645933014354,0.41824548484305657,0.6545454545454545,0.4021694195537141,0.7105263157894737,0.6067415730337079,0.6067415730337079,0.9004524886877828,0.003565489547327161,0.780476833108412,35,35,22,199,54
morning-sweep-2891,9vx3bhd7,41582,0.9,0.999,0.1,0.9,4,AdamW,32,reduce,6,256,768,126,30,20,0.05,0.4851911910369111,True,0.0001,0.00010549752576439695,no,0.01,64,no,2,no,0,1024,0.25515294255443133,no,0.12121340964530654,0.04117702773359956,0.09090909090909093,0.8658008658008658,0.7297297297297297,0.9090909090909092,0.6352941176470588,36.90026521682739,505,1770747381.1549425,0.8327868852459016,0.8744919786096257,0.7641769780110029,0.97444089456869,0.8136094674556213,0.8701610279765778,0.7847056857584492,0.05545788015839617,0.6956521739130435,0.4159410916841947,0.6792452830188679,0.4000561260186826,0.7297297297297297,0.6352941176470588,0.6352941176470588,0.9090909090909092,0.025368472561240196,0.7977652977652978,36,31,20,200,54
olive-sweep-4225,00b9kyps,23138,0.9,0.999,0.1,0.9,5,AdamW,32,reduce,10,256,1024,176,30,20,0.05,0.3815071603961119,True,0.0001,3.401590987187422e-05,no,0.01,128,no,2,no,0,768,0.3424258050402543,no,0.12678366333906568,0.055919714104324295,0.0990990990990991,0.8547008547008547,0.7142857142857143,0.9009009009009008,0.6179775280898876,35.24169301986694,705,1770779915.646758,0.819935691318328,0.8724061139791477,0.7459458129426569,0.9936102236421726,0.8136094674556213,0.8701610279765778,0.7841561660813882,0.0488063530809075,0.6985645933014354,0.4149469680334689,0.6626506024096386,0.40114025566905454,0.7142857142857143,0.6179775280898876,0.6179775280898876,0.9009009009009008,0.0068752458319067955,0.7844932844932845,34,34,22,200,55
ruby-sweep-5961,ryanqzbz,1336,0.9,0.999,0.1,0.9,4,AdamW,64,reduce,8,256,1024,128,30,20,0.05,0.29877912520641503,True,0.0001,2.8794343993384425e-05,no,0.01,256,no,2,no,0,512,0.15314962324453876,no,0.12458099239148868,0.06191379063337755,0.09090909090909093,0.847457627118644,0.726027397260274,0.9090909090909092,0.5955056179775281,34.40927457809448,513,1770821669.6262205,0.8187702265372169,0.8757916241062309,0.7617791043695006,0.987220447284345,0.8136094674556213,0.8701203643461288,0.7847056857584492,0.060262896958187456,0.6956521739130435,0.4195692976550943,0.654320987654321,0.40117767138983873,0.726027397260274,0.5955056179775281,0.5955056179775281,0.9090909090909092,0.011384062469005585,0.786742512189459,33,36,20,200,53
warm-sweep-1166,uwj7wdod,71528,0.9,0.999,0.1,0.9,5,AdamW,64,reduce,6,256,512,178,30,20,0.05,0.23958700338853056,True,0.0001,7.976676821656044e-05,no,0.01,256,no,2,no,0,512,0.18603968052257433,no,0.12231833643537487,0.053629461988326035,0.07207207207207207,0.8619246861924686,0.7746478873239436,0.927927927927928,0.625,36.26871466636658,713,1770705614.8969066,0.8419354838709677,0.8768427518427518,0.7756559996241796,0.9904153354632588,0.8136094674556213,0.8701203643461288,0.7870262074940437,0.0619118192492152,0.6865671641791045,0.4226563583464312,0.6918238993710691,0.3988769823750749,0.7746478873239436,0.625,0.625,0.927927927927928,0.0002711806446313858,0.8182862867582061,35,33,16,206,55
fiery-sweep-2498,wak0e8fa,34904,0.9,0.999,0.1,0.9,5,AdamW,128,reduce,5,256,768,178,30,20,0.05,0.2995347802582785,True,0.0001,2.497871596961112e-05,no,0.01,64,no,2,no,0,1024,0.2655051789449703,no,0.12568281038349038,0.056733673041866654,0.08968609865470852,0.8638297872340426,0.7333333333333333,0.9103139013452914,0.632183908045977,34.13493013381958,713,1770737846.4967642,0.832258064516129,0.8700582444203907,0.747047115462074,0.9904153354632588,0.8106508875739645,0.87007970071568,0.7814705882352941,0.05354375564135037,0.6893203883495146,0.4142134626941568,0.6790123456790124,0.40230662677996454,0.7333333333333333,0.632183908045977,0.632183908045977,0.9103139013452914,0.010202485136687756,0.7985815602836879,33,32,20,203,55
peachy-sweep-447,azmy8fxc,16261,0.9,0.999,0.1,0.9,5,AdamW,32,reduce,5,256,1024,146,30,20,0.05,0.14220541606973647,True,0.0001,0.0001268703889451623,no,0.01,256,no,2,no,0,1024,0.32618920457854284,no,0.1241738809923627,0.042586010636635176,0.1176470588235294,0.8705357142857143,0.6941176470588235,0.8823529411764706,0.6704545454545454,34.529786348342896,585,1770688200.3527744,0.8220064724919094,0.8788050185109009,0.7705612768102126,0.987220447284345,0.8076923076923077,0.8700797007156799,0.7765208647561589,0.07554002062103453,0.7085201793721974,0.4336966791096524,0.6820809248554913,0.4062622850314497,0.6941176470588235,0.6704545454545454,0.6704545454545454,0.8823529411764706,0.00021125809871591628,0.7823266806722688,34,29,26,195,59
clear-sweep-3070,yzvmj7zc,28986,0.9,0.999,0.1,0.9,4,AdamW,64,reduce,8,256,768,61,30,20,0.05,0.27670204627024864,True,0.0001,0.00015359857812345757,no,0.01,256,no,2,no,0,512,0.25701483290386296,no,0.12484246275789516,0.06783541146810954,0.06787330316742081,0.8583333333333333,0.7794117647058824,0.9321266968325792,0.6091954022988506,26.71193909645081,245,1770751923.658617,0.8409090909090909,0.8765798096426899,0.7620974293263132,0.9840255591054312,0.8224852071005917,0.8700390370852309,0.8061961004874391,0.06188334603986798,0.6842105263157895,0.42771658812754254,0.6838709677419355,0.4112959304175819,0.7794117647058824,0.6091954022988506,0.6091954022988506,0.9321266968325792,0.001136919017881155,0.8188725490196078,26,34,15,206,53
different-sweep-3799,8hqdod69,51457,0.9,0.999,0.1,0.9,4,AdamW,128,reduce,8,256,512,171,30,20,0.05,0.28134763499539284,True,0.0001,1.330159132949236e-05,no,0.01,256,no,2,no,0,1024,0.4614686169613942,no,0.12447718899305864,0.030890637189635237,0.09545454545454546,0.8504273504273504,0.7123287671232876,0.9045454545454544,0.5977011494252874,38.30457663536072,685,1770769771.0039127,0.8175895765472313,0.8753396029258098,0.7514587778630325,0.9808306709265175,0.8076923076923077,0.8699577098243332,0.7771741375748813,0.03702830933254851,0.6889952153110048,0.4125467785716762,0.65,0.3975268232936676,0.7123287671232876,0.5977011494252874,0.5977011494252874,0.9045454545454544,0.0768277570605278,0.781378058775319,37,35,21,199,52
pretty-sweep-2280,i0rpjk3x,64782,0.9,0.999,0.1,0.9,5,AdamW,32,reduce,8,256,1024,169,30,20,0.05,0.4333690055712632,True,0.0001,6.54535081238718e-05,no,0.01,256,no,2,no,0,256,0.4837327749896222,no,0.12159119864771988,0.05522646356801516,0.07727272727272727,0.8529411764705882,0.746268656716418,0.9227272727272728,0.5882352941176471,31.782342433929443,677,1770732488.4068964,0.8295081967213115,0.8776470588235294,0.7702169676014623,0.97444089456869,0.8136094674556213,0.8699577098243332,0.7880403774412992,0.07770396619153447,0.6834170854271356,0.4204474003357294,0.6578947368421053,0.4020330654546475,0.746268656716418,0.5882352941176471,0.5882352941176471,0.9227272727272728,0.0019407083746045828,0.7996049165935031,31,35,17,203,50
amber-sweep-3735,f8jkbdu4,48364,0.9,0.999,0.1,0.9,3,AdamW,64,reduce,10,256,1024,195,30,20,0.05,0.2065901623032462,True,0.0001,1.434845326693524e-05,yes,0.01,128,no,2,no,0,768,0.2588892527162566,no,0.12578112109465817,0.04060163559057772,0.1031390134529148,0.8583690987124464,0.7088607594936709,0.8968609865470852,0.6292134831460674,41.30151033401489,781,1770768240.6350844,0.8205128205128205,0.8734317529097596,0.7618932072395619,0.9968051118210862,0.8017751479289941,0.8699170461938842,0.7701921090683743,0.04677631534062898,0.6794258373205742,0.41095164823814256,0.6666666666666666,0.3935563450042432,0.7088607594936709,0.6292134831460674,0.6292134831460674,0.8968609865470852,0.22285906970500943,0.7836149291030586,40,33,23,200,56
mild-sweep-5088,2jj4gdwn,20482,0.9,0.999,0.1,0.9,5,AdamW,128,reduce,10,256,1024,178,30,20,0.05,0.23204039086142125,True,0.0001,1.5655164089396027e-05,no,0.01,128,no,2,no,0,512,0.3698392713124583,no,0.12333454768648748,0.0634642034382015,0.09502262443438914,0.8583690987124464,0.72,0.9049773755656108,0.6206896551724138,37.11955690383911,713,1770800620.359526,0.8246753246753247,0.8756956363447236,0.7740548984836791,0.9840255591054312,0.8254437869822485,0.8698763825634354,0.7988260851401596,0.04923854124616588,0.714975845410628,0.4154355652938933,0.6666666666666666,0.3968783735086362,0.72,0.6206896551724138,0.6206896551724138,0.9049773755656108,0.021212922409176823,0.7891845493562232,36,33,21,200,54
rosy-sweep-2037,92htpsfi,40401,0.9,0.999,0.1,0.9,5,AdamW,64,reduce,6,256,1024,175,30,20,0.05,0.32140269924721554,True,0.0001,3.8279612542462815e-05,yes,0.01,64,no,2,no,0,768,0.3193831171491055,no,0.12656079293881778,0.06221034469143038,0.1036036036036036,0.8504273504273504,0.6973684210526315,0.8963963963963963,0.6022727272727273,38.00501275062561,701,1770726679.9697208,0.8129032258064516,0.8733108108108107,0.7649182255552426,0.9904153354632588,0.7958579881656804,0.8698763825634352,0.7629879419578991,0.05819874314161449,0.6729857819905213,0.4190709943602071,0.6463414634146342,0.4023982038894019,0.6973684210526315,0.6022727272727273,0.6022727272727273,0.8963963963963963,0.14114141464233398,0.773897885739991,37,35,23,199,53
swept-sweep-1277,ek8o4q02,74754,0.9,0.999,0.1,0.9,5,AdamW,128,reduce,6,256,1024,192,30,20,0.05,0.4497324326687252,True,0.0001,8.992409268567375e-05,no,0.01,256,no,2,no,0,768,0.3224106748161054,no,0.12390644767502974,0.04641737126372148,0.0995475113122172,0.8652173913043478,0.7142857142857143,0.9004524886877828,0.6395348837209303,40.625436544418335,769,1770708272.9154346,0.8273615635179153,0.874355466694728,0.7609226485658871,0.9808306709265175,0.7899408284023669,0.8698763825634352,0.7560181251770037,0.05672314516186006,0.6666666666666666,0.4172490136863212,0.6748466257668712,0.40135409809149114,0.7142857142857143,0.6395348837209303,0.6395348837209303,0.9004524886877828,0.0006575698498636484,0.7897515527950311,40,31,22,199,55
dry-sweep-4744,xdq8cdxh,98240,0.9,0.999,0.1,0.9,5,AdamW,64,reduce,8,256,1024,179,30,20,0.05,0.4443339347214986,True,0.0001,8.84175418957596e-05,no,0.01,128,no,2,no,0,768,0.16525849360557798,no,0.1231648092524742,0.04694079333230072,0.05963302752293578,0.8471074380165289,0.7903225806451613,0.9403669724770642,0.5697674418604651,36.15032339096069,717,1770792407.1866484,0.8355263157894737,0.8762534670364839,0.7625115762281156,0.9712460063897764,0.8313609467455622,0.8698357189329864,0.815107386545771,0.062284636779649696,0.7046632124352331,0.41850881181525057,0.6621621621621622,0.4107760590867113,0.7903225806451613,0.5697674418604651,0.5697674418604651,0.9403669724770642,0.0005286314990371466,0.8187150093308451,35,37,13,205,49
snowy-sweep-3083,9of2giw6,27020,0.9,0.999,0.1,0.9,4,AdamW,64,reduce,8,256,768,106,30,20,0.05,0.22726010490881943,True,0.0001,9.759575539165716e-05,no,0.01,128,no,2,no,0,1024,0.45971134724795526,no,0.1262017563094893,0.056736626686194,0.08520179372197309,0.85,0.7361111111111112,0.9147982062780268,0.5955056179775281,29.00329971313477,425,1770752272.6708858,0.8237179487179487,0.8742379200886784,0.7564934738495697,0.9968051118210862,0.8106508875739645,0.8698357189329864,0.7838332752005581,0.0678297235415532,0.68,0.418456760383922,0.6583850931677019,0.4014311720388004,0.7361111111111112,0.5955056179775281,0.5955056179775281,0.9147982062780268,0.0008809012942947447,0.7930555555555556,28,36,19,204,53
